date,SPY,TLT.O,XLK
2015-04-02,3.5884368e-06,0.9999964,5.5418052e-08
2015-04-06,0.9979182,3.0928243e-07,0.0020814312
2015-04-07,0.48913515,0.027207067,0.48365778
2015-04-08,0.98598343,1.277712e-13,0.01401655
2015-04-09,0.99806565,2.727262e-10,0.0019343992
2015-04-10,0.0003239857,0.99966896,6.997837e-06
2015-04-13,4.2151743e-07,0.9999995,5.4431064e-09
2015-04-14,0.7486468,0.06761617,0.18373704
2015-04-15,5.6328016e-08,1.0,7.812733e-09
2015-04-16,0.99202627,6.351869e-14,0.007973656
2015-04-17,4.6131143e-09,1.0,1.3487622e-10
2015-04-20,0.032052886,0.96722335,0.00072371
2015-04-21,0.02002551,0.9799318,4.2730462e-05
2015-04-22,7.097799e-09,1.0,2.8772798e-10
2015-04-23,0.99955183,4.4339573e-18,0.00044815388
2015-04-24,0.11868089,0.87733454,0.003984582
2015-04-27,0.90884995,0.08018106,0.010968956
2015-04-28,0.95120853,2.2246284e-10,0.048791524
2015-04-29,2.2723441e-08,1.0,1.6511338e-09
2015-04-30,0.9721559,7.9865514e-13,0.027844114
2015-05-01,1.7271667e-07,0.9999999,2.4934927e-08
2015-05-04,0.7157511,0.26566756,0.018581301
2015-05-05,4.0390985e-10,1.0,1.7102741e-11
2015-05-06,0.00013980512,0.9998572,3.0146628e-06
2015-05-07,0.56637186,0.4222244,0.011403718
2015-05-08,1.1972716e-09,1.0,6.431612e-11
2015-05-11,0.20420772,0.7875117,0.008280582
2015-05-12,0.99935,6.1174524e-06,0.0006439333
2015-05-13,0.3713783,0.13182433,0.4967974
2015-05-14,0.99328,3.9407076e-12,0.0067200256
2015-05-15,0.18469472,0.8074754,0.007829925
2015-05-18,8.8231496e-07,0.99999905,1.03416205e-07
2015-05-19,0.00011638262,0.9998796,4.0255773e-06
2015-05-20,2.9137906e-10,1.0,3.6169248e-10
2015-05-21,0.0012348361,0.99859804,0.00016709529
2015-05-22,2.4881158e-06,0.9999974,8.096204e-08
2015-05-26,0.0017502677,0.998216,3.368537e-05
2015-05-27,0.16415048,0.82719284,0.008656729
2015-05-28,0.08036753,0.003439456,0.916193
2015-05-29,0.99473405,3.4827352e-07,0.0052656084
2015-06-01,0.7713511,0.105502896,0.12314611
2015-06-02,0.82508594,0.0009981012,0.17391597
2015-06-03,0.18946359,0.8008399,0.009696574
2015-06-04,0.020127365,0.29906276,0.6808099
2015-06-05,1.4442568e-09,1.0,7.235643e-11
2015-06-08,6.573866e-08,0.9999999,2.4717288e-09
2015-06-09,4.3614963e-07,0.9999994,9.333404e-08
2015-06-10,0.9461702,3.0290996e-09,0.05382975
2015-06-11,0.5805647,0.22174227,0.19769311
2015-06-12,1.5942496e-09,1.0,6.502302e-11
2015-06-15,0.00016142815,0.99983096,7.673236e-06
2015-06-16,3.2608285e-09,1.0,1.2901463e-10
2015-06-17,0.38389024,0.4564068,0.15970293
2015-06-18,2.032581e-12,1.0,2.957495e-12
2015-06-19,0.00016158418,0.9998338,4.4846115e-06
2015-06-22,0.9361661,5.9023147e-05,0.06377485
2015-06-23,0.6416,0.33778715,0.02061284
2015-06-24,0.050519858,0.9459632,0.0035168435
2015-06-25,3.669377e-08,1.0,5.542073e-10
2015-06-26,8.759221e-11,1.0,1.4468306e-11
2015-06-29,0.9733546,0.0051935064,0.02145188
2015-06-30,4.088932e-05,0.9999583,8.548764e-07
2015-07-01,0.41550517,0.5758317,0.008663115
2015-07-02,6.451043e-09,1.0,4.407155e-10
2015-07-06,0.82008886,0.0024474515,0.17746367
2015-07-07,0.9806173,0.0008393601,0.018543404
2015-07-08,0.95016253,0.041214973,0.008622417
2015-07-09,0.42252883,0.0754689,0.5020023
2015-07-10,1.7806805e-08,1.0,2.1040053e-08
2015-07-13,0.14920047,0.16588724,0.6849123
2015-07-14,3.1157164e-08,1.0,2.1781086e-09
2015-07-15,0.6600767,0.33184087,0.008082478
2015-07-16,7.390629e-09,1.0,5.8794214e-10
2015-07-17,6.524811e-06,0.9999932,2.5755403e-07
2015-07-20,7.8540426e-05,0.99990237,1.9083469e-05
2015-07-21,0.99804306,1.6765934e-07,0.0019568426
2015-07-22,5.8623385e-07,0.9999994,5.7033063e-08
2015-07-23,0.9983333,3.0514982e-06,0.0016636808
2015-07-24,0.99798274,7.727401e-06,0.00200946
2015-07-27,0.56826437,1.7655791e-05,0.43171793
2015-07-28,0.24586122,0.24727684,0.506862
2015-07-29,0.0017898512,0.97151136,0.026698733
2015-07-30,5.059011e-06,0.9999945,4.558641e-07
2015-07-31,0.9981725,1.3553074e-06,0.0018261606
2015-08-03,0.9964715,3.222457e-05,0.0034963544
2015-08-04,0.05217952,0.81707084,0.13074967
2015-08-05,3.424735e-05,0.9999628,2.9566042e-06
2015-08-06,0.00091431965,0.9990471,3.8561753e-05
2015-08-07,0.9959746,0.00012265822,0.0039027443
2015-08-10,0.9984193,8.409966e-06,0.0015722858
2015-08-11,0.7672207,8.4435396e-07,0.23277858
2015-08-12,0.9964457,1.3292721e-05,0.003540962
2015-08-13,0.9954268,0.000380023,0.0041930936
2015-08-14,0.0015085296,0.9984328,5.8725007e-05
2015-08-17,0.013278701,0.98639226,0.000329129
2015-08-18,0.9999181,3.4909567e-07,8.152442e-05
2015-08-19,0.9969049,3.9123064e-05,0.0030559313
2015-08-20,4.483159e-05,0.99995196,3.2540381e-06
2015-08-21,5.432985e-09,0.9999999,7.577363e-08
2015-08-24,0.702044,0.29046264,0.007493373
2015-08-25,0.0013678918,2.3636424e-06,0.9986298
2015-08-26,0.12040598,0.7905444,0.0890497
2015-08-27,0.044738416,0.9503419,0.0049197497
2015-08-28,2.923411e-13,1.0,5.2357245e-13
2015-08-31,0.5944682,0.40325314,0.0022786707
2015-09-01,5.650768e-17,1.0,2.7324092e-16
2015-09-02,3.7301672e-13,1.0,7.8337564e-13
2015-09-03,0.0005831306,0.99941015,6.6473963e-06
2015-09-04,0.9503198,0.0010778715,0.04860226
2015-09-08,2.281738e-12,1.0,1.17588135e-11
2015-09-09,2.634767e-17,1.0,1.8103646e-16
2015-09-10,6.618828e-17,1.0,4.9557627e-16
2015-09-11,0.00050411385,0.741513,0.2579828
2015-09-14,6.0921415e-05,4.6688644e-09,0.9999391
2015-09-15,0.051628143,1.1784375e-14,0.9483719
2015-09-16,0.86875534,0.12760672,0.0036378354
2015-09-17,0.6811812,0.31524795,0.0035708991
2015-09-18,3.7914022e-17,1.0,3.4775427e-16
2015-09-21,5.8659193e-19,1.0,7.508162e-16
2015-09-22,0.049831126,2.1745395e-11,0.9501689
2015-09-23,0.005121165,0.40798938,0.5868895
2015-09-24,0.002394738,0.06230557,0.93529963
2015-09-25,0.012012024,6.3344077e-09,0.987988
2015-09-28,0.6641393,0.020470839,0.31538987
2015-09-29,7.3430194e-14,1.0,2.0222203e-13
2015-09-30,0.0002805953,0.9996942,2.5112337e-05
2015-10-01,4.0230826e-14,1.0,1.4048876e-13
2015-10-02,1.2989659e-18,1.0,1.2414611e-16
2015-10-05,7.4780995e-14,1.0,2.2537349e-13
2015-10-06,0.032685272,4.7801537e-11,0.9673148
2015-10-07,0.00013242749,0.9998536,1.3887754e-05
2015-10-08,0.0025570146,0.5301181,0.46732494
2015-10-09,0.0068138265,0.9690568,0.024129374
2015-10-12,0.11574093,1.3957353e-19,0.8842591
2015-10-13,0.7862163,2.3939144e-22,0.21378373
2015-10-14,0.96348155,0.03026655,0.006251916
2015-10-15,9.282454e-16,1.0,4.1639975e-15
2015-10-16,4.1774965e-05,0.9999528,5.4530856e-06
2015-10-19,1.9467747e-07,0.99999976,4.326601e-08
2015-10-20,0.012775921,2.5659695e-11,0.9872241
2015-10-21,6.3314374e-08,0.9999999,1.310187e-08
2015-10-22,0.0028667222,5.8011324e-10,0.99713326
2015-10-23,0.38385206,1.1400219e-09,0.61614794
2015-10-26,0.22527444,2.2148223e-08,0.77472556
2015-10-27,0.98448294,1.3106835e-20,0.015517097
2015-10-28,0.08170673,0.0012672042,0.9170261
2015-10-29,0.32628796,6.335862e-05,0.6736487
2015-10-30,9.0227026e-10,1.0,1.0102096e-09
2015-11-02,2.5697045e-14,1.0,1.1302658e-13
2015-11-03,2.5994699e-14,1.0,1.1499277e-13
2015-11-04,4.6173176e-11,1.0,7.114707e-11
2015-11-05,4.0721598e-10,1.0,4.5403192e-10
2015-11-06,0.003638329,0.07097199,0.92538977
2015-11-09,0.003996809,1.3428567e-10,0.9960032
2015-11-10,0.95994294,3.5526878e-23,0.04005706
2015-11-11,3.990979e-16,1.0,1.6793292e-15
2015-11-12,0.5842339,6.0697762e-09,0.41576612
2015-11-13,6.4808407e-16,1.0,1.8462337e-15
2015-11-16,0.09236233,0.9070672,0.0005705517
2015-11-17,0.9579699,3.3270513e-08,0.04203014
2015-11-18,0.012178301,1.424654e-08,0.98782164
2015-11-19,3.7658444e-06,0.9999597,3.642712e-05
2015-11-20,5.3288336e-06,0.9999939,7.706327e-07
2015-11-23,1.2005977e-11,1.0,1.25402995e-11
2015-11-24,3.6073668e-15,1.0,1.0887706e-14
2015-11-25,0.4288638,0.00033374355,0.57080245
2015-11-27,0.74840796,0.250646,0.00094594
2015-11-30,0.98636913,4.1069575e-07,0.013630475
2015-12-01,0.18803501,7.3590584e-10,0.81196505
2015-12-02,0.28190157,0.28328952,0.434809
2015-12-03,8.388068e-11,1.0,5.7646114e-11
2015-12-04,7.912886e-08,0.9999999,1.7259241e-08
2015-12-07,0.044358395,0.00449371,0.9511479
2015-12-08,0.013534682,5.7495924e-08,0.98646533
2015-12-09,9.9066554e-08,0.9999999,3.8303792e-08
2015-12-10,0.06425837,0.9336678,0.0020739366
2015-12-11,0.009154909,0.99081963,2.5457006e-05
2015-12-14,0.33438483,1.1372898e-05,0.6656038
2015-12-15,0.7617591,8.794964e-06,0.23823209
2015-12-16,0.009326539,0.9892537,0.0014197885
2015-12-17,0.119946375,2.0911047e-08,0.88005364
2015-12-18,0.5096736,0.39336026,0.09696608
2015-12-21,9.0550754e-11,1.0,1.3050555e-10
2015-12-22,2.7995367e-10,1.0,3.7206938e-10
2015-12-23,1.1582495e-11,1.0,1.10672665e-10
2015-12-24,0.00042411612,0.99952817,4.77618e-05
2015-12-28,5.508029e-06,0.9999931,1.4756108e-06
2015-12-29,3.6198322e-09,1.0,2.5759825e-09
2015-12-30,1.148504e-11,1.0,3.9857857e-11
2015-12-31,2.9951993e-06,0.99999654,5.3252074e-07
2016-01-04,0.041237738,3.6910325e-08,0.9587623
2016-01-05,0.6881523,3.0035792e-06,0.31184465
2016-01-06,7.811774e-06,0.9849187,0.015073422
2016-01-07,2.2666e-07,0.9999995,1.8337886e-07
2016-01-08,6.31396e-07,0.9999989,4.984789e-07
2016-01-11,0.27816978,0.022153739,0.6996765
2016-01-12,0.46304336,0.00014322108,0.5368134
2016-01-13,3.0455442e-07,0.9999994,1.8487967e-07
2016-01-14,0.9674439,0.027455442,0.005100697
2016-01-15,0.987027,0.009538343,0.0034346993
2016-01-19,0.5033382,0.002040528,0.49462125
2016-01-20,3.960231e-12,1.0,6.523199e-10
2016-01-21,0.756861,0.11884279,0.12429629
2016-01-22,0.9451733,0.002460444,0.052366205
2016-01-25,0.9922386,0.00010945707,0.0076520154
2016-01-26,9.781112e-07,0.9999974,1.6323626e-06
2016-01-27,0.8843378,0.10825896,0.0074031698
2016-01-28,0.63589436,0.35345584,0.010649764
2016-01-29,0.9872289,1.1667382e-06,0.01276994
2016-02-01,0.4522539,1.794592e-06,0.5477443
2016-02-02,0.9989944,4.277769e-14,0.0010056094
2016-02-03,0.8604458,0.1280291,0.011525143
2016-02-04,1.2814643e-06,0.99999774,9.407798e-07
2016-02-05,1.5843532e-06,0.99999714,1.2693636e-06
2016-02-08,0.43998528,0.00013396352,0.5598808
2016-02-09,0.033865504,0.82238406,0.14375044
2016-02-10,0.15245748,0.81354165,0.03400086
2016-02-11,0.0027702353,0.9971311,9.8691635e-05
2016-02-12,0.009783932,0.99014485,7.131887e-05
2016-02-16,0.9996669,9.9238314e-05,0.00023385002
2016-02-17,3.3809567e-06,0.9999945,2.1393803e-06
2016-02-18,0.0025835421,0.99610704,0.0013094234
2016-02-19,3.3584658e-06,0.99999475,1.9246047e-06
2016-02-22,0.83292866,1.5975656e-05,0.16705537
2016-02-23,0.13200095,0.8622107,0.0057884012
2016-02-24,0.9875814,1.454309e-16,0.012418661
2016-02-25,0.00758158,0.9922053,0.0002130752
2016-02-26,0.39993733,0.06904949,0.53101313
2016-02-29,0.0140774865,0.98477614,0.0011464037
2016-03-01,0.9729422,1.3300811e-06,0.02705657
2016-03-02,0.9899804,0.00018102663,0.009838522
2016-03-03,0.9998592,9.99493e-05,4.077721e-05
2016-03-04,0.79866904,0.08664804,0.11468284
2016-03-07,0.9529364,4.9608408e-11,0.047063522
2016-03-08,0.81277025,0.07485277,0.11237699
2016-03-09,0.6594958,7.4222906e-10,0.34050426
2016-03-10,0.003588182,0.9961804,0.00023139897
2016-03-11,0.50079846,0.0001785925,0.49902293
2016-03-14,0.9999305,3.520005e-18,6.953259e-05
2016-03-15,0.9658965,3.8457874e-05,0.034065116
2016-03-16,7.1717926e-07,0.999992,7.21973e-06
2016-03-17,0.76490664,0.15622503,0.07886827
2016-03-18,0.85108924,0.060558833,0.08835195
2016-03-21,0.9927618,0.0052685067,0.0019696446
2016-03-22,0.2814537,0.70741457,0.01113174
2016-03-23,0.06832654,0.9271713,0.004502242
2016-03-24,0.86102617,1.1920804e-12,0.13897383
2016-03-28,0.023449073,0.8863828,0.09016813
2016-03-29,0.99531037,3.5844947e-16,0.004689655
2016-03-30,0.85731983,0.074021906,0.068658285
2016-03-31,0.9998945,2.4140523e-23,0.00010546617
2016-04-01,0.8357811,0.10678915,0.05742975
2016-04-04,0.82398134,3.3517317e-06,0.1760153
2016-04-05,0.9980414,4.39966e-08,0.0019586047
2016-04-06,0.9993,2.4136582e-11,0.00069999194
2016-04-07,0.18686706,0.80584836,0.007284546
2016-04-08,0.854724,0.0921563,0.053119726
2016-04-11,0.114709675,0.8589879,0.026302423
2016-04-12,0.9999579,6.201227e-26,4.2032618e-05
2016-04-13,0.78914386,5.1634932e-11,0.21085611
2016-04-14,0.8866247,4.51331e-09,0.113375284
2016-04-15,0.99561644,2.0280443e-07,0.0043833554
2016-04-18,0.98637414,1.6917858e-09,0.013625884
2016-04-19,0.14055555,0.8523479,0.007096534
2016-04-20,0.87533844,0.07150046,0.053161193
2016-04-21,0.07775645,0.9180187,0.004224744
2016-04-22,0.9489785,3.365307e-11,0.05102152
2016-04-25,0.17872274,2.0001173e-05,0.8212573
2016-04-26,0.98987377,2.879629e-10,0.010126253
2016-04-27,0.9911362,4.1902448e-10,0.008863811
2016-04-28,0.90795875,1.5202585e-14,0.092041224
2016-04-29,0.38801864,1.8339094e-08,0.61198133
2016-05-02,0.8740838,0.059790447,0.06612565
2016-05-03,0.912399,3.1566367e-06,0.087597854
2016-05-04,0.46904612,0.5304632,0.00049066026
2016-05-05,0.87461734,0.054592326,0.070790306
2016-05-06,0.9980338,5.602451e-07,0.0019655337
2016-05-09,0.00576732,0.9856066,0.008626178
2016-05-10,0.6705004,0.00047746432,0.3290221
2016-05-11,0.6400651,2.5479528e-07,0.35993466
2016-05-12,0.18855418,8.3522747e-07,0.811445
2016-05-13,0.8506494,1.6898659e-09,0.14935058
2016-05-16,0.12939385,0.052705687,0.8179005
2016-05-17,0.034513302,0.96305174,0.002435034
2016-05-18,0.688445,0.25784695,0.053707995
2016-05-19,0.6849864,0.26391914,0.0510944
2016-05-20,0.8042824,1.0889596e-05,0.19570665
2016-05-23,0.28905636,0.0007052622,0.7102384
2016-05-24,0.82617146,0.11058959,0.063238904
2016-05-25,0.98262835,1.0318601e-11,0.017371643
2016-05-26,0.21642645,1.1878769e-05,0.78356165
2016-05-27,0.99940145,3.5513354e-13,0.00059860776
2016-05-31,0.7694962,0.16178213,0.06872171
2016-06-01,0.22695468,0.0068784864,0.7661668
2016-06-02,5.7355785e-05,0.9996648,0.00027793687
2016-06-03,0.5790761,0.42019907,0.0007248578
2016-06-06,1.3453343e-06,0.99999857,1.3078177e-07
2016-06-07,0.98579216,0.0004025322,0.013805385
2016-06-08,0.63230056,0.33329785,0.034401547
2016-06-09,0.9950925,2.2233344e-09,0.0049074497
2016-06-10,0.18986839,0.79935074,0.01078084
2016-06-13,0.91230065,4.5244594e-08,0.08769942
2016-06-14,0.00017575231,0.99964714,0.00017713312
2016-06-15,0.93582666,0.035425257,0.028748037
2016-06-16,0.8893955,0.021885479,0.088718995
2016-06-17,9.311604e-07,0.9999989,8.138096e-08
2016-06-20,5.456546e-06,0.99999404,4.522128e-07
2016-06-21,1.09359036e-07,0.9999999,9.275655e-09
2016-06-22,4.0604304e-05,0.9999577,1.653233e-06
2016-06-23,6.6761804e-06,0.99997807,1.5205433e-05
2016-06-24,0.74721164,0.2490415,0.0037469408
2016-06-27,0.791819,0.19061929,0.017561696
2016-06-28,0.004767746,0.9942458,0.0009864911
2016-06-29,0.82358164,0.15590832,0.020510118
2016-06-30,0.00022375664,0.99282986,0.006946368
2016-07-01,1.384303e-05,0.99903935,0.0009468285
2016-07-05,0.00090441917,0.99885166,0.00024387655
2016-07-06,0.94119287,0.037476957,0.021330265
2016-07-07,0.00084957253,0.9989035,0.0002468561
2016-07-08,0.69311106,0.0004721,0.30641687
2016-07-11,0.1237167,0.0992916,0.7769917
2016-07-12,0.979676,4.1923496e-07,0.020323567
2016-07-13,0.8361091,0.13971937,0.02417157
2016-07-14,0.99997807,5.484848e-07,2.1301645e-05
2016-07-15,6.356852e-06,0.99886525,0.0011284819
2016-07-18,0.55367166,0.2774125,0.16891588
2016-07-19,0.009529075,2.843052e-07,0.99047065
2016-07-20,0.18737668,0.7960263,0.01659697
2016-07-21,0.2471397,0.6872571,0.06560319
2016-07-22,0.3881116,0.43908724,0.17280121
2016-07-25,0.132768,0.026357915,0.840874
2016-07-26,0.7335128,0.000132155,0.26635504
2016-07-27,0.022827942,0.036396038,0.940776
2016-07-28,6.7637564e-05,0.9998921,4.0243052e-05
2016-07-29,0.8916195,0.0003332218,0.10804723
2016-08-01,0.004760013,0.993874,0.0013659506
2016-08-02,0.05757193,5.041329e-07,0.9424276
2016-08-03,0.00035600652,0.999453,0.00019096052
2016-08-04,1.9657462e-06,0.9999945,3.5672783e-06
2016-08-05,0.08876718,0.0028523416,0.9083805
2016-08-08,0.003964619,3.023906e-06,0.9960323
2016-08-09,0.94434667,0.047262214,0.008391159
2016-08-10,0.9943679,0.0034106309,0.002221576
2016-08-11,0.84746796,0.13341224,0.019119743
2016-08-12,0.042567413,4.4262418e-13,0.9574326
2016-08-15,0.029735466,0.7857142,0.18455033
2016-08-16,0.47330165,0.00011774061,0.5265807
2016-08-17,0.8752818,0.001714898,0.123003386
2016-08-18,9.035713e-05,0.99952257,0.0003871491
2016-08-19,0.625955,0.13070972,0.24333528
2016-08-22,2.58295e-08,0.99999976,1.9423351e-07
2016-08-23,0.0030705277,0.9928833,0.0040461603
2016-08-24,0.01351114,0.7060655,0.28042337
2016-08-25,7.7090553e-13,1.0,2.628972e-11
2016-08-26,0.98172885,7.5456825e-05,0.018195618
2016-08-29,0.11963766,0.05097289,0.8293894
2016-08-30,0.020972395,0.0007945158,0.9782331
2016-08-31,1.3860097e-05,0.031843785,0.9681424
2016-09-01,3.079963e-12,1.0,1.2474559e-10
2016-09-02,0.0012194003,0.0019823953,0.9967982
2016-09-06,6.312926e-07,0.9999963,3.1529162e-06
2016-09-07,6.447299e-06,0.9999863,7.302403e-06
2016-09-08,2.4382077e-08,0.9999976,2.382038e-06
2016-09-09,8.356628e-14,1.0,7.017933e-12
2016-09-12,3.709635e-07,0.9999982,1.399437e-06
2016-09-13,0.00017453323,0.038913913,0.9609116
2016-09-14,3.6887407e-10,1.0,2.0821679e-08
2016-09-15,9.5601965e-05,0.000119414966,0.999785
2016-09-16,1.6283753e-12,1.0,4.765268e-11
2016-09-19,4.839703e-05,0.99989724,5.438545e-05
2016-09-20,5.756563e-13,1.0,2.5203628e-10
2016-09-21,7.5023217e-16,1.0,7.83947e-12
2016-09-22,3.5304848e-10,1.0,2.2059167e-08
2016-09-23,2.6242759e-08,0.99999964,3.0969764e-07
2016-09-26,3.8639637e-08,0.99999976,1.92215e-07
2016-09-27,4.7829518e-11,1.0,6.3429384e-10
2016-09-28,2.2475428e-11,1.0,3.4701192e-10
2016-09-29,5.4991717e-10,0.9999994,5.6807596e-07
2016-09-30,4.802331e-11,1.0,5.372586e-10
2016-10-03,4.1961727e-09,1.0,2.1913106e-08
2016-10-04,5.975932e-06,0.99999,4.0755694e-06
2016-10-05,3.4221292e-11,1.0,4.1246273e-10
2016-10-06,0.0004902544,0.9993781,0.00013167218
2016-10-07,1.0818897e-10,1.0,1.1559445e-09
2016-10-10,3.1645445e-07,0.99999034,9.297207e-06
2016-10-11,1.2751703e-12,1.0,2.6833716e-11
2016-10-12,5.528142e-12,1.0,8.2037044e-11
2016-10-13,4.4412707e-05,0.99992955,2.5962883e-05
2016-10-14,1.039982e-08,1.0,4.972969e-08
2016-10-17,7.8051323e-07,0.99999464,4.4723606e-06
2016-10-18,1.2725175e-07,0.99999964,2.8570082e-07
2016-10-19,6.122061e-12,1.0,8.431746e-11
2016-10-20,3.9958525e-09,1.0,1.0643642e-08
2016-10-21,6.508074e-14,1.0,7.799436e-13
2016-10-24,1.679114e-12,1.0,6.40131e-11
2016-10-25,8.1404704e-14,1.0,8.283697e-13
2016-10-26,9.46702e-15,1.0,9.9368105e-14
2016-10-27,1.0125716e-15,1.0,7.463451e-14
2016-10-28,4.418857e-09,1.0,6.6164816e-09
2016-10-31,0.0011901036,0.038358737,0.9604511
2016-11-01,1.9096107e-09,1.0,2.3429103e-09
2016-11-02,5.291898e-09,1.0,2.155462e-08
2016-11-03,7.538176e-05,0.9996877,0.00023696985
2016-11-04,0.30037373,0.5429664,0.15665987
2016-11-07,6.382461e-15,1.0,6.160099e-14
2016-11-08,1.2689989e-14,1.0,1.1267143e-13
2016-11-09,6.920251e-15,1.0,5.785398e-14
2016-11-10,0.010376867,0.5293588,0.46026433
2016-11-11,2.542006e-07,0.9999994,4.1272358e-07
2016-11-14,0.0035640988,0.28070787,0.7157281
2016-11-15,0.7401132,0.22975682,0.03012998
2016-11-16,0.0063061444,0.59102833,0.40266547
2016-11-17,0.05902459,0.89542633,0.045549065
2016-11-18,3.1873932e-07,0.9999987,9.249259e-07
2016-11-21,0.002140671,0.99780136,5.7895264e-05
2016-11-22,1.5910486e-07,0.9999994,4.5450324e-07
2016-11-23,0.06727916,0.39245468,0.54026616
2016-11-25,0.0004332068,0.056600455,0.94296634
2016-11-28,0.021872174,0.9397959,0.038331885
2016-11-29,1.11904974e-07,0.9999995,3.414265e-07
2016-11-30,5.1252296e-06,0.9999907,4.2316e-06
2016-12-01,0.0053103953,0.994128,0.00056156097
2016-12-02,0.9867381,4.139009e-08,0.013261857
2016-12-05,0.055864263,0.03194046,0.91219527
2016-12-06,1.9202714e-06,0.99771,0.0022880556
2016-12-07,0.00030194846,0.9996138,8.429513e-05
2016-12-08,2.1088665e-06,0.9999826,1.5217223e-05
2016-12-09,6.865082e-07,0.9999932,6.085587e-06
2016-12-12,0.010582644,0.9816103,0.0078069773
2016-12-13,5.1642206e-07,0.99999404,5.430967e-06
2016-12-14,0.13781679,0.7294599,0.13272327
2016-12-15,0.003150436,0.030242167,0.96660745
2016-12-16,0.007949639,0.98311514,0.008935126
2016-12-19,1.0704616e-06,0.9999807,1.8294275e-05
2016-12-20,0.012161198,0.9873317,0.0005071865
2016-12-21,0.0027801571,0.9901557,0.0070640617
2016-12-22,8.176322e-06,0.014500157,0.9854917
2016-12-23,1.8912866e-06,0.9999981,3.3081903e-08
2016-12-27,6.9778075e-06,0.9999869,6.069586e-06
2016-12-28,2.1803892e-06,0.9999863,1.1530528e-05
2016-12-29,0.0020081734,0.99586296,0.0021288649
2016-12-30,0.0021982682,0.9971642,0.00063747546
2017-01-03,0.0023315493,0.92240345,0.07526504
2017-01-04,0.0003891142,0.0010773757,0.9985335
2017-01-05,3.6813744e-05,0.99993634,2.6812444e-05
2017-01-06,0.0005160481,0.23576498,0.76371896
2017-01-09,0.0013304005,0.9986425,2.7148024e-05
2017-01-10,4.790605e-06,0.99998844,6.7963992e-06
2017-01-11,1.3826044e-06,0.99999547,3.142341e-06
2017-01-12,1.076875e-05,0.9999635,2.5694439e-05
2017-01-13,5.9616366e-05,0.99990046,3.9988594e-05
2017-01-17,0.0029585122,0.9426963,0.054345306
2017-01-18,6.836957e-07,0.99999833,9.054301e-07
2017-01-19,8.721433e-05,0.9998115,0.00010131589
2017-01-20,2.536852e-05,0.9999,7.4598924e-05
2017-01-23,0.00017711968,8.1336975e-07,0.9998221
2017-01-24,5.6656036e-06,0.022614628,0.97737974
2017-01-25,8.6393826e-05,0.9973016,0.0026119496
2017-01-26,6.585044e-06,0.9991252,0.00086828636
2017-01-27,0.0003674209,0.9993925,0.00024011382
2017-01-30,2.4143376e-06,0.9999678,2.9836798e-05
2017-01-31,0.00035630664,0.99954224,0.000101485275
2017-02-01,1.7116321e-06,0.9996487,0.00034963642
2017-02-02,2.6552812e-05,0.99993813,3.533448e-05
2017-02-03,3.2450585e-05,0.99935406,0.00061356084
2017-02-06,2.8778873e-06,0.44998732,0.55000985
2017-02-07,0.0022482334,0.047122054,0.9506298
2017-02-08,0.0002537744,0.45758727,0.5421589
2017-02-09,8.1828904e-07,0.9999944,4.7824265e-06
2017-02-10,1.2119015e-06,0.9999863,1.2462517e-05
2017-02-13,8.819565e-07,0.9999913,7.878955e-06
2017-02-14,9.694247e-05,0.99985445,4.8689893e-05
2017-02-15,0.0021917538,0.9953496,0.002458592
2017-02-16,6.29819e-05,0.99989843,3.8619502e-05
2017-02-17,2.902496e-05,0.99977773,0.00019320406
2017-02-21,4.7942985e-06,0.99675506,0.0032401786
2017-02-22,3.9523366e-05,0.99049056,0.009469949
2017-02-23,1.7529055e-05,0.93621916,0.06376326
2017-02-24,0.00010690594,0.9998362,5.6831275e-05
2017-02-27,0.000102118545,0.99981946,7.8449484e-05
2017-02-28,7.7329753e-07,0.9999956,3.659726e-06
2017-03-01,3.5004785e-05,0.99995434,1.0621251e-05
2017-03-02,1.0331819e-06,0.9999944,4.5663924e-06
2017-03-03,0.0012203777,0.9985985,0.00018110998
2017-03-06,5.1423485e-06,0.9998796,0.00011526951
2017-03-07,1.4928286e-05,0.9927569,0.007228179
2017-03-08,0.00014404641,0.9992022,0.00065379054
2017-03-09,7.3499496e-06,0.99869895,0.0012936756
2017-03-10,4.5615042e-07,0.99999774,1.7715452e-06
2017-03-13,2.6403115e-09,1.0,4.346401e-09
2017-03-14,1.6587612e-07,0.99999964,2.0207625e-07
2017-03-15,1.3015402e-06,0.99999785,8.6380555e-07
2017-03-16,4.1486796e-08,0.9999999,6.1954665e-08
2017-03-17,6.3048766e-08,0.99999976,1.0771903e-07
2017-03-20,1.13118e-05,0.9980883,0.0019003386
2017-03-21,3.014814e-08,0.9999999,1.0317554e-07
2017-03-22,0.00017379336,0.99931633,0.00050987536
2017-03-23,4.613098e-07,0.99999833,1.1702887e-06
2017-03-24,4.5854154e-06,0.99946254,0.0005329548
2017-03-27,4.0492683e-08,0.99999976,2.0589215e-07
2017-03-28,1.3196674e-08,1.0,1.6602643e-08
2017-03-29,1.5679842e-07,0.99999964,2.8574198e-07
2017-03-30,5.7040705e-08,0.9999999,1.6046907e-07
2017-03-31,1.079113e-07,0.99999964,2.7669324e-07
2017-04-03,8.588028e-08,0.99999976,1.3039798e-07
2017-04-04,0.00043394032,0.9993305,0.00023548711
2017-04-05,9.385782e-06,0.999821,0.00016965148
2017-04-06,3.384862e-06,0.99998546,1.1170413e-05
2017-04-07,1.4781237e-08,1.0,2.3463281e-08
2017-04-10,2.568548e-07,0.99999154,8.186423e-06
2017-04-11,1.4279979e-08,1.0,3.2245374e-08
2017-04-12,2.2026036e-07,0.9999994,3.8383362e-07
2017-04-13,6.2942306e-08,0.99999976,1.5892597e-07
2017-04-17,1.226752e-07,0.9999993,6.2727423e-07
2017-04-18,3.0494953e-09,1.0,2.6634723e-09
2017-04-19,2.170988e-07,0.9999994,3.2677158e-07
2017-04-20,9.491354e-06,0.99994373,4.677907e-05
2017-04-21,3.7950338e-06,0.9999943,1.9320296e-06
2017-04-24,1.9031461e-06,0.9998652,0.00013285279
2017-04-25,3.2438393e-08,1.0,8.086144e-09
2017-04-26,2.8627719e-07,0.9999989,8.411178e-07
2017-04-27,1.716708e-06,0.9999968,1.4910254e-06
2017-04-28,1.3239494e-07,0.9999994,4.505794e-07
2017-05-01,1.2309205e-06,0.9999969,1.9297256e-06
2017-05-02,1.3368998e-07,0.9999994,4.526739e-07
2017-05-03,1.2812794e-07,0.99999976,1.0625957e-07
2017-05-04,2.1885433e-05,0.9999174,6.068774e-05
2017-05-05,1.0212594e-05,0.999982,7.7475715e-06
2017-05-08,0.00014305902,0.99980515,5.183325e-05
2017-05-09,2.0961305e-07,0.9999995,2.5653222e-07
2017-05-10,2.6397765e-10,1.0,5.754156e-10
2017-05-11,1.1158206e-06,0.9999969,2.017065e-06
2017-05-12,0.0033173454,0.99667346,9.098805e-06
2017-05-15,0.9998634,3.7234073e-05,9.941137e-05
2017-05-16,0.00065812486,0.99934,1.8655655e-06
2017-05-17,0.00012523208,0.99987423,4.4005517e-07
2017-05-18,0.0038233788,0.9961765,1.718308e-07
2017-05-19,0.26290312,0.7370929,4.0478485e-06
2017-05-22,3.2850312e-06,0.99999666,9.594643e-10
2017-05-23,3.550268e-05,0.99996436,9.7582465e-08
2017-05-24,1.7240308e-10,1.0,3.5338009e-13
2017-05-25,2.2407748e-05,0.9999776,3.5182002e-09
2017-05-26,1.11983125e-08,1.0,8.962285e-12
2017-05-30,7.065624e-05,0.9999293,7.018947e-09
2017-05-31,0.87474364,0.12518625,7.004485e-05
2017-06-01,1.5673537e-11,1.0,2.450352e-13
2017-06-02,8.270757e-19,1.0,3.2883743e-19
2017-06-05,1.6712488e-18,1.0,1.4824175e-20
2017-06-06,3.6953687e-13,1.0,2.787226e-16
2017-06-07,2.6928095e-08,1.0,2.114824e-12
2017-06-08,0.012588167,0.98741084,9.534501e-07
2017-06-09,7.96032e-10,1.0,2.6799254e-10
2017-06-12,1.2485175e-10,1.0,4.184603e-15
2017-06-13,2.8659495e-20,1.0,1.4403794e-22
2017-06-14,1.4151369e-13,1.0,9.263454e-17
2017-06-15,5.269761e-27,1.0,7.147238e-27
2017-06-16,2.2344151e-12,1.0,4.0921015e-13
2017-06-19,7.5754017e-22,1.0,1.4295513e-23
2017-06-20,3.2827259e-09,1.0,1.223532e-12
2017-06-21,2.0073841e-08,1.0,8.4869806e-10
2017-06-22,5.7644222e-08,1.0,4.1802337e-10
2017-06-23,1.20730435e-20,1.0,1.9915393e-22
2017-06-26,1.1556544e-11,1.0,8.779175e-15
2017-06-27,3.4351276e-16,1.0,2.278617e-18
2017-06-28,0.016062226,0.98393077,6.996699e-06
2017-06-29,1.747558e-16,1.0,3.7419173e-17
2017-06-30,1.4166193e-17,1.0,3.4402436e-15
2017-07-03,3.517152e-09,1.0,9.526592e-12
2017-07-05,2.3085203e-08,1.0,2.1815365e-11
2017-07-06,0.0014260731,0.9985739,5.2536617e-08
2017-07-07,0.00011025297,0.99988914,5.391574e-07
2017-07-10,0.2285855,0.66529673,0.10611778
2017-07-11,0.0009316217,0.99906737,1.0422683e-06
2017-07-12,1.9000928e-06,0.9999981,7.551851e-09
2017-07-13,5.747729e-06,0.9999943,1.6099907e-08
2017-07-14,0.0003403691,0.9996594,2.9369863e-07
2017-07-17,1.4090003e-07,0.9999999,9.65288e-10
2017-07-18,0.6551114,0.34473565,0.00015297448
2017-07-19,1.2828163e-07,0.9999999,8.452118e-10
2017-07-20,0.99985313,1.0010103e-06,0.00014594814
2017-07-21,1.5352063e-08,0.9999999,8.188677e-08
2017-07-24,9.928445e-06,0.9999901,2.351466e-08
2017-07-25,1.6490375e-06,0.99999833,7.98286e-09
2017-07-26,0.028065901,0.9719213,1.269017e-05
2017-07-27,0.2583427,0.7384251,0.0032322006
2017-07-28,0.63028663,0.3696088,0.000104570136
2017-07-31,0.024086852,0.97568715,0.00022593707
2017-08-01,9.471516e-05,0.9999051,1.7637524e-07
2017-08-02,9.707852e-09,1.0,7.6130116e-09
2017-08-03,7.6888375e-07,0.9999993,4.018151e-09
2017-08-04,9.336537e-06,0.9999907,4.3927006e-08
2017-08-07,4.831518e-08,1.0,3.4902472e-09
2017-08-08,0.00052787515,0.99947184,4.131003e-07
2017-08-09,8.734243e-08,0.9999999,9.1057556e-10
2017-08-10,0.03493255,0.96505,1.7483539e-05
2017-08-11,0.000120961166,0.9998784,6.392279e-07
2017-08-14,0.07390858,0.91760737,0.008483964
2017-08-15,4.8501915e-06,0.999995,1.02956626e-07
2017-08-16,0.27214557,0.72745913,0.0003952796
2017-08-17,3.5926012e-05,0.99996364,4.800962e-07
2017-08-18,2.8224565e-09,0.9999993,6.6348844e-07
2017-08-21,4.253497e-09,0.99999976,2.738771e-07
2017-08-22,1.7344228e-05,0.99998176,1.008864e-06
2017-08-23,7.830364e-09,0.99999964,3.9925945e-07
2017-08-24,0.019512827,0.9802619,0.00022524197
2017-08-25,7.406473e-06,0.99996555,2.7113023e-05
2017-08-28,0.0009451692,0.99903345,2.1429318e-05
2017-08-29,1.2494933e-05,0.9999871,3.4748552e-07
2017-08-30,7.4312516e-07,0.99998534,1.3986619e-05
2017-08-31,4.263367e-08,0.9999901,9.8439405e-06
2017-09-01,3.1365954e-09,0.9999999,6.759232e-08
2017-09-05,6.996773e-09,1.0,9.882174e-09
2017-09-06,8.67514e-05,0.99991107,2.1257085e-06
2017-09-07,1.8112366e-06,0.999889,0.0001092115
2017-09-08,0.0048772246,0.99276006,0.002362838
2017-09-11,0.9108351,0.04805576,0.04110917
2017-09-12,0.0024457253,0.9975063,4.7962443e-05
2017-09-13,1.1084493e-06,0.9999988,1.6383467e-07
2017-09-14,1.0656087e-05,0.99996066,2.8774979e-05
2017-09-15,0.002338807,0.9975775,8.371198e-05
2017-09-18,9.916681e-06,0.38655475,0.6134353
2017-09-19,1.6856234e-08,0.99999905,1.007618e-06
2017-09-20,2.8753956e-08,1.0,1.5197045e-08
2017-09-21,2.7683793e-09,0.9999981,1.9473591e-06
2017-09-22,1.5604061e-06,0.9999981,3.583202e-07
2017-09-25,1.1097494e-05,0.8287377,0.17125124
2017-09-26,0.002087085,0.9977448,0.0001681588
2017-09-27,1.1274998e-05,0.9999852,3.4420527e-06
2017-09-28,0.43091488,0.04231749,0.5267676
2017-09-29,0.085075065,0.91269857,0.0022263755
2017-10-02,0.00072822033,0.9991592,0.0001126076
2017-10-03,0.71696,0.2759955,0.007044471
2017-10-04,1.1225617e-05,0.99998474,4.0382206e-06
2017-10-05,1.3320353e-06,0.99897754,0.00102123
2017-10-06,0.0001466302,0.9991373,0.0007160836
2017-10-09,0.0013430382,0.97609156,0.022565464
2017-10-10,0.78392196,0.2097129,0.006365131
2017-10-11,9.11695e-06,0.9999877,3.2068613e-06
2017-10-12,7.212379e-05,0.9995003,0.0004276016
2017-10-13,0.11615796,0.76204354,0.12179851
2017-10-16,0.00011624254,0.0042563104,0.9956274
2017-10-17,0.8982996,0.090440325,0.01126003
2017-10-18,2.853519e-07,0.99999917,6.2141464e-07
2017-10-19,0.05587738,0.9400397,0.004082807
2017-10-20,0.00032338288,0.99646336,0.003213307
2017-10-23,2.4733268e-08,0.99999154,8.502983e-06
2017-10-24,8.337931e-07,0.9999957,3.42546e-06
2017-10-25,0.017530547,0.9341833,0.04828616
2017-10-26,0.1116182,0.0009558563,0.8874259
2017-10-27,0.95274574,0.017282262,0.029971955
2017-10-30,8.650267e-05,0.9998797,3.3737844e-05
2017-10-31,0.77537054,0.21785995,0.006769458
2017-11-01,3.825038e-07,0.99999917,4.7238814e-07
2017-11-02,4.917078e-06,0.9999918,3.372311e-06
2017-11-03,8.156343e-07,0.99999785,1.3317525e-06
2017-11-06,0.0014045822,0.9983474,0.00024807864
2017-11-07,0.00021676296,0.9497892,0.049994033
2017-11-08,7.7400455e-06,0.9999838,8.459305e-06
2017-11-09,2.8102414e-07,0.9999993,4.7521044e-07
2017-11-10,1.6637025e-06,0.9999238,7.451197e-05
2017-11-13,5.960104e-06,0.9977048,0.002289254
2017-11-14,0.00034773324,0.99483407,0.00481818
2017-11-15,2.6713686e-05,0.9997863,0.0001870292
2017-11-16,0.426902,0.5626418,0.01045613
2017-11-17,0.00015700936,0.9998109,3.2186606e-05
2017-11-20,0.000682943,0.99920636,0.00011075415
2017-11-21,0.000723105,0.99914336,0.00013349946
2017-11-22,8.752012e-05,0.9998087,0.00010376594
2017-11-24,0.0035340087,0.99603385,0.00043218042
2017-11-27,7.7536315e-06,0.99955374,0.00043851763
2017-11-28,0.005467567,0.9937046,0.00082778075
2017-11-29,0.00020263865,0.97381884,0.025978476
2017-11-30,0.00069118186,0.99916553,0.00014327296
2017-12-01,0.00970687,0.9894013,0.00089185784
2017-12-04,0.003167894,0.9963721,0.00046008063
2017-12-05,0.05027685,0.9441436,0.005579595
2017-12-06,0.059271466,0.8540909,0.08663763
2017-12-07,0.53218025,0.4349741,0.03284567
2017-12-08,0.52459335,0.45217663,0.023230037
2017-12-11,0.4969709,0.036463372,0.46656567
2017-12-12,0.92256737,0.058816582,0.018616086
2017-12-13,0.0046241996,0.0024010679,0.99297476
2017-12-14,0.0002235325,0.99395543,0.005820965
2017-12-15,0.9956391,4.6151245e-06,0.004356221
2017-12-18,0.017541753,0.98052603,0.0019322815
2017-12-19,0.94203436,0.045130167,0.012835446
2017-12-20,0.004505639,0.99491763,0.0005768042
2017-12-21,0.0019521385,0.9974928,0.00055512873
2017-12-22,0.0030231634,0.99665076,0.00032611014
2017-12-26,0.00032544872,0.9980252,0.0016493953
2017-12-27,0.09156045,0.87035656,0.038083058
2017-12-28,1.386634e-05,0.9972281,0.002757989
2017-12-29,0.0009546598,0.9988085,0.00023688386
2018-01-02,0.94346696,0.011824544,0.04470849
2018-01-03,0.79094297,0.19744633,0.011610823
2018-01-04,0.039731592,0.40717217,0.55309623
2018-01-05,0.7576848,0.18213047,0.060184687
2018-01-08,0.0014156717,0.98981535,0.008768897
2018-01-09,0.00012246685,0.9998486,2.8978007e-05
2018-01-10,2.6454713e-10,0.99999964,3.8493417e-07
2018-01-11,0.47178712,0.5132127,0.01500016
2018-01-12,0.12280511,0.8727358,0.004459088
2018-01-16,0.88325113,0.11360605,0.00314283
2018-01-17,5.780957e-07,0.99999905,3.736238e-07
2018-01-18,4.5378624e-06,0.9999937,1.7354387e-06
2018-01-19,3.355912e-05,0.9995227,0.00044375483
2018-01-22,0.0003989929,0.9993581,0.00024294766
2018-01-23,1.1912664e-05,0.9999049,8.317367e-05
2018-01-24,8.3870735e-05,0.9990368,0.0008794185
2018-01-25,3.389845e-05,0.9999386,2.7535338e-05
2018-01-26,0.48453873,0.45626608,0.05919516
2018-01-29,0.031374346,0.96435136,0.0042742863
2018-01-30,1.0323328e-05,0.9999871,2.5369604e-06
2018-01-31,2.165188e-05,0.9999629,1.5385229e-05
2018-02-01,0.49757138,0.4989551,0.0034734868
2018-02-02,0.0004961896,0.9994499,5.3912365e-05
2018-02-05,6.161727e-12,1.0,1.0733455e-10
2018-02-06,0.00044137923,2.6024404e-06,0.999556
2018-02-07,1.3876726e-05,1.3379905e-09,0.9999862
2018-02-08,0.0039742985,4.377349e-10,0.9960257
2018-02-09,0.35823748,6.518517e-15,0.6417625
2018-02-12,0.8610552,5.357027e-13,0.13894476
2018-02-13,0.99998355,8.282052e-26,1.647827e-05
2018-02-14,0.99987733,1.5512458e-25,0.00012264802
2018-02-15,0.9335832,6.972396e-13,0.06641687
2018-02-16,0.99861944,2.0541324e-19,0.0013805906
2018-02-20,0.7292139,2.430674e-22,0.27078614
2018-02-21,0.9995315,8.4251935e-22,0.00046846
2018-02-22,0.9999205,2.8175011e-24,7.9458056e-05
2018-02-23,0.99999785,3.363251e-29,2.1393691e-06
2018-02-26,0.9999707,1.6984363e-34,2.9373996e-05
2018-02-27,0.9947848,1.5008023e-29,0.005215285
2018-02-28,0.99999964,5.244143e-30,3.338248e-07
2018-03-01,0.99983144,1.9378682e-25,0.00016853395
2018-03-02,1.0,2.3000117e-34,4.6887823e-09
2018-03-05,0.999997,2.630123e-37,2.9714554e-06
2018-03-06,0.9999988,6.168943e-26,1.1920982e-06
2018-03-07,0.9999999,2.6415435e-29,1.1647017e-07
2018-03-08,1.0,3.0858528e-36,5.2430177e-10
2018-03-09,1.0,1.6580361e-31,3.6454566e-08
2018-03-12,1.0,4.9574115e-37,7.660306e-09
2018-03-13,0.9999999,8.370952e-29,9.756862e-08
2018-03-14,1.0,5.788894e-34,2.5300272e-08
2018-03-15,1.0,9.084664e-32,1.2283046e-08
2018-03-16,1.0,1.1822089e-31,1.3432542e-08
2018-03-19,1.0,1.9958597e-29,5.37377e-08
2018-03-20,0.9999999,3.0149328e-28,9.338233e-08
2018-03-21,1.0,6.4635e-41,3.100781e-09
2018-03-22,1.0,1e-45,1.5400433e-11
2018-03-23,0.99999964,4.1054276e-25,3.316227e-07
2018-03-26,1.0,1.1919784e-28,9.014278e-09
2018-03-27,1.0,3.278552e-28,4.8287703e-09
2018-03-28,1.0,6.654247e-39,6.7229067e-09
2018-03-29,1.0,2.591e-42,1.794281e-11
2018-04-02,0.9999976,3.4437727e-27,2.326217e-06
2018-04-03,0.99999976,1.02842016e-35,2.8706344e-07
2018-04-04,0.9999999,2.5923838e-33,8.115659e-08
2018-04-05,1.0,5.3850677e-34,5.503462e-08
2018-04-06,1.0,2.8268492e-28,6.1537e-10
2018-04-09,1.0,8.599321e-31,5.4610837e-11
2018-04-10,1.0,3.7127436e-38,5.401347e-13
2018-04-11,1.0,1.1617426e-38,5.563796e-10
2018-04-12,1.0,7e-45,7.87601e-12
2018-04-13,1.0,2.59e-43,7.8952206e-11
2018-04-16,1.0,1.668289e-38,9.1222885e-10
2018-04-17,1.0,1.4709284e-32,2.9732869e-08
2018-04-18,1.0,7.4817154e-31,2.8766418e-11
2018-04-19,1.0,1.0905963e-35,4.070314e-09
2018-04-20,1.0,1.96e-43,8.614889e-15
2018-04-23,1.0,6e-45,7.575573e-15
2018-04-24,1.0,0.0,3.177439e-13
2018-04-25,1.0,3.1997859e-34,1.230696e-09
2018-04-26,1.0,5.793939e-39,2.886692e-09
2018-04-27,1.0,2.639053e-39,3.9419483e-12
2018-04-30,1.0,2.6934e-41,3.7481212e-15
2018-05-01,1.0,1.53958545e-33,1.9587483e-12
2018-05-02,1.0,6.1789724e-37,1.693965e-13
2018-05-03,1.0,2.16e-43,6.5346244e-12
2018-05-04,1.0,0.0,6.749759e-17
2018-05-07,1.0,1.780585e-39,1.2794105e-14
2018-05-08,1.0,3.923906e-39,2.7275111e-11
2018-05-09,1.0,9.907356e-38,6.437604e-14
2018-05-10,1.0,4.69e-42,1.7861202e-11
2018-05-11,1.0,3.9e-44,2.5811868e-16
2018-05-14,1.0,1e-44,9.385037e-15
2018-05-15,1.0,0.0,3.6912265e-13
2018-05-16,1.0,3.634042e-35,2.9990463e-13
2018-05-17,1.0,4.6e-44,7.2456174e-14
2018-05-18,1.0,3.0161041e-37,1.9451036e-12
2018-05-21,1.0,3e-45,1.826415e-13
2018-05-22,1.0,0.0,1.2186584e-14
2018-05-23,1.0,0.0,2.3695598e-17
2018-05-24,1.0,0.0,3.692186e-12
2018-05-25,1.0,4.43689e-40,2.7520967e-12
2018-05-29,1.0,1e-45,1.6794015e-13
2018-05-30,1.0,1.96388e-40,1.9137728e-11
2018-05-31,1.0,1.3240071e-37,4.4122092e-14
2018-06-01,1.0,4.6195115e-37,7.2591493e-13
2018-06-04,1.0,6.136621e-29,4.9387147e-11
2018-06-05,1.0,3.1559064e-32,4.3566947e-12
2018-06-06,1.0,7.2618823e-38,2.4440194e-12
2018-06-07,1.0,1.7383649e-36,8.040953e-14
2018-06-08,1.0,4.9806977e-26,2.1762286e-08
2018-06-11,1.0,2.2013844e-28,1.2788582e-08
2018-06-12,0.9999999,3.9949958e-33,9.146392e-08
2018-06-13,1.0,5.7218e-41,1.4954881e-11
2018-06-14,1.0,2.675559e-36,7.939115e-12
2018-06-15,1.0,1.7038928e-33,1.12280726e-10
2018-06-18,1.0,1.6811512e-28,1.3218124e-10
2018-06-19,1.0,7.958015e-32,6.6247874e-10
2018-06-20,1.0,1.7640297e-29,2.543381e-08
2018-06-21,1.0,1.5727184e-28,1.096457e-09
2018-06-22,1.0,1.0483725e-27,1.3712806e-10
2018-06-25,1.0,1.8024157e-35,3.5650595e-12
2018-06-26,1.0,3.3608513e-34,3.120572e-10
2018-06-27,0.99999547,8.104883e-24,4.4830786e-06
2018-06-28,1.0,6.0164978e-24,2.1458428e-08
2018-06-29,1.0,5.0029058e-24,1.9598996e-08
2018-07-02,1.0,4.183663e-29,2.8083558e-10
2018-07-03,1.0,1.2397303e-29,3.9896343e-11
2018-07-05,1.0,6.94788e-26,7.533202e-10
2018-07-06,1.0,8.7190565e-32,2.1205485e-11
2018-07-09,1.0,2.0476335e-33,3.5956824e-11
2018-07-10,0.99999976,1.6253586e-31,2.2828446e-07
2018-07-11,1.0,1.1772124e-33,1.2483972e-12
2018-07-12,0.9999993,2.5442196e-26,6.6069816e-07
2018-07-13,1.0,1.5184943e-33,1.1730022e-12
2018-07-16,1.0,8.955457e-33,8.8009583e-10
2018-07-17,1.0,3.8650995e-27,3.252823e-08
2018-07-18,0.9999969,9.125327e-28,3.0521614e-06
2018-07-19,1.0,1.3509419e-34,5.449152e-10
2018-07-20,1.0,6.341e-42,1.1113809e-13
2018-07-23,1.0,5.538027e-32,5.4099594e-12
2018-07-24,1.0,1.3237616e-34,7.195353e-13
2018-07-25,1.0,1.1550007e-36,7.4945916e-14
2018-07-26,1.0,5.48755e-27,1.965394e-09
2018-07-27,1.0,8.0868944e-29,4.7489044e-09
2018-07-30,1.0,6.1145194e-28,2.6510664e-08
2018-07-31,1.0,5.427605e-37,9.121453e-10
2018-08-01,1.0,1.1215681e-36,7.653981e-13
2018-08-02,1.0,5.9593746e-30,3.702244e-11
2018-08-03,1.0,3.345688e-37,1.1424924e-13
2018-08-06,0.023803456,0.9687958,0.0074007595
2018-08-07,0.0014614935,0.99708515,0.001453328
2018-08-08,0.98271346,0.013673792,0.0036127432
2018-08-09,0.00081475434,0.22449188,0.7746934
2018-08-10,0.9335812,0.039248202,0.027170632
2018-08-13,0.7058075,0.0074413456,0.28675118
2018-08-14,0.084418826,0.85906804,0.056513123
2018-08-15,4.6228342e-05,0.999915,3.8749637e-05
2018-08-16,0.013183392,0.61979485,0.36702177
2018-08-17,0.0054907273,0.0028043464,0.99170494
2018-08-20,0.008432848,0.0006005385,0.9909667
2018-08-21,0.75937515,6.774871e-05,0.24055715
2018-08-22,2.7459375e-05,0.99995315,1.9482255e-05
2018-08-23,0.0012099899,0.9983512,0.00043884615
2018-08-24,0.4175312,0.5652324,0.017236443
2018-08-27,0.0012266563,0.025262754,0.97351056
2018-08-28,0.0036488578,0.9683728,0.027978245
2018-08-29,9.758247e-09,0.99999917,8.6033646e-07
2018-08-30,0.000929439,5.178867e-07,0.9990701
2018-08-31,0.007703004,9.3007446e-05,0.99220395
2018-09-04,0.0018792009,0.99791104,0.0002097359
2018-09-05,9.476143e-07,0.99999785,1.1787921e-06
2018-09-06,7.0078764e-05,0.99990714,2.2793594e-05
2018-09-07,2.2627048e-05,0.99995315,2.422394e-05
2018-09-10,3.681627e-06,0.9999902,6.0252387e-06
2018-09-11,8.711593e-06,0.9999802,1.1123708e-05
2018-09-12,0.0011886494,8.5546926e-05,0.99872583
2018-09-13,0.00053479866,0.9991316,0.0003335944
2018-09-14,0.01166596,8.214621e-06,0.98832583
2018-09-17,6.504491e-07,0.9999932,6.2240947e-06
2018-09-18,8.260368e-11,0.9999292,7.0830574e-05
2018-09-19,0.0033656573,6.47171e-05,0.99656963
2018-09-20,8.605749e-09,0.99999976,2.8950203e-07
2018-09-21,0.0018604579,0.9942918,0.003847756
2018-09-24,0.39625517,0.5875522,0.01619262
2018-09-25,0.23847829,0.73819876,0.023322955
2018-09-26,0.00025651648,0.99942267,0.00032082206
2018-09-27,4.379957e-05,0.9998696,8.661355e-05
2018-09-28,0.06303132,0.7002716,0.23669711
2018-10-01,0.0036959264,0.99432737,0.001976685
2018-10-02,2.6064295e-09,0.9999819,1.8122679e-05
2018-10-03,0.00031415944,0.9993469,0.00033888503
2018-10-04,0.4257212,0.00017281018,0.574106
2018-10-05,0.00027915064,0.9997042,1.6731668e-05
2018-10-08,0.8288864,0.10468711,0.06642642
2018-10-09,2.3350305e-05,0.9999602,1.6463418e-05
2018-10-10,0.24388532,0.7502959,0.0058187167
2018-10-11,1.8922114e-20,1.0,5.698795e-20
2018-10-12,3.6059953e-20,1.0,1.0744508e-19
2018-10-15,3.558731e-10,1.0,9.999334e-12
2018-10-16,4.125923e-15,1.0,2.688565e-12
2018-10-17,2.0130072e-17,1.0,4.700511e-17
2018-10-18,1.354935e-10,1.0,3.1459755e-11
2018-10-19,4.5424944e-17,1.0,1.0377466e-16
2018-10-22,4.169953e-10,1.0,7.825566e-11
2018-10-23,4.936166e-21,1.0,2.818216e-19
2018-10-24,2.3991199e-17,1.0,4.727289e-16
2018-10-25,3.4711435e-11,1.0,2.290292e-09
2018-10-26,7.347965e-14,1.0,2.5568074e-14
2018-10-29,1.3293439e-18,1.0,1.9491829e-18
2018-10-30,1.3038031e-15,1.0,2.0826927e-15
2018-10-31,1.939917e-19,1.0,5.0656028e-18
2018-11-01,0.29599932,0.19846042,0.5055403
2018-11-02,1.9034366e-16,1.0,3.3792144e-16
2018-11-05,1.5042205e-09,1.0,4.899798e-10
2018-11-06,4.660455e-28,1.0,1.818902e-21
2018-11-07,4.9838233e-15,1.0,1.4761131e-14
2018-11-08,4.568339e-06,3.88286e-08,0.99999535
2018-11-09,1.6292062e-14,1.0,4.3408392e-14
2018-11-12,2.4526152e-13,1.0,6.3428565e-13
2018-11-13,0.0001091392,0.953933,0.04595789
2018-11-14,0.10706307,0.846488,0.046448905
2018-11-15,0.0039126887,0.01698138,0.979106
2018-11-16,2.7352123e-10,1.0,1.1019311e-09
2018-11-19,4.483314e-11,1.0,8.8412326e-11
2018-11-20,0.00025710426,0.9996915,5.152806e-05
2018-11-21,3.4027384e-08,1.0,4.6911907e-08
2018-11-23,0.0003086878,8.215278e-15,0.99969137
2018-11-26,1.6857198e-10,1.0,3.09403e-08
2018-11-27,0.014619183,0.9848018,0.0005790311
2018-11-28,0.00016845184,1.1323507e-07,0.99983144
2018-11-29,6.958145e-11,1.0,2.0994173e-10
2018-11-30,2.083286e-10,1.0,6.5869504e-10
2018-12-03,2.8591282e-10,1.0,8.7035357e-10
2018-12-04,6.2207335e-05,3.640926e-06,0.9999342
2018-12-06,3.9059714e-06,8.39703e-11,0.99999607
2018-12-07,5.6749202e-05,0.9998797,6.3522886e-05
2018-12-10,0.93121105,0.060363438,0.008425436
2018-12-11,0.012317953,0.9851863,0.00249577
2018-12-12,0.002538372,1.100752e-06,0.9974605
2018-12-13,8.614415e-06,0.0008497357,0.9991416
2018-12-14,5.122599e-06,0.9999865,8.309092e-06
2018-12-17,0.043367796,7.2528916e-10,0.9566322
2018-12-18,0.00069288,9.070829e-08,0.99930704
2018-12-19,0.0003613406,0.06372641,0.9359123
2018-12-20,2.2480495e-05,0.55689776,0.4430797
2018-12-21,0.11900323,0.87772316,0.0032736524
2018-12-24,0.027020082,0.9636616,0.009318236
2018-12-26,0.04293391,0.93302774,0.024038346
2018-12-27,0.0076134307,0.9835037,0.008882893
2018-12-28,0.00038184083,9.821471e-10,0.9996182
2018-12-31,0.0027676702,0.9937844,0.0034478721
2019-01-02,2.330218e-06,0.9999833,1.432711e-05
2019-01-03,4.601658e-11,0.99999976,1.849919e-07
2019-01-04,0.1131754,0.24582691,0.64099777
2019-01-07,5.3584304e-06,5.2561585e-13,0.99999464
2019-01-08,1.070172e-06,0.9999943,4.589986e-06
2019-01-09,1.1557088e-06,0.9675364,0.032462474
2019-01-10,1.4035421e-06,0.999992,6.502248e-06
2019-01-11,3.746019e-05,0.9998859,7.664066e-05
2019-01-14,2.1276512e-07,0.00012933953,0.9998704
2019-01-15,0.0006978535,2.8903334e-13,0.99930215
2019-01-16,0.00017266175,1.02592275e-10,0.9998273
2019-01-17,0.10019842,0.80368644,0.096115194
2019-01-18,0.00014273863,0.99971837,0.00013882466
2019-01-22,1.4318543e-05,9.9773686e-05,0.9998859
2019-01-23,0.002506497,0.8464456,0.15104786
2019-01-24,0.00013877716,2.8354512e-05,0.99983287
2019-01-25,6.217814e-06,0.0022359905,0.99775785
2019-01-28,0.0584365,0.73468405,0.2068794
2019-01-29,2.8430863e-06,2.6020432e-13,0.99999714
2019-01-30,4.5040994e-07,0.9999981,1.4401178e-06
2019-01-31,6.2693245e-10,0.9999975,2.5002018e-06
2019-02-01,7.3791343e-06,0.9999764,1.6193097e-05
2019-02-04,0.004617987,8.764937e-08,0.9953819
2019-02-05,9.302149e-07,0.9999958,3.1608806e-06
2019-02-06,0.0002013766,0.9996151,0.00018352467
2019-02-07,1.4092608e-05,0.9961438,0.0038419873
2019-02-08,0.0017707004,2.3643246e-07,0.9982291
2019-02-11,0.01160156,0.9059904,0.082408056
2019-02-12,5.748287e-06,1.5588462e-07,0.99999404
2019-02-13,0.007757434,7.91647e-14,0.9922426
2019-02-14,0.0028855526,2.9450594e-16,0.9971144
2019-02-15,0.34292597,0.6556157,0.0014583672
2019-02-19,0.08087006,0.9122939,0.0068360697
2019-02-20,0.00021631253,0.99960834,0.00017538686
2019-02-21,0.0005045588,7.502987e-08,0.9994954
2019-02-22,0.000878174,6.6179336e-07,0.9991211
2019-02-25,9.177494e-08,0.9999995,3.458104e-07
2019-02-26,0.00075161894,1.6366496e-10,0.9992483
2019-02-27,0.0053414484,0.9942861,0.00037237236
2019-02-28,0.004889325,1.9030901e-15,0.9951107
2019-03-01,7.0258466e-08,0.99999964,2.6192916e-07
2019-03-04,0.00012447793,5.1537543e-05,0.999824
2019-03-05,0.00377151,2.1670737e-06,0.9962263
2019-03-06,0.0012672305,0.99855226,0.00018051619
2019-03-07,0.04037668,0.9576299,0.001993476
2019-03-08,9.919358e-08,0.9999995,3.015079e-07
2019-03-11,0.00039214606,5.387033e-08,0.99960786
2019-03-12,2.930433e-07,0.012350554,0.98764914
2019-03-13,0.0041624564,0.99529463,0.0005428998
2019-03-14,0.0042717317,3.8693088e-08,0.9957282
2019-03-15,0.99779606,8.71334e-06,0.0021952873
2019-03-18,1.2515486e-06,0.99999654,2.275622e-06
2019-03-19,0.043484293,1.7689818e-08,0.95651567
2019-03-20,0.00012390161,0.9973355,0.00254065
2019-03-21,2.0966822e-07,0.036232825,0.96376693
2019-03-22,0.0082348315,0.9906076,0.001157522
2019-03-25,4.2141758e-07,0.9999982,1.3456457e-06
2019-03-26,3.634283e-07,0.9999987,1.0067436e-06
2019-03-27,0.082472585,0.7549098,0.16261756
2019-03-28,0.000101284975,0.9972621,0.0026365358
2019-03-29,0.00027493126,0.99954563,0.00017944815
2019-04-01,1.2134744e-05,0.9896863,0.010301537
2019-04-02,0.0005992054,0.83278084,0.16661996
2019-04-03,0.0696631,0.0012198399,0.9291171
2019-04-04,7.380244e-07,0.99999666,2.594068e-06
2019-04-05,1.4760991e-05,0.9999677,1.7561655e-05
2019-04-08,1.9740908e-06,0.9962069,0.0037910643
2019-04-09,3.6463297e-07,0.9999987,9.880117e-07
2019-04-10,3.691494e-07,0.9999988,8.4847494e-07
2019-04-11,3.3361496e-07,0.9999926,7.003381e-06
2019-04-12,0.4877307,0.51165044,0.0006188243
2019-04-15,1.5366143e-07,0.99999964,2.4614135e-07
2019-04-16,5.350992e-08,0.9999999,7.9497674e-08
2019-04-17,3.248283e-09,1.0,4.9973103e-08
2019-04-18,3.0305893e-11,1.0,1.1020824e-09
2019-04-22,4.281596e-09,1.0,6.024295e-09
2019-04-23,9.417804e-10,1.0,1.458074e-09
2019-04-24,9.607007e-12,1.0,4.3759452e-10
2019-04-25,0.407321,0.00048778794,0.5921912
2019-04-26,5.6054033e-09,0.99999976,2.2072662e-07
2019-04-29,5.621162e-10,1.0,1.0295212e-09
2019-04-30,3.5424354e-11,1.0,1.7643504e-09
2019-05-01,0.010413193,0.9886856,0.00090116315
2019-05-02,5.958463e-12,1.0,8.587079e-12
2019-05-03,7.832983e-12,1.0,1.4183188e-11
2019-05-06,0.9084671,0.0883668,0.003166039
2019-05-07,0.8128591,0.0036258108,0.18351503
2019-05-08,0.019069284,0.9801497,0.00078105554
2019-05-09,3.4022726e-11,1.0,5.053599e-10
2019-05-10,0.00032950952,0.64658874,0.35308173
2019-05-13,9.928399e-10,0.9999999,1.02183975e-07
2019-05-14,1.2866477e-09,1.0,1.0893134e-09
2019-05-15,5.856381e-08,0.99999976,2.665993e-07
2019-05-16,0.104292795,0.00018843831,0.8955187
2019-05-17,0.04574959,0.25710896,0.6971414
2019-05-20,0.8539942,0.1404334,0.0055724466
2019-05-21,1.4577735e-13,1.0,2.416125e-13
2019-05-22,0.8158103,0.17652616,0.007663594
2019-05-23,5.018338e-10,1.0,1.0151775e-09
2019-05-24,1.4323793e-07,0.99999404,5.8244495e-06
2019-05-28,3.9341844e-10,0.99999964,3.1684303e-07
2019-05-29,0.038087863,2.4700177e-05,0.9618875
2019-05-30,0.05012756,0.13168262,0.8181898
2019-05-31,9.00833e-13,1.0,4.978318e-13
2019-06-03,1.6551949e-06,0.99289685,0.0071015726
2019-06-04,1.2057052e-16,1.0,7.220147e-15
2019-06-05,0.8196082,0.04127111,0.13912064
2019-06-06,5.2996583e-08,1.0,6.228771e-09
2019-06-07,7.337082e-18,1.0,1.0155801e-17
2019-06-10,5.8475646e-08,1.0,4.9402744e-09
2019-06-11,3.7213581e-19,1.0,6.0677503e-19
2019-06-12,0.045524117,5.7380425e-05,0.95441854
2019-06-13,2.4882323e-05,0.9996069,0.0003682182
2019-06-14,1.424134e-25,1.0,3.8244684e-22
2019-06-17,4.3754365e-21,1.0,3.0215344e-18
2019-06-18,1.0681475e-22,1.0,5.3723846e-20
2019-06-19,1.2463213e-14,1.0,5.5507865e-15
2019-06-20,1.5926984e-18,1.0,2.3535145e-18
2019-06-21,1.303588e-17,1.0,1.287315e-17
2019-06-24,2.7216642e-15,1.0,7.7295865e-15
2019-06-25,3.672652e-24,1.0,1.7455864e-23
2019-06-26,3.1346694e-17,1.0,1.8945832e-17
2019-06-27,2.8563976e-21,1.0,2.115726e-21
2019-06-28,9.684172e-22,1.0,4.3807786e-22
2019-07-01,1.4035658e-15,1.0,7.576064e-15
2019-07-02,1.3149353e-17,1.0,2.2381789e-18
2019-07-03,4.1981686e-19,1.0,3.3859062e-19
2019-07-05,3.830429e-09,1.0,2.453439e-09
2019-07-08,4.364051e-10,1.0,1.3809034e-09
2019-07-09,2.0425141e-05,0.9999763,3.395251e-06
2019-07-10,0.00033632587,0.999637,2.6708905e-05
2019-07-11,1.048683e-11,1.0,1.0084451e-11
2019-07-12,2.8697645e-05,0.98336846,0.016602818
2019-07-15,9.099675e-11,1.0,8.0055074e-11
2019-07-16,0.03595827,2.1969752e-06,0.9640395
2019-07-17,1.9609157e-09,1.0,1.6698163e-09
2019-07-18,0.00036986664,0.9996086,2.1558857e-05
2019-07-19,0.16997142,0.002794738,0.82723385
2019-07-22,0.48961735,0.0003415534,0.51004106
2019-07-23,0.04578382,0.015560877,0.9386554
2019-07-24,0.9400505,0.009002779,0.050946802
2019-07-25,1.8803166e-13,1.0,2.0242153e-13
2019-07-26,5.8059363e-06,0.9999938,4.0408443e-07
2019-07-29,2.0192505e-07,0.99999976,1.2669058e-08
2019-07-30,0.23954234,1.2120557e-05,0.7604455
2019-07-31,0.9047101,7.5028383e-06,0.095282346
2019-08-01,1.300518e-10,1.0,4.4393298e-11
2019-08-02,0.016206194,1.3825186e-12,0.9837938
2019-08-05,1.7022971e-15,1.0,2.1283598e-12
2019-08-06,0.0006902276,4.820996e-12,0.9993098
2019-08-07,2.1038887e-12,1.0,2.67722e-12
2019-08-08,1.0204865e-14,1.0,2.0120429e-14
2019-08-09,2.8156092e-06,0.9999968,3.861166e-07
2019-08-12,1.6434767e-09,1.0,1.0668474e-09
2019-08-13,8.996265e-06,0.9999894,1.7165252e-06
2019-08-14,0.003267662,0.9627977,0.03393465
2019-08-15,0.0002230069,0.00010675535,0.99967027
2019-08-16,0.0013085185,5.015751e-13,0.9986915
2019-08-19,7.495685e-05,0.35275006,0.647175
2019-08-20,1.771427e-10,0.99999416,5.887703e-06
2019-08-21,2.4080136e-05,0.9999614,1.4509852e-05
2019-08-22,1.3934402e-06,0.9999974,1.133702e-06
2019-08-23,1.0609874e-07,0.99998987,9.970201e-06
2019-08-26,1.7237265e-12,1.0,3.4240129e-09
2019-08-27,0.013389793,0.74424285,0.24236737
2019-08-28,1.4615942e-08,1.0,1.9346624e-08
2019-08-29,2.021909e-08,1.0,3.010987e-08
2019-08-30,1.2783021e-08,1.0,2.2744949e-08
2019-09-03,3.4546888e-12,1.0,6.1121963e-10
2019-09-04,0.033736352,0.06585245,0.9004112
2019-09-05,4.648109e-08,0.9999999,8.837166e-08
2019-09-06,1.0460784e-14,1.0,1.8978596e-10
2019-09-09,4.1338242e-07,0.9995041,0.0004955083
2019-09-10,0.0067438916,0.9922536,0.0010024823
2019-09-11,4.1889136e-05,0.9999393,1.87978e-05
2019-09-12,0.00015702701,0.9997497,9.313964e-05
2019-09-13,0.005350678,0.059332035,0.9353173
2019-09-16,0.014047378,0.1055646,0.880388
2019-09-17,0.00022558773,0.99964297,0.00013146362
2019-09-18,1.1011298e-06,0.99999666,2.256441e-06
2019-09-19,1.3086901e-07,0.99999964,2.9303467e-07
2019-09-20,0.00015718245,1.1273116e-08,0.99984276
2019-09-23,0.00046331366,0.12060216,0.8789345
2019-09-24,0.0024293722,4.2231295e-06,0.99756646
2019-09-25,0.22507331,0.02110333,0.75382334
2019-09-26,0.7938897,0.19121118,0.01489912
2019-09-27,0.9982116,0.00042534887,0.0013630792
2019-09-30,0.9983924,0.00031302657,0.0012945828
2019-10-01,0.08378816,0.00010245827,0.9161093
2019-10-02,0.0046138233,3.7268446e-06,0.99538237
2019-10-03,1.9188776e-06,0.99999475,3.3009123e-06
2019-10-04,0.04485924,0.024673406,0.93046737
2019-10-07,0.11317327,0.012993947,0.8738328
2019-10-08,0.0012373762,1.002879e-05,0.9987526
2019-10-09,0.9878743,0.0076854033,0.004440227
2019-10-10,0.8322639,0.15598677,0.011749338
2019-10-11,0.45795357,1.9486811e-11,0.5420464
2019-10-14,0.017288564,2.161911e-09,0.9827115
2019-10-15,0.9864759,4.3612667e-07,0.013523634
2019-10-16,0.9526977,0.022442266,0.024859939
2019-10-17,0.000113236456,0.99873954,0.001147211
2019-10-18,0.000422531,0.020872567,0.9787049
2019-10-21,5.351884e-08,0.99850637,0.001493652
2019-10-22,4.188727e-05,0.999828,0.00013011432
2019-10-23,0.94220895,1.157998e-07,0.057790957
2019-10-24,3.8451528e-08,0.99999654,3.4250252e-06
2019-10-25,0.1515688,0.8401116,0.008319545
2019-10-28,0.0006300089,0.0032894742,0.9960806
2019-10-29,0.14321248,0.85661334,0.00017418654
2019-10-30,0.038591176,3.134773e-07,0.96140844
2019-10-31,0.08910154,0.47939488,0.4315036
2019-11-01,6.501061e-11,0.99999976,1.9195615e-07
2019-11-04,0.0012349575,0.99779034,0.0009746871
2019-11-05,0.054659493,0.07632258,0.86901796
2019-11-06,0.028035378,0.065138824,0.9068258
2019-11-07,8.4853355e-08,0.99999964,2.6631363e-07
2019-11-08,1.6146683e-05,0.9999565,2.7413518e-05
2019-11-11,1.4991776e-06,0.9939142,0.006084207
2019-11-12,0.9746197,0.00027578522,0.025104519
2019-11-13,0.007871709,0.0073609743,0.98476726
2019-11-14,0.9966426,0.0010984621,0.002258912
2019-11-15,0.9731259,0.020220863,0.0066533047
2019-11-18,0.0002446842,3.144511e-06,0.9997522
2019-11-19,3.7171034e-08,0.99990714,9.2890026e-05
2019-11-20,0.0001669885,0.0146815125,0.98515147
2019-11-21,3.6455116e-08,0.9999999,1.5078787e-07
2019-11-22,0.17626588,0.81485146,0.008882691
2019-11-25,2.4754683e-05,0.9999342,4.0946907e-05
2019-11-26,0.025027294,0.5193743,0.45559844
2019-11-27,0.9121419,0.0004602348,0.08739778
2019-11-29,0.2032839,0.7872757,0.009440454
2019-12-02,0.8794365,0.111226864,0.009336649
2019-12-03,2.5185454e-06,0.9999461,5.140874e-05
2019-12-04,0.99947983,6.099971e-06,0.0005141234
2019-12-05,1.2332855e-05,6.7870176e-05,0.9999198
2019-12-06,3.3728258e-09,1.0,1.5444344e-08
2019-12-09,2.2352699e-10,1.0,4.0213357e-09
2019-12-10,1.26294235e-05,0.99951434,0.00047302022
2019-12-11,0.0020267642,5.2198548e-06,0.997968
2019-12-12,0.00053861004,0.39206237,0.607399
2019-12-13,4.7881265e-15,1.0,3.5782755e-12
2019-12-16,0.99045277,0.005317127,0.0042301733
2019-12-17,2.137062e-11,1.0,8.024249e-11
2019-12-18,1.4260469e-11,1.0,5.3378857e-11
2019-12-19,4.737882e-10,0.9999999,1.2524679e-07
2019-12-20,3.784208e-08,0.9997594,0.0002406601
2019-12-23,0.25377718,0.0020476754,0.74417514
2019-12-24,1.1456269e-15,1.0,3.9609052e-11
2019-12-26,5.696528e-10,0.9999976,2.3726202e-06
2019-12-27,0.00016504692,0.8342806,0.16555429
2019-12-30,1.8579254e-05,0.99997437,7.043092e-06
2019-12-31,0.9915258,0.00619301,0.002281079
2020-01-02,3.1224714e-10,1.0,5.250268e-08
2020-01-03,0.00020704896,0.99970645,8.653948e-05
2020-01-06,3.4701137e-13,1.0,5.754765e-12
2020-01-07,0.0018445911,0.99744153,0.0007139288
2020-01-08,4.5069382e-17,1.0,3.2724152e-14
2020-01-09,9.1917305e-14,1.0,3.534642e-10
2020-01-10,6.3590795e-12,1.0,2.2392458e-11
2020-01-13,0.9987766,0.00018622907,0.0010371592
2020-01-14,3.1907275e-09,1.0,7.1940507e-09
2020-01-15,1.5771084e-07,0.99999964,1.9008577e-07
2020-01-16,0.000101792095,0.9998524,4.5787925e-05
2020-01-17,2.0196813e-07,0.9999995,2.659801e-07
2020-01-21,9.033299e-06,0.9999205,7.046976e-05
2020-01-22,1.8184092e-10,1.0,4.7616048e-08
2020-01-23,3.5697272e-12,1.0,1.3050697e-11
2020-01-24,3.1927863e-12,1.0,1.2523138e-11
2020-01-27,4.4798054e-09,1.0,6.494599e-09
2020-01-28,4.489151e-08,0.9999988,1.1766368e-06
2020-01-29,0.99532986,4.421804e-06,0.00466576
2020-01-30,0.00082534016,0.9988575,0.00031716083
2020-01-31,0.00018406654,0.99973756,7.8446494e-05
2020-02-03,4.3623074e-12,1.0,1.377356e-11
2020-02-04,3.6240118e-09,1.0,1.730252e-08
2020-02-05,9.444937e-06,0.99972194,0.0002686296
2020-02-06,2.9306063e-10,1.0,3.0846357e-09
2020-02-07,1.343007e-10,1.0,1.8555346e-09
2020-02-10,0.0019484768,0.9972549,0.00079666753
2020-02-11,0.0007930761,0.013239269,0.9859677
2020-02-12,0.041435875,0.21657366,0.74199045
2020-02-13,0.0010298466,0.9988092,0.00016095284
2020-02-14,2.0849994e-10,1.0,4.364642e-10
2020-02-18,2.8238464e-10,1.0,4.270404e-10
2020-02-19,5.9719285e-10,1.0,9.851738e-10
2020-02-20,5.283638e-09,1.0,9.40406e-09
2020-02-21,0.01834274,7.016451e-05,0.9815871
2020-02-24,0.0338028,1.0488578e-06,0.9661962
2020-02-25,0.022352187,0.0067037283,0.97094405
2020-02-26,1.8140574e-06,0.9906611,0.009337158
2020-02-27,0.8882409,0.03723414,0.07452501
2020-02-28,2.6836453e-09,0.999998,2.0587972e-06
2020-03-02,9.629803e-10,1.0,2.0825492e-08
2020-03-03,1.3483508e-21,1.0,6.997081e-20
2020-03-04,9.692958e-24,1.0,1.4481327e-20
2020-03-05,2.0832622e-06,0.9999969,1.1239491e-06
2020-03-06,1.055482e-14,1.0,8.2685066e-14
2020-03-09,6.151219e-07,0.9999453,5.4130473e-05
2020-03-10,1.5903096e-14,1.0,1.8125657e-12
2020-03-11,0.052751996,0.6343733,0.3128747
2020-03-12,0.9907816,0.0039755367,0.005242781
2020-03-13,3.3355514e-14,1.0,5.7326357e-12
2020-03-16,2.1879457e-22,1.0,1.0432373e-21
2020-03-17,7.9512155e-25,1.0,2.548951e-27
2020-03-18,0.027486803,0.08250682,0.89000636
2020-03-19,0.37119368,0.61860365,0.010202702
2020-03-20,2.1486154e-23,1.0,3.2992456e-25
2020-03-23,5.6094374e-20,1.0,5.5208227e-22
2020-03-24,1.2122503e-07,0.9999999,1.0056157e-11
2020-03-25,7.907593e-07,0.00074591435,0.99925333
2020-03-26,7.093161e-19,1.0,2.9230996e-20
2020-03-27,2.6951736e-06,1.7716204e-08,0.99999726
2020-03-30,0.5172066,0.0018194484,0.48097387
2020-03-31,0.99941313,0.0002570785,0.00032974765
2020-04-01,0.99999964,3.3107803e-10,3.5060359e-07
2020-04-02,0.3850304,0.6148115,0.00015812364
2020-04-03,0.00084365177,1.4506883e-06,0.9991549
2020-04-06,3.468076e-13,1.0,3.6300766e-14
2020-04-07,0.00226494,0.99772376,1.12419275e-05
2020-04-08,0.9999982,1.4332987e-06,3.653819e-07
2020-04-09,0.8688069,0.1309673,0.00022573894
2020-04-13,0.0009936895,2.2239471e-30,0.99900633
2020-04-14,6.4101957e-10,1.0,7.611101e-11
2020-04-15,0.9889598,0.00051288283,0.0105274115
2020-04-16,0.9999914,4e-45,8.618174e-06
2020-04-17,0.023149412,2.7290075e-14,0.9768506
2020-04-20,0.0011133697,5.146641e-14,0.99888664
2020-04-21,0.31517595,0.68463254,0.00019143817
2020-04-22,0.9700577,2.5217108e-23,0.02994232
2020-04-23,0.9999999,2.4714129e-09,8.274558e-08
2020-04-24,2.6112787e-09,1.0,5.396444e-10
2020-04-27,7.7095963e-10,1.0,1.6442096e-10
2020-04-28,0.21382184,0.78593737,0.00024076596
2020-04-29,2.8959917e-06,3.691995e-18,0.99999714
2020-04-30,0.99353564,1.14222075e-26,0.0064643626
2020-05-01,1.7458127e-08,7.713665e-19,1.0
2020-05-04,0.7932299,6.895237e-20,0.20677015
2020-05-05,1.0,2.4785025e-21,2.2810116e-08
2020-05-06,0.9999703,2.5867826e-20,2.9656336e-05
2020-05-07,0.9999999,6.9253154e-09,1.5927709e-07
2020-05-08,6.770218e-07,4.3746378e-11,0.9999993
2020-05-11,3.0672785e-05,0.9999684,9.668013e-07
2020-05-12,0.44636467,3.3308766e-06,0.55363196
2020-05-13,0.062781185,9.350619e-16,0.93721884
2020-05-14,0.0009346513,0.9990482,1.7123331e-05
2020-05-15,0.58598757,5.1468436e-22,0.41401243
2020-05-18,0.035905216,0.9638048,0.00028999872
2020-05-19,0.9996111,4.363538e-35,0.00038898396
2020-05-20,0.003613686,3.6171314e-25,0.9963863
2020-05-21,1.0,1.05294e-40,3.1711203e-08
2020-05-22,0.99995625,3.6298773e-21,4.3744258e-05
2020-05-26,0.99996126,3.5782915e-32,3.8762588e-05
2020-05-27,1.0,3.1102135e-11,8.980608e-09
2020-05-28,0.0077408706,0.9915376,0.00072162243
2020-05-29,0.010734949,0.9891928,7.234031e-05
2020-06-01,3.824209e-05,1.742038e-11,0.99996173
2020-06-02,0.9978235,1.6852061e-08,0.0021765637
2020-06-03,1.0,1.1368203e-37,5.8046207e-10
2020-06-04,1.0,1.9408032e-21,4.2056514e-09
2020-06-05,0.90778714,1.2682445e-34,0.092212796
2020-06-08,0.9347455,1.502602e-35,0.06525447
2020-06-09,0.818038,0.0002674047,0.18169466
2020-06-10,0.9999999,5.1488547e-31,7.943932e-08
2020-06-11,0.9953431,0.00019111541,0.004465734
2020-06-12,0.9962249,4.187501e-15,0.0037751428
2020-06-15,5.3722016e-07,0.9999746,2.4767869e-05
2020-06-16,1.9400982e-06,0.999998,1.6186065e-07
2020-06-17,0.031887267,0.9679024,0.0002103655
2020-06-18,9.698945e-06,0.0017702066,0.99822
2020-06-19,1.295501e-08,1.0,2.8955647e-09
2020-06-22,0.00021373478,0.99978024,6.0921234e-06
2020-06-23,0.00016098944,8.900833e-15,0.99983895
2020-06-24,0.89495134,6.774616e-25,0.105048686
2020-06-25,0.00044778278,2.4871253e-11,0.9995522
2020-06-26,0.47329435,0.5264858,0.00021985319
2020-06-29,0.030773167,0.96912676,0.000100082114
2020-06-30,1.2928885e-08,0.9999993,6.669624e-07
2020-07-01,5.9850758e-05,0.99994016,3.6359387e-09
2020-07-02,0.014645394,7.705157e-09,0.98535454
2020-07-06,0.802836,4.4046747e-06,0.19715956
2020-07-07,0.00024702982,0.99966645,8.653578e-05
2020-07-08,4.3140068e-07,0.9999995,4.700907e-08
2020-07-09,3.0526935e-05,0.9999685,9.28456e-07
2020-07-10,0.9999833,4.071523e-11,1.6687603e-05
2020-07-13,0.055375174,5.6806675e-09,0.9446249
2020-07-14,1.3622396e-07,0.99999917,7.708815e-07
2020-07-15,6.1610775e-13,1.0,1.1498889e-08
2020-07-16,0.48020574,0.029058754,0.4907355
2020-07-17,0.026014987,0.9734759,0.0005091303
2020-07-20,0.002042425,1.4408685e-05,0.9979431
2020-07-21,2.0069816e-05,0.99997914,8.64913e-07
2020-07-22,5.3856628e-08,1.0,9.874054e-09
2020-07-23,0.023726389,0.9762561,1.760625e-05
2020-07-24,0.6235867,0.3506234,0.025789913
2020-07-27,0.15854125,6.113713e-05,0.84139764
2020-07-28,0.0018490917,0.99813026,2.0712618e-05
2020-07-29,0.0007050716,0.99780375,0.0014911413
2020-07-30,0.045940556,0.18531524,0.76874423
2020-07-31,0.626348,6.0315997e-05,0.3735916
2020-08-03,0.00020629587,0.9618247,0.037969075
2020-08-04,0.0014197892,0.9985623,1.7916691e-05
2020-08-05,2.0633155e-05,0.99992,5.9343663e-05
2020-08-06,6.663938e-05,0.9999312,2.0926848e-06
2020-08-07,3.4024542e-06,0.99999654,1.0961062e-09
2020-08-10,0.010908142,0.114365816,0.87472606
2020-08-11,0.0029569902,0.9969998,4.311008e-05
2020-08-12,2.1275255e-08,0.9999893,1.0780948e-05
2020-08-13,0.0002669577,0.9981773,0.0015558333
2020-08-14,0.00016397047,6.458984e-09,0.99983597
2020-08-17,0.8947322,7.921961e-12,0.105267785
2020-08-18,0.003113157,0.99624735,0.0006395253
2020-08-19,2.9138825e-08,1.0,6.358907e-09
2020-08-20,0.008669601,0.00044438586,0.990886
2020-08-21,0.0024560497,0.9975197,2.4207107e-05
2020-08-24,0.007459704,0.6347915,0.3577489
2020-08-25,0.0064308755,0.99352854,4.06245e-05
2020-08-26,5.4937074e-05,0.011213454,0.9887317
2020-08-27,1.003998e-06,0.99999905,8.0113125e-09
2020-08-28,0.6787791,3.960569e-06,0.32121682
2020-08-31,8.697653e-08,0.9999999,6.8043304e-10
2020-09-01,0.016011765,0.97893035,0.005057912
2020-09-02,0.00010755118,0.9998579,3.462013e-05
2020-09-03,0.0026944762,0.9972963,9.248351e-06
2020-09-04,1.4448508e-06,0.99999857,2.0716504e-09
2020-09-08,1.032062e-08,1.0,5.9228333e-10
2020-09-09,3.3905745e-10,1.0,5.333713e-11
2020-09-10,6.8615026e-07,0.9977062,0.002293092
2020-09-11,0.00012299883,0.99987626,6.875915e-07
2020-09-14,1.1484967e-16,1.0,2.6597607e-17
2020-09-15,6.4466693e-10,0.17546721,0.8245328
2020-09-16,2.2132211e-11,1.0,3.2637185e-11
2020-09-17,4.751516e-11,0.9870662,0.012933736
2020-09-18,0.84328467,0.1492841,0.0074311667
2020-09-21,0.9964489,0.0033285087,0.00022260223
2020-09-22,0.13172281,0.8624089,0.0058683124
2020-09-23,2.397258e-05,0.9999604,1.5556634e-05
2020-09-24,0.046875756,0.9387207,0.0144035
2020-09-25,7.3670683e-09,0.99998844,1.1552655e-05
2020-09-28,0.00013698074,0.019894069,0.97996897
2020-09-29,7.714065e-37,1.0,6.9736105e-26
2020-09-30,0.0004729568,0.99943656,9.0466005e-05
2020-10-01,6.0210983e-09,0.9692143,0.030785717
2020-10-02,0.008799965,0.9905939,0.0006061428
2020-10-05,2.8442519e-06,0.00018803304,0.9998091
2020-10-06,0.9993901,2.4436207e-07,0.0006095754
2020-10-07,0.016733576,0.6207814,0.36248505
2020-10-08,0.9978472,1.0385207e-09,0.0021528464
2020-10-09,0.0030496833,0.00018478802,0.9967655
2020-10-12,0.0010980618,4.7588713e-08,0.99890184
2020-10-13,1.2438874e-06,0.99747974,0.0025191365
2020-10-14,1.7000211e-28,1.0,5.0288045e-20
2020-10-15,0.78040457,5.2176497e-06,0.21959023
2020-10-16,0.99999225,1.9142873e-11,7.771168e-06
2020-10-19,0.99948007,1.0441347e-08,0.00051990245
2020-10-20,0.9953446,2.0274742e-06,0.0046534264
2020-10-21,0.054041017,2.9300409e-09,0.945959
2020-10-22,0.15092377,4.89572e-09,0.8490762
2020-10-23,0.9715656,0.0058776834,0.02255664
2020-10-26,0.025795378,0.00015598834,0.9740486
2020-10-27,0.9979539,6.9700826e-07,0.0020453895
2020-10-28,2.2500914e-14,1.0,4.3340272e-08
2020-10-29,0.020433417,0.7222172,0.25734937
2020-10-30,0.95505196,0.0026788374,0.042269215
2020-11-02,0.51486146,0.00010146275,0.48503706
2020-11-03,0.9998192,5.5873675e-09,0.00018078988
2020-11-04,0.5840103,0.35057446,0.06541519
2020-11-05,2.8087537e-05,1.5233991e-06,0.99997044
2020-11-06,0.41393575,0.4959915,0.09007271
2020-11-09,3.563558e-05,3.5991963e-08,0.99996436
2020-11-10,0.9999914,3.726027e-12,8.567228e-06
2020-11-11,0.0014849437,1.660175e-12,0.99851507
2020-11-12,2.0183872e-08,5.82179e-06,0.99999416
2020-11-13,0.93897736,0.00022093984,0.060801633
2020-11-16,0.42842352,0.4001436,0.17143291
2020-11-17,0.5948255,0.23876241,0.16641198
2020-11-18,0.029250547,7.785526e-11,0.97074944
2020-11-19,0.0069877985,1.1773256e-07,0.99301213
2020-11-20,0.0022812472,1.6704552e-06,0.99771714
2020-11-23,0.00017788332,1.1475067e-12,0.9998222
2020-11-24,4.635953e-09,1.3859975e-06,0.99999857
2020-11-25,0.85049,3.6181647e-09,0.14951004
2020-11-27,0.01625906,1.5444969e-06,0.9837393
2020-11-30,0.9816319,3.6977315e-06,0.018364388
2020-12-01,0.000200826,9.83992e-10,0.9997992
2020-12-02,0.0023962655,7.458894e-08,0.9976037
2020-12-03,0.5237549,0.30781263,0.16843244
2020-12-04,0.9682102,0.00014584347,0.031643942
2020-12-07,0.98590034,4.341278e-07,0.014099224
2020-12-08,3.7203994e-12,0.9917355,0.008264462
2020-12-09,0.059152283,0.94003516,0.000812511
2020-12-10,0.91851044,3.817743e-08,0.08148953
2020-12-11,0.99985814,0.00013769069,4.20385e-06
2020-12-14,1.1468941e-05,0.99998367,4.878569e-06
2020-12-15,0.017129062,0.890562,0.092308916
2020-12-16,1.2897421e-07,0.99999976,1.7732788e-07
2020-12-17,0.31352162,0.65977913,0.0266992
2020-12-18,0.9955491,9.3708976e-14,0.00445098
2020-12-21,0.00142181,7.919279e-06,0.9985702
2020-12-22,0.0011156742,1.1534326e-10,0.9988844
2020-12-23,5.8557124e-08,1.0,5.906842e-08
2020-12-24,0.0048226244,0.9949709,0.00020636672
2020-12-28,2.9555103e-08,1.0,3.5976704e-08
2020-12-29,0.00094457716,0.99900913,4.6221092e-05
2020-12-30,0.00017315686,0.9997038,0.00012299193
2020-12-31,0.9998981,7.7904515e-05,2.3957053e-05
2021-01-04,0.00092922244,1.417709e-11,0.99907076
2021-01-05,0.9999691,1.8682229e-16,3.0885734e-05
2021-01-06,0.000465367,0.000287321,0.9992473
2021-01-07,0.0012176266,0.9987362,4.619075e-05
2021-01-08,0.002084976,0.08199373,0.9159213
2021-01-11,3.5939286e-06,0.99999404,2.4083322e-06
2021-01-12,0.2089582,0.64349353,0.14754827
2021-01-13,0.0006938475,0.99928963,1.639746e-05
2021-01-14,0.028372316,1.87898e-07,0.9716275
2021-01-15,0.11270272,0.00071394484,0.8865834
2021-01-19,3.5597e-05,1.5185113e-05,0.9999492
2021-01-20,0.58251,0.41698718,0.00050275173
2021-01-21,0.4425615,1.23172795e-05,0.55742615
2021-01-22,0.8563001,0.00020041359,0.1434995
2021-01-25,3.0949865e-05,0.9999672,1.7698785e-06
2021-01-26,0.019601176,0.78821635,0.19218253
2021-01-27,0.5940917,0.050089765,0.3558185
2021-01-28,1.0,1.6299587e-25,6.682135e-10
2021-01-29,0.99999964,9.5868113e-20,3.2867723e-07
2021-02-01,0.9999999,9.9629176e-15,1.496835e-07
2021-02-02,0.9999747,1.2121044e-14,2.5301408e-05
2021-02-03,0.99989736,1.237307e-14,0.00010267533
2021-02-04,0.9999999,3.158485e-16,7.555686e-08
2021-02-05,0.9995382,6.2451794e-11,0.00046182438
2021-02-08,0.99999905,2.5635437e-14,9.626732e-07
2021-02-09,1.0,1.2919844e-16,4.6568683e-08
2021-02-10,1.0,3.209495e-25,5.84917e-12
2021-02-11,0.9999999,1.5701428e-14,1.7375865e-07
2021-02-12,0.0049610944,0.00030312606,0.9947358
2021-02-16,0.9999949,4.112809e-09,5.1632674e-06
2021-02-17,0.727176,2.8452198e-06,0.27282113
2021-02-18,0.9999994,5.174637e-12,6.4470845e-07
2021-02-19,0.99681723,4.0728546e-11,0.0031826876
2021-02-22,0.9982901,2.686059e-07,0.0017096183
2021-02-23,0.99999714,8.283496e-10,2.8091624e-06
2021-02-24,0.99999666,9.771516e-10,3.3077379e-06
2021-02-25,0.99999964,3.0677422e-13,3.632211e-07
2021-02-26,0.99348587,1.4717715e-10,0.0065141963
2021-03-01,0.99999607,2.339969e-11,3.9853317e-06
2021-03-02,0.7008981,8.164783e-06,0.2990937
2021-03-03,0.9825446,1.2657939e-08,0.0174554
2021-03-04,0.9157739,3.5328774e-06,0.08422264
2021-03-05,0.9965049,1.5339973e-06,0.003493572
2021-03-08,0.97037536,3.102064e-11,0.02962461
2021-03-09,0.9999964,1.0204473e-15,3.6226982e-06
2021-03-10,0.99912244,1.0952466e-12,0.0008776054
2021-03-11,0.99999833,5.40192e-15,1.6718158e-06
2021-03-12,0.99937516,1.9845649e-13,0.00062483404
2021-03-15,0.99999905,1.1154051e-15,1.0100339e-06
2021-03-16,0.9965617,6.7144026e-16,0.0034382392
2021-03-17,0.9999999,1.726308e-17,1.4607588e-07
2021-03-18,0.9994375,7.307273e-16,0.000562412
2021-03-19,0.99999714,5.868457e-18,2.914105e-06
2021-03-22,0.99999964,2.1874235e-18,3.3951895e-07
2021-03-23,0.97566164,9.66794e-12,0.024338318
2021-03-24,0.16701517,1.073399e-06,0.8329838
2021-03-25,0.9999895,1.5678834e-16,1.0529343e-05
2021-03-26,0.93647105,3.1986908e-15,0.063528985
2021-03-29,0.99999976,4.0436926e-17,2.098515e-07
2021-03-30,0.999987,1.3454469e-12,1.2957296e-05
2021-03-31,1.0,1.051385e-18,4.6106138e-10
2021-04-01,0.99974316,1.702498e-13,0.00025683522
2021-04-05,6.66817e-07,5.876956e-07,0.9999987
2021-04-06,0.99971944,8.200099e-16,0.00028058095
2021-04-07,0.48195234,3.1664837e-09,0.51804775
2021-04-08,1.0,2.9341021e-21,1.0680695e-08
2021-04-09,0.9999851,4.668731e-13,1.48750205e-05
2021-04-12,0.99516654,5.5611266e-15,0.0048334287
2021-04-13,0.9999684,3.726766e-12,3.162098e-05
2021-04-14,0.99940264,1.2864632e-16,0.0005973174
2021-04-15,1.0,1.8026445e-18,1.3214205e-08
2021-04-16,0.9999738,1.1044614e-12,2.6194686e-05
2021-04-19,0.9999994,1.3263886e-20,5.667151e-07
2021-04-20,1.0,4.2546934e-19,6.5595973e-09
2021-04-21,0.99974674,7.145577e-16,0.00025323385
2021-04-22,1.0,7.4887626e-25,1.3896537e-10
2021-04-23,0.9946403,8.078183e-12,0.005359729
2021-04-26,0.08960486,1.3006326e-08,0.9103951
2021-04-27,0.9999294,1.6402464e-11,7.062412e-05
2021-04-28,0.99997616,3.3980243e-13,2.3865336e-05
2021-04-29,0.9999715,2.2443222e-18,2.8510762e-05
2021-04-30,1.0,1.0604401e-25,1.361316e-09
2021-05-03,0.9999999,4.8733077e-18,1.07166755e-07
2021-05-04,0.99999976,1.3264316e-17,1.86565e-07
2021-05-05,0.99999976,1.1427011e-17,2.1431907e-07
2021-05-06,1.0,5.158408e-24,3.155102e-08
2021-05-07,1.0,3.7407557e-20,3.9267828e-08
2021-05-10,0.99999905,8.347474e-22,9.779571e-07
2021-05-11,0.047172803,6.654459e-08,0.9528271
2021-05-12,0.9824216,5.6799023e-12,0.017578373
2021-05-13,0.9999999,9.403231e-17,8.558285e-08
2021-05-14,0.9999826,4.8721973e-12,1.7442839e-05
2021-05-17,0.99287206,1.2762337e-10,0.0071279453
2021-05-18,0.99362504,6.1714335e-11,0.006374908
2021-05-19,0.9757185,2.8947346e-08,0.024281507
2021-05-20,0.99957484,4.949463e-12,0.00042517897
2021-05-21,0.26388034,4.222118e-09,0.7361197
2021-05-24,0.99838626,7.322531e-11,0.001613751
2021-05-25,0.97495997,3.250915e-09,0.025040062
2021-05-26,0.77959764,5.822525e-08,0.22040223
2021-05-27,4.434412e-07,0.9694344,0.030565169
2021-05-28,0.9994122,3.078881e-08,0.0005878514
2021-06-01,0.99681646,1.7333602e-09,0.0031835153
2021-06-02,0.094020456,3.0457012e-10,0.9059796
2021-06-03,0.018522596,7.7474546e-08,0.9814773
2021-06-04,0.9998361,2.6594739e-08,0.00016384231
2021-06-07,0.99803835,1.1391966e-06,0.0019604373
2021-06-08,0.78742105,2.8746008e-05,0.21255025
2021-06-09,0.0008854788,7.465739e-05,0.9990398
2021-06-10,0.9999993,5.050215e-13,7.3742837e-07
2021-06-11,0.99819034,3.1475895e-09,0.0018096752
2021-06-14,0.9962851,1.0087755e-07,0.00371475
2021-06-15,0.5821579,3.5393148e-06,0.41783854
2021-06-16,0.75740075,7.4004025e-09,0.24259923
2021-06-17,0.9992353,2.5065773e-08,0.00076470437
2021-06-18,0.99959713,1.6981603e-09,0.00040291058
2021-06-21,0.0434699,9.7399985e-05,0.9564327
2021-06-22,0.9987093,7.565812e-07,0.0012899765
2021-06-23,0.06083997,0.00010155744,0.93905854
2021-06-24,0.9982199,5.765034e-07,0.0017795167
2021-06-25,0.9999691,9.0555774e-10,3.092063e-05
2021-06-28,0.99848974,4.03252e-07,0.0015098773
2021-06-29,0.998486,5.911901e-11,0.0015140582
2021-06-30,0.6110975,3.6221536e-08,0.38890243
2021-07-01,0.99995947,5.7175065e-13,4.051576e-05
2021-07-02,0.99995816,2.7991046e-10,4.183962e-05
2021-07-06,0.9985568,1.3604763e-10,0.0014432397
2021-07-07,0.9770722,6.6252076e-10,0.02292784
2021-07-08,0.0007294541,0.0035252708,0.99574524
2021-07-09,0.9999999,5.0028666e-13,7.207087e-08
2021-07-12,0.9999939,3.6045115e-11,6.0433713e-06
2021-07-13,0.99915564,5.8349986e-08,0.0008443229
2021-07-14,0.99995077,9.508714e-12,4.920641e-05
2021-07-15,0.99999094,1.35715415e-11,9.004459e-06
2021-07-16,0.83072907,2.1802709e-08,0.16927093
2021-07-19,0.999972,6.793115e-11,2.80122e-05
2021-07-20,0.03274512,0.00019296585,0.9670619
2021-07-21,0.93101305,9.071625e-09,0.06898698
2021-07-22,0.0055186613,9.404749e-06,0.9944719
2021-07-23,0.998955,3.42859e-07,0.0010445531
2021-07-26,0.99997234,1.4951402e-09,2.7616741e-05
2021-07-27,0.99756587,4.982328e-06,0.0024291289
2021-07-28,0.00022442407,0.69864774,0.30112785
2021-07-29,0.00023768445,0.99923706,0.00052530173
2021-07-30,0.003561496,0.00014941671,0.99628913
2021-08-02,0.8714453,0.013283398,0.11527136
2021-08-03,0.37589422,0.6128563,0.011249466
2021-08-04,0.008370614,0.6310049,0.36062446
2021-08-05,0.0010583209,0.9757947,0.023147032
2021-08-06,1.6991371e-05,0.008419297,0.9915637
2021-08-09,0.7952201,0.0012562233,0.20352362
2021-08-10,0.0005004722,0.9992887,0.00021090396
2021-08-11,0.0146168955,0.98123324,0.004149851
2021-08-12,0.38227677,0.60714203,0.010581254
2021-08-13,0.00010719117,0.91921073,0.08068205
2021-08-16,0.00039835862,0.9992531,0.00034851453
2021-08-17,0.0008595187,0.96906817,0.030072281
2021-08-18,0.00565739,4.9929886e-06,0.9943376
2021-08-19,0.6993745,0.08540658,0.215219
2021-08-20,0.01851022,0.0004235048,0.9810662
2021-08-23,0.00016849587,0.9996904,0.00014111183
2021-08-24,0.0047392324,0.09824526,0.89701545
2021-08-25,0.0014647127,0.99769396,0.00084133836
2021-08-26,0.04682546,0.94761455,0.0055600223
2021-08-27,4.8399965e-11,1.0,2.5713682e-09
2021-08-30,0.38903347,5.1835283e-11,0.61096656
2021-08-31,0.94343406,0.0033953649,0.053170547
2021-09-01,0.009451371,0.98041177,0.010136801
2021-09-02,5.8407218e-06,0.99999154,2.5966485e-06
2021-09-03,0.6905487,0.0049104113,0.3045408
2021-09-07,0.74560475,0.11093256,0.14346269
2021-09-08,0.70031714,1.4578429e-06,0.29968143
2021-09-09,0.5388199,0.076905325,0.38427478
2021-09-10,0.5363872,0.45068768,0.01292502
2021-09-13,9.503717e-07,0.99999857,4.9689817e-07
2021-09-14,0.47979432,0.503035,0.017170671
2021-09-15,1.8684558e-08,1.0,5.2163006e-08
2021-09-16,0.28026235,1.6246469e-08,0.7197376
2021-09-17,0.90356255,0.036595043,0.0598424
2021-09-20,0.7919868,0.20686033,0.0011528577
2021-09-21,0.052575648,0.9471007,0.00032363806
2021-09-22,0.99725324,0.0013969799,0.0013497873
2021-09-23,0.016385112,0.5400428,0.44357207
2021-09-24,0.32083744,0.64590394,0.03325856
2021-09-27,0.0030320273,0.99595803,0.0010098505
2021-09-28,0.14035752,0.8541451,0.00549742
2021-09-29,0.62097675,0.35803375,0.02098943
2021-09-30,0.0056672557,0.020264655,0.97406805
