date,2021_11_24__19_46_10_daily_lr_1e-05_epoch_30000_metric_sharpe
2015-04-02,1.0023925407058543
2015-04-06,0.9998599898064343
2015-04-07,1.0021579228325166
2015-04-08,1.0040410676464324
2015-04-09,1.0061790478925698
2015-04-10,1.0030553345818392
2015-04-13,1.0065558827540297
2015-04-14,1.0049444228113737
2015-04-15,1.0085759978710274
2015-04-16,1.0111836092059918
2015-04-17,1.008169592700731
2015-04-20,1.0072644639778237
2015-04-21,1.0093783773873604
2015-04-22,1.0067218605161905
2015-04-23,1.003065715846362
2015-04-24,1.0066278741345256
2015-04-27,1.0118065956046212
2015-04-28,1.0108721617838305
2015-04-29,1.0058587385329965
2015-04-30,0.9976656414386867
2015-05-01,0.9929180306362764
2015-05-04,0.9918259514346667
2015-05-05,0.9887347101497621
2015-05-06,0.9815161750023822
2015-05-07,0.9708887847989126
2015-05-08,0.9792741264341793
2015-05-11,0.9879720523395087
2015-05-12,0.9750698598584517
2015-05-13,0.9741995603720983
2015-05-14,0.9717284903363679
2015-05-15,0.9796353754593776
2015-05-18,0.9869408483644627
2015-05-19,0.9822910479105238
2015-05-20,0.978177548576741
2015-05-21,0.9786280669423582
2015-05-22,0.985823333015813
2015-05-26,0.9848803912330233
2015-05-27,0.9843988121203101
2015-05-28,0.9922995326439358
2015-05-29,0.9905206125174104
2015-06-01,0.9873702430861552
2015-06-02,0.9843773853623059
2015-06-03,0.978399051866647
2015-06-04,0.9741936107285614
2015-06-05,0.974423482317924
2015-06-08,0.9688094280689057
2015-06-09,0.9639737633407152
2015-06-10,0.9607938239439164
2015-06-11,0.965475069531107
2015-06-12,0.9742158466248693
2015-06-15,0.9695470854169953
2015-06-16,0.9670786616108921
2015-06-17,0.9734303945226425
2015-06-18,0.9714029706639205
2015-06-19,0.9754444598473611
2015-06-22,0.974106394060788
2015-06-23,0.9701837719118923
2015-06-24,0.9686750618682908
2015-06-25,0.9679032849630367
2015-06-26,0.9649120898583803
2015-06-29,0.9597847130391107
2015-06-30,0.9548378269384757
2015-07-01,0.9539264475721743
2015-07-02,0.9541443424280512
2015-07-06,0.9550973468667495
2015-07-07,0.9582322431830035
2015-07-08,0.9642113846812513
2015-07-09,0.9563018209953698
2015-07-10,0.9502003141335001
2015-07-13,0.9542607176068847
2015-07-14,0.9614425231951934
2015-07-15,0.9651651333310256
2015-07-16,0.968305502599332
2015-07-17,0.9768014725780885
2015-07-20,0.9825302207253999
2015-07-21,0.9827792517589783
2015-07-22,0.9812821380033752
2015-07-23,0.9784305002748432
2015-07-24,0.979295350583113
2015-07-27,0.9741660795731936
2015-07-28,0.9715653321660576
2015-07-29,0.9778000265844619
2015-07-30,0.9818397139352987
2015-07-31,0.9843388242191757
2015-08-03,0.9848390026636872
2015-08-04,0.9841358513114847
2015-08-05,0.9795131128118099
2015-08-06,0.9816579095377476
2015-08-07,0.9778579883038622
2015-08-10,0.9805317926977573
2015-08-11,0.9871814436476979
2015-08-12,0.9831567430343748
2015-08-13,0.9834894426820574
2015-08-14,0.9812703878792529
2015-08-17,0.9848175167167509
2015-08-18,0.9900742513031696
2015-08-19,0.985383837472435
2015-08-20,0.9824390216812553
2015-08-21,0.9690017565973875
2015-08-24,0.9467684800088645
2015-08-25,0.9242831039012694
2015-08-26,0.9125502606682757
2015-08-27,0.9229402231046981
2015-08-28,0.9280113104016304
2015-08-31,0.9304648136449111
2015-09-01,0.9231500779108867
2015-09-02,0.9220030588961882
2015-09-03,0.9216287473509869
2015-09-04,0.9251266134798845
2015-09-08,0.9272458343293896
2015-09-09,0.9224274286356074
2015-09-10,0.9222708180913773
2015-09-11,0.9193296708495349
2015-09-14,0.9247655363521037
2015-09-15,0.9251833144926732
2015-09-16,0.9165797692709741
2015-09-17,0.9159775210012072
2015-09-18,0.9142884042528362
2015-09-21,0.8984524694457939
2015-09-22,0.8894378668511771
2015-09-23,0.8952391560333592
2015-09-24,0.8942131985613772
2015-09-25,0.8959340567134032
2015-09-28,0.8903345208726452
2015-09-29,0.8713937030813702
2015-09-30,0.8721542639517423
2015-10-01,0.8741856485751476
2015-10-02,0.8759497756512311
2015-10-05,0.883587655455431
2015-10-06,0.8821172523303661
2015-10-07,0.8823670836671135
2015-10-08,0.8895332775935615
2015-10-09,0.8953445433709261
2015-10-12,0.8976009513993408
2015-10-13,0.9026444058954357
2015-10-14,0.9021651236546191
2015-10-15,0.9061263680325178
2015-10-16,0.9073172445855996
2015-10-19,0.9083670790860073
2015-10-20,0.9070980492810954
2015-10-21,0.902731718160323
2015-10-22,0.9062852667265129
2015-10-23,0.9131474847451556
2015-10-26,0.9142012981875469
2015-10-27,0.9174739894722624
2015-10-28,0.9179713610381857
2015-10-29,0.9208131681830409
2015-10-30,0.9111032054504791
2015-11-02,0.9131296227567826
2015-11-03,0.9125168673062908
2015-11-04,0.9087766489645565
2015-11-05,0.9091741758699666
2015-11-06,0.9069527283532978
2015-11-09,0.8984791454567275
2015-11-10,0.8921512566886758
2015-11-11,0.8929904629541789
2015-11-12,0.8911249361797644
2015-11-13,0.8909685777781301
2015-11-16,0.8903460703510939
2015-11-17,0.894370843371394
2015-11-18,0.8952786282710414
2015-11-19,0.9010981084122112
2015-11-20,0.9053998797685378
2015-11-23,0.9051663090351147
2015-11-24,0.9058379743625614
2015-11-25,0.9060493660068306
2015-11-27,0.9068481691438338
2015-11-30,0.9067498601175831
2015-12-01,0.9086748872669226
2015-12-02,0.9183458079790541
2015-12-03,0.915808920663607
2015-12-04,0.8951255234166348
2015-12-07,0.9069450386710212
2015-12-08,0.9112768060403421
2015-12-09,0.9102092415686308
2015-12-10,0.9062411095746677
2015-12-11,0.9078399232639784
2015-12-14,0.9120347978098267
2015-12-15,0.90645647095466
2015-12-16,0.9053008463367083
2015-12-17,0.9083101977699108
2015-12-18,0.9097079497994328
2015-12-21,0.9049602549870234
2015-12-22,0.9077982161900394
2015-12-23,0.9066588162902562
2015-12-24,0.9061006719128513
2015-12-28,0.9076756444042627
2015-12-29,0.9088174972533063
2015-12-30,0.9043287223340446
2015-12-31,0.9010590641861496
2016-01-04,0.8998100932360713
2016-01-05,0.899262257664195
2016-01-06,0.8971462003522531
2016-01-07,0.9000998684478971
2016-01-08,0.8914839890164599
2016-01-11,0.8903916185718137
2016-01-12,0.8857158807575348
2016-01-13,0.8968072369653518
2016-01-14,0.8920860192255085
2016-01-15,0.8945098610004661
2016-01-19,0.8913332883340657
2016-01-20,0.8903763855455319
2016-01-21,0.8906346371798869
2016-01-22,0.8895364489152072
2016-01-25,0.8977906460512609
2016-01-26,0.8936376805015632
2016-01-27,0.8994589203762873
2016-01-28,0.8928194018373095
2016-01-29,0.8976025892959396
2016-02-01,0.9134800225290112
2016-02-02,0.9119270187954195
2016-02-03,0.9102292508447506
2016-02-04,0.9089212384453305
2016-02-05,0.9114640212530624
2016-02-08,0.9009629042062561
2016-02-09,0.9020078347603985
2016-02-10,0.9015400956749218
2016-02-11,0.904949355475498
2016-02-12,0.90285717429186
2016-02-16,0.9058355232814639
2016-02-17,0.9097629044334813
2016-02-18,0.9175828565340676
2016-02-19,0.9194857297446334
2016-02-22,0.9197443424202004
2016-02-23,0.9277109401082699
2016-02-24,0.9216547181861655
2016-02-25,0.9238323151290737
2016-02-26,0.9317855964823399
2016-02-29,0.9274957876481047
2016-03-01,0.9236346351237403
2016-03-02,0.9329280969619841
2016-03-03,0.9367542145483131
2016-03-04,0.9396994940461384
2016-03-07,0.9400174185359235
2016-03-08,0.9395065093547371
2016-03-09,0.9362319847618841
2016-03-10,0.9383618443657212
2016-03-11,0.9373979383776937
2016-03-14,0.94421125338922
2016-03-15,0.9445806524233183
2016-03-16,0.944713918621769
2016-03-17,0.9500326252584107
2016-03-18,0.9549457363386442
2016-03-21,0.9544388064609306
2016-03-22,0.9532094837539629
2016-03-23,0.9529028631328937
2016-03-24,0.9523188271582899
2016-03-28,0.952647181402958
2016-03-29,0.9529219193002483
2016-03-30,0.9630905028444414
2016-03-31,0.9624621831565027
2016-04-01,0.9634943538965093
2016-04-04,0.9680179195327521
2016-04-05,0.9660728725720887
2016-04-06,0.9641108098057484
2016-04-07,0.9678490870860433
2016-04-08,0.9647181735467294
2016-04-11,0.9640221191190826
2016-04-12,0.9620558714346918
2016-04-13,0.9654170288608119
2016-04-14,0.9729453895782452
2016-04-15,0.9713355237261492
2016-04-18,0.9732893246348296
2016-04-19,0.9759901551173358
2016-04-20,0.9755719866325281
2016-04-21,0.972788186144961
2016-04-22,0.9676312681673295
2016-04-25,0.9644390356957743
2016-04-26,0.9622118674410621
2016-04-27,0.9606318543406226
2016-04-28,0.9646081898614186
2016-04-29,0.9599185749571494
2016-05-02,0.9571905584771094
2016-05-03,0.9575562048375469
2016-05-04,0.9569642610825607
2016-05-05,0.955895216327513
2016-05-06,0.9583555906931656
2016-05-09,0.9597930307456871
2016-05-10,0.9613258041158154
2016-05-11,0.9690553338449995
2016-05-12,0.9659862736150794
2016-05-13,0.9640742916420947
2016-05-16,0.9632916344173426
2016-05-17,0.9669373642600397
2016-05-18,0.9620976720665545
2016-05-19,0.9573974208078727
2016-05-20,0.9567229289447587
2016-05-23,0.9616017022740274
2016-05-24,0.9615555972472504
2016-05-25,0.9682083159882376
2016-05-26,0.9707470806409725
2016-05-27,0.9732241456187667
2016-05-31,0.9753776938069207
2016-06-01,0.9756433486983029
2016-06-02,0.9769704340144566
2016-06-03,0.9809099447816486
2016-06-06,0.9845430130160688
2016-06-07,0.984216259324754
2016-06-08,0.9865165935682869
2016-06-09,0.9903708490917089
2016-06-10,0.9923818317804676
2016-06-13,0.9892937689035279
2016-06-14,0.9858294354493444
2016-06-15,0.9850698389373143
2016-06-16,0.9856690856788503
2016-06-17,0.9892814608478757
2016-06-20,0.9812225946956149
2016-06-21,0.9794618369402648
2016-06-22,0.9794980952668297
2016-06-23,0.9791324245920175
2016-06-24,0.980808122952602
2016-06-27,0.9738650072692215
2016-06-28,0.9691761683652184
2016-06-29,0.9819042689231366
2016-06-30,0.9898900584628985
2016-07-01,0.9991209836082492
2016-07-05,1.0044499643781357
2016-07-06,1.0037290923287936
2016-07-07,1.0087816952493716
2016-07-08,1.0085529812667087
2016-07-11,1.0213211943343952
2016-07-12,1.0213819007561649
2016-07-13,1.0223513042470302
2016-07-14,1.026137163017523
2016-07-15,1.0257203918370201
2016-07-18,1.0216138126904215
2016-07-19,1.0249766251999457
2016-07-20,1.02587778137127
2016-07-21,1.0312317015677448
2016-07-22,1.0288684842739781
2016-07-25,1.0332318648392975
2016-07-26,1.0317983825524502
2016-07-27,1.0334702554236783
2016-07-28,1.0418990024182648
2016-07-29,1.0417307534927167
2016-08-01,1.0472683838378622
2016-08-02,1.042819014049223
2016-08-03,1.033693237306516
2016-08-04,1.035718172605389
2016-08-05,1.041785051901975
2016-08-08,1.0415181083662028
2016-08-09,1.0423366752015029
2016-08-10,1.0478800429227917
2016-08-11,1.048103466052505
2016-08-12,1.0447161582651632
2016-08-15,1.0496078703968554
2016-08-16,1.0461327959780236
2016-08-17,1.04140363015683
2016-08-18,1.044717737310932
2016-08-19,1.0460244075571072
2016-08-22,1.0423247789984977
2016-08-23,1.0481777619309844
2016-08-24,1.050061564445373
2016-08-25,1.046416679421015
2016-08-26,1.044420792322837
2016-08-29,1.0400035385924862
2016-08-30,1.051414288727811
2016-08-31,1.0476276844161576
2016-09-01,1.0480528730865142
2016-09-02,1.048476063292509
2016-09-06,1.0435876846950687
2016-09-07,1.0504681152472575
2016-09-08,1.0503647241315301
2016-09-09,1.0386568602207824
2016-09-12,1.0198554534001216
2016-09-13,1.0255716623176485
2016-09-14,1.0145404478307267
2016-09-15,1.016643343984826
2016-09-16,1.0173868074373802
2016-09-19,1.0205656532888205
2016-09-20,1.0177477101379766
2016-09-21,1.019911151313032
2016-09-22,1.0289744542034303
2016-09-23,1.0365413161538737
2016-09-26,1.0335932140380064
2016-09-27,1.0360278740692572
2016-09-28,1.0441269444002912
2016-09-29,1.0433956398166817
2016-09-30,1.043566588535974
2016-10-03,1.038540333693963
2016-10-04,1.0337750197806326
2016-10-05,1.0240052193651803
2016-10-06,1.0210478116428992
2016-10-07,1.0168623196165616
2016-10-10,1.0167127153177058
2016-10-11,1.0141304673633178
2016-10-12,1.0100618002816013
2016-10-13,1.0111953738348844
2016-10-14,1.0128936665003279
2016-10-17,1.002768195338058
2016-10-18,1.0073033745933375
2016-10-19,1.011057710394198
2016-10-20,1.0121734884741378
2016-10-21,1.0124345802187513
2016-10-24,1.0140369467781043
2016-10-25,1.0122619038444272
2016-10-26,1.013951820563529
2016-10-27,1.0074175646083117
2016-10-28,0.9976748602479357
2016-10-31,0.995542285104306
2016-11-01,1.0009011156456493
2016-11-02,0.998200424340927
2016-11-03,1.0015255211651255
2016-11-04,0.993813128088973
2016-11-07,1.0010441507761918
2016-11-08,0.9963722632880901
2016-11-09,0.9937924716600812
2016-11-10,0.9571845727984062
2016-11-11,0.9434675407449137
2016-11-14,0.9385748875188168
2016-11-15,0.9327865939180403
2016-11-16,0.9378661217634993
2016-11-17,0.9459565465089975
2016-11-18,0.9333956491319999
2016-11-21,0.9308192633938318
2016-11-22,0.9335512002748233
2016-11-23,0.9334396168160617
2016-11-25,0.9299442619390894
2016-11-28,0.9315247783148077
2016-11-29,0.9377944175097562
2016-11-30,0.9414909556230929
2016-12-01,0.926825841541085
2016-12-02,0.9151569267454606
2016-12-05,0.921384350993949
2016-12-06,0.9213473281626616
2016-12-07,0.9210357679708331
2016-12-08,0.9297019622457652
2016-12-09,0.9203249365792479
2016-12-12,0.9112469436194865
2016-12-13,0.9124958257014032
2016-12-14,0.9165098646359623
2016-12-15,0.9069396665625226
2016-12-16,0.911426431490319
2016-12-19,0.908439145160477
2016-12-20,0.9174279338487256
2016-12-21,0.9139233445985752
2016-12-22,0.9171088331155376
2016-12-23,0.9139245412076891
2016-12-27,0.915465040393453
2016-12-28,0.9148853234836211
2016-12-29,0.9153893702323609
2016-12-30,0.9175118783791111
2017-01-03,0.9165148594460822
2017-01-04,0.9217520566019354
2017-01-05,0.9256217648521904
2017-01-06,0.9351249434684868
2017-01-09,0.9314946920218529
2017-01-10,0.9359903274837043
2017-01-11,0.9356167830232918
2017-01-12,0.9388853758209845
2017-01-13,0.9367338567934065
2017-01-17,0.9344306098617882
2017-01-18,0.9399588163177138
2017-01-19,0.932062903481595
2017-01-20,0.9269242047006272
2017-01-23,0.9267523680964914
2017-01-24,0.9332791718498031
2017-01-25,0.9304191008040912
2017-01-26,0.924948430175247
2017-01-27,0.9265755106269491
2017-01-30,0.9291864098673708
2017-01-31,0.9252441242116891
2017-02-01,0.9287865846819645
2017-02-02,0.9246917784908126
2017-02-03,0.9242210198420961
2017-02-06,0.9259448470343254
2017-02-07,0.9297465197463022
2017-02-08,0.9350984733849235
2017-02-09,0.9445019039244879
2017-02-10,0.938213631688813
2017-02-13,0.9388047011257185
2017-02-14,0.9384731113424428
2017-02-15,0.9345700273733138
2017-02-16,0.9329152306057804
2017-02-17,0.9368863778301408
2017-02-21,0.9415352428280613
2017-02-22,0.9417001142988847
2017-02-23,0.9428057936803892
2017-02-24,0.9448897283987734
2017-02-27,0.9526093794423638
2017-02-28,0.9486457526787234
2017-03-01,0.9500558257512901
2017-03-02,0.9414114461792884
2017-03-03,0.9371211582343555
2017-03-06,0.9391797329382794
2017-03-07,0.935552160270705
2017-03-08,0.9331692799361465
2017-03-09,0.9297592056174885
2017-03-10,0.9250498049093703
2017-03-13,0.9285357859875535
2017-03-14,0.9248780455460616
2017-03-15,0.926954377512932
2017-03-16,0.9370103888064106
2017-03-17,0.9334015067544547
2017-03-20,0.936180791851346
2017-03-21,0.9389695538906715
2017-03-22,0.9404782841757651
2017-03-23,0.9441657438529789
2017-03-24,0.9427513630781379
2017-03-27,0.9450918829571456
2017-03-28,0.9480476832965912
2017-03-29,0.9454286298584237
2017-03-30,0.9497878620707092
2017-03-31,0.9449027012692055
2017-04-03,0.9462719361030493
2017-04-04,0.9515077213871469
2017-04-05,0.9479208815843477
2017-04-06,0.9492864391592991
2017-04-07,0.9486428166545939
2017-04-10,0.9455878085015588
2017-04-11,0.9487962626985957
2017-04-12,0.9552296173997518
2017-04-13,0.9584852884651435
2017-04-17,0.9597136939817682
2017-04-18,0.9594341534107553
2017-04-19,0.9686689409612814
2017-04-20,0.9642659228427785
2017-04-21,0.963273072719507
2017-04-24,0.9626470596399639
2017-04-25,0.9615209100075321
2017-04-26,0.9564249300019123
2017-04-27,0.9594410036845887
2017-04-28,0.9600847418552433
2017-05-01,0.9614882591222604
2017-05-02,0.9561966578886159
2017-05-03,0.9597497665169125
2017-05-04,0.9596612045526451
2017-05-05,0.9566649574992785
2017-05-08,0.9584377826320354
2017-05-09,0.955554245995052
2017-05-10,0.9555568614430716
2017-05-11,0.9561358735074446
2017-05-12,0.9554595943364795
2017-05-15,0.958239099488013
2017-05-16,0.9608467475274799
2017-05-17,0.9634726438791927
2017-05-18,0.9538181602231955
2017-05-19,0.957568889559111
2017-05-22,0.961931303403372
2017-05-23,0.9642003407621876
2017-05-24,0.9617129870116051
2017-05-25,0.9662979811172825
2017-05-26,0.9693825977547358
2017-05-30,0.9701324491396915
2017-05-31,0.9741211665982099
2017-06-01,0.975052511529821
2017-06-02,0.9756220893032527
2017-06-05,0.9857310444730387
2017-06-06,0.9817537538994664
2017-06-07,0.98485758061524
2017-06-08,0.9828826711958216
2017-06-09,0.9818621812178474
2017-06-12,0.975200911909898
2017-06-13,0.9738160867649263
2017-06-14,0.9756179224777032
2017-06-15,0.9860273450180328
2017-06-16,0.9839598588183247
2017-06-19,0.984249022675029
2017-06-20,0.9866788803814274
2017-06-21,0.9916567506269297
2017-06-22,0.9943497588817369
2017-06-23,0.9959993902519434
2017-06-26,0.9970319545099967
2017-06-27,0.9987649351569096
2017-06-28,0.9869653751872485
2017-06-29,0.9888033633423277
2017-06-30,0.9777113598593471
2017-07-03,0.9763538949924488
2017-07-05,0.9713517180363643
2017-07-06,0.9746783790822497
2017-07-07,0.9662179796689934
2017-07-10,0.967927868592735
2017-07-11,0.9712250076649416
2017-07-12,0.9727391190219218
2017-07-13,0.9818135419126235
2017-07-14,0.9796865659573729
2017-07-17,0.9841021870174343
2017-07-18,0.9854402644593568
2017-07-19,0.9913745870194913
2017-07-20,0.9941025906306116
2017-07-21,0.9963525910098004
2017-07-24,0.9976805290955247
2017-07-25,0.9969137486882718
2017-07-26,0.9904252206539981
2017-07-27,0.9927339515359704
2017-07-28,0.9887326964138882
2017-07-31,0.9911351544489856
2017-08-01,0.9896742082594872
2017-08-02,0.9942839476270838
2017-08-03,0.9956232633645087
2017-08-04,0.9998116733979401
2017-08-07,0.9965069224605675
2017-08-08,0.9997127264733341
2017-08-09,0.9971000856177668
2017-08-10,0.9996432057668243
2017-08-11,0.9956681015401916
2017-08-14,0.9991768004892041
2017-08-15,1.0053932565806751
2017-08-16,1.0040828703906746
2017-08-17,1.0071691896128552
2017-08-18,1.0002002457260748
2017-08-21,0.9994186410401669
2017-08-22,1.0005548912740334
2017-08-23,1.0059470838116635
2017-08-24,1.0076709316887678
2017-08-25,1.0051970302442554
2017-08-28,1.0072415097327858
2017-08-29,1.0076521355503436
2017-08-30,1.0110107888442021
2017-08-31,1.0137975402359929
2017-09-01,1.0183909794160824
2017-09-05,1.0132756486370207
2017-09-06,1.0163545370929228
2017-09-07,1.013718357286286
2017-09-08,1.0204209969474456
2017-09-11,1.0163381810698138
2017-09-12,1.0178447621591888
2017-09-13,1.016799890380061
2017-09-14,1.0145471383241986
2017-09-15,1.015396954840062
2017-09-18,1.015207271023313
2017-09-19,1.0129155213866707
2017-09-20,1.0132430893361821
2017-09-21,1.0123335717741018
2017-09-22,1.0097925671391774
2017-09-25,1.0114561349423692
2017-09-26,1.0101387483496571
2017-09-27,1.0106863963501944
2017-09-28,1.0068999644686445
2017-09-29,1.0062606304150326
2017-10-02,1.0106862999328188
2017-10-03,1.010365284526061
2017-10-04,1.012087880025982
2017-10-05,1.0120227514753046
2017-10-06,1.014542963921232
2017-10-09,1.0139636540312078
2017-10-10,1.016053025186213
2017-10-11,1.0175606064033142
2017-10-12,1.020028228981799
2017-10-13,1.0210046590237158
2017-10-16,1.0266081453612141
2017-10-17,1.0281168911019156
2017-10-18,1.0287635691733488
2017-10-19,1.026973069167039
2017-10-20,1.0266127023232492
2017-10-23,1.0254494528396831
2017-10-24,1.023259908343288
2017-10-25,1.0220795706184875
2017-10-26,1.0168733114570554
2017-10-27,1.0177845187048693
2017-10-30,1.0348315231176506
2017-10-31,1.0400940165130306
2017-11-01,1.0423253366251595
2017-11-02,1.0437428224744059
2017-11-03,1.046120357708898
2017-11-06,1.0513348708060128
2017-11-07,1.0543226414248226
2017-11-08,1.056535589222103
2017-11-09,1.0579695056789782
2017-11-10,1.0525723816400854
2017-11-13,1.0449984400278751
2017-11-14,1.0460501484857017
2017-11-15,1.0483030520249257
2017-11-16,1.0491357738035378
2017-11-17,1.0528448852908057
2017-11-20,1.0524514904130873
2017-11-21,1.0544403355146976
2017-11-22,1.0618466073619897
2017-11-24,1.062189877965024
2017-11-27,1.064376609778292
2017-11-28,1.0637480584702075
2017-11-29,1.067852920624902
2017-11-30,1.053497320667691
2017-12-01,1.058119466373697
2017-12-04,1.0597102069693933
2017-12-05,1.0521052434294913
2017-12-06,1.0530268055501264
2017-12-07,1.0574113744857725
2017-12-08,1.059261270006527
2017-12-11,1.063159338936241
2017-12-12,1.0677774292213777
2017-12-13,1.0679624173940387
2017-12-14,1.0704938342471704
2017-12-15,1.0700029632739778
2017-12-18,1.0758078711267853
2017-12-19,1.0781176817086497
2017-12-20,1.0696095160251125
2017-12-21,1.0653932105305806
2017-12-22,1.066253770083734
2017-12-26,1.0663310744961956
2017-12-27,1.0638207709039884
2017-12-28,1.0691999930530536
2017-12-29,1.070091836785036
2018-01-02,1.067048309150617
2018-01-03,1.07038426158457
2018-01-04,1.0773690035049914
2018-01-05,1.0805465426472487
2018-01-08,1.08579683655654
2018-01-09,1.087688029128312
2018-01-10,1.0812253166712191
2018-01-11,1.078749550812405
2018-01-12,1.0836640412675826
2018-01-16,1.088118427700284
2018-01-17,1.0875548407520834
2018-01-18,1.0947348035254116
2018-01-19,1.091125244780169
2018-01-22,1.0903809599612815
2018-01-23,1.0969071985255268
2018-01-24,1.1012298009016985
2018-01-25,1.0952492142594958
2018-01-26,1.0978577778254826
2018-01-29,1.106208286803199
2018-01-30,1.097498915577097
2018-01-31,1.088705608022289
2018-02-01,1.0944490497038424
2018-02-02,1.0870974776231437
2018-02-05,1.064941443377028
2018-02-06,1.056895183749311
2018-02-07,1.086736096017334
2018-02-08,1.0728988627496967
2018-02-09,1.0290446569732175
2018-02-12,1.0538468812123427
2018-02-13,1.0725571832825596
2018-02-14,1.0752301076625201
2018-02-15,1.0946683939748334
2018-02-16,1.115201593798989
2018-02-20,1.1136139890379386
2018-02-21,1.1141216448974143
2018-02-22,1.1067139780130277
2018-02-23,1.1080583009073204
2018-02-26,1.1311536050308904
2018-02-27,1.1485999332883168
2018-02-28,1.1370688826870405
2018-03-01,1.1290697946686774
2018-03-02,1.110610144734401
2018-03-05,1.1191772090479575
2018-03-06,1.1303789065333307
2018-03-07,1.1328469323111945
2018-03-08,1.1388910812778041
2018-03-09,1.1438901065864782
2018-03-12,1.165232846739473
2018-03-13,1.1644801957546909
2018-03-14,1.1548334505838573
2018-03-15,1.1537643476916366
2018-03-16,1.1543877972208834
2018-03-19,1.1496280827794263
2018-03-20,1.1271985275879444
2018-03-21,1.126687446541026
2018-03-22,1.1201458585529205
2018-03-23,1.091844911329232
2018-03-26,1.0636728569378808
2018-03-27,1.102378180133532
2018-03-28,1.0695090629015904
2018-03-29,1.0631451713660287
2018-04-02,1.0830853561121538
2018-04-03,1.0584017825002099
2018-04-04,1.068384603534998
2018-04-05,1.0822694568177986
2018-04-06,1.08662394550469
2018-04-09,1.0618004227543272
2018-04-10,1.0693924142189193
2018-04-11,1.093068331444748
2018-04-12,1.0871959664010937
2018-04-13,1.0988211449783332
2018-04-16,1.095503009377456
2018-04-17,1.1036708219223281
2018-04-18,1.1220881428312985
2018-04-19,1.1194717996890111
2018-04-20,1.1082202717169864
2018-04-23,1.0941671988663293
2018-04-24,1.0910192070062499
2018-04-25,1.073350034434302
2018-04-26,1.0736413369829152
2018-04-27,1.0910371236786536
2018-04-30,1.090027589766494
2018-05-01,1.083081966842869
2018-05-02,1.0936615992267424
2018-05-03,1.091251816550424
2018-05-04,1.092886651655947
2018-05-07,1.111561430926844
2018-05-08,1.1181365244329888
2018-05-09,1.1199544471549514
2018-05-10,1.1322376498783262
2018-05-11,1.145831103062146
2018-05-14,1.14547476748677
2018-05-15,1.1452306347975336
2018-05-16,1.1349128152413397
2018-05-17,1.1395177040945086
2018-05-18,1.134689750149416
2018-05-21,1.130906177116524
2018-05-22,1.1401576857382514
2018-05-23,1.1381739968998146
2018-05-24,1.1455067861841994
2018-05-25,1.1443757160423635
2018-05-29,1.143448333996984
2018-05-30,1.136891771162282
2018-05-31,1.146033195695988
2018-06-01,1.1445653751154108
2018-06-04,1.1607817804908747
2018-06-05,1.1683107369966028
2018-06-06,1.1716225414780554
2018-06-07,1.1787895171194784
2018-06-08,1.1725569430428298
2018-06-11,1.171656837660944
2018-06-12,1.1728171011490973
2018-06-13,1.17726558698084
2018-06-14,1.1719975640277664
2018-06-15,1.179245109919065
2018-06-18,1.1716056641137313
2018-06-19,1.1719822584917983
2018-06-20,1.1669886574278407
2018-06-21,1.1686409037703962
2018-06-22,1.1608314757667173
2018-06-25,1.1586376215069023
2018-06-26,1.138197884455499
2018-06-27,1.1420844708044082
2018-06-28,1.129816032477207
2018-06-29,1.1409437528207984
2018-07-02,1.1407509539895508
2018-07-03,1.1480514247557545
2018-07-05,1.1382207119422303
2018-07-06,1.151745495453169
2018-07-09,1.163572318912725
2018-07-10,1.1717710181530467
2018-07-11,1.1747401619187563
2018-07-12,1.1696675938409071
2018-07-13,1.184792395206887
2018-07-16,1.1844061746241197
2018-07-17,1.1819185824948386
2018-07-18,1.1889338667611102
2018-07-19,1.1879417545359208
2018-07-20,1.1843719634824257
2018-07-23,1.1832891884858179
2018-07-24,1.18686370206974
2018-07-25,1.1930783335763944
2018-07-26,1.2057073653344474
2018-07-27,1.1923503278038414
2018-07-30,1.1766848375198702
2018-07-31,1.1624233920893172
2018-08-01,1.1664204960051838
2018-08-02,1.1723981610691145
2018-08-03,1.184105212054165
2018-08-06,1.1886281868575623
2018-08-07,1.191320278169578
2018-08-08,1.1893517700442995
2018-08-09,1.1904527478044657
2018-08-10,1.194285287707264
2018-08-13,1.193663616515598
2018-08-14,1.190672423303824
2018-08-15,1.1933987775743233
2018-08-16,1.192055369823036
2018-08-17,1.1959505344922228
2018-08-20,1.1983860643198383
2018-08-21,1.2031629700147182
2018-08-22,1.20247596780507
2018-08-23,1.2053371861302666
2018-08-24,1.2062786958297433
2018-08-27,1.2114869933829555
2018-08-28,1.2124648670173606
2018-08-29,1.2087140528420632
2018-08-30,1.2133167842862276
2018-08-31,1.2130237086686073
2018-09-04,1.2116277780930178
2018-09-05,1.2045500187860565
2018-09-06,1.1994335170240642
2018-09-07,1.1999417524608378
2018-09-10,1.1927038124812646
2018-09-11,1.1964198891170459
2018-09-12,1.193956472811051
2018-09-13,1.1950904776686895
2018-09-14,1.2000791322009048
2018-09-17,1.1964700924777127
2018-09-18,1.192752600383841
2018-09-19,1.187682860901006
2018-09-20,1.1832005900312415
2018-09-21,1.1906440009939643
2018-09-24,1.1876650562693576
2018-09-25,1.1857368672659165
2018-09-26,1.1845196015925208
2018-09-27,1.1859028762231811
2018-09-28,1.1888477375574122
2018-10-01,1.1884759148935589
2018-10-02,1.1867578931902598
2018-10-03,1.189636593410862
2018-10-04,1.182431138919316
2018-10-05,1.170802159076918
2018-10-08,1.1612929559605625
2018-10-09,1.1574113108818744
2018-10-10,1.1606286121743374
2018-10-11,1.1285053919548744
2018-10-12,1.1399398535284737
2018-10-15,1.1383054757567062
2018-10-16,1.1367589465038352
2018-10-17,1.1418210688347585
2018-10-18,1.1354273932708903
2018-10-19,1.1334069488419416
2018-10-22,1.131146089690674
2018-10-23,1.1300090880797895
2018-10-24,1.1328820907290609
2018-10-25,1.1377518706389416
2018-10-26,1.1348405734014895
2018-10-29,1.1399364103172147
2018-10-30,1.1365280132642148
2018-10-31,1.1326562327107979
2018-11-01,1.129229932907414
2018-11-02,1.1288756014545118
2018-11-05,1.114729259758878
2018-11-06,1.1188339599188735
2018-11-07,1.1190073844488642
2018-11-08,1.1234962125122607
2018-11-09,1.1232172430009995
2018-11-12,1.1288329001363202
2018-11-13,1.1307484425058578
2018-11-14,1.1301375932583817
2018-11-15,1.128990778362168
2018-11-16,1.1316375823391358
2018-11-19,1.137048332609149
2018-11-20,1.1342569929553274
2018-11-21,1.130058090802777
2018-11-23,1.131076532495877
2018-11-26,1.129656124477787
2018-11-27,1.1339987345882423
2018-11-28,1.1357730523644143
2018-11-29,1.141147906469721
2018-11-30,1.1421614795199633
2018-12-03,1.1477519147054422
2018-12-04,1.15734728604441
2018-12-06,1.1564604524631776
2018-12-07,1.1590914835552053
2018-12-10,1.1484373064064501
2018-12-11,1.1544874188145853
2018-12-12,1.154667178475403
2018-12-13,1.1541754117635419
2018-12-14,1.152544733496073
2018-12-17,1.146838454593175
2018-12-18,1.1408742562194296
2018-12-19,1.1448557484563788
2018-12-20,1.1441917811776594
2018-12-21,1.1325141668439291
2018-12-24,1.1177267217215137
2018-12-26,1.107088851087701
2018-12-27,1.1350470092580112
2018-12-28,1.138503848591399
2018-12-31,1.1434486661087784
2019-01-02,1.149815485918726
2019-01-03,1.1542672470701474
2019-01-04,1.1494792658297366
2019-01-07,1.1538297041889964
2019-01-08,1.1553042149118014
2019-01-09,1.1575723622891314
2019-01-10,1.1606404683476412
2019-01-11,1.1568753392794304
2019-01-14,1.1597531593687982
2019-01-15,1.1536998192116121
2019-01-16,1.156225445841916
2019-01-17,1.1576757856999664
2019-01-18,1.1606788708511357
2019-01-22,1.1624672635517372
2019-01-23,1.1606836493730042
2019-01-24,1.1614121608470984
2019-01-25,1.167993916383294
2019-01-28,1.1689323374223246
2019-01-29,1.1640828100613554
2019-01-30,1.16608838695545
2019-01-31,1.1768968162270363
2019-02-01,1.1856309454704175
2019-02-04,1.1807581551291921
2019-02-05,1.181040431969632
2019-02-06,1.1871006505685442
2019-02-07,1.187950949945164
2019-02-08,1.1864850252528687
2019-02-11,1.1910711117894044
2019-02-12,1.1880139467864332
2019-02-13,1.1910891434135462
2019-02-14,1.1897086658836733
2019-02-15,1.1932186437289019
2019-02-19,1.1994170097257801
2019-02-20,1.2015452352946803
2019-02-21,1.200099547675948
2019-02-22,1.1928468875896507
2019-02-25,1.2020548298298646
2019-02-26,1.2021075734285682
2019-02-27,1.2057386095403053
2019-02-28,1.1980465477873365
2019-03-01,1.194528920059209
2019-03-04,1.190516241366594
2019-03-05,1.193357294702157
2019-03-06,1.1937080771232198
2019-03-07,1.1928002098233472
2019-03-08,1.1936519854574603
2019-03-11,1.195677786404731
2019-03-12,1.201634251007911
2019-03-13,1.208776038812582
2019-03-14,1.210937009281627
2019-03-15,1.2067769470501803
2019-03-18,1.2135139920498825
2019-03-19,1.2153931833699645
2019-03-20,1.214248078956484
2019-03-21,1.2197568018232041
2019-03-22,1.230143623388489
2019-03-25,1.2258144761445486
2019-03-26,1.2256872976480688
2019-03-27,1.2288251994887385
2019-03-28,1.2324115708931966
2019-03-29,1.236984102391925
2019-04-01,1.240829370155163
2019-04-02,1.237057822216777
2019-04-03,1.2393409738271621
2019-04-04,1.2357898685432462
2019-04-05,1.2375451492551848
2019-04-08,1.241232244667638
2019-04-09,1.2402148966472801
2019-04-10,1.2392459845407997
2019-04-11,1.243604432463807
2019-04-12,1.2392058463675582
2019-04-15,1.236180568610419
2019-04-16,1.2380562099579446
2019-04-17,1.2334379047203572
2019-04-18,1.2341085966266991
2019-04-22,1.2395393347143449
2019-04-23,1.2356984636162491
2019-04-24,1.2407891881629582
2019-04-25,1.2479123146019175
2019-04-26,1.2464042227849632
2019-04-29,1.2498951248768093
2019-04-30,1.244107752143569
2019-05-01,1.2492934276900807
2019-05-02,1.250079082665658
2019-05-03,1.2444371280175006
2019-05-06,1.2494780447161906
2019-05-07,1.251169818140266
2019-05-08,1.255578871375296
2019-05-09,1.2508105359289312
2019-05-10,1.254194528593489
2019-05-13,1.253761600971855
2019-05-14,1.2564553809778607
2019-05-15,1.2560871443191035
2019-05-16,1.2641974181948226
2019-05-17,1.2626986980247166
2019-05-20,1.2638220527272008
2019-05-21,1.2593036163674955
2019-05-22,1.259491206757425
2019-05-23,1.2645060410642075
2019-05-24,1.2744630511298167
2019-05-28,1.27565787243067
2019-05-29,1.2833982456358377
2019-05-30,1.2848083526093863
2019-05-31,1.2952171332362301
2019-06-03,1.3070105548249547
2019-06-04,1.3111554492419208
2019-06-05,1.302185978068832
2019-06-06,1.2975925812168854
2019-06-07,1.3026848473401345
2019-06-10,1.3146295491237099
2019-06-11,1.3048162868855786
2019-06-12,1.305525095054128
2019-06-13,1.3059850601398824
2019-06-14,1.3105038358651349
2019-06-17,1.3129800591502798
2019-06-18,1.3151287595378796
2019-06-19,1.3226086185735368
2019-06-20,1.3246372774325563
2019-06-21,1.3289810844145096
2019-06-24,1.3146976663146492
2019-06-25,1.3239518122604932
2019-06-26,1.3270917616783513
2019-06-27,1.3192494759649667
2019-06-28,1.3278697588665882
2019-07-01,1.3275859052667127
2019-07-02,1.3247106350254152
2019-07-03,1.333968849896165
2019-07-05,1.3436107575133138
2019-07-08,1.3303892793872452
2019-07-09,1.328010238380674
2019-07-10,1.328900863951171
2019-07-11,1.3279166964931315
2019-07-12,1.318397011697394
2019-07-15,1.3224427738247586
2019-07-16,1.3279355855215684
2019-07-17,1.3222708709277269
2019-07-18,1.3286121344985513
2019-07-19,1.3314885219375114
2019-07-22,1.3270340700056498
2019-07-23,1.3320375294371711
2019-07-24,1.329909585056928
2019-07-25,1.33663477417248
2019-07-26,1.3303918723169912
2019-07-29,1.334572692671852
2019-07-30,1.3343007063585133
2019-07-31,1.3345855907469493
2019-08-01,1.337046939176399
2019-08-02,1.3499093023792699
2019-08-05,1.3544959460559827
2019-08-06,1.3546832947238991
2019-08-07,1.367973937655549
2019-08-08,1.3695321646429877
2019-08-09,1.379386193093098
2019-08-12,1.3739414853648273
2019-08-13,1.3917932246665654
2019-08-14,1.3948745131057312
2019-08-15,1.406733221311681
2019-08-16,1.418791277350448
2019-08-19,1.415959104337205
2019-08-20,1.4075383010516314
2019-08-21,1.4148291378789601
2019-08-22,1.4123290178122352
2019-08-23,1.4050277024490174
2019-08-26,1.4081565259168816
2019-08-27,1.4100647648455302
2019-08-28,1.4233736690830705
2019-08-29,1.4266816041666581
2019-08-30,1.431021364285173
2019-09-03,1.431115804203055
2019-09-04,1.4267043704236186
2019-09-05,1.4349985459099177
2019-09-06,1.427735905444465
2019-09-09,1.4342922587030589
2019-09-10,1.4160091573176772
2019-09-11,1.3986487616177135
2019-09-12,1.400991801381528
2019-09-13,1.39658130795528
2019-09-16,1.3755480036582746
2019-09-17,1.385022534794257
2019-09-18,1.391393087442154
2019-09-19,1.395042972249362
2019-09-20,1.3982845374440533
2019-09-23,1.4075737518355573
2019-09-24,1.4078404294025868
2019-09-25,1.414490111279082
2019-09-26,1.4040227170928918
2019-09-27,1.4093367959461225
2019-09-30,1.4077318081372334
2019-10-01,1.4134250884316655
2019-10-02,1.409752377638484
2019-10-03,1.4039239750390935
2019-10-04,1.4171850688555547
2019-10-07,1.431352206961869
2019-10-08,1.4218287218290855
2019-10-09,1.414066880055911
2019-10-10,1.4162821279941535
2019-10-11,1.407935710828341
2019-10-14,1.406149071990661
2019-10-15,1.4112306918056738
2019-10-16,1.4081910296003364
2019-10-17,1.4064912644161576
2019-10-18,1.40530030127323
2019-10-21,1.4016128647096886
2019-10-22,1.4010921334509936
2019-10-23,1.4000331791003158
2019-10-24,1.4022268399526874
2019-10-25,1.404555519814663
2019-10-28,1.4056645459024604
2019-10-29,1.4055204491004036
2019-10-30,1.4036950227986293
2019-10-31,1.416904163202506
2019-11-01,1.4242950094936342
2019-11-04,1.4283073958034715
2019-11-05,1.4215851792949945
2019-11-06,1.4126320801369736
2019-11-07,1.4169150350702133
2019-11-08,1.407160436081239
2019-11-11,1.4068738769502884
2019-11-12,1.4067149556701153
2019-11-13,1.4117634328334294
2019-11-14,1.4170350960077565
2019-11-15,1.4248723307496933
2019-11-18,1.4289914532149741
2019-11-19,1.4315165132098069
2019-11-20,1.4380066172789598
2019-11-21,1.4426853860764124
2019-11-22,1.4357829725222555
2019-11-25,1.437168224012648
2019-11-26,1.4465955382777382
2019-11-27,1.4523610653145207
2019-11-29,1.4536613839469303
2019-12-02,1.4498545633078903
2019-12-03,1.430307618890749
2019-12-04,1.4445281591016739
2019-12-05,1.4392814806225362
2019-12-06,1.4367445649393156
2019-12-09,1.4383456551903844
2019-12-10,1.438054950009734
2019-12-11,1.4379993457563864
2019-12-12,1.447677177215568
2019-12-13,1.4386754569337217
2019-12-16,1.450886306013592
2019-12-17,1.4474572432190902
2019-12-18,1.4456794728867892
2019-12-19,1.4383897803207872
2019-12-20,1.4408308869031838
2019-12-23,1.4425076258486031
2019-12-24,1.4418966836402967
2019-12-26,1.444736883086556
2019-12-27,1.4498983156562832
2019-12-30,1.4508673737141273
2019-12-31,1.444799611805245
2020-01-02,1.4358131922539232
2020-01-03,1.4529452750619447
2020-01-06,1.464633373965078
2020-01-07,1.4605729260927705
2020-01-08,1.454893377173515
2020-01-09,1.4518350516877512
2020-01-10,1.4593438673803927
2020-01-13,1.4674230708294735
2020-01-14,1.4682071091729947
2020-01-15,1.4717258785949705
2020-01-16,1.4791006792346446
2020-01-17,1.4813694097124563
2020-01-21,1.4745601896708047
2020-01-22,1.4846421132257148
2020-01-23,1.489069972997954
2020-01-24,1.4974683571726615
2020-01-27,1.5025281326506073
2020-01-28,1.507579718600965
2020-01-29,1.5066364919709625
2020-01-30,1.5164363862174743
2020-01-31,1.5198661992801128
2020-02-03,1.5166446179327984
2020-02-04,1.5193629903573347
2020-02-05,1.5230578647702548
2020-02-06,1.520158527551051
2020-02-07,1.5276926932279837
2020-02-10,1.5344471781029125
2020-02-11,1.5439687740150396
2020-02-12,1.539376905922458
2020-02-13,1.539683480917685
2020-02-14,1.5417502734649906
2020-02-18,1.5470559701750901
2020-02-19,1.550502285016891
2020-02-20,1.5558388920936301
2020-02-21,1.5584974901270143
2020-02-24,1.5562449367053846
2020-02-25,1.5429892519931856
2020-02-26,1.5239741926982637
2020-02-27,1.5212926100544324
2020-02-28,1.4883299808909742
2020-03-02,1.517928883085437
2020-03-03,1.5175017039669163
2020-03-04,1.53494162397816
2020-03-05,1.5268559143430016
2020-03-06,1.5548073419945851
2020-03-09,1.6229068523137797
2020-03-10,1.6537140787793996
2020-03-11,1.57017188367124
2020-03-12,1.5123152478255704
2020-03-13,1.5202177554418093
2020-03-16,1.486140310508184
2020-03-17,1.582196614275886
2020-03-18,1.4767102392975433
2020-03-19,1.3934088661169726
2020-03-20,1.4313352891373912
2020-03-23,1.5388972795109461
2020-03-24,1.5924361342327398
2020-03-25,1.5638200151280561
2020-03-26,1.5602906488659503
2020-03-27,1.5681024250289077
2020-03-30,1.6084391323117604
2020-03-31,1.5954829591011965
2020-04-01,1.5823599705138751
2020-04-02,1.595265244178383
2020-04-03,1.608193534639466
2020-04-06,1.6118924227373623
2020-04-07,1.6087727801803975
2020-04-08,1.5929087967212314
2020-04-09,1.5817711363773268
2020-04-13,1.5851419953518515
2020-04-14,1.570669445331478
2020-04-15,1.582755374616343
2020-04-16,1.6237777288502426
2020-04-17,1.6421571418921266
2020-04-20,1.620866390747602
2020-04-21,1.633478352558267
2020-04-22,1.6532187502031805
2020-04-23,1.637739397126307
2020-04-24,1.6462630320640232
2020-04-27,1.6506492608804673
2020-04-28,1.6211113092708453
2020-04-29,1.6392974573356356
2020-04-30,1.6316559002480153
2020-05-01,1.6127099510660896
2020-05-04,1.6233210182350513
2020-05-05,1.6161017141904022
2020-05-06,1.6066067003277946
2020-05-07,1.581122469226032
2020-05-08,1.6074001596987493
2020-05-11,1.5872649360310025
2020-05-12,1.57523777416447
2020-05-13,1.589962482243414
2020-05-14,1.600312321522742
2020-05-15,1.616102019390826
2020-05-18,1.612299931950608
2020-05-19,1.5793363782311711
2020-05-20,1.5846695057492104
2020-05-21,1.5902888559109019
2020-05-22,1.5937701901032784
2020-05-26,1.6031870898333984
2020-05-27,1.5825898025708458
2020-05-28,1.5803354228052573
2020-05-29,1.5746085195946062
2020-06-01,1.5858649122503883
2020-06-02,1.57355537461655
2020-06-03,1.5684636391903262
2020-06-04,1.5485032834857049
2020-06-05,1.5265656500288787
2020-06-08,1.5169638395235667
2020-06-09,1.5230760876293434
2020-06-10,1.5397701031394018
2020-06-11,1.5621304559290947
2020-06-12,1.5884478483882813
2020-06-15,1.574552806988599
2020-06-16,1.5759910395071413
2020-06-17,1.5542592622666256
2020-06-18,1.5602604609842214
2020-06-19,1.576289107379839
2020-06-22,1.5770012298164602
2020-06-23,1.5777621764848
2020-06-24,1.5676837661476168
2020-06-25,1.5820098265410745
2020-06-26,1.587249886272554
2020-06-29,1.6017161972282699
2020-06-30,1.5978053113959585
2020-07-01,1.591246420273072
2020-07-02,1.5868359560723901
2020-07-06,1.5888380581169481
2020-07-07,1.5840459195502066
2020-07-08,1.604434918005605
2020-07-09,1.599148886246042
2020-07-10,1.623431283089234
2020-07-13,1.6160513174884437
2020-07-14,1.6198887955657177
2020-07-15,1.623170990156629
2020-07-16,1.6165438498558862
2020-07-17,1.6231919647178867
2020-07-20,1.6201881047965372
2020-07-21,1.6253254011606768
2020-07-22,1.6260931197256865
2020-07-23,1.6312607972401025
2020-07-24,1.648053934923341
2020-07-27,1.6470831814862932
2020-07-28,1.6421022833339174
2020-07-29,1.651896314102173
2020-07-30,1.650174815038972
2020-07-31,1.660541796283489
2020-08-03,1.6609304690082158
2020-08-04,1.6526028810118558
2020-08-05,1.6678774706153225
2020-08-06,1.6543312953815466
2020-08-07,1.663861592270809
2020-08-10,1.6527251787771164
2020-08-11,1.6457561541700432
2020-08-12,1.6260274216486899
2020-08-13,1.6133602950478765
2020-08-14,1.5968554575278442
2020-08-17,1.5908963905876619
2020-08-18,1.5951495893289298
2020-08-19,1.6061909949335544
2020-08-20,1.5965314285720476
2020-08-21,1.6108640006520814
2020-08-24,1.620652435181538
2020-08-25,1.6189822435598082
2020-08-26,1.607602845289115
2020-08-27,1.6026822418485447
2020-08-28,1.5765235495782766
2020-08-31,1.5757999859683525
2020-09-01,1.5859749007379575
2020-09-02,1.6024745170584294
2020-09-03,1.6177951718148469
2020-09-04,1.6203389890498991
2020-09-08,1.5897594221699949
2020-09-09,1.598514944591452
2020-09-10,1.5946637448511443
2020-09-11,1.6023502484924397
2020-09-14,1.6057190775747898
2020-09-15,1.6096884511513596
2020-09-16,1.6074305132020081
2020-09-17,1.6015116592431775
2020-09-18,1.6052324878500812
2020-09-21,1.5938747273309497
2020-09-22,1.5999202924017728
2020-09-23,1.614455122562039
2020-09-24,1.5867995638928056
2020-09-25,1.593453084592468
2020-09-28,1.6133621100684168
2020-09-29,1.6275051565631233
2020-09-30,1.6245300889279704
2020-10-01,1.6249326086180653
2020-10-02,1.6343903012656926
2020-10-05,1.6141948769425207
2020-10-06,1.6328170149176222
2020-10-07,1.617132726300498
2020-10-08,1.6375388178503993
2020-10-09,1.6477575414069154
2020-10-12,1.665021365053011
2020-10-13,1.6961692469789234
2020-10-14,1.6906073004917455
2020-10-15,1.6845089210002455
2020-10-16,1.6794460220378868
2020-10-19,1.6755733610587802
2020-10-20,1.6504789648634604
2020-10-21,1.6516789318913692
2020-10-22,1.6483118261014063
2020-10-23,1.6421120242913199
2020-10-26,1.6440572267706715
2020-10-27,1.6229628696460676
2020-10-28,1.6290301768623
2020-10-29,1.5819851463190626
2020-10-30,1.59573064362507
2020-11-02,1.5707174733092568
2020-11-03,1.5793027237988795
2020-11-04,1.5993900591794303
2020-11-05,1.6488653148720038
2020-11-06,1.6850570020305298
2020-11-09,1.682846314739746
2020-11-10,1.6730021521471778
2020-11-11,1.6540943117931333
2020-11-12,1.6815892562495882
2020-11-13,1.6761641708699646
2020-11-16,1.6892172958584206
2020-11-17,1.7023367915171217
2020-11-18,1.6966166355940215
2020-11-19,1.6826055123315775
2020-11-20,1.6939028375347653
2020-11-23,1.6844534372620896
2020-11-24,1.6848378898925402
2020-11-25,1.7006550916481886
2020-11-27,1.701212016104732
2020-11-30,1.7107012394627588
2020-12-01,1.715525971961113
2020-12-02,1.7266792153493387
2020-12-03,1.7233702614421185
2020-12-04,1.7256585558176407
2020-12-07,1.734784713710021
2020-12-08,1.7405196867585147
2020-12-09,1.746635962376737
2020-12-10,1.7327134761061764
2020-12-11,1.7401730325535247
2020-12-14,1.7416120280742933
2020-12-15,1.7388420091540813
2020-12-16,1.7494877262827278
2020-12-17,1.750266288655651
2020-12-18,1.7526890671131798
2020-12-21,1.7444742672394853
2020-12-22,1.7455992761607813
2020-12-23,1.75284590236963
2020-12-24,1.7440954194522333
2020-12-28,1.752070291619159
2020-12-29,1.7600778716398269
2020-12-30,1.7562649766192822
2020-12-31,1.758857677452237
2021-01-04,1.7629723924130893
2021-01-05,1.7506421613384016
2021-01-06,1.7491961095702726
2021-01-07,1.725641530834931
2021-01-08,1.7342027277775087
2021-01-11,1.7357980310396588
2021-01-12,1.7283858872541042
2021-01-13,1.7263580209583997
2021-01-14,1.7401932832680014
2021-01-15,1.7266928599444398
2021-01-19,1.7236486232406147
2021-01-20,1.7341521537151414
2021-01-21,1.747089125836761
2021-01-22,1.7449608307208164
2021-01-25,1.74592881224185
2021-01-26,1.7623879773120497
2021-01-27,1.7600410066968601
2021-01-28,1.7473951569847674
2021-01-29,1.7552151606076791
2021-02-01,1.7196042728289174
2021-02-02,1.7521425859014894
2021-02-03,1.7715417031201697
2021-02-04,1.7663964255996019
2021-02-05,1.78685606112833
2021-02-08,1.7846558052371833
2021-02-09,1.7998245475530157
2021-02-10,1.7985840650587441
2021-02-11,1.7988210731019332
2021-02-12,1.8086315007812952
2021-02-16,1.812703214351729
2021-02-17,1.8044609306404982
2021-02-18,1.7981548196801138
2021-02-19,1.7899422071333226
2021-02-22,1.7837230905282278
2021-02-23,1.7563350634544779
2021-02-24,1.7536474178422619
2021-02-25,1.771640095996349
2021-02-26,1.7212717617706914
2021-03-01,1.732846904016628
2021-03-02,1.7692140048017757
2021-03-03,1.7510297566000488
2021-03-04,1.7183020999306577
2021-03-05,1.6916446216276928
2021-03-08,1.7185167705727327
2021-03-09,1.6958204892634534
2021-03-10,1.7340592276070466
2021-03-11,1.7375202748706324
2021-03-12,1.7601758373768812
2021-03-15,1.7522202586241316
2021-03-16,1.7661188931561538
2021-03-17,1.7694538072836863
2021-03-18,1.7700976023791906
2021-03-19,1.7352737458469398
2021-03-22,1.7301464213134914
2021-03-23,1.7515611507141864
2021-03-24,1.7422746846150279
2021-03-25,1.7307040495309733
2021-03-26,1.733207820732815
2021-03-29,1.7640404147729964
2021-03-30,1.7578053029382787
2021-03-31,1.7502489312865122
2021-04-01,1.7640878901278072
2021-04-05,1.7907195455322051
2021-04-06,1.8174088645149755
2021-04-07,1.815307388425831
2021-04-08,1.8187828877599954
2021-04-09,1.8361210326404778
2021-04-12,1.8490444928835372
2021-04-13,1.8453787395615235
2021-04-14,1.856947906816072
2021-04-15,1.8446089680759719
2021-04-16,1.8712640968626217
2021-04-19,1.8717046068158145
2021-04-20,1.8601383476799676
2021-04-21,1.8480700259771052
2021-04-22,1.864225899281347
2021-04-23,1.8484382680360936
2021-04-26,1.8686647895145367
2021-04-27,1.8743125622489272
2021-04-28,1.8697856430735436
2021-04-29,1.8616972353773924
2021-04-30,1.8649578653108594
2021-05-03,1.8486326059845204
2021-05-04,1.8481237550128873
2021-05-05,1.8295494757795134
2021-05-06,1.8283666908920653
2021-05-07,1.8434589783284066
2021-05-10,1.8557343724765845
2021-05-11,1.8246983582233587
2021-05-12,1.8134100789759848
2021-05-13,1.7713887015446508
2021-05-14,1.7913158927070587
2021-05-17,1.8222638472816042
2021-05-18,1.8146642411350808
2021-05-19,1.8008958068774827
2021-05-20,1.8002829102812996
2021-05-21,1.8251604932087242
2021-05-24,1.8215300720277452
2021-05-25,1.8441651799302226
2021-05-26,1.844822395851947
2021-05-27,1.846034699877414
2021-05-28,1.8416484906540316
2021-06-01,1.8453804956537947
2021-06-02,1.8407588528399175
2021-06-03,1.8478354051808914
2021-06-04,1.8365890237484173
2021-06-07,1.861738979748316
2021-06-08,1.8598975514584752
2021-06-09,1.8619504804414246
2021-06-10,1.863921365932873
2021-06-11,1.8748734180476887
2021-06-14,1.8802851412779644
2021-06-15,1.8877876305609969
2021-06-16,1.8815272755950925
2021-06-17,1.872395661164309
2021-06-18,1.8848793953910015
2021-06-21,1.868431671842335
2021-06-22,1.8811094431676478
2021-06-23,1.893017674433577
2021-06-24,1.8903915948206589
2021-06-25,1.900687902227887
2021-06-28,1.8998295552810167
2021-06-29,1.9120567806405901
2021-06-30,1.917807202797207
2021-07-01,1.9189290904368057
2021-07-02,1.9246263619797355
2021-07-06,1.9431790224945231
2021-07-07,1.947755779295578
2021-07-08,1.9576725729539168
2021-07-09,1.9446690133730695
2021-07-12,1.9570920315735918
2021-07-13,1.9603201736294444
2021-07-14,1.9585281411627495
2021-07-15,1.9692036629008365
2021-07-16,1.9630289989411747
2021-07-19,1.9479781794323918
2021-07-20,1.9314697388962543
2021-07-21,1.9512910238084122
2021-07-22,1.9610165671466018
2021-07-23,1.9716941853567143
2021-07-26,1.9857508027006785
2021-07-27,1.9863477445037439
2021-07-28,1.9790754633968437
2021-07-29,1.9783270627749616
2021-07-30,1.978780658134108
2021-08-02,1.9782030008673028
2021-08-03,1.9817667129869494
2021-08-04,1.991221230304029
2021-08-05,1.9902187839597958
2021-08-06,1.9927989912651056
2021-08-09,1.9789213599091997
2021-08-10,1.9739957520178024
2021-08-11,1.9681401899658033
2021-08-12,1.9695622724808564
2021-08-13,1.9723211378686412
2021-08-16,1.9895100542547315
2021-08-17,1.9951570728017305
2021-08-18,1.9866804610907685
2021-08-19,1.976633658997274
2021-08-20,1.987975449518364
2021-08-23,1.9991030138309396
2021-08-24,2.0096221584948437
2021-08-25,2.0028260318910553
2021-08-26,1.9965185977176512
2021-08-27,1.991106248659093
2021-08-30,2.0076430426585787
2021-08-31,2.0176975643744
2021-09-01,2.0090412195951957
2021-09-02,2.009903124111216
2021-09-03,2.015550174961697
2021-09-07,2.008785114640877
2021-09-08,1.9991510443089646
2021-09-09,2.0022478238666275
2021-09-10,2.006850309200693
2021-09-13,1.9894926370893569
2021-09-14,1.9962487377051668
2021-09-15,2.0001891662245614
2021-09-16,2.0079510839929786
2021-09-17,2.0034708018602663
2021-09-20,1.982388046307947
2021-09-21,1.9687538241374993
2021-09-22,1.9675361796495323
2021-09-23,1.9858951994058105
2021-09-24,1.986580207778114
2021-09-27,1.981017881409671
2021-09-28,1.9722636330716086
2021-09-29,1.932389541924933
2021-09-30,1.9347042866598085
