date,2021_11_06__20_06_55_daily_actor_lr_1e-05_critic_lr_0.0001_epoch_50000
2015-01-05,0.9887693913379744
2015-01-06,0.9818559084336268
2015-01-07,0.9895060115299192
2015-01-08,1.0046569230084543
2015-01-09,1.0028945217146727
2015-01-12,0.9951390760760626
2015-01-13,0.9940854958232028
2015-01-14,0.990362731414601
2015-01-15,0.982368535694362
2015-01-16,0.9895985256103227
2015-01-20,0.9974190537414561
2015-01-21,0.9978110473298198
2015-01-22,1.0106734424031916
2015-01-23,1.0117916973093877
2015-01-26,1.0093447454448006
2015-01-27,0.9898935057112623
2015-01-28,0.988806158074336
2015-01-29,0.9956030447868275
2015-01-30,0.9884885343783293
2015-02-02,0.9965668283516772
2015-02-03,1.0029846295050675
2015-02-04,1.0035699426400877
2015-02-05,1.009342517153195
2015-02-06,1.0033014842761783
2015-02-09,1.001107773842405
2015-02-10,1.0107536170638953
2015-02-11,1.01346620929926
2015-02-12,1.0227295929950222
2015-02-13,1.0247643364294208
2015-02-17,1.0218318642485402
2015-02-18,1.0237282475238472
2015-02-19,1.023796030144746
2015-02-20,1.0287570043236824
2015-02-23,1.0319852532866154
2015-02-24,1.037639619076906
2015-02-25,1.0358963628115536
2015-02-26,1.0346589989225536
2015-02-27,1.0342895711660596
2015-03-02,1.0342242792506589
2015-03-03,1.0290247736682527
2015-03-04,1.0260033400974058
2015-03-05,1.025486203889058
2015-03-06,1.01040572919038
2015-03-09,1.0159047533783
2015-03-10,1.0027187759418301
2015-03-11,0.9998795061098968
2015-03-12,1.0066230859137155
2015-03-13,1.0013915037830576
2015-03-16,1.0132009664081856
2015-03-17,1.0141733288811805
2015-03-18,1.0286575252676677
2015-03-19,1.024793365975101
2015-03-20,1.0283729315330683
2015-03-23,1.0275364507762839
2015-03-24,1.0263354437867513
2015-03-25,1.0069214282419714
2015-03-26,1.0034493120403027
2015-03-27,1.0069595797297908
2015-03-30,1.015552601644253
2015-03-31,1.008225258193429
2015-04-01,1.0087771930715763
2015-04-02,1.0074089444740566
2015-04-06,1.0131328135472295
2015-04-07,1.0130657368039682
2015-04-08,1.015690667581822
2015-04-09,1.015389532176875
2015-04-10,1.0191886773770327
2015-04-13,1.016809731837112
2015-04-14,1.0174179699685229
2015-04-15,1.022853736894255
2015-04-16,1.0198577148962327
2015-04-17,1.013056748507787
2015-04-20,1.0217985477091514
2015-04-21,1.0201319806924938
2015-04-22,1.022869445239896
2015-04-23,1.0265770513452919
2015-04-24,1.0329028815652004
2015-04-27,1.0328701443820845
2015-04-28,1.0320035564297843
2015-04-29,1.0253727882646915
2015-04-30,1.0160952610918559
2015-05-01,1.021938751558786
2015-05-04,1.021125279030826
2015-05-05,1.009477879098648
2015-05-06,1.0002665445239758
2015-05-07,1.0080023396239293
2015-05-08,1.0199188528818637
2015-05-11,1.0106960884308882
2015-05-12,1.0075188800674222
2015-05-13,1.0082512008160274
2015-05-14,1.0203031367584765
2015-05-15,1.023227946723492
2015-05-18,1.0229863392270402
2015-05-19,1.0196411017953164
2015-05-20,1.020179557994578
2015-05-21,1.0262521114668446
2015-05-22,1.0253106509315197
2015-05-26,1.018392864391432
2015-05-27,1.0319057271383212
2015-05-28,1.0299537941332535
2015-05-29,1.0246906810512089
2015-06-01,1.0241654233661257
2015-06-02,1.019938215601898
2015-06-03,1.018596054501731
2015-06-04,1.0139476872039723
2015-06-05,1.0093163326729495
2015-06-08,1.0012990403737105
2015-06-09,0.9984581238920668
2015-06-10,1.0084919746608472
2015-06-11,1.013877407433544
2015-06-12,1.0070603138817449
2015-06-15,1.0029200485419898
2015-06-16,1.0094953205824801
2015-06-17,1.0086191898241634
2015-06-18,1.0152171551854214
2015-06-19,1.0087316405248044
2015-06-22,1.010189232214905
2015-06-23,1.0094002980192602
2015-06-24,1.0070042211157166
2015-06-25,1.004194915100249
2015-06-26,0.9973060222010546
2015-06-29,0.9864162506340042
2015-06-30,0.9864758943655171
2015-07-01,0.9901094851533974
2015-07-02,0.991288427868702
2015-07-06,0.9909903296526821
2015-07-07,0.9947072581434168
2015-07-08,0.9823254824015077
2015-07-09,0.9774376116203025
2015-07-10,0.9880658173126537
2015-07-13,0.9991683543095474
2015-07-14,1.003007842861577
2015-07-15,1.0050899550247596
2015-07-16,1.0155323096619195
2015-07-17,1.0250475104588666
2015-07-20,1.0271880950226802
2015-07-21,1.023552676037528
2015-07-22,1.0154782790473285
2015-07-23,1.01515921860422
2015-07-24,1.0098412402748613
2015-07-27,1.0042491717144177
2015-07-28,1.0113176596082663
2015-07-29,1.0160994222907445
2015-07-30,1.0187340061988743
2015-07-31,1.0180723717843998
2015-08-03,1.0158913822514348
2015-08-04,1.010560904693647
2015-08-05,1.0153697636424572
2015-08-06,1.0095792644591517
2015-08-07,1.0120270061383447
2015-08-10,1.0216319933396094
2015-08-11,1.0143958821687122
2015-08-12,1.0161596878464898
2015-08-13,1.0136096879309304
2015-08-14,1.0177715835364503
2015-08-17,1.0232686701534255
2015-08-18,1.0180300736237882
2015-08-19,1.0142618002553208
2015-08-20,0.9967770331452342
2015-08-21,0.9662039884213853
2015-08-24,0.9308446675264396
2015-08-25,0.9230153271766078
2015-08-26,0.965465778913954
2015-08-27,0.986304489119466
2015-08-28,0.988034384515864
2015-08-31,0.9793543520081306
2015-09-01,0.9516302855257729
2015-09-02,0.9716486933671343
2015-09-03,0.9727888407453386
2015-09-04,0.9604708660118785
2015-09-08,0.983107233560825
2015-09-09,0.9721154712911542
2015-09-10,0.9795323926694631
2015-09-11,0.9843025298979537
2015-09-14,0.9821434883514806
2015-09-15,0.9911124082273834
2015-09-16,0.9950369353721439
2015-09-17,0.9917094076990679
2015-09-18,0.9781413445226289
2015-09-21,0.9836890065756186
2015-09-22,0.9723216380832446
2015-09-23,0.9737155808065178
2015-09-24,0.973938301162431
2015-09-25,0.9716626756658038
2015-09-28,0.953738142139174
2015-09-29,0.9508595612305907
2015-09-30,0.9674335068744914
2015-10-01,0.9684776497335665
2015-10-02,0.9812454849277198
2015-10-05,0.9955262822597472
2015-10-06,0.9962764804829601
2015-10-07,1.0003891361297677
2015-10-08,1.0038346759807237
2015-10-09,1.0070836608298752
2015-10-12,1.009340652529283
2015-10-13,1.006864870464432
2015-10-14,1.0060651888334122
2015-10-15,1.0166157726608405
2015-10-16,1.0189240988612012
2015-10-19,1.0206760052641712
2015-10-20,1.0176714999860275
2015-10-21,1.0135512871969525
2015-10-22,1.0312984770381184
2015-10-23,1.04821837005972
2015-10-26,1.0466955006397214
2015-10-27,1.0433258975389788
2015-10-28,1.054317067599745
2015-10-29,1.049407880953978
2015-10-30,1.045877097836753
2015-11-02,1.053033446527151
2015-11-03,1.0552265921567539
2015-11-04,1.0553228034859592
2015-11-05,1.0527869228766098
2015-11-06,1.0512315065452547
2015-11-09,1.0420843169487948
2015-11-10,1.0393900689189641
2015-11-11,1.037587004959831
2015-11-12,1.030060139801317
2015-11-13,1.016610645401013
2015-11-16,1.0294580074848327
2015-11-17,1.0297380936109526
2015-11-18,1.0431390622696397
2015-11-19,1.0469970930256864
2015-11-20,1.0517144253422435
2015-11-23,1.0486528984047836
2015-11-24,1.0491165099260487
2015-11-25,1.0476742173970446
2015-11-27,1.0490778616284566
2015-11-30,1.0494654693814633
2015-12-01,1.059468420715645
2015-12-02,1.0531299433962735
2015-12-03,1.0363773281914879
2015-12-04,1.0579512294825602
2015-12-07,1.0554847298213492
2015-12-08,1.0523040562786232
2015-12-09,1.040936581767024
2015-12-10,1.04354861874363
2015-12-11,1.0273252573625329
2015-12-14,1.0323788245263767
2015-12-15,1.0366445549178884
2015-12-16,1.0487064825605377
2015-12-17,1.0366906394467559
2015-12-18,1.0163403435040042
2015-12-21,1.0248651626911178
2015-12-22,1.0304854882068037
2015-12-23,1.037267519078719
2015-12-24,1.037274251326885
2015-12-28,1.0368504181688396
2015-12-29,1.0447721175639986
2015-12-30,1.037744988585025
2015-12-31,1.0275120805865583
2016-01-04,1.017393984361332
2016-01-05,1.0153450524165097
2016-01-06,1.0070156324909174
2016-01-07,0.983104490829972
2016-01-08,0.9763228620490456
2016-01-11,0.9801273483297813
2016-01-12,0.9915021635842147
2016-01-13,0.9700936327648177
2016-01-14,0.9849220140249528
2016-01-15,0.963560638128261
2016-01-19,0.9641732710277572
2016-01-20,0.9578414099515766
2016-01-21,0.9620486864128536
2016-01-22,0.9845188916147818
2016-01-25,0.9748076359364032
2016-01-26,0.9838002530832474
2016-01-27,0.9679772015581469
2016-01-28,0.9777575793479755
2016-01-29,1.0042651061905283
2016-02-01,1.0057941166229
2016-02-02,0.9934754959811777
2016-02-03,0.9925669188600982
2016-02-04,0.9941937102796852
2016-02-05,0.9719805396117037
2016-02-08,0.9625710190579485
2016-02-09,0.95937298612644
2016-02-10,0.9616431345300167
2016-02-11,0.9587134657216381
2016-02-12,0.9701253823188813
2016-02-16,0.984153299514461
2016-02-17,1.0004024642643343
2016-02-18,0.9986908312041262
2016-02-19,0.9992197165185128
2016-02-22,1.0106330302329019
2016-02-23,0.9985930797600815
2016-02-24,1.0042148309478711
2016-02-25,1.0153242776522933
2016-02-26,1.0115180854686274
2016-02-29,1.0060835797059564
2016-03-01,1.0272483039836335
2016-03-02,1.0307785796673712
2016-03-03,1.0323820533383719
2016-03-04,1.0334858041017188
2016-03-07,1.029945820845151
2016-03-08,1.025727891083524
2016-03-09,1.0311115435679652
2016-03-10,1.0299633335135592
2016-03-11,1.0412526535105258
2016-03-14,1.0422544092260466
2016-03-15,1.0442616814009051
2016-03-16,1.0533071093371564
2016-03-17,1.057978656636157
2016-03-18,1.0561739894833577
2016-03-21,1.0567639707994043
2016-03-22,1.056689039751895
2016-03-23,1.054127642584938
2016-03-24,1.0556503741250147
2016-03-28,1.0547314901865088
2016-03-29,1.0683037164462914
2016-03-30,1.0704379457979585
2016-03-31,1.070204008293546
2016-04-01,1.07656686288158
2016-04-04,1.0736881678581163
2016-04-05,1.0677864736166076
2016-04-06,1.0749636542134755
2016-04-07,1.06632090981057
2016-04-08,1.065812982413029
2016-04-11,1.063285298745733
2016-04-12,1.0686127319921281
2016-04-13,1.0781169917362095
2016-04-14,1.0769330444461136
2016-04-15,1.0763026133754678
2016-04-18,1.079805344071266
2016-04-19,1.0768408341024303
2016-04-20,1.0757640837776556
2016-04-21,1.0708482007620472
2016-04-22,1.0603408134905097
2016-04-25,1.059016700488661
2016-04-26,1.055745722452014
2016-04-27,1.0559713944771132
2016-04-28,1.047417200616435
2016-04-29,1.0415283960028296
2016-05-02,1.0454587428684021
2016-05-03,1.0406306595509933
2016-05-04,1.0385645520915894
2016-05-05,1.0401329189894708
2016-05-06,1.0445464483606446
2016-05-09,1.0454292899552202
2016-05-10,1.0561220686208665
2016-05-11,1.0507899492785424
2016-05-12,1.048269232472756
2016-05-13,1.0458508596278122
2016-05-16,1.054486700829573
2016-05-17,1.0466888444826339
2016-05-18,1.0448582050496429
2016-05-19,1.0416778587222664
2016-05-20,1.0505606201322513
2016-05-23,1.0495961464621841
2016-05-24,1.063034932037715
2016-05-25,1.0679612222933617
2016-05-26,1.0710294220165895
2016-05-27,1.0745426979703672
2016-05-31,1.0756970575551645
2016-06-01,1.075271049544597
2016-06-02,1.077190876270284
2016-06-03,1.0783838783464135
2016-06-06,1.0790919556138046
2016-06-07,1.0824006724659743
2016-06-08,1.085709401482322
2016-06-09,1.0869282036143433
2016-06-10,1.0808618030256374
2016-06-13,1.0725951716847735
2016-06-14,1.0737653587391474
2016-06-15,1.072265924851197
2016-06-16,1.0751125071228287
2016-06-17,1.0642302641608683
2016-06-20,1.0667708785864534
2016-06-21,1.0712435270786551
2016-06-22,1.0688112893917943
2016-06-23,1.0793999644339813
2016-06-24,1.0502750156377232
2016-06-27,1.0336593698500594
2016-06-28,1.051890932661128
2016-06-29,1.0651479159043342
2016-06-30,1.0763579770758398
2016-07-01,1.0805258406039722
2016-07-05,1.0763613183712182
2016-07-06,1.0825570457760527
2016-07-07,1.082343667193894
2016-07-08,1.0974665119879452
2016-07-11,1.1000826206818584
2016-07-12,1.103592867220229
2016-07-13,1.1061229527431087
2016-07-14,1.1085125973587024
2016-07-15,1.1057000894502182
2016-07-18,1.110055579159365
2016-07-19,1.1097309050832085
2016-07-20,1.1172210047689195
2016-07-21,1.1132886568204923
2016-07-22,1.118606173957349
2016-07-25,1.1167719065151422
2016-07-26,1.1185142717902914
2016-07-27,1.1253444775315522
2016-07-28,1.1257525511303619
2016-07-29,1.1300948685631307
2016-08-01,1.1284413268652924
2016-08-02,1.1198487561021448
2016-08-03,1.1229234787850266
2016-08-04,1.1281583606680516
2016-08-05,1.1340502753024992
2016-08-08,1.1341923618411178
2016-08-09,1.1379041795532983
2016-08-10,1.1361470315522866
2016-08-11,1.1377954493372713
2016-08-12,1.1387856362695346
2016-08-15,1.1404563902259781
2016-08-16,1.1339431802388067
2016-08-17,1.1357530222577914
2016-08-18,1.1371013201433853
2016-08-19,1.135615492302471
2016-08-22,1.1377773248872909
2016-08-23,1.140741273212925
2016-08-24,1.1353754311307016
2016-08-25,1.135492697556007
2016-08-26,1.1338323720534098
2016-08-29,1.140723095431578
2016-08-30,1.1373012830858267
2016-08-31,1.1357441776998554
2016-09-01,1.137494458717374
2016-09-02,1.1396110632650862
2016-09-06,1.1452841663672702
2016-09-07,1.1465129578940505
2016-09-08,1.1379576961694227
2016-09-09,1.11219836236911
2016-09-12,1.1281755437959804
2016-09-13,1.117036450275537
2016-09-14,1.1202245620600717
2016-09-15,1.1333001802112395
2016-09-16,1.1269840042837334
2016-09-19,1.1252236035210645
2016-09-20,1.1254801662233018
2016-09-21,1.1375694980032462
2016-09-22,1.1449649551139423
2016-09-23,1.1378987013063138
2016-09-26,1.1331741422857688
2016-09-27,1.1433843523837097
2016-09-28,1.1456510147285337
2016-09-29,1.1396707368157362
2016-09-30,1.1432807785301395
2016-10-03,1.1396133451075472
2016-10-04,1.1332563139979956
2016-10-05,1.1357649062778596
2016-10-06,1.1360803200567906
2016-10-07,1.1335322011736595
2016-10-10,1.1379875518613407
2016-10-11,1.1267461499099682
2016-10-12,1.128394592862352
2016-10-13,1.1241485316279662
2016-10-14,1.1241186454399965
2016-10-17,1.123065522305994
2016-10-18,1.1289816169310085
2016-10-19,1.1311014412264717
2016-10-20,1.1279361654240334
2016-10-21,1.1300791306966311
2016-10-24,1.1362577538006469
2016-10-25,1.1336904101406238
2016-10-26,1.1280902685565706
2016-10-27,1.1242109650484162
2016-10-28,1.1222765649417483
2016-10-31,1.1232377103406774
2016-11-01,1.1151932557051127
2016-11-02,1.110073828653685
2016-11-03,1.1008534440130757
2016-11-04,1.1005944026559258
2016-11-07,1.1204415199807445
2016-11-08,1.1244839100066328
2016-11-09,1.1200826296392046
2016-11-10,1.1077143191358496
2016-11-11,1.1084701325726558
2016-11-14,1.0974533944053055
2016-11-15,1.1100740886346803
2016-11-16,1.1170020155109333
2016-11-17,1.1210985579420205
2016-11-18,1.1194551208639805
2016-11-21,1.1289147963440045
2016-11-22,1.1316034599640226
2016-11-23,1.1285064032584053
2016-11-25,1.1327336933320795
2016-11-28,1.132878525555919
2016-11-29,1.1344532798712614
2016-11-30,1.1232146175647504
2016-12-01,1.1060448867420203
2016-12-02,1.1097555647307162
2016-12-05,1.1179449479791292
2016-12-06,1.1207267639136607
2016-12-07,1.13852437406465
2016-12-08,1.1388664149420644
2016-12-09,1.1433268455524122
2016-12-12,1.1413376953543792
2016-12-13,1.1522984356091643
2016-12-14,1.145484610494521
2016-12-15,1.1506142526835375
2016-12-16,1.1402208737983364
2016-12-19,1.1476975535688805
2016-12-20,1.1497902858769113
2016-12-21,1.1488358839952904
2016-12-22,1.1459695536714047
2016-12-23,1.147555469180788
2016-12-27,1.1497908677006605
2016-12-28,1.1438764049088297
2016-12-29,1.1447781164161934
2016-12-30,1.1393496270665215
2017-01-03,1.1480707455957162
2017-01-04,1.1529511185918644
2017-01-05,1.1577630575434816
2017-01-06,1.1605893256497677
2017-01-09,1.1615154553620866
2017-01-10,1.1614399014134957
2017-01-11,1.1658886299758917
2017-01-12,1.1630936644533258
2017-01-13,1.1642218159280888
2017-01-17,1.163846834607716
2017-01-18,1.162578138440111
2017-01-19,1.1587602370911458
2017-01-20,1.1625783435525385
2017-01-23,1.1654685121817019
2017-01-24,1.1692056311295416
2017-01-25,1.1737426060716927
2017-01-26,1.1728571441650926
2017-01-27,1.1755093315305996
2017-01-30,1.168082080569666
2017-01-31,1.1669347638994416
2017-02-01,1.1694801623459723
2017-02-02,1.1684067991806997
2017-02-03,1.1744231303484705
2017-02-06,1.1757928129095108
2017-02-07,1.1800621970490373
2017-02-08,1.1851509212841025
2017-02-09,1.1859152245585025
2017-02-10,1.1887837835642086
2017-02-13,1.192408242690451
2017-02-14,1.1937550444056586
2017-02-15,1.1961708503154205
2017-02-16,1.1987261823690722
2017-02-17,1.2029116026320164
2017-02-21,1.207489870970186
2017-02-22,1.2083099508520436
2017-02-23,1.209270920692139
2017-02-24,1.2141628109062204
2017-02-27,1.2127299098098636
2017-02-28,1.2100237388562378
2017-03-01,1.2185472774394093
2017-03-02,1.211370069058308
2017-03-03,1.213639586205249
2017-03-06,1.2104086973649362
2017-03-07,1.2085179360166507
2017-03-08,1.2070738355910473
2017-03-09,1.205332716533383
2017-03-10,1.210568725968351
2017-03-13,1.209435993782505
2017-03-14,1.2082069305878445
2017-03-15,1.2187240823973504
2017-03-16,1.216727982230824
2017-03-17,1.2153907554032197
2017-03-20,1.2165862845546294
2017-03-21,1.2066715662552971
2017-03-22,1.2120420687200102
2017-03-23,1.2097944009718826
2017-03-24,1.2109195743932193
2017-03-27,1.2117503334758466
2017-03-28,1.2167012650564655
2017-03-29,1.2197063789391023
2017-03-30,1.2196522632132092
2017-03-31,1.2185734426999348
2017-04-03,1.219620495089141
2017-04-04,1.2187599888509832
2017-04-05,1.2162418598471811
2017-04-06,1.2170149587689154
2017-04-07,1.2151173884479496
2017-04-10,1.2158531124458154
2017-04-11,1.2161232917499174
2017-04-12,1.2139447627864395
2017-04-13,1.209964471627088
2017-04-17,1.217840100808762
2017-04-18,1.2201168317666657
2017-04-19,1.2175240412332995
2017-04-20,1.2248197329050765
2017-04-21,1.2224470227660662
2017-04-24,1.2322139192205854
2017-04-25,1.2346643472265928
2017-04-26,1.2350865971925011
2017-04-27,1.2378529158350273
2017-04-28,1.2391846085215399
2017-05-01,1.2424561294233498
2017-05-02,1.2452238612511746
2017-05-03,1.2437782899062666
2017-05-04,1.2425591395859945
2017-05-05,1.2465676545420625
2017-05-08,1.2480569989154182
2017-05-09,1.2484916940403152
2017-05-10,1.2513042400383783
2017-05-11,1.2497348209510593
2017-05-12,1.25250801059561
2017-05-15,1.2576144388254675
2017-05-16,1.2611448257205418
2017-05-17,1.2395147957399875
2017-05-18,1.2449837625834685
2017-05-19,1.251762139527334
2017-05-22,1.257668475111497
2017-05-23,1.258021991029345
2017-05-24,1.2626706314203524
2017-05-25,1.268864886830962
2017-05-26,1.2688734778532627
2017-05-30,1.2717115792285516
2017-05-31,1.2713151588673113
2017-06-01,1.276515990091973
2017-06-02,1.2856031523312057
2017-06-05,1.284618943715348
2017-06-06,1.2828400271519125
2017-06-07,1.2847306985200775
2017-06-08,1.2858371774314652
2017-06-09,1.2698703514518008
2017-06-12,1.2657556549777746
2017-06-13,1.272740345227624
2017-06-14,1.2717037523043904
2017-06-15,1.2675814155037801
2017-06-16,1.2620741636846378
2017-06-19,1.2751707156782457
2017-06-20,1.2686263823202792
2017-06-21,1.2727500885042753
2017-06-22,1.2732576762672831
2017-06-23,1.277909815492088
2017-06-26,1.2768393205679132
2017-06-27,1.261400640036285
2017-06-28,1.2707360465187514
2017-06-29,1.2548341585018359
2017-06-30,1.254297346740762
2017-07-03,1.2492846849068435
2017-07-05,1.2560857616692813
2017-07-06,1.244872594313949
2017-07-07,1.2527431955031056
2017-07-10,1.257934585052737
2017-07-11,1.2594829734065056
2017-07-12,1.2720678032559796
2017-07-13,1.271956139545844
2017-07-14,1.2793210240040116
2017-07-17,1.2802315205107568
2017-07-18,1.285833385319504
2017-07-19,1.291075705558146
2017-07-20,1.2933940159809394
2017-07-21,1.2935968852256534
2017-07-24,1.2937735338771117
2017-07-25,1.2895956061772318
2017-07-26,1.2923809353884304
2017-07-27,1.2882566266400688
2017-07-28,1.288872569450478
2017-07-31,1.286022944090412
2017-08-01,1.2913800402092546
2017-08-02,1.293440240187051
2017-08-03,1.2943005340366056
2017-08-04,1.2940468049361795
2017-08-07,1.2988028424666094
2017-08-08,1.2960861166850315
2017-08-09,1.2970101946542851
2017-08-10,1.2802949934963948
2017-08-11,1.286361445526092
2017-08-14,1.3023011872103267
2017-08-15,1.3026820608932512
2017-08-16,1.3061634782313243
2017-08-17,1.286992098541377
2017-08-18,1.2856240559232102
2017-08-21,1.2861677606686601
2017-08-22,1.2995621813226113
2017-08-23,1.298245937424628
2017-08-24,1.2958489226672876
2017-08-25,1.2976026417972117
2017-08-28,1.29866512039181
2017-08-29,1.3027034829952233
2017-08-30,1.3092131976675492
2017-08-31,1.3162668029564608
2017-09-01,1.313660438953305
2017-09-05,1.3096748198987527
2017-09-06,1.309946419655649
2017-09-07,1.3148846935370984
2017-09-08,1.3086438761688106
2017-09-11,1.318947309991426
2017-09-12,1.3203286678568154
2017-09-13,1.3185436909238126
2017-09-14,1.317464787902645
2017-09-15,1.3164498799693396
2017-09-18,1.3161925311724922
2017-09-19,1.3186736385469089
2017-09-20,1.31651203447215
2017-09-21,1.3118401499951131
2017-09-22,1.3130066000281575
2017-09-25,1.3065056354592748
2017-09-26,1.3084962112941074
2017-09-27,1.3122195772263952
2017-09-28,1.3126226025598289
2017-09-29,1.319032034411754
2017-10-02,1.320775043741247
2017-10-03,1.3234554127672227
2017-10-04,1.3234775656816065
2017-10-05,1.331482120280597
2017-10-06,1.3313495515438643
2017-10-09,1.333206481792085
2017-10-10,1.3353241991315155
2017-10-11,1.338727496769923
2017-10-12,1.3377192763643044
2017-10-13,1.34333846007443
2017-10-16,1.3460669086559651
2017-10-17,1.3467137244926435
2017-10-18,1.3465276345030464
2017-10-19,1.3454534830613276
2017-10-20,1.3484373952471511
2017-10-23,1.3446384432902658
2017-10-24,1.3451805187876025
2017-10-25,1.3382851382360408
2017-10-26,1.340427328966592
2017-10-27,1.36279923807601
2017-10-30,1.3656405443028443
2017-10-31,1.3687417319605588
2017-11-01,1.3703625139068187
2017-11-02,1.3724516612054938
2017-11-03,1.3789150631713758
2017-11-06,1.3821985257183262
2017-11-07,1.3836645519188373
2017-11-08,1.3861688810799366
2017-11-09,1.379488372850281
2017-11-10,1.3731634182876966
2017-11-13,1.3743085680608298
2017-11-14,1.3748093123717329
2017-11-15,1.3728961720131427
2017-11-16,1.3808236341631672
2017-11-17,1.3788708066441673
2017-11-20,1.3815435803697416
2017-11-21,1.3912915877913798
2017-11-22,1.3912449669999039
2017-11-24,1.3941156782173874
2017-11-27,1.3933074229384195
2017-11-28,1.4002507626890122
2017-11-29,1.3841107580578047
2017-11-30,1.391651493445252
2017-12-01,1.3921113919435444
2017-12-04,1.382551158656095
2017-12-05,1.3829438731634403
2017-12-06,1.3881593351699864
2017-12-07,1.3907193772266233
2017-12-08,1.3959711888368287
2017-12-11,1.401529314799896
2017-12-12,1.4019961044041207
2017-12-13,1.4048952632860998
2017-12-14,1.4038873077525276
2017-12-15,1.41128043097718
2017-12-18,1.4158118185490702
2017-12-19,1.4055000747382664
2017-12-20,1.4009245097332987
2017-12-21,1.4020936074392487
2017-12-22,1.402142079958962
2017-12-26,1.3990360285778767
2017-12-27,1.4047177441630028
2017-12-28,1.4063109644175549
2017-12-29,1.4021622847835584
2018-01-02,1.408974723513993
2018-01-03,1.4184639043861929
2018-01-04,1.4231668446085195
2018-01-05,1.4309740479510076
2018-01-08,1.4336844604554677
2018-01-09,1.4280678172524173
2018-01-10,1.4247979202988506
2018-01-11,1.4320421607492781
2018-01-12,1.439250622491873
2018-01-16,1.4366298223275633
2018-01-17,1.4508274418106426
2018-01-18,1.4485343501301913
2018-01-19,1.4501340190980665
2018-01-22,1.4606854298989804
2018-01-23,1.4661253324299917
2018-01-24,1.4586152346520223
2018-01-25,1.4601766824002793
2018-01-26,1.47537552767761
2018-01-29,1.4636769312114772
2018-01-30,1.4508574558973903
2018-01-31,1.458939533104981
2018-02-01,1.4547625663424348
2018-02-02,1.4200624797001202
2018-02-05,1.3728151962840527
2018-02-06,1.4099251874674765
2018-02-07,1.3932767215741386
2018-02-08,1.339562963533545
2018-02-09,1.369473565845387
2018-02-12,1.3924420631541188
2018-02-13,1.3961026291323062
2018-02-14,1.417485894757174
2018-02-15,1.4402026699449577
2018-02-16,1.4397193508777004
2018-02-20,1.4381717786213544
2018-02-21,1.4284168678280096
2018-02-22,1.4304445335060314
2018-02-23,1.45693060216256
2018-02-26,1.475439347598261
2018-02-27,1.4615369329559749
2018-02-28,1.452706417912295
2018-03-01,1.4328404117923959
2018-03-02,1.4428967393513905
2018-03-05,1.455701044196443
2018-03-06,1.4587559400564782
2018-03-07,1.4638259582659927
2018-03-08,1.4706171678802948
2018-03-09,1.4927800929288002
2018-03-12,1.4964716925470614
2018-03-13,1.4846640436172578
2018-03-14,1.4838901182648303
2018-03-15,1.483980604243863
2018-03-16,1.4784516580010632
2018-03-19,1.456212593238582
2018-03-20,1.455373209557634
2018-03-21,1.4495661241640112
2018-03-22,1.420875967209511
2018-03-23,1.3886136306867356
2018-03-26,1.432668796733466
2018-03-27,1.3998248685790142
2018-03-28,1.3931701512834984
2018-03-29,1.4163263386111409
2018-04-02,1.3882371313627915
2018-04-03,1.399592886179323
2018-04-04,1.4150029331994682
2018-04-05,1.4194086648573494
2018-04-06,1.3933365104648456
2018-04-09,1.4022691835144385
2018-04-10,1.4295654055918912
2018-04-11,1.423259212959286
2018-04-12,1.4353049676742147
2018-04-13,1.43196403754207
2018-04-16,1.4413562087488645
2018-04-17,1.461464967530982
2018-04-18,1.4573268516743678
2018-04-19,1.4439048036379312
2018-04-20,1.4274426442923347
2018-04-23,1.4243265258285185
2018-04-24,1.4040230292472045
2018-04-25,1.4033478803192134
2018-04-26,1.4239427438099799
2018-04-27,1.424613634669008
2018-04-30,1.4170657697746545
2018-05-01,1.4263925733880876
2018-05-02,1.4229094650318292
2018-05-03,1.4252121170098901
2018-05-04,1.4458920999832872
2018-05-07,1.4523942500006286
2018-05-08,1.4539710044326597
2018-05-09,1.4659635297057196
2018-05-10,1.48222019296909
2018-05-11,1.4830155183817777
2018-05-14,1.4815246588054765
2018-05-15,1.4679125175798986
2018-05-16,1.4720053847724257
2018-05-17,1.466062009505953
2018-05-18,1.464423118730146
2018-05-21,1.4742690847238407
2018-05-22,1.4716017511832986
2018-05-23,1.4806295565163823
2018-05-24,1.481388982069004
2018-05-25,1.4818080659878974
2018-05-29,1.4796545018468619
2018-05-30,1.4893411554710738
2018-05-31,1.486912856201658
2018-06-01,1.5037068043786672
2018-06-04,1.5103362206606972
2018-06-05,1.5141718725819486
2018-06-06,1.5207382006060965
2018-06-07,1.5170751789932246
2018-06-08,1.5160885476567652
2018-06-11,1.5170154800759963
2018-06-12,1.521618417159746
2018-06-13,1.5159068874582151
2018-06-14,1.5251862768279403
2018-06-15,1.5170659791765335
2018-06-18,1.5168567903359886
2018-06-19,1.512724561366906
2018-06-20,1.512705965596486
2018-06-21,1.505366755252012
2018-06-22,1.503171771535566
2018-06-25,1.4809282278534213
2018-06-26,1.4855873020734225
2018-06-27,1.473721114965074
2018-06-28,1.4865494802865855
2018-06-29,1.4857685135200078
2018-07-02,1.4933001539845172
2018-07-03,1.4833966699814298
2018-07-05,1.499380704078832
2018-07-06,1.5133998197492533
2018-07-09,1.521291518037519
2018-07-10,1.524657457534022
2018-07-11,1.5196503867470519
2018-07-12,1.5362927987664545
2018-07-13,1.5365254525764527
2018-07-16,1.5329508289796463
2018-07-17,1.540049717032259
2018-07-18,1.5383266444206163
2018-07-19,1.5359618180121306
2018-07-20,1.5318183068087645
2018-07-23,1.5327828098586864
2018-07-24,1.5403473865177544
2018-07-25,1.5533858131274008
2018-07-26,1.539410776987757
2018-07-27,1.5232358743585912
2018-07-30,1.5072213012119722
2018-07-31,1.5128566771989371
2018-08-01,1.5165339169577572
2018-08-02,1.529114507829897
2018-08-03,1.5353684210700294
2018-08-06,1.5411372633303948
2018-08-07,1.5434563624733266
2018-08-08,1.5456238449276922
2018-08-09,1.548528481944804
2018-08-10,1.5425671026633103
2018-08-13,1.5392361616406554
2018-08-14,1.5461245526265068
2018-08-15,1.5379764259885984
2018-08-16,1.5447248949945107
2018-08-17,1.5477827717750572
2018-08-20,1.5499301973091235
2018-08-21,1.5509692210453627
2018-08-22,1.554446112748253
2018-08-23,1.5560840379528709
2018-08-24,1.567033409077944
2018-08-27,1.5753124514612031
2018-08-28,1.574633367155961
2018-08-29,1.584451895832857
2018-08-30,1.5811173498590037
2018-08-31,1.580923719899841
2018-09-04,1.5742125346664755
2018-09-05,1.5625893583221557
2018-09-06,1.5566947639478068
2018-09-07,1.5503644059417014
2018-09-10,1.5548521954706835
2018-09-11,1.5607933579065838
2018-09-12,1.558319426308109
2018-09-13,1.5708039549483703
2018-09-14,1.5685678844142552
2018-09-17,1.556448347501941
2018-09-18,1.5603821978299353
2018-09-19,1.556704956390123
2018-09-20,1.570936805666788
2018-09-21,1.5627422057949039
2018-09-24,1.5642272039214526
2018-09-25,1.562525740965536
2018-09-26,1.5606892393581244
2018-09-27,1.566862817188767
2018-09-28,1.5689993400994013
2018-10-01,1.570971379587514
2018-10-02,1.5729787924841463
2018-10-03,1.569632853845589
2018-10-04,1.5495824900973705
2018-10-05,1.5339591128401528
2018-10-08,1.5230771235404301
2018-10-09,1.5284534972976511
2018-10-10,1.471855896272175
2018-10-11,1.4531623398621636
2018-10-12,1.4885533212967326
2018-10-15,1.4709026739152795
2018-10-16,1.5075163910788982
2018-10-17,1.5020665868604415
2018-10-18,1.4790023613441334
2018-10-19,1.477967684466665
2018-10-22,1.4839974995062903
2018-10-23,1.479373642925201
2018-10-24,1.4280680822923892
2018-10-25,1.4674875258110958
2018-10-26,1.4429473694121722
2018-10-29,1.4236220254117387
2018-10-30,1.4379067488418231
2018-10-31,1.4640359939986507
2018-11-01,1.4783170234478369
2018-11-02,1.4550255127964173
2018-11-05,1.4564703720580268
2018-11-06,1.4641914562196943
2018-11-07,1.4990996559680905
2018-11-08,1.497700949522985
2018-11-09,1.4805764588757289
2018-11-12,1.443591677196483
2018-11-13,1.4441304103331911
2018-11-14,1.4307764491899808
2018-11-15,1.4580830736045813
2018-11-16,1.4584977960057446
2018-11-19,1.4188893576582324
2018-11-20,1.3936835392925013
2018-11-21,1.4015806285992378
2018-11-23,1.3914483907309678
2018-11-26,1.4165897769677531
2018-11-27,1.4196041339882597
2018-11-28,1.4570955505841796
2018-11-29,1.448358233123348
2018-11-30,1.459833657776916
2018-12-03,1.4852286993138726
2018-12-04,1.4452862018402266
2018-12-06,1.4477321132831715
2018-12-07,1.4067215161135667
2018-12-10,1.4219146511591927
2018-12-11,1.4231906648508652
2018-12-12,1.4314766255906992
2018-12-13,1.43263912591522
2018-12-14,1.404354520912899
2018-12-17,1.379659626270823
2018-12-18,1.3880950581417786
2018-12-19,1.3662666190414914
2018-12-20,1.3441251464861155
2018-12-21,1.3030628272255895
2018-12-24,1.2716022240952316
2018-12-26,1.3425324689777174
2018-12-27,1.3515556826562274
2018-12-28,1.3497614215139395
2018-12-31,1.3617255529745336
2019-01-02,1.3633446684127184
2019-01-03,1.310845639161978
2019-01-04,1.3590858757820055
2019-01-07,1.3688190566174399
2019-01-08,1.3785386808010534
2019-01-09,1.3913071026473482
2019-01-10,1.3950287800614602
2019-01-11,1.3942466604892938
2019-01-14,1.3835186255416423
2019-01-15,1.3993561032202517
2019-01-16,1.401148330569834
2019-01-17,1.4091779486198033
2019-01-18,1.4252717390245415
2019-01-22,1.4080033907684342
2019-01-23,1.4116585284697414
2019-01-24,1.420647851411383
2019-01-25,1.4346108692793793
2019-01-28,1.4204963178069356
2019-01-29,1.4118558353390305
2019-01-30,1.4437741492847547
2019-01-31,1.4479438784157088
2019-02-01,1.4508863305661202
2019-02-04,1.4653655525262346
2019-02-05,1.4747729896243342
2019-02-06,1.4768576607010626
2019-02-07,1.4644209042123062
2019-02-08,1.4705878681889726
2019-02-11,1.4693740719050015
2019-02-12,1.484924029084364
2019-02-13,1.4862256612953195
2019-02-14,1.4884360017390856
2019-02-15,1.4996679837519082
2019-02-19,1.501289984483063
2019-02-20,1.5021946967493933
2019-02-21,1.498476121921948
2019-02-22,1.5130309385054803
2019-02-25,1.5164821789386351
2019-02-26,1.5194122914342674
2019-02-27,1.5150767547475579
2019-02-28,1.511021104880774
2019-03-01,1.5151676673393562
2019-03-04,1.5135002820313865
2019-03-05,1.51138860512539
2019-03-06,1.5061220345736974
2019-03-07,1.497558141045726
2019-03-08,1.4979943652857732
2019-03-11,1.5206052984614127
2019-03-12,1.5290526392388526
2019-03-13,1.5363753373493276
2019-03-14,1.5352303713091964
2019-03-15,1.544413579475883
2019-03-18,1.5490239804695514
2019-03-19,1.5499193354817487
2019-03-20,1.5500747321880552
2019-03-21,1.575295472754736
2019-03-22,1.5543419143114456
2019-03-25,1.550710360768159
2019-03-26,1.5583237899598092
2019-03-27,1.5539979292817876
2019-03-28,1.5600691386546506
2019-03-29,1.5706186247302365
2019-04-01,1.5820391589865772
2019-04-02,1.5856580436960197
2019-04-03,1.590316894225736
2019-04-04,1.5888202298049288
2019-04-05,1.5953636539158806
2019-04-08,1.5977171069191456
2019-04-09,1.5924137444469684
2019-04-10,1.6006552936277327
2019-04-11,1.5976114011315496
2019-04-12,1.6043378932240127
2019-04-15,1.6044823068533955
2019-04-16,1.6069960655572133
2019-04-17,1.6103191959219227
2019-04-18,1.6151719076678277
2019-04-22,1.615976766314308
2019-04-23,1.6299687278545119
2019-04-24,1.631647483390251
2019-04-25,1.6306731812438124
2019-04-26,1.6309586556641602
2019-04-29,1.63004771489124
2019-04-30,1.63319945185388
2019-05-01,1.6284472350462562
2019-05-02,1.6212919101048666
2019-05-03,1.6347900406073195
2019-05-06,1.627082089771042
2019-05-07,1.6021494951264688
2019-05-08,1.5993917288191177
2019-05-09,1.5927349047210106
2019-05-10,1.597400853659088
2019-05-13,1.5562263888552381
2019-05-14,1.5729806972594693
2019-05-15,1.5863216281774661
2019-05-16,1.5969763737423084
2019-05-17,1.588377755575539
2019-05-20,1.571013889020763
2019-05-21,1.5847710096665268
2019-05-22,1.5809515217412475
2019-05-23,1.5647135145646007
2019-05-24,1.5661129111059586
2019-05-28,1.56211505957386
2019-05-29,1.5549345282631957
2019-05-30,1.563906929854117
2019-05-31,1.5475493398805782
2019-06-03,1.531720481972736
2019-06-04,1.5675882559331076
2019-06-05,1.5810017007497836
2019-06-06,1.5948622663855803
2019-06-07,1.6181123335175611
2019-06-10,1.6267676481644968
2019-06-11,1.6268539398865827
2019-06-12,1.6211410829373976
2019-06-13,1.6265796562089812
2019-06-14,1.6186254262757647
2019-06-17,1.6200120807714216
2019-06-18,1.6424997532297054
2019-06-19,1.6472573536643147
2019-06-20,1.6654875681838675
2019-06-21,1.6517110626646514
2019-06-24,1.6553031348070488
2019-06-25,1.634828122682803
2019-06-26,1.643106810747223
2019-06-27,1.6489769559400884
2019-06-28,1.6506845299345836
2019-07-01,1.668040493598502
2019-07-02,1.6740724097359037
2019-07-03,1.6868795627391453
2019-07-05,1.6801349712949636
2019-07-08,1.671258440900394
2019-07-09,1.6748909653155497
2019-07-10,1.6824195778762225
2019-07-11,1.6821055895455184
2019-07-12,1.6908714331175125
2019-07-15,1.695997911981087
2019-07-16,1.6853111788885853
2019-07-17,1.6839782470579945
2019-07-18,1.6922348304906838
2019-07-19,1.685084407996399
2019-07-22,1.6971227254568093
2019-07-23,1.703163523833015
2019-07-24,1.7139845093318542
2019-07-25,1.7063378285778263
2019-07-26,1.7122815870537504
2019-07-29,1.7110408069357155
2019-07-30,1.7056451846561727
2019-07-31,1.6908572265561133
2019-08-01,1.6883469618066969
2019-08-02,1.6716846440237025
2019-08-05,1.6243357940754297
2019-08-06,1.6489141605983546
2019-08-07,1.655491244162861
2019-08-08,1.6883808491653154
2019-08-09,1.6740164740938597
2019-08-12,1.6614868138616796
2019-08-13,1.6930710727603968
2019-08-14,1.6566488065327556
2019-08-15,1.657862130915859
2019-08-16,1.681798258917229
2019-08-19,1.6982956448224527
2019-08-20,1.693184504368472
2019-08-21,1.706417960532901
2019-08-22,1.701907154607591
2019-08-23,1.6634365289375805
2019-08-26,1.6810737257455866
2019-08-27,1.6820310387866544
2019-08-28,1.6857103162852645
2019-08-29,1.7078847992622115
2019-08-30,1.707530796835459
2019-09-03,1.6921531140232684
2019-09-04,1.7150826983608873
2019-09-05,1.7364383245558812
2019-09-06,1.7380861437345672
2019-09-09,1.7251819046074377
2019-09-10,1.7145868644255038
2019-09-11,1.7272321885450919
2019-09-12,1.731940805003799
2019-09-13,1.71774432895959
2019-09-16,1.7181347246030798
2019-09-17,1.7248721034272076
2019-09-18,1.7263453707582315
2019-09-19,1.7293475324616518
2019-09-20,1.7149651759388296
2019-09-23,1.717789726229138
2019-09-24,1.708676135658304
2019-09-25,1.719048404202917
2019-09-26,1.7210773486782136
2019-09-27,1.706179307485225
2019-09-30,1.7195480864297947
2019-10-01,1.7053410919594438
2019-10-02,1.679456231266709
2019-10-03,1.6980061957308752
2019-10-04,1.7227247337080818
2019-10-07,1.7142475048327124
2019-10-08,1.689621228664661
2019-10-09,1.708032893118721
2019-10-10,1.7139109284370637
2019-10-11,1.7288320443371656
2019-10-14,1.730043435911089
2019-10-15,1.7410230448177837
2019-10-16,1.7342276229045492
2019-10-17,1.7328199835592124
2019-10-18,1.721857669629325
2019-10-21,1.7324939669225554
2019-10-22,1.7202966821380037
2019-10-23,1.7226894679583984
2019-10-24,1.7366622703808927
2019-10-25,1.7483011197062115
2019-10-28,1.759243190249178
2019-10-29,1.7507041460355015
2019-10-30,1.7630203654847236
2019-10-31,1.7659935914945406
2019-11-01,1.7800956545677304
2019-11-04,1.7821118161378156
2019-11-05,1.7765057514052733
2019-11-06,1.7782652083268369
2019-11-07,1.7813269859640177
2019-11-08,1.78649637540381
2019-11-11,1.7862284979096523
2019-11-12,1.7920439665460335
2019-11-13,1.7964647792999264
2019-11-14,1.8002284574320904
2019-11-15,1.81081697054372
2019-11-18,1.8146253465962847
2019-11-19,1.8196360721497042
2019-11-20,1.8162530070062848
2019-11-21,1.8082784428103411
2019-11-22,1.8086417426940953
2019-11-25,1.826901360596984
2019-11-26,1.8313651453026722
2019-11-27,1.8373730080473276
2019-11-29,1.8319129539600092
2019-12-02,1.808281318839757
2019-12-03,1.803125210615038
2019-12-04,1.8068848771192219
2019-12-05,1.8097347846695835
2019-12-06,1.8228049955113657
2019-12-09,1.8170897329231486
2019-12-10,1.8174574380642305
2019-12-11,1.8283474791093113
2019-12-12,1.8373691868665516
2019-12-13,1.8485079210904138
2019-12-16,1.8568531437851468
2019-12-17,1.8542374243182314
2019-12-18,1.8508361881808968
2019-12-19,1.8597763368184872
2019-12-20,1.862462535821461
2019-12-23,1.8654028707657038
2019-12-24,1.8668694804994206
2019-12-26,1.8777260595616505
2019-12-27,1.87792306662552
2019-12-30,1.8680295731918584
2019-12-31,1.8688733190620916
2020-01-02,1.8963885050152192
2020-01-03,1.8883275366228103
2020-01-06,1.8902995528693123
2020-01-07,1.8864558905640638
2020-01-08,1.8969033059123717
2020-01-09,1.9129104087626092
2020-01-10,1.9129133030043952
2020-01-13,1.927327520234742
2020-01-14,1.9240552672623568
2020-01-15,1.9291195832577175
2020-01-16,1.945498808187223
2020-01-17,1.9503007250198603
2020-01-21,1.9532518000249026
2020-01-22,1.958434752062802
2020-01-23,1.9667287458298628
2020-01-24,1.9604828117763327
2020-01-27,1.9325434890255937
2020-01-28,1.9570482095477233
2020-01-29,1.9628837535165802
2020-01-30,1.9741918286957452
2020-01-31,1.9381193835859998
2020-02-03,1.9562855329710238
2020-02-04,1.9894890839875283
2020-02-05,1.9979019131358475
2020-02-06,2.011337560495475
2020-02-07,2.0032774879678015
2020-02-10,2.023323615706155
2020-02-11,2.018564726039728
2020-02-12,2.0322649079456583
2020-02-13,2.030347481253081
2020-02-14,2.037650797430693
2020-02-18,2.0349243761046596
2020-02-19,2.050745230814159
2020-02-20,2.0400025768471095
2020-02-21,2.0121950034290075
2020-02-24,1.9518776665404152
2020-02-25,1.8968157928446896
2020-02-26,1.9019352525994255
2020-02-27,1.811828129963212
2020-02-28,1.825324358926679
2020-03-02,1.9246979513253495
2020-03-03,1.8597375223867763
2020-03-04,1.9346082409406113
2020-03-05,1.880427978609088
2020-03-06,1.8467641516248838
2020-03-09,1.7127971815221998
2020-03-10,1.823810373170772
2020-03-11,1.7379893899836751
2020-03-12,1.5709961175904885
2020-03-13,1.754448908994718
2020-03-16,1.5171031537077464
2020-03-17,1.6199663058591598
2020-03-18,1.5587346554003734
2020-03-19,1.5644684723401718
2020-03-20,1.4934882279583057
2020-03-23,1.4724963393113524
2020-03-24,1.6214626267084062
2020-03-25,1.619732672798017
2020-03-26,1.719305779320689
2020-03-27,1.6430980297429563
2020-03-30,1.7116158766372072
2020-03-31,1.6799831153174698
2020-04-01,1.6016310645344984
2020-04-02,1.63875081303346
2020-04-03,1.6140463163234369
2020-04-06,1.7469220931968952
2020-04-07,1.731935864547635
2020-04-08,1.7774102270758945
2020-04-09,1.7792241684424974
2020-04-13,1.7813193633171638
2020-04-14,1.85189018633408
2020-04-15,1.815900706090908
2020-04-16,1.8371987170536608
2020-04-17,1.8611462920157766
2020-04-20,1.833166895446999
2020-04-21,1.7604270682187393
2020-04-22,1.8247328092412023
2020-04-23,1.8136607414826638
2020-04-24,1.8500493313990902
2020-04-27,1.8639618872744632
2020-04-28,1.8437290403963469
2020-04-29,1.9110717756205224
2020-04-30,1.900478739256168
2020-05-01,1.8527084917289607
2020-05-04,1.8740830163256454
2020-05-05,1.8969902064438704
2020-05-06,1.905963262886877
2020-05-07,1.934208700456651
2020-05-08,1.9587669511417354
2020-05-11,1.9670887620236464
2020-05-12,1.9329430648289578
2020-05-13,1.9029145517321195
2020-05-14,1.926696222077351
2020-05-15,1.9352810412500627
2020-05-18,1.9770254747506226
2020-05-19,1.9695184219282036
2020-05-20,2.008442458461748
2020-05-21,1.9855568541310016
2020-05-22,1.9927797292136606
2020-05-26,1.9918609084331045
2020-05-27,2.0042123820124886
2020-05-28,1.9999757391176975
2020-05-29,2.0221449616530474
2020-06-01,2.021216395131217
2020-06-02,2.037443584312527
2020-06-03,2.0505393521949467
2020-06-04,2.0340265488143334
2020-06-05,2.0798771755657173
2020-06-08,2.092374181254772
2020-06-09,2.0999033579820456
2020-06-10,2.128372163184513
2020-06-11,2.021404508236267
2020-06-12,2.0457291187995064
2020-06-15,2.064470826250157
2020-06-16,2.1036817960911653
2020-06-17,2.102840946214608
2020-06-18,2.112036013003635
2020-06-19,2.0975528695460754
2020-06-22,2.1271278802637097
2020-06-23,2.139818983765076
2020-06-24,2.095224719014431
2020-06-25,2.1204494753483365
2020-06-26,2.0813053056653725
2020-06-29,2.1033974731223464
2020-06-30,2.136574957278389
2020-07-01,2.140960783994029
2020-07-02,2.1525301430598183
2020-07-06,2.185624825095072
2020-07-07,2.1671276448664907
2020-07-08,2.196559680774989
2020-07-09,2.203485771799334
2020-07-10,2.205458488964352
2020-07-13,2.168523431407375
2020-07-14,2.1925024625117104
2020-07-15,2.2038954965159876
2020-07-16,2.1830570495322275
2020-07-17,2.191910900003644
2020-07-20,2.2368638133666696
2020-07-21,2.22112985632776
2020-07-22,2.2370432249954675
2020-07-23,2.192546162003005
2020-07-24,2.1703054057332607
2020-07-27,2.1978204625588464
2020-07-28,2.1781126320259503
2020-07-29,2.2055691522605847
2020-07-30,2.215112239991843
2020-07-31,2.2590523643018963
2020-08-03,2.3016217923667734
2020-08-04,2.3096244547171922
2020-08-05,2.3157639484476644
2020-08-06,2.3432069421938326
2020-08-07,2.3166810927723147
2020-08-10,2.311941707580732
2020-08-11,2.275842484262998
2020-08-12,2.316242205577663
2020-08-13,2.3132184256422432
2020-08-14,2.310952356669806
2020-08-17,2.3238350240767325
2020-08-18,2.3328980599614226
2020-08-19,2.3272660223483292
2020-08-20,2.3529101617244432
2020-08-21,2.3772395726139552
2020-08-24,2.395394919802766
2020-08-25,2.403036707229553
2020-08-26,2.440129409221201
2020-08-27,2.4373717594429802
2020-08-28,2.455157597138194
2020-08-31,2.4611786391415356
2020-09-01,2.5027143334185467
2020-09-02,2.5270972639134732
2020-09-03,2.4062390121269224
2020-09-04,2.3739148491474293
2020-09-08,2.281189933033304
2020-09-09,2.346555501502267
2020-09-10,2.3006718165393307
2020-09-11,2.287311808816133
2020-09-14,2.32802094619621
2020-09-15,2.3463446444843368
2020-09-16,2.3176727532967525
2020-09-17,2.3009419348907096
2020-09-18,2.2651672467725588
2020-09-21,2.272568567215435
2020-09-22,2.303105514752387
2020-09-23,2.241615216040194
2020-09-24,2.252971254164596
2020-09-25,2.2997491223375217
2020-09-28,2.3378133465607074
2020-09-29,2.3303248744354015
2020-09-30,2.345337892339901
2020-10-01,2.3662793430192037
2020-10-02,2.316683144177006
2020-10-05,2.357442571032808
2020-10-06,2.3256039449115318
2020-10-07,2.3632361273911466
2020-10-08,2.37659521449204
2020-10-09,2.4074685624858616
2020-10-12,2.463438533930335
2020-10-13,2.4515598499536324
2020-10-14,2.4402230895921355
2020-10-15,2.430998520886535
2020-10-16,2.4247387393087085
2020-10-19,2.3845854537423308
2020-10-20,2.390287468000633
2020-10-21,2.386170337833175
2020-10-22,2.3765884170076403
2020-10-23,2.376986006787714
2020-10-26,2.333795134605225
2020-10-27,2.343924787733762
2020-10-28,2.2522910848005853
2020-10-29,2.286805250121086
2020-10-30,2.239322422873493
2020-11-02,2.246639306480553
2020-11-03,2.2838836709231103
2020-11-04,2.3677466437293018
2020-11-05,2.432817809305556
2020-11-06,2.436943019242095
2020-11-09,2.4229334285720556
2020-11-10,2.3870206118261494
2020-11-11,2.4325608357956
2020-11-12,2.4175786307919895
2020-11-13,2.4376170811232685
2020-11-16,2.4588617295488215
2020-11-17,2.4489215606845356
2020-11-18,2.4262965229802
2020-11-19,2.4434524110311395
2020-11-20,2.4254072491735377
2020-11-23,2.4261125594879123
2020-11-24,2.4536060431458577
2020-11-25,2.4555125726390643
2020-11-27,2.468824047097341
2020-11-30,2.4773619834741654
2020-12-01,2.4983886064435423
2020-12-02,2.4941737461481934
2020-12-03,2.495544720359085
2020-12-04,2.5121173348727805
2020-12-07,2.5191926959782496
2020-12-08,2.527747843683376
2020-12-09,2.4904249474862747
2020-12-10,2.4957608666681996
2020-12-11,2.4928800777445588
2020-12-14,2.496131736730627
2020-12-15,2.5303555823160226
2020-12-16,2.5419277222626477
2020-12-17,2.5568781249904355
2020-12-18,2.545843048068077
2020-12-21,2.5433611640082923
2020-12-22,2.5602831284351297
2020-12-23,2.5445725608338496
2020-12-24,2.559488696042726
2020-12-28,2.583429129402611
2020-12-29,2.57378828520862
2020-12-30,2.5741749559944935
2020-12-31,2.579680062306169
2021-01-04,2.5441127427698422
2021-01-05,2.557189864287274
2021-01-06,2.521615944388683
2021-01-07,2.5750207868395703
2021-01-08,2.5880131515543834
2021-01-11,2.569768442148557
2021-01-12,2.560895654042578
2021-01-13,2.5771689845831136
2021-01-14,2.5568298411729407
2021-01-15,2.536532273192778
2021-01-19,2.564487064192784
2021-01-20,2.6067117601287966
2021-01-21,2.627812022421902
2021-01-22,2.6203757580159124
2021-01-25,2.641429691502507
2021-01-26,2.6414195191885597
2021-01-27,2.5961102900775215
2021-01-28,2.6066525770545543
2021-01-29,2.5486446895527073
2021-02-01,2.6078205449228373
2021-02-02,2.640325515668339
2021-02-03,2.6315667507171603
2021-02-04,2.667030493955625
2021-02-05,2.6621451592557484
2021-02-08,2.686868909943644
2021-02-09,2.6844839459786045
2021-02-10,2.6832294667458925
2021-02-11,2.704723397171329
2021-02-12,2.7140442057428005
2021-02-16,2.702899543099891
2021-02-17,2.6870773722788903
2021-02-18,2.6744283694846653
2021-02-19,2.6675759142126476
2021-02-22,2.6183659234443595
2021-02-23,2.612589623274025
2021-02-24,2.6459009131491795
2021-02-25,2.5628066788639225
2021-02-26,2.578570487823506
2021-03-01,2.6504205657253457
2021-03-02,2.6160425910364977
2021-03-03,2.558515835950209
2021-03-04,2.508313748437086
2021-03-05,2.5526212280885585
2021-03-08,2.502094179796123
2021-03-09,2.575990919835693
2021-03-10,2.5711788616387046
2021-03-11,2.613495197216522
2021-03-12,2.594578323166474
2021-03-15,2.618629001814379
2021-03-16,2.630501957940476
2021-03-17,2.6283050528597465
2021-03-18,2.5677077876163934
2021-03-19,2.561730972052385
2021-03-22,2.600419004105318
2021-03-23,2.58872513862659
2021-03-24,2.566430397961895
2021-03-25,2.5653519342740236
2021-03-26,2.6164115509003887
2021-03-29,2.604049686430548
2021-03-30,2.587379510835789
2021-03-31,2.61530764945985
2021-04-01,2.661528545348998
2021-04-05,2.702876019466246
2021-04-06,2.698363097960829
2021-04-07,2.7049558344181377
2021-04-08,2.7353595866547216
2021-04-09,2.753892675316135
2021-04-12,2.7459947948738157
2021-04-13,2.766980153748437
2021-04-14,2.7457373685442996
2021-04-15,2.7887049210599066
2021-04-16,2.786813344589769
2021-04-19,2.768455591876914
2021-04-20,2.7510379684837414
2021-04-21,2.774902320064932
2021-04-22,2.7515592005057696
2021-04-23,2.782565312806529
2021-04-26,2.791710782694722
2021-04-27,2.7832442974804934
2021-04-28,2.767376619424459
2021-04-29,2.7683519560390324
2021-04-30,2.7420386295131487
2021-05-03,2.737948926639865
2021-05-04,2.7060936800301314
2021-05-05,2.7026437151926266
2021-05-06,2.7252279358942286
2021-05-07,2.7420088270574063
2021-05-10,2.689412209645505
2021-05-11,2.6771803460500583
2021-05-12,2.6115597487806137
2021-05-13,2.643143681624577
2021-05-14,2.69474145899058
2021-05-17,2.6796112580342943
2021-05-18,2.6599293115447096
2021-05-19,2.6642769936791884
2021-05-20,2.7077226459188233
2021-05-21,2.6984859803880705
2021-05-24,2.7370528728830497
2021-05-25,2.740270598496529
2021-05-26,2.7405367244421783
2021-05-27,2.730142227036503
2021-05-28,2.7364079323680532
2021-06-01,2.7269522354504665
2021-06-02,2.7406201814825812
2021-06-03,2.720967419601813
2021-06-04,2.7650010537430996
2021-06-07,2.7625931504891215
2021-06-08,2.766111042646931
2021-06-09,2.7703431658007585
2021-06-10,2.7884621807459253
2021-06-11,2.7984235715409493
2021-06-14,2.812338410163881
2021-06-15,2.8004134244248906
2021-06-16,2.7872404104309156
2021-06-17,2.8133750177296744
2021-06-18,2.7944041170186127
2021-06-21,2.8130093755763506
2021-06-22,2.833573162308084
2021-06-23,2.829727197051456
2021-06-24,2.845197736921658
2021-06-25,2.840865887627986
2021-06-28,2.864934323553706
2021-06-29,2.8789957180700783
2021-06-30,2.8794583520499004
2021-07-01,2.885711563746431
2021-07-02,2.917096205145488
2021-07-06,2.9277115557618236
2021-07-07,2.9438060721952346
2021-07-08,2.9224167538549684
2021-07-09,2.9413652053348445
2021-07-12,2.94461780211791
2021-07-13,2.94623879618308
2021-07-14,2.965882798108103
2021-07-15,2.95321646921731
2021-07-16,2.928739849756748
2021-07-19,2.9021848369244387
2021-07-20,2.9369584143839047
2021-07-21,2.955445288584692
2021-07-22,2.974921582910891
2021-07-23,2.9970172556501318
2021-07-26,2.9962651067436386
2021-07-27,2.9805517823258256
2021-07-28,2.9779023801666646
2021-07-29,2.986950201680686
2021-07-30,2.9847603680980286
2021-08-02,2.9800376739694494
2021-08-03,2.9976933200181266
2021-08-04,2.9993837264550334
2021-08-05,3.011418091641144
2021-08-06,3.0026627899030247
2021-08-09,2.994459309533076
2021-08-10,2.9799011383821554
2021-08-11,2.981482434215225
2021-08-12,2.9930194340247787
2021-08-13,3.0122102411226503
2021-08-16,3.023208769772487
2021-08-17,3.0032125494190054
2021-08-18,2.9713314874054224
2021-08-19,2.9952296256432023
2021-08-20,3.026689695984908
2021-08-23,3.057053287345237
2021-08-24,3.0521162861875735
2021-08-25,3.0483193601730862
2021-08-26,3.0339727912157253
2021-08-27,3.06151039965551
2021-08-30,3.085709770095812
2021-08-31,3.071279388004844
2021-09-01,3.072323488905646
2021-09-02,3.074799883081462
2021-09-03,3.077286226544621
2021-09-07,3.0708815417653423
2021-09-08,3.0659078590608715
2021-09-09,3.06159421178326
2021-09-10,3.0331040896658332
2021-09-13,3.0376310049313444
2021-09-14,3.0371784733851785
2021-09-15,3.058094810474667
2021-09-16,3.0559786836537954
2021-09-17,3.015196607613699
2021-09-20,2.970568683681582
2021-09-21,2.9707565304079986
2021-09-22,3.0069599054076557
2021-09-23,3.0312992556553953
2021-09-24,3.028968613714777
2021-09-27,3.0071962379871895
2021-09-28,2.9306504348166453
2021-09-29,2.9297027256521306
2021-09-30,2.908617319142986
