date,2021_11_08__23_23_13_daily_actor_lr_0.0001_critic_lr_0.001_epoch_10000_gamma_1.0
2015-01-05,0.9819403203037534
2015-01-06,0.9726914277369425
2015-01-07,0.9848123448376582
2015-01-08,1.0022878839507385
2015-01-09,0.9942559509322124
2015-01-12,0.9864674098233273
2015-01-13,0.983692742053284
2015-01-14,0.9777539794577527
2015-01-15,0.9687966703987057
2015-01-16,0.9815022148664079
2015-01-20,0.9835710460984579
2015-01-21,0.988560580246343
2015-01-22,1.0032614515893803
2015-01-23,0.9977607944312683
2015-01-26,1.000097356763965
2015-01-27,0.9869055152609743
2015-01-28,0.9742491359590297
2015-01-29,0.9832556101838293
2015-01-30,0.970890327605819
2015-02-02,0.9829138879426772
2015-02-03,0.9971279754664124
2015-02-04,0.9933310616758336
2015-02-05,1.003358808353539
2015-02-06,1.000584140583513
2015-02-09,0.9961057294459051
2015-02-10,1.006717616706777
2015-02-11,1.0073017572899532
2015-02-12,1.016988755294156
2015-02-13,1.0211750961404487
2015-02-17,1.0227814827450008
2015-02-18,1.0228788395089796
2015-02-19,1.0221486637802506
2015-02-20,1.0282772720656117
2015-02-23,1.0281312369214755
2015-02-24,1.031056807676508
2015-02-25,1.030180596806198
2015-02-26,1.0289636372617192
2015-02-27,1.0254587937661
2015-03-02,1.0319330185725053
2015-03-03,1.0276979993590107
2015-03-04,1.0233661101548688
2015-03-05,1.0244852261574864
2015-03-06,1.0100764251080885
2015-03-09,1.0142627659548553
2015-03-10,0.997809472862149
2015-03-11,0.9954729105294007
2015-03-12,1.0081292898319993
2015-03-13,1.0019335053799463
2015-03-16,1.0153336903585866
2015-03-17,1.0123156306789742
2015-03-18,1.0244852261624606
2015-03-19,1.0198121015014088
2015-03-20,1.0242418342610258
2015-03-23,1.0222460206292556
2015-03-24,1.0165019715744552
2015-03-25,1.0016063867115035
2015-03-26,0.9992211459969216
2015-03-27,1.0015090299480243
2015-03-30,1.0137273038144197
2015-03-31,1.0048678383032428
2015-04-01,1.0013143164222227
2015-04-02,1.004892177494892
2015-04-06,1.011682811775727
2015-04-07,1.0090055007699663
2015-04-08,1.012388648315173
2015-04-09,1.0168913986477268
2015-04-10,1.0224407342038135
2015-04-13,1.0178162879583093
2015-04-14,1.0197634232397
2015-04-15,1.0243391911470776
2015-04-16,1.0240471208808644
2015-04-17,1.0122669524810186
2015-04-20,1.0215158450533848
2015-04-21,1.0202988855136756
2015-04-22,1.0253127588628677
2015-04-23,1.027892713131705
2015-04-24,1.030277467104575
2015-04-27,1.0259942563290636
2015-04-28,1.029255707934288
2015-04-29,1.0250206887542146
2015-04-30,1.0147495501713282
2015-05-01,1.0257508644937576
2015-05-04,1.0286715674385527
2015-05-05,1.016891399027376
2015-05-06,1.0127050581809145
2015-05-07,1.016745363883488
2015-05-08,1.0301319189213503
2015-05-11,1.0251910631754677
2015-05-12,1.0221486643073638
2015-05-13,1.022343377839371
2015-05-14,1.0330039434930083
2015-05-15,1.0341235463113576
2015-05-18,1.0373363195903151
2015-05-19,1.036995570949006
2015-05-20,1.0362653952438508
2015-05-21,1.039283454949561
2015-05-22,1.0368008575597758
2015-05-26,1.0256535081731353
2015-05-27,1.0353891845701173
2015-05-28,1.0342209034128633
2015-05-29,1.0277953570018195
2015-06-01,1.0298885274303793
2015-06-02,1.0288662814115794
2015-06-03,1.0315922708037457
2015-06-04,1.0228749461642457
2015-06-05,1.0211264186843065
2015-06-08,1.0148469074109938
2015-06-09,1.014700872265269
2015-06-10,1.0268704677598686
2015-06-11,1.0301805977443188
2015-06-12,1.0222946998802975
2015-06-15,1.0179136455055557
2015-06-16,1.0234629810510718
2015-06-17,1.0251180460390361
2015-06-18,1.0357786116929462
2015-06-19,1.0261889704558282
2015-06-22,1.0314462357123442
2015-06-23,1.0321764114703498
2015-06-24,1.0246799407453875
2015-06-25,1.021564524311723
2015-06-26,1.021369810787413
2015-06-29,0.9999513227178949
2015-06-30,1.0020444931432122
2015-07-01,1.0100764261705935
2015-07-02,1.00915153691292
2015-07-06,1.0062795123758645
2015-07-07,1.0126077020338058
2015-07-08,0.9956189467213684
2015-07-09,0.9974200468547813
2015-07-10,1.0099790694066861
2015-07-13,1.0211264188810618
2015-07-14,1.025556151644289
2015-07-15,1.0252154029776617
2015-07-16,1.0334420495414465
2015-07-17,1.0343182604841827
2015-07-20,1.0348537227831325
2015-07-21,1.0307647387591028
2015-07-22,1.0289149603059549
2015-07-23,1.023122232906123
2015-07-24,1.0125103456518227
2015-07-27,1.0066202614326427
2015-07-28,1.0189845704614426
2015-07-29,1.0259942574774419
2015-07-30,1.0262376494321315
2015-07-31,1.0246799412974348
2015-08-03,1.0212237762604612
2015-08-04,1.019227962635563
2015-08-05,1.0225867710122687
2015-08-06,1.0142140893544627
2015-08-07,1.0122669540792963
2015-08-10,1.0250206901798822
2015-08-11,1.0157717976736957
2015-08-12,1.0169887572299834
2015-08-13,1.0157231193037424
2015-08-14,1.0194226763449568
2015-08-17,1.0251180470656818
2015-08-18,1.022148665775707
2015-08-19,1.0140680543637446
2015-08-20,0.9928929581827919
2015-08-21,0.9630044316188743
2015-08-24,0.9224553393912788
2015-08-25,0.9116000601994976
2015-08-26,0.9465998168761377
2015-08-27,0.9700141186306077
2015-08-28,0.9700627970126336
2015-08-31,0.9622255775064599
2015-09-01,0.9335053321111643
2015-09-02,0.951224263168601
2015-09-03,0.951905760516964
2015-09-04,0.9374969594372901
2015-09-08,0.9610572963378377
2015-09-09,0.9482062034829934
2015-09-10,0.9533661119777416
2015-09-11,0.957698487978049
2015-09-14,0.9541449660901565
2015-09-15,0.9660711696865083
2015-09-16,0.9744438513949675
2015-09-17,0.9722533242038008
2015-09-18,0.9514189766967048
2015-09-21,0.9563354932813234
2015-09-22,0.9439225058647124
2015-09-23,0.9424134760219087
2015-09-24,0.939005989280094
2015-09-25,0.9387625973699645
2015-09-28,0.9152022604694169
2015-09-29,0.9157377226717022
2015-09-30,0.9328238347628018
2015-10-01,0.9352577538640982
2015-10-02,0.9492284495055386
2015-10-05,0.9661198480685346
2015-10-06,0.9628097180907719
2015-10-07,0.9706956159789719
2015-10-08,0.9794577247436396
2015-10-09,0.980041865327956
2015-10-12,0.98096675458646
2015-10-13,0.974784600069228
2015-10-14,0.9701114753947432
2015-10-15,0.98500706029468
2015-10-16,0.9894854714411563
2015-10-19,0.9899722552620137
2015-10-20,0.9887066173300281
2015-10-21,0.9825731411949185
2015-10-22,0.9991724694658185
2015-10-23,1.0101251054236906
2015-10-26,1.007642507942285
2015-10-27,1.0056953726617377
2015-10-28,1.0171347924382668
2015-10-29,1.016550651856732
2015-10-30,1.0121695974760716
2015-11-02,1.0241444794552599
2015-11-03,1.0271138607624617
2015-11-04,1.0239984443139967
2015-11-05,1.022976198291661
2015-11-06,1.0224407360898626
2015-11-09,1.0128997732142184
2015-11-10,1.0152363355515315
2015-11-11,1.011244708225605
2015-11-12,0.9971279774378955
2015-11-13,0.9859319495717224
2015-11-16,1.0009248912359907
2015-11-17,1.0001947155055901
2015-11-18,1.0160638680463423
2015-11-19,1.0151876571698815
2015-11-20,1.0188911084745018
2015-11-23,1.0177189330356118
2015-11-24,1.0190819277325904
2015-11-25,1.0189358925866385
2015-11-27,1.0201041737558387
2015-11-30,1.01586915452015
2015-12-01,1.0255561525436219
2015-12-02,1.0150854325716898
2015-12-03,1.000876212858216
2015-12-04,1.0203962440510714
2015-12-07,1.014214089535872
2015-12-08,1.0073942482144393
2015-12-09,0.999561896546291
2015-12-10,1.0021418507937327
2015-12-11,0.9827191763648868
2015-12-14,0.9876882656022222
2015-12-15,0.9980567609740134
2015-12-16,1.0126563813116078
2015-12-17,0.9972253342090074
2015-12-18,0.9736688915784116
2015-12-21,0.9816969303423355
2015-12-22,0.9906050742533146
2015-12-23,1.0028720265242919
2015-12-24,1.001216961536014
2015-12-28,0.9989290775812033
2015-12-29,1.0095896432452274
2015-12-30,1.002433921087383
2015-12-31,0.9924061743897844
2016-01-04,0.9785289412414558
2016-01-05,0.9801879005009448
2016-01-06,0.9678235914660207
2016-01-07,0.9446040032390169
2016-01-08,0.9342501113818183
2016-01-11,0.9351603971257282
2016-01-12,0.9427094406105158
2016-01-13,0.9191938878207863
2016-01-14,0.9342841862492375
2016-01-15,0.9142286928540057
2016-01-19,0.9154456524046872
2016-01-20,0.9037141623361171
2016-01-21,0.9087767140669522
2016-01-22,0.9274205343833936
2016-01-25,0.913401160359542
2016-01-26,0.925862826158521
2016-01-27,0.9157864010788779
2016-01-28,0.9205568825175496
2016-01-29,0.9430015109026794
2016-02-01,0.9426568679579265
2016-02-02,0.925668112630412
2016-02-03,0.9312174481815199
2016-02-04,0.9326777996423377
2016-02-05,0.914910190202387
2016-02-08,0.9025945595494897
2016-02-09,0.902643237931517
2016-02-10,0.9018643838190807
2016-02-11,0.8901328937505106
2016-02-12,0.9084846437747883
2016-02-16,0.9238183341133759
2016-02-17,0.9389086325418269
2016-02-18,0.9350630403616733
2016-02-19,0.9346249349234279
2016-02-22,0.9481575251270067
2016-02-23,0.9361826431483005
2016-02-24,0.9404663407666995
2016-02-25,0.9518570821610789
2016-02-26,0.9496626606992904
2016-02-29,0.9422187625196815
2016-03-01,0.9643674263420857
2016-03-02,0.9686998023425174
2016-03-03,0.9724723769496463
2016-03-04,0.9756608109724637
2016-03-07,0.9764396650849225
2016-03-08,0.9657790994209607
2016-03-09,0.9705495808596337
2016-03-10,0.9713284349720713
2016-03-11,0.9870028739848536
2016-03-14,0.985737236052189
2016-03-15,0.98413084944531
2016-03-16,0.9898262201425233
2016-03-17,0.9961057314247155
2016-03-18,0.9948887718758009
2016-03-21,0.9963004449587081
2016-03-22,0.9957649827619024
2016-03-23,0.9891895069208675
2016-03-24,0.9887552957541641
2016-03-28,0.9893394363400729
2016-03-29,0.9984948664327123
2016-03-30,1.0028720265546311
2016-03-31,1.000438107467097
2016-04-01,1.0072530809582976
2016-04-04,1.0039916293989213
2016-04-05,0.9939599884359956
2016-04-06,1.0048191619002251
2016-04-07,0.9927956015446208
2016-04-08,0.9954690182858912
2016-04-11,0.9931368370030214
2016-04-12,1.0023852428053621
2016-04-13,1.0125142405393768
2016-04-14,1.0125590246555591
2016-04-15,1.011439421874644
2016-04-18,1.0185425713877974
2016-04-19,1.0217592388834453
2016-04-20,1.022732806536159
2016-04-21,1.0172321493769196
2016-04-22,1.0172321493800531
2016-04-25,1.0154797276383971
2016-04-26,1.0169848632137133
2016-04-27,1.0190819279153607
2016-04-28,1.009820865737761
2016-04-29,1.0043849508161515
2016-05-02,1.0123643111996108
2016-05-03,1.00354962978148
2016-05-04,0.9979555101180773
2016-05-05,0.9977607965900064
2016-05-06,1.0014116752427935
2016-05-09,1.0022353134677326
2016-05-10,1.01470087354065
2016-05-11,1.0052085890494606
2016-05-12,1.0055006593425608
2016-05-13,0.996738550577491
2016-05-16,1.0065715837494045
2016-05-17,0.9971805502878593
2016-05-18,0.9974687263096933
2016-05-19,0.9940125611851973
2016-05-20,1.0002920724679523
2016-05-23,0.9989290777713258
2016-05-24,1.0118775273931777
2016-05-25,1.0187411792621959
2016-05-26,1.0190332495592844
2016-05-27,1.0234143039555688
2016-05-31,1.021467168697386
2016-06-01,1.0235603391284966
2016-06-02,1.0266757555823263
2016-06-03,1.0236090175242356
2016-06-06,1.0288176044163841
2016-06-07,1.030423991032764
2016-06-08,1.0337827993980524
2016-06-09,1.0323711263235036
2016-06-10,1.0225867715351238
2016-06-13,1.0146969793739327
2016-06-14,1.0127050599808154
2016-06-15,1.0112933869016267
2016-06-16,1.0143114465881684
2016-06-17,1.0053059459105849
2016-06-20,1.0117801707220369
2016-06-21,1.0146521952624559
2016-06-22,1.0129971302730625
2016-06-23,1.0261889718061716
2016-06-24,0.9888039743986938
2016-06-27,0.9716205055382232
2016-06-28,0.9891432627215195
2016-06-29,1.0059874432591651
2016-06-30,1.01969040780374
2016-07-01,1.0218604900753336
2016-07-05,1.0145061601174847
2016-07-06,1.0205909578727972
2016-07-07,1.0199386675540083
2016-07-08,1.0351457941043638
2016-07-11,1.0387966727690283
2016-07-12,1.0463418219916234
2016-07-13,1.0461957868520808
2016-07-14,1.0520371927125702
2016-07-15,1.0506255196535106
2016-07-18,1.0534449715673622
2016-07-19,1.052377941471978
2016-07-20,1.0567346567212184
2016-07-21,1.0527430294097133
2016-07-22,1.0574891716653096
2016-07-25,1.0546171471439547
2016-07-26,1.05510393097121
2016-07-27,1.0539843281892773
2016-07-28,1.0552012877478134
2016-07-29,1.0569050311283217
2016-08-01,1.0560288202628194
2016-08-02,1.0492586308887994
2016-08-03,1.0523292632349386
2016-08-04,1.0534474056800591
2016-08-05,1.0620649397419044
2016-08-08,1.0614321213416027
2016-08-09,1.0620649408616853
2016-08-10,1.059436308628477
2016-08-11,1.0643528254323384
2016-08-12,1.063427936568421
2016-08-15,1.0664946751307276
2016-08-16,1.0609940181316688
2016-08-17,1.062989831846723
2016-08-18,1.0653750726869002
2016-08-19,1.0638173649341618
2016-08-22,1.063768687156363
2016-08-23,1.0659105361063035
2016-08-24,1.06045855740506
2016-08-25,1.05972838168596
2016-08-26,1.057732568024974
2016-08-29,1.0629450492072585
2016-08-30,1.061188733211722
2016-08-31,1.0581706735361718
2016-09-01,1.058219351932033
2016-09-02,1.0629898334061612
2016-09-06,1.066206501061714
2016-09-07,1.0661052501457084
2016-09-08,1.0636713311652968
2016-09-09,1.0382125372775006
2016-09-12,1.0531081222553196
2016-09-13,1.0379691453661368
2016-09-14,1.037579718307894
2016-09-15,1.0479482137336318
2016-09-16,1.0386506427180844
2016-09-19,1.0388453562472921
2016-09-20,1.0388940346296422
2016-09-21,1.0505768463769918
2016-09-22,1.057197106373429
2016-09-23,1.0514043789419547
2016-09-26,1.0428856620797247
2016-09-27,1.049359886924578
2016-09-28,1.0545684738419707
2016-09-29,1.045027510956139
2016-09-30,1.052913408889291
2016-10-03,1.0503821330177154
2016-10-04,1.0450275109704028
2016-10-05,1.0496519572913474
2016-10-06,1.0503821330368983
2016-10-07,1.0467799327617768
2016-10-10,1.052231911582923
2016-10-11,1.0389427132228983
2016-10-12,1.0403057079271878
2016-10-13,1.0368982211669249
2016-10-14,1.0374336833721338
2016-10-17,1.0338314830826887
2016-10-18,1.040305707927364
2016-10-19,1.043080375718189
2016-10-20,1.0411332404278544
2016-10-21,1.041620024255002
2016-10-24,1.0460497570524196
2016-10-25,1.042544913543836
2016-10-26,1.040451743112865
2016-10-27,1.0376770753239621
2016-10-28,1.0346103372398112
2016-10-31,1.0346590156221651
2016-11-01,1.0271625447491688
2016-11-02,1.0209803901980519
2016-11-03,1.0163072654979943
2016-11-04,1.0151876627052723
2016-11-07,1.037579718559716
2016-11-08,1.042252843259775
2016-11-09,1.0532989417695378
2016-11-10,1.0559314687203514
2016-11-11,1.0534975496157157
2016-11-14,1.054325082146129
2016-11-15,1.0625517287716064
2016-11-16,1.0605559152508608
2016-11-17,1.0660078941388444
2016-11-18,1.0636226534854556
2016-11-21,1.0716545867890628
2016-11-22,1.073747757780355
2016-11-23,1.0743318990131336
2016-11-25,1.0783235270155018
2016-11-28,1.073260975872737
2016-11-29,1.0753541464224614
2016-11-30,1.0727741923012355
2016-12-01,1.0688312433646858
2016-12-02,1.069366705580761
2016-12-05,1.0757922520712893
2016-12-06,1.0791997394446142
2016-12-07,1.093316471535152
2016-12-08,1.0959937828836017
2016-12-09,1.1026140430235731
2016-12-12,1.1013484056854117
2016-12-13,1.1086988415667727
2016-12-14,1.0995473057420158
2016-12-15,1.1040743953277468
2016-12-16,1.0954583216229878
2016-12-19,1.0978435624105145
2016-12-20,1.10207858180917
2016-12-21,1.0990118438853345
2016-12-22,1.0971133872019834
2016-12-23,1.0987197739560797
2016-12-27,1.1014457635086519
2016-12-28,1.0923429060149576
2016-12-29,1.0920995141117007
2016-12-30,1.0881078867411034
2017-01-03,1.0964318901707302
2017-01-04,1.1029547934589692
2017-01-05,1.1020785827078483
2017-01-06,1.1060215319005515
2017-01-09,1.1023706535580753
2017-01-10,1.1023706537907736
2017-01-11,1.1054860705807426
2017-01-12,1.102711403249155
2017-01-13,1.1052426796326034
2017-01-17,1.1013484098294724
2017-01-18,1.103782329190791
2017-01-19,1.0996933451132656
2017-01-20,1.1037336509222675
2017-01-23,1.100861626688633
2017-01-24,1.1079199924194145
2017-01-25,1.1175096347243363
2017-01-26,1.1163413549170458
2017-01-27,1.1145889350292901
2017-01-30,1.1076766066726413
2017-01-31,1.1075792500757142
2017-02-01,1.1080173556668345
2017-02-02,1.1087475316039481
2017-02-03,1.1163900379046447
2017-02-06,1.114394225130313
2017-02-07,1.1144429039143757
2017-02-08,1.115903255841163
2017-02-09,1.1225235162367682
2017-02-10,1.1269532497714325
2017-02-13,1.133086726641906
2017-02-14,1.137613816658834
2017-02-15,1.1435525800978161
2017-02-16,1.1425790125246396
2017-02-17,1.1443801128384445
2017-02-21,1.1511950867156384
2017-02-22,1.1501728408411962
2017-02-23,1.150951695101463
2017-02-24,1.152412046724213
2017-02-27,1.154213147062128
2017-02-28,1.1510977305913972
2017-03-01,1.167210275488347
2017-03-02,1.1598598396565736
2017-03-03,1.1605900156154927
2017-03-06,1.1571338520869088
2017-03-07,1.1536776878329131
2017-03-08,1.1515358395996889
2017-03-09,1.1529961914201365
2017-03-10,1.1570364973977336
2017-03-13,1.1576206385423902
2017-03-14,1.1531909065183643
2017-03-15,1.1631699753333369
2017-03-16,1.160882091790124
2017-03-17,1.153823727260407
2017-03-20,1.1525580901909738
2017-03-21,1.1377598625419814
2017-03-22,1.1404371737942605
2017-03-23,1.1392202142894963
2017-03-24,1.1383926818260681
2017-03-27,1.1372244007153194
2017-03-28,1.145499726194212
2017-03-29,1.1465706517602612
2017-03-30,1.1502215320848432
2017-03-31,1.147544221959126
2017-04-03,1.1455484084618328
2017-04-04,1.1462785844681609
2017-04-05,1.142871098324732
2017-04-06,1.1460838717615585
2017-04-07,1.1449155906820503
2017-04-10,1.1455970881250355
2017-04-11,1.1442340933817674
2017-04-12,1.1392202198351722
2017-04-13,1.1318211054735012
2017-04-17,1.1418488525696702
2017-04-18,1.1384413656947334
2017-04-19,1.1363481951879204
2017-04-20,1.145597088141882
2017-04-21,1.1419462093495103
2017-04-24,1.154505232413725
2017-04-25,1.161222849448121
2017-04-26,1.160492673750717
2017-04-27,1.1614662414827133
2017-04-28,1.1589349656164054
2017-05-01,1.1618556687036168
2017-05-02,1.1622937744183728
2017-05-03,1.1608821014029933
2017-05-04,1.1622450962439472
2017-05-05,1.166820864418961
2017-05-08,1.1666261509456843
2017-05-09,1.1655552270341598
2017-05-10,1.167648397862874
2017-05-11,1.1652631572736574
2017-05-12,1.1633160220076362
2017-05-15,1.1697415687874853
2017-05-16,1.1686706443990318
2017-05-17,1.1479336528301114
2017-05-18,1.1525580993155262
2017-05-19,1.160054570460325
2017-05-22,1.1659446549373451
2017-05-23,1.1685246093233315
2017-05-24,1.1712505988606536
2017-05-25,1.1768486131169138
2017-05-26,1.1766052212758868
2017-05-30,1.1755829753072369
2017-05-31,1.1752909050380957
2017-06-01,1.1846371547814947
2017-06-02,1.188580103894861
2017-06-05,1.1877038929856434
2017-06-06,1.1839069790311774
2017-06-07,1.1860975063166868
2017-06-08,1.186681646927261
2017-06-09,1.1848805467181853
2017-06-12,1.1846371548051278
2017-06-13,1.1904298825155333
2017-06-14,1.1889208526491384
2017-06-15,1.1866329686243258
2017-06-16,1.181132311244926
2017-06-19,1.1909653448812605
2017-06-20,1.182933411552927
2017-06-21,1.1826413412763466
2017-06-22,1.1821058790848402
2017-06-23,1.1835175522710124
2017-06-26,1.184296409234196
2017-06-27,1.174755448971721
2017-06-28,1.1852699813722725
2017-06-29,1.1748528157302371
2017-06-30,1.1770433436455177
2017-07-03,1.1790391583640032
2017-07-05,1.1817651488005867
2017-07-06,1.1709585485272151
2017-07-07,1.1785523766503754
2017-07-10,1.1798180156275173
2017-07-11,1.1789418058223313
2017-07-12,1.187801274172817
2017-07-13,1.1897970933742592
2017-07-14,1.1953464414651125
2017-07-17,1.195200431039878
2017-07-18,1.1958332639125624
2017-07-19,1.202307498742942
2017-07-20,1.2028429699193854
2017-07-21,1.2017720568287742
2017-07-24,1.2014799989173168
2017-07-25,1.2044007124388578
2017-07-26,1.2044494016999998
2017-07-27,1.2033298075662262
2017-07-28,1.2019181383901758
2017-07-31,1.201236643876411
2017-08-01,1.2039139584939602
2017-08-02,1.204498103172857
2017-08-03,1.2021615433359063
2017-08-04,1.2043520728359494
2017-08-07,1.2065912821990639
2017-08-08,1.2036219039058975
2017-08-09,1.2035732264795247
2017-08-10,1.1865844686675153
2017-08-11,1.1883368907577705
2017-08-14,1.2001170614755892
2017-08-15,1.1999710263024896
2017-08-16,1.2020641971340926
2017-08-17,1.1833230164491717
2017-08-18,1.181473237576194
2017-08-21,1.1823981270136716
2017-08-22,1.194762438435339
2017-08-23,1.1904787401906685
2017-08-24,1.1877040719279395
2017-08-25,1.1904787402863577
2017-08-28,1.190527418955551
2017-08-29,1.1918904141879536
2017-08-30,1.197537107754349
2017-08-31,1.204741509979169
2017-09-01,1.2064452544995794
2017-09-05,1.1977805025728911
2017-09-06,1.2018694875437446
2017-09-07,1.2017234525859344
2017-09-08,1.2003117794604936
2017-09-11,1.2131141965286982
2017-09-12,1.2172031824900165
2017-09-13,1.2177873246553197
2017-09-14,1.2173978991678123
2017-09-15,1.2130168454544918
2017-09-18,1.2155968026349366
2017-09-19,1.2168137655823386
2017-09-20,1.2172518741461165
2017-09-21,1.2139904260041787
2017-09-22,1.2142338230222203
2017-09-25,1.2117512310356384
2017-09-26,1.2124814100497645
2017-09-27,1.2172032171674085
2017-09-28,1.2186635729766055
2017-09-29,1.2229472765986773
2017-10-02,1.2282532240255986
2017-10-03,1.2308818599791909
2017-10-04,1.2323422134593847
2017-10-05,1.2396439739994607
2017-10-06,1.238232302798055
2017-10-09,1.2361878121145553
2017-10-10,1.2394492655884595
2017-10-11,1.241396402978586
2017-10-12,1.2395466343487789
2017-10-13,1.241055672806913
2017-10-16,1.2427107541341362
2017-10-17,1.2435869734787444
2017-10-18,1.244803942315134
2017-10-19,1.245144704891584
2017-10-20,1.2515702699723803
2017-10-23,1.2467024416125432
2017-10-24,1.2488929705859892
2017-10-25,1.2427108149952042
2017-10-26,1.24431720287841
2017-10-27,1.254490988595899
2017-10-30,1.2498178653112375
2017-10-31,1.251765002128747
2017-11-01,1.2534200692085948
2017-11-02,1.2539068547033134
2017-11-03,1.2580931985081074
2017-11-06,1.2600403454711449
2017-11-07,1.2591641409403145
2017-11-08,1.261305993988515
2017-11-09,1.2567302289508495
2017-11-10,1.256340803222993
2017-11-13,1.2575090852666193
2017-11-14,1.2545883816529744
2017-11-15,1.2483088683913106
2017-11-16,1.258920759425983
2017-11-17,1.2552212013041681
2017-11-20,1.2573630512751
2017-11-21,1.2655897027374845
2017-11-22,1.264470111207707
2017-11-24,1.267390823756481
2017-11-27,1.266758017913281
2017-11-28,1.2796091249304036
2017-11-29,1.2788302794089597
2017-11-30,1.2900263137856371
2017-12-01,1.2873490024264977
2017-12-04,1.2857912941474268
2017-12-05,1.2811668464221502
2017-12-06,1.2814102394208007
2017-12-07,1.2854505486353758
2017-12-08,1.2924602464323345
2017-12-11,1.2963545409708288
2017-12-12,1.2986424589064047
2017-12-13,1.2984964349047117
2017-12-14,1.293190495455196
2017-12-15,1.2973281633744935
2017-12-18,1.3055548415993075
2017-12-19,1.3005409827702805
2017-12-20,1.2998594908111079
2017-12-21,1.302536812438736
2017-12-22,1.3021960751695123
2017-12-26,1.3006383753203115
2017-12-27,1.3012712003771445
2017-12-28,1.3039485166844034
2017-12-29,1.2990320030852749
2018-01-02,1.3083295801908865
2018-01-03,1.3166049185249133
2018-01-04,1.322154286304188
2018-01-05,1.3309651033932748
2018-01-08,1.3333990466553565
2018-01-09,1.3364171224229249
2018-01-10,1.3343726338147204
2018-01-11,1.34410832475141
2018-01-12,1.3528704465952006
2018-01-16,1.348246001952406
2018-01-17,1.361097103187133
2018-01-18,1.3588092179087619
2018-01-19,1.364991376400056
2018-01-22,1.3760900548942931
2018-01-23,1.3790107601699468
2018-01-24,1.378475298081666
2018-01-25,1.3790594392697362
2018-01-26,1.3950259588543075
2018-01-29,1.3857770608280708
2018-01-30,1.3715629642382365
2018-01-31,1.3722444620204017
2018-02-01,1.3706867528095206
2018-02-02,1.3408468856551
2018-02-05,1.2847693538970908
2018-02-06,1.310082128648975
2018-02-07,1.3029750803532538
2018-02-08,1.254101953716923
2018-02-09,1.272940499541883
2018-02-12,1.29163301012789
2018-02-13,1.29484578538486
2018-02-14,1.312321335646257
2018-02-15,1.3290667097128883
2018-02-16,1.3294561370167637
2018-02-20,1.3211321283964323
2018-02-21,1.3145605426435396
2018-02-22,1.3162642870979933
2018-02-23,1.3372446830942666
2018-02-26,1.3527730968362899
2018-02-27,1.3358816875307111
2018-02-28,1.3223490887210496
2018-03-01,1.3031211155922142
2018-03-02,1.3098387365840607
2018-03-05,1.324977723022207
2018-03-06,1.32833653351813
2018-03-07,1.3278497493882861
2018-03-08,1.3342752999022263
2018-03-09,1.3574949028957835
2018-03-12,1.355791158441371
2018-03-13,1.3470290441041861
2018-03-14,1.3401167094604027
2018-03-15,1.3386563570708905
2018-03-16,1.334762084032204
2018-03-19,1.3167023928152852
2018-03-20,1.3189415998125684
2018-03-21,1.3164103223373804
2018-03-22,1.2835037151599222
2018-03-23,1.2561464470626842
2018-03-26,1.290513406629677
2018-03-27,1.2685594423737085
2018-03-28,1.2648112045739088
2018-03-29,1.2809724376847327
2018-04-02,1.2533230991095883
2018-04-03,1.2693869753944431
2018-04-04,1.2829682526170934
2018-04-05,1.2930933625178505
2018-04-06,1.2642757420310808
2018-04-09,1.2705065788930852
2018-04-10,1.2907081202816149
2018-04-11,1.283941820876782
2018-04-12,1.294505036494399
2018-04-13,1.2907081202816157
2018-04-16,1.3013200143122228
2018-04-17,1.315242040425793
2018-04-18,1.3162156086858026
2018-04-19,1.3089138467382937
2018-04-20,1.2978151685779233
2018-04-23,1.2976204549260015
2018-04-24,1.280144904664632
2018-04-25,1.283309001508622
2018-04-26,1.296354816188452
2018-04-27,1.2975717765131005
2018-04-30,1.2875927018514555
2018-05-01,1.2898805872618433
2018-05-02,1.2812158297508605
2018-05-03,1.2783924817978585
2018-05-04,1.29494314221268
2018-05-07,1.2993241993820945
2018-05-08,1.2993241993829658
2018-05-09,1.3118832299342047
2018-05-10,1.3241501900199977
2018-05-11,1.3281904983155686
2018-05-14,1.3288233177379798
2018-05-15,1.319671776123747
2018-05-16,1.3252211152054463
2018-05-17,1.3241015117159505
2018-05-18,1.3207913796426363
2018-05-21,1.3307217759021093
2018-05-22,1.3270222165319974
2018-05-23,1.3306730975197583
2018-05-24,1.3279471064332613
2018-05-25,1.3247830096299353
2018-05-29,1.3095466663763706
2018-05-30,1.3270222166413785
2018-05-31,1.3188929216715723
2018-06-01,1.3318413795281667
2018-06-04,1.3381695732209624
2018-06-05,1.3391431414937098
2018-06-06,1.3503391765098103
2018-06-07,1.350193141361012
2018-06-08,1.3541847712639075
2018-06-11,1.355985872577309
2018-06-12,1.3577382954728356
2018-06-13,1.3534059167443868
2018-06-14,1.3568134056657604
2018-06-15,1.3490248596300913
2018-06-18,1.3462501901407569
2018-06-19,1.3410902784015006
2018-06-20,1.343378163820397
2018-06-21,1.3349567983890862
2018-06-22,1.3373907190403334
2018-06-25,1.3191849925780303
2018-06-26,1.3221056973586556
2018-06-27,1.3111530544315013
2018-06-28,1.3186495300350867
2018-06-29,1.320547988142517
2018-07-02,1.323371336097246
2018-07-03,1.3186982084486356
2018-07-05,1.3294561377240495
2018-07-06,1.3407008511299023
2018-07-09,1.3527730975651704
2018-07-10,1.3576409388939932
2018-07-11,1.347710542669582
2018-07-12,1.359928824341687
2018-07-13,1.3609997494684882
2018-07-16,1.359782789238114
2018-07-17,1.3652834499391795
2018-07-18,1.3681554764369515
2018-07-19,1.3629955647678842
2018-07-20,1.3614378555786657
2018-07-23,1.363969133086517
2018-07-24,1.3708327893676195
2018-07-25,1.3825156085626917
2018-07-26,1.379254154965789
2018-07-27,1.3699078997445302
2018-07-30,1.3627521730494585
2018-07-31,1.3694697940508633
2018-08-01,1.3671819086642936
2018-08-02,1.3746297058863304
2018-08-03,1.3805197940166734
2018-08-06,1.3855823494071668
2018-08-07,1.3901581210837908
2018-08-08,1.3895739816120558
2018-08-09,1.3876755252866038
2018-08-10,1.378377949212479
2018-08-13,1.373218037426688
2018-08-14,1.381980151810441
2018-08-15,1.3716603282208613
2018-08-16,1.38275900644076
2018-08-17,1.3876268477785323
2018-08-20,1.3905962310470565
2018-08-21,1.3938576848104596
2018-08-22,1.393030151822856
2018-08-23,1.391180372234565
2018-08-24,1.3995530594061423
2018-08-27,1.4106030594034162
2018-08-28,1.4112845573247959
2018-08-29,1.4188783898561368
2018-08-30,1.413134337192039
2018-08-31,1.4131830156168494
2018-09-04,1.4107490949932677
2018-09-05,1.4069521787773132
2018-09-06,1.4027171568274748
2018-09-07,1.3999911656855335
2018-09-10,1.40242508634984
2018-09-11,1.4070495356133306
2018-09-12,1.407390284521494
2018-09-13,1.4157142932089914
2018-09-14,1.4159576853533264
2018-09-17,1.4084612098371418
2018-09-18,1.4161037207297207
2018-09-19,1.417612751580698
2018-09-20,1.42910085736041
2018-09-21,1.4213609898555764
2018-09-24,1.4166391839679706
2018-09-25,1.4153248668920013
2018-09-26,1.4110898449908307
2018-09-27,1.4150327964952458
2018-09-28,1.4151788317975276
2018-10-01,1.4200953516466872
2018-10-02,1.4192678187386538
2018-10-03,1.4200466734648558
2018-10-04,1.40894799561176
2018-10-05,1.4010620926526351
2018-10-08,1.4010620926531183
2018-10-09,1.399017599293065
2018-10-10,1.3547202431568306
2018-10-11,1.3248803757815115
2018-10-12,1.3432808160227359
2018-10-15,1.335735661955567
2018-10-16,1.3649427099575109
2018-10-17,1.3651861020241969
2018-10-18,1.3454713446228894
2018-10-19,1.3447411684228407
2018-10-22,1.3387050451691058
2018-10-23,1.3318900673019856
2018-10-24,1.291535662645966
2018-10-25,1.314706587394175
2018-10-26,1.2915843410593026
2018-10-29,1.2844286142988266
2018-10-30,1.3034618739134265
2018-10-31,1.3173839001276864
2018-11-01,1.3314032831686196
2018-11-02,1.323517380208095
2018-11-05,1.3308191422085809
2018-11-06,1.339240507715808
2018-11-07,1.36791209317105
2018-11-08,1.3654294940909228
2018-11-09,1.352091608836719
2018-11-12,1.3268275123150395
2018-11-13,1.3243449132348744
2018-11-14,1.3152907283542712
2018-11-15,1.3290180409151855
2018-11-16,1.3324742082620826
2018-11-19,1.309936102887251
2018-11-20,1.2856942530456361
2018-11-21,1.2900753102459277
2018-11-23,1.2814592310853539
2018-11-26,1.3021475567533984
2018-11-27,1.3065286139536905
2018-11-28,1.3366118733956949
2018-11-29,1.333691168595502
2018-11-30,1.3418204636227107
2018-12-03,1.3595880844905646
2018-12-04,1.315534120421036
2018-12-06,1.3135383054742362
2018-12-07,1.2830169403122016
2018-12-10,1.2854508609790305
2018-12-11,1.28574293145905
2018-12-12,1.292217160432815
2018-12-13,1.2917790547127859
2018-12-14,1.2679266321778624
2018-12-17,1.2430519629628707
2018-12-18,1.2416889673894467
2018-12-19,1.2230938134948737
2018-12-20,1.203184342440213
2018-12-21,1.171689409011447
2018-12-24,1.140729938129383
2018-12-26,1.198365179519892
2018-12-27,1.2075653996405054
2018-12-28,1.206007690413735
2018-12-31,1.2165709061077723
2019-01-02,1.2178365448545236
2019-01-03,1.1887755320925864
2019-01-04,1.2285944742019075
2019-01-07,1.2382814784558867
2019-01-08,1.2499156192433287
2019-01-09,1.2557570288437183
2019-01-10,1.2601867644573468
2019-01-11,1.2606735485907132
2019-01-14,1.2529823592835365
2019-01-15,1.2673424912178282
2019-01-16,1.270409231258034
2019-01-17,1.280047557098677
2019-01-18,1.2970850017664834
2019-01-22,1.279560772965321
2019-01-23,1.2822380856988327
2019-01-24,1.282919583485545
2019-01-25,1.2937748696596028
2019-01-28,1.2839418301656267
2019-01-29,1.2822380856988478
2019-01-30,1.302536984060202
2019-01-31,1.3139764111943066
2019-02-01,1.3146092305677433
2019-02-04,1.3238581291018459
2019-02-05,1.3294074682224128
2019-02-06,1.3276550453425557
2019-02-07,1.314998657875433
2019-02-08,1.316605045515602
2019-02-11,1.3173352217158294
2019-02-12,1.3342753095570745
2019-02-13,1.3386076883441291
2019-02-14,1.3356383051306624
2019-02-15,1.350193150718345
2019-02-19,1.3525297145588342
2019-02-20,1.3552557057060484
2019-02-21,1.3504365427874192
2019-02-22,1.3588092298820742
2019-02-25,1.3606590095936224
2019-02-26,1.3596854413274322
2019-02-27,1.359101300367705
2019-02-28,1.3565700228750865
2019-03-01,1.3650400667969416
2019-03-04,1.36007486864702
2019-03-05,1.358225088941857
2019-03-06,1.349998437089239
2019-03-07,1.3387050451951639
2019-03-08,1.3360277324616492
2019-03-11,1.355401740970114
2019-03-12,1.3605129743734607
2019-03-13,1.3695184808499479
2019-03-14,1.3686422694279485
2019-03-15,1.3693724456422876
2019-03-18,1.3743376438490784
2019-03-19,1.374678392772879
2019-03-20,1.370540727652145
2019-03-21,1.3860204631024098
2019-03-22,1.3593446926023007
2019-03-25,1.358322445922151
2019-03-26,1.368447555897554
2019-03-27,1.3612918291376574
2019-03-28,1.3664517409526067
2019-03-29,1.3750678201165016
2019-04-01,1.3913750885954688
2019-04-02,1.392056586396098
2019-04-03,1.3942471150071256
2019-04-04,1.3979466744261155
2019-04-05,1.4047129738887174
2019-04-08,1.4057838990178337
2019-04-09,1.3985794938626064
2019-04-10,1.403349978373485
2019-04-11,1.4029605510870267
2019-04-12,1.4124528417138933
2019-04-15,1.4115279520118573
2019-04-16,1.4124528419757967
2019-04-17,1.4089966747296836
2019-04-18,1.411771344351702
2019-04-22,1.412988304845524
2019-04-23,1.425693370845007
2019-04-24,1.4225292741006903
2019-04-25,1.421653062690047
2019-04-26,1.4282733269313561
2019-04-29,1.4305125340148086
2019-04-30,1.431242710257839
2019-05-01,1.4204847809518215
2019-05-02,1.417418040910604
2019-05-03,1.4312913887286742
2019-05-06,1.425401300771736
2019-05-07,1.4015975566262537
2019-05-08,1.3996504200908093
2019-05-09,1.3954153981262183
2019-05-10,1.4024250896538184
2019-05-13,1.367181918362376
2019-05-14,1.3795462353624484
2019-05-15,1.3876268519845472
2019-05-16,1.4004779531185636
2019-05-17,1.391423768229352
2019-05-20,1.3822235480995277
2019-05-21,1.394685221926458
2019-05-22,1.3904015215493801
2019-05-23,1.3734127552787954
2019-05-24,1.3765281737355386
2019-05-28,1.3637257510151415
2019-05-29,1.3545742092985393
2019-05-30,1.3582737687158966
2019-05-31,1.3399706852826871
2019-06-03,1.336563196345652
2019-06-04,1.3655755307238442
2019-06-05,1.3774043851767261
2019-06-06,1.38636121323993
2019-06-07,1.40023456105519
2019-06-10,1.4066601116222504
2019-06-11,1.4063193627286912
2019-06-12,1.4038367636461226
2019-06-13,1.4096294948391974
2019-06-14,1.4080717856109437
2019-06-17,1.4086072481585052
2019-06-18,1.4233568074148306
2019-06-19,1.4265695826986302
2019-06-20,1.4401995384499284
2019-06-21,1.431145353561575
2019-06-24,1.4293929306800575
2019-06-25,1.4153735476252616
2019-06-26,1.4139618736371373
2019-06-27,1.418975750216031
2019-06-28,1.4262775122241733
2019-07-01,1.4392259701856494
2019-07-02,1.4429742080219017
2019-07-03,1.4545109920390937
2019-07-05,1.452855926076214
2019-07-08,1.4448726663072011
2019-07-09,1.446673767610891
2019-07-10,1.4535861023191734
2019-07-11,1.4569935913056282
2019-07-12,1.4635164987422467
2019-07-15,1.464003283000844
2019-07-16,1.4589407280838735
2019-07-17,1.4493510806982095
2019-07-18,1.4546570277668178
2019-07-19,1.446576411158614
2019-07-22,1.4501299353404475
2019-07-23,1.4604984374151606
2019-07-24,1.4673620938004952
2019-07-25,1.4603524025252725
2019-07-26,1.4701367636981415
2019-07-29,1.4674594511692498
2019-07-30,1.4638572486374841
2019-07-31,1.4478420506290133
2019-08-01,1.4352343415509503
2019-08-02,1.4244277337696414
2019-08-05,1.3815907299518233
2019-08-06,1.4009647384967048
2019-08-07,1.4017922715250037
2019-08-08,1.4292955751125864
2019-08-09,1.419559892426734
2019-08-12,1.4022790556593174
2019-08-13,1.424086984875667
2019-08-14,1.3819801572592865
2019-08-15,1.3856310382664878
2019-08-16,1.4060759719068157
2019-08-19,1.4230160597802315
2019-08-20,1.4121120951720834
2019-08-21,1.4236002007414186
2019-08-22,1.4231620950207358
2019-08-23,1.3866046065353246
2019-08-26,1.4019383067655729
2019-08-27,1.3964376460480556
2019-08-28,1.406270685560786
2019-08-29,1.42423302011622
2019-08-30,1.423600200741642
2019-09-03,1.4152761920452221
2019-09-04,1.4313400684769109
2019-09-05,1.4497405087532191
2019-09-06,1.4508601122621627
2019-09-09,1.451590288464243
2019-09-10,1.4512495395706073
2019-09-11,1.4615693632180669
2019-09-12,1.4666319182168905
2019-09-13,1.4656583499526403
2019-09-16,1.4611312575136013
2019-09-17,1.4648308169360755
2019-09-18,1.4657070283804754
2019-09-19,1.4656096715596052
2019-09-20,1.4519797158036425
2019-09-23,1.4516389669102931
2019-09-24,1.4402482181689669
2019-09-25,1.44876694051934
2019-09-26,1.445748878886888
2019-09-27,1.4379603327382253
2019-09-30,1.4446292753782382
2019-10-01,1.4274457954374211
2019-10-02,1.402230377280398
2019-10-03,1.4137184828500078
2019-10-04,1.4328490993282141
2019-10-07,1.4266669408225632
2019-10-08,1.4045182627116695
2019-10-09,1.4178561479916403
2019-10-10,1.4274457954374604
2019-10-11,1.4422440331203565
2019-10-14,1.4406376454774963
2019-10-15,1.4549004206147744
2019-10-16,1.4525638567836037
2019-10-17,1.4568475571777122
2019-10-18,1.4504706850282485
2019-10-21,1.4603037245461739
2019-10-22,1.4555332400360292
2019-10-23,1.4597682620073031
2019-10-24,1.4621535042715677
2019-10-25,1.468140949134231
2019-10-28,1.476416279490967
2019-10-29,1.4759781737998987
2019-10-30,1.480505266275856
2019-10-31,1.47656231492986
2019-11-01,1.4902409491380493
2019-11-04,1.4962283941623786
2019-11-05,1.4945733281672886
2019-11-06,1.494914077097634
2019-11-07,1.500171345851459
2019-11-08,1.503870905351014
2019-11-11,1.5009988792465954
2019-11-12,1.5041629762388926
2019-11-13,1.5046497604995064
2019-11-14,1.5068402891459118
2019-11-15,1.517744253798324
2019-11-18,1.5188638575404927
2019-11-19,1.5184257519626068
2019-11-20,1.5127790560620773
2019-11-21,1.5103451354537003
2019-11-22,1.513703946018012
2019-11-25,1.5254354438354183
2019-11-26,1.5288916115676328
2019-11-27,1.5357065902784406
2019-11-29,1.530011216444173
2019-12-02,1.5170140801284588
2019-12-03,1.506840291695422
2019-12-04,1.5161378686851392
2019-12-05,1.5188638598452158
2019-12-06,1.5327372077106545
2019-12-09,1.5279180447752423
2019-12-10,1.5262143003008284
2019-12-11,1.5305466791077202
2019-12-12,1.543738529182762
2019-12-13,1.54466341904485
2019-12-16,1.5552753132533268
2019-12-17,1.555616062271118
2019-12-18,1.5557134191940638
2019-12-19,1.56209029142099
2019-12-20,1.5612627584487484
2019-12-23,1.5636480007716282
2019-12-24,1.563696679241158
2019-12-26,1.5720206880099001
2019-12-27,1.5716312607448393
2019-12-30,1.5629665031412492
2019-12-31,1.5667634194019358
2020-01-02,1.5814156218994921
2020-01-03,1.5694407322579667
2020-01-06,1.5754281771345617
2020-01-07,1.570998441507335
2020-01-08,1.5793711286527514
2020-01-09,1.5900803796562302
2020-01-10,1.585504608861078
2020-01-13,1.5964085735577438
2020-01-14,1.5939746529591046
2020-01-15,1.5975768556348249
2020-01-16,1.6108660626113627
2020-01-17,1.6158799392919527
2020-01-21,1.612715842525404
2020-01-22,1.6129105562126744
2020-01-23,1.6147603359542528
2020-01-24,1.6004002039607652
2020-01-27,1.5747466799943801
2020-01-28,1.5912486622051414
2020-01-29,1.589934345037953
2020-01-30,1.5950942568796975
2020-01-31,1.5661306007872393
2020-02-03,1.577764741637896
2020-02-04,1.6018118779568276
2020-02-05,1.6203096751253312
2020-02-06,1.6257616574490734
2020-02-07,1.6170968998285877
2020-02-10,1.6291691464018576
2020-02-11,1.6319924943911157
2020-02-12,1.6425070317291814
2020-02-13,1.6407546088430889
2020-02-14,1.6433832431795279
2020-02-18,1.6391482212012665
2020-02-19,1.6469854457918351
2020-02-20,1.640219146302989
2020-02-21,1.6233277367835113
2020-02-24,1.5694894113402449
2020-02-25,1.521930601251559
2020-02-26,1.516332583687384
2020-02-27,1.448231483058856
2020-02-28,1.4421466813586659
2020-03-02,1.5046010860094172
2020-03-03,1.4615206899720712
2020-03-04,1.5229528479371908
2020-03-05,1.4723272977916086
2020-03-06,1.447988090990848
2020-03-09,1.3349081361945145
2020-03-10,1.403982805095073
2020-03-11,1.3355409555713342
2020-03-12,1.207760119867341
2020-03-13,1.3110070351161673
2020-03-16,1.1675517502324844
2020-03-17,1.2305902958464545
2020-03-18,1.1682819264365074
2020-03-19,1.1707645255301848
2020-03-20,1.1137621032028038
2020-03-23,1.0852852312459138
2020-03-24,1.1836156267209865
2020-03-25,1.2013345692719404
2020-03-26,1.2714801632717323
2020-03-27,1.2336083574897487
2020-03-30,1.2736706918838008
2020-03-31,1.2546861105792075
2020-04-01,1.198219150801443
2020-04-02,1.225868489727107
2020-04-03,1.2081495471761534
2020-04-06,1.2892964626498893
2020-04-07,1.2906107798171302
2020-04-08,1.3339345679224839
2020-04-09,1.354233466394318
2020-04-13,1.341869149339532
2020-04-14,1.3814446995975687
2020-04-15,1.3520916161958512
2020-04-16,1.3586145236184552
2020-04-17,1.395318047474002
2020-04-20,1.3707354486052337
2020-04-21,1.3291154049759335
2020-04-22,1.3586145236184552
2020-04-23,1.3585171667912521
2020-04-24,1.377453069682244
2020-04-27,1.3973138624316648
2020-04-28,1.390888311836264
2020-04-29,1.4272997652102017
2020-04-30,1.4140105582969866
2020-05-01,1.3765768582374172
2020-05-04,1.3803737744983358
2020-05-05,1.3931275188619343
2020-05-06,1.3836839066232394
2020-05-07,1.4003806024885612
2020-05-08,1.4235515273628854
2020-05-11,1.4238435978444945
2020-05-12,1.395464082714808
2020-05-13,1.370784127018837
2020-05-14,1.3871887524025495
2020-05-15,1.3935656245843486
2020-05-18,1.4360132012448752
2020-05-19,1.4212636419236144
2020-05-20,1.4454081350699688
2020-05-21,1.4354290602816568
2020-05-22,1.438155051443342
2020-05-26,1.455873993994296
2020-05-27,1.4775358880469727
2020-05-28,1.4748098968852879
2020-05-29,1.481381482721493
2020-06-01,1.4873689275944804
2020-06-02,1.4996845662356653
2020-06-03,1.519642715812289
2020-06-04,1.5156510858969643
2020-06-05,1.554496459950978
2020-06-08,1.5732863276011655
2020-06-09,1.5615548299231992
2020-06-10,1.5528413938885268
2020-06-11,1.4633217912753294
2020-06-12,1.480846020171877
2020-06-15,1.494670689634709
2020-06-16,1.5234396320732078
2020-06-17,1.5171114383050104
2020-06-18,1.5176955792682283
2020-06-19,1.5024105573973507
2020-06-22,1.512048883290452
2020-06-23,1.5190098964354697
2020-06-24,1.4802618792086588
2020-06-25,1.4961310420427547
2020-06-26,1.460595800113644
2020-06-29,1.4820629805119148
2020-06-30,1.5010475618165084
2020-07-01,1.511562099154437
2020-07-02,1.5198861078802974
2020-07-06,1.5433491032362305
2020-07-07,1.5274312619885329
2020-07-08,1.539114081252898
2020-07-09,1.5303519668046244
2020-07-10,1.5459777375707127
2020-07-13,1.5325911738302942
2020-07-14,1.552451966579715
2020-07-15,1.566714741764961
2020-07-16,1.5615548299231996
2020-07-17,1.566081922388141
2020-07-20,1.5787383099245362
2020-07-21,1.5820971204630414
2020-07-22,1.5911026269793231
2020-07-23,1.5721180456747297
2020-07-24,1.5619929356456133
2020-07-27,1.5733836844283693
2020-07-28,1.5634046096400576
2020-07-29,1.5826325830126584
2020-07-30,1.5769858870348819
2020-07-31,1.5894475609168712
2020-08-03,1.6004975608044165
2020-08-04,1.6066797193318096
2020-08-05,1.6166587941201216
2020-08-06,1.627465401939659
2020-08-07,1.6286336838660953
2020-08-10,1.6335015252262477
2020-08-11,1.6200176046586265
2020-08-12,1.6426043885697326
2020-08-13,1.6396350053400397
2020-08-14,1.6396836837536413
2020-08-17,1.6448922740090042
2020-08-18,1.6484457982019152
2020-08-19,1.6415821418841008
2020-08-20,1.6466933753122603
2020-08-21,1.652534784944443
2020-08-24,1.6692801592233666
2020-08-25,1.675121568855549
2020-08-26,1.6919156215480735
2020-08-27,1.6956151809817892
2020-08-28,1.7065678240421316
2020-08-31,1.700385665514739
2020-09-01,1.7164008635896395
2020-09-02,1.7412268545264151
2020-09-03,1.6813037273829428
2020-09-04,1.6675764147473138
2020-09-08,1.62201341961629
2020-09-09,1.654043815766091
2020-09-10,1.6253235517411935
2020-09-11,1.6261510847724194
2020-09-14,1.6475695867570885
2020-09-15,1.6558935954829488
2020-09-16,1.6493220096467434
2020-09-17,1.63481584239349
2020-09-18,1.6095517457343007
2020-09-21,1.591638089528941
2020-09-22,1.6078480012582477
2020-09-23,1.5705603364394822
2020-09-24,1.5747466800092131
2020-09-25,1.600205490322809
2020-09-28,1.6267839041492396
2020-09-29,1.6179244328737628
2020-09-30,1.6301913931013459
2020-10-01,1.6406572520256733
2020-10-02,1.6250801596731863
2020-10-05,1.653897780525287
2020-10-06,1.6303861067557524
2020-10-07,1.658765621885439
2020-10-08,1.6734665027930984
2020-10-09,1.6884107757687656
2020-10-12,1.7155733305584147
2020-10-13,1.7043772954300649
2020-10-14,1.6936680444377303
2020-10-15,1.6915748726528652
2020-10-16,1.6905526259672337
2020-10-19,1.6648504235856305
2020-10-20,1.6715193662490389
2020-10-21,1.6683552693649402
2020-10-22,1.677506811122026
2020-10-23,1.6832021855134036
2020-10-26,1.6520966792220317
2020-10-27,1.646401304830654
2020-10-28,1.5901290587072956
2020-10-29,1.6062902920230004
2020-10-30,1.5895449177440775
2020-11-02,1.607361217122234
2020-11-03,1.6357407322519206
2020-11-04,1.6722982208666635
2020-11-05,1.7049127579796823
2020-11-06,1.7045233306708705
2020-11-09,1.7259418326555398
2020-11-10,1.7234105551482608
2020-11-11,1.736212977925461
2020-11-12,1.7193702468193346
2020-11-13,1.7431739910704787
2020-11-16,1.7649332419503587
2020-11-17,1.755440951298062
2020-11-18,1.7343145197950018
2020-11-19,1.74161628183523
2020-11-20,1.7296900705028575
2020-11-23,1.7400585725999815
2020-11-24,1.768097338834458
2020-11-25,1.765371347672773
2020-11-27,1.7702878674465268
2020-11-30,1.7624506428566815
2020-12-01,1.781727294642884
2020-12-02,1.7854755324902012
2020-12-03,1.784988748354186
2020-12-04,1.8003711270522669
2020-12-07,1.796671567618551
2020-12-08,1.8019288362875154
2020-12-09,1.7857676029718106
2020-12-10,1.7851834620085922
2020-12-11,1.783090290223727
2020-12-14,1.7751070303930774
2020-12-15,1.7991054882986273
2020-12-16,1.8019288362875159
2020-12-17,1.812005267903031
2020-12-18,1.7971096733409653
2020-12-21,1.7906841227455648
2020-12-22,1.7876660611022708
2020-12-23,1.789272448751121
2020-12-24,1.7962334618961384
2020-12-28,1.8116645190078207
2020-12-29,1.8082083516421126
2020-12-30,1.8107883075629934
2020-12-31,1.819988527733681
2021-01-04,1.7952112152105066
2021-01-05,1.8075755322652929
2021-01-06,1.818382140084831
2021-01-07,1.8453986596336753
2021-01-08,1.8559131969716038
2021-01-11,1.8434028446760131
2021-01-12,1.8437922719848252
2021-01-13,1.8487574701721807
2021-01-14,1.8422832411631784
2021-01-15,1.8288479990091588
2021-01-19,1.8432081310216073
2021-01-20,1.8687156197488046
2021-01-21,1.8704193642248579
2021-01-22,1.8637990999750509
2021-01-25,1.8711495404288805
2021-01-26,1.8682288356127896
2021-01-27,1.8225684836545628
2021-01-28,1.8382429328342522
2021-01-29,1.8014420521515022
2021-02-01,1.8314279549300394
2021-02-02,1.8573248709660486
2021-02-03,1.858785223374094
2021-02-04,1.8799116548771542
2021-02-05,1.8873107737445853
2021-02-08,1.9009407295530112
2021-02-09,1.899675090799372
2021-02-10,1.8988475577681463
2021-02-11,1.901914297825042
2021-02-12,1.9113092316501357
2021-02-16,1.909654165587684
2021-02-17,1.9100922713100974
2021-02-18,1.9019629762386439
2021-02-19,1.8986041657001387
2021-02-22,1.8840006416196822
2021-02-23,1.8862885270589538
2021-02-24,1.9070742096668032
2021-02-25,1.8611217872269672
2021-02-26,1.8515321397474676
2021-03-01,1.8964136370880702
2021-03-02,1.881615399353208
2021-03-03,1.8566920515892291
2021-03-04,1.8337158403693106
2021-03-05,1.867449980995165
2021-03-08,1.8581524039972748
2021-03-09,1.884682139410104
2021-03-10,1.8964136370880704
2021-03-11,1.9156416104606713
2021-03-12,1.9182215663815518
2021-03-15,1.9296609935779097
2021-03-16,1.9272270728978338
2021-03-17,1.933798658734039
2021-03-18,1.9056625356723602
2021-03-19,1.895926852952056
2021-03-22,1.911065839582129
2021-03-23,1.8960242097792595
2021-03-24,1.886385883886158
2021-03-25,1.8969977780512897
2021-03-26,1.9275678217930454
2021-03-29,1.9265942535210152
2021-03-30,1.9214830200928557
2021-03-31,1.9292715662690987
2021-04-01,1.95010592729055
2021-04-05,1.9780960151114317
2021-04-06,1.9769277331850041
2021-04-07,1.9792156186242786
2021-04-08,1.9886105524493938
2021-04-09,2.0030680412890756
2021-04-12,2.003798217493144
2021-04-13,2.00973698395256
2021-04-14,2.0028733276347928
2021-04-15,2.0243891864466943
2021-04-16,2.0311554859373655
2021-04-19,2.0211764111491473
2021-04-20,2.0063781734143
2021-04-21,2.0253627547188984
2021-04-22,2.006864957550327
2021-04-23,2.028624208430213
2021-04-26,2.0328592304135613
2021-04-27,2.032421124691156
2021-04-28,2.0318369837279477
2021-04-29,2.0447854417459737
2021-04-30,2.031350199591961
2021-05-03,2.0357312568161006
2021-05-04,2.0231722261069085
2021-05-05,2.023805045483728
2021-05-06,2.0399662787994384
2021-05-07,2.0548131949479083
2021-05-10,2.034465618062525
2021-05-11,2.0163085697891527
2021-05-12,1.973471565819803
2021-05-13,1.99717795324375
2021-05-14,2.0278453538127166
2021-05-17,2.022685441970955
2021-05-18,2.005258569901606
2021-05-19,2.0000013012326403
2021-05-20,2.0215171600445188
2021-05-21,2.019862093982067
2021-05-24,2.0404530629355158
2021-05-25,2.0359259704705748
2021-05-26,2.0399662787995028
2021-05-27,2.041037203898748
2021-05-28,2.0446880849188975
2021-06-01,2.0428869836156767
2021-06-02,2.0460997589133827
2021-06-03,2.0385059263915535
2021-06-04,2.0571497588009464
2021-06-07,2.055153943843367
2021-06-08,2.055592049565867
2021-06-09,2.0525253095089955
2021-06-10,2.062066278574903
2021-06-11,2.0654737675271693
2021-06-14,2.070098216819681
2021-06-15,2.066301300558856
2021-06-16,2.0547645165353177
2021-06-17,2.0540830187448997
2021-06-18,2.01976473715581
2021-06-21,2.048679714835135
2021-06-22,2.0596323578954943
2021-06-23,2.057149758801956
2021-06-24,2.069319362202604
2021-06-25,2.076669802656958
2021-06-28,2.080856146227545
2021-06-29,2.081975749741165
2021-06-30,2.08372817263134
2021-07-01,2.095264956655754
2021-07-02,2.111280154732361
2021-07-06,2.1074345600603723
2021-07-07,2.1148823573416626
2021-07-08,2.097650198926983
2021-07-09,2.1200422691837937
2021-07-12,2.1276361017058925
2021-07-13,2.1203830180794863
2021-07-14,2.123547114963645
2021-07-15,2.1162940313371754
2021-07-16,2.0996946922990203
2021-07-19,2.0686865428346923
2021-07-20,2.098331696718174
2021-07-21,2.1153204630651943
2021-07-22,2.1197501987029623
2021-07-23,2.141558127996568
2021-07-26,2.1468153966655805
2021-07-27,2.137031035531634
2021-07-28,2.1361548240868027
2021-07-29,2.145014295362329
2021-07-30,2.134597114851556
2021-08-02,2.1301187008001947
2021-08-03,2.1474482160424277
2021-08-04,2.136885000290847
2021-08-05,2.1504175992721457
2021-08-06,2.1539711234650927
2021-08-09,2.1522187005755655
2021-08-10,2.1548960133237127
2021-08-11,2.160250638819954
2021-08-12,2.166724867829131
2021-08-13,2.1706678193313276
2021-08-16,2.1757790527599488
2021-08-17,2.161516277574755
2021-08-18,2.137858568564282
2021-08-19,2.1411687006892053
2021-08-20,2.1582061454498387
2021-08-23,2.1771907267545467
2021-08-24,2.1806468941203065
2021-08-25,2.185222664998896
2021-08-26,2.172322885394451
2021-08-27,2.1917455724215746
2021-08-30,2.2013838983148464
2021-08-31,2.1981224446037047
2021-09-01,2.1992907265302444
2021-09-02,2.206057026021091
2021-09-03,2.205521563471576
2021-09-07,2.1976356604681744
2021-09-08,2.1949583477200783
2021-09-09,2.1855634138949314
2021-09-10,2.1683312554798846
2021-09-13,2.173880594630493
2021-09-14,2.162149096952453
2021-09-15,2.1802087883987316
2021-09-16,2.1767526210330046
2021-09-17,2.1486651763847497
2021-09-20,2.1128378639738035
2021-09-21,2.110842049016129
2021-09-22,2.131433017969703
2021-09-23,2.157329934005876
2021-09-24,2.1608834581988123
2021-09-27,2.1547012996713892
2021-09-28,2.111280154738559
2021-09-29,2.1148336789314923
2021-09-30,2.088985441308921
