date,2021_11_04__22_20_58_daily_lr_0.001_epoch_50000
2015-01-05,0.9847346740974073
2015-01-06,0.9728616428398352
2015-01-07,0.9811000726920281
2015-01-08,1.0026653743639449
2015-01-09,0.9995153864792828
2015-01-12,0.9878846619820695
2015-01-13,0.9871577417009937
2015-01-14,0.9815846862127455
2015-01-15,0.9689847346740977
2015-01-16,0.9784346983280836
2015-01-20,0.9866731281802764
2015-01-21,0.9883692755027867
2015-01-22,1.0046038284468137
2015-01-23,1.0043615216864552
2015-01-26,1.0002423067603587
2015-01-27,0.9714078022776838
2015-01-28,0.9697116549551738
2015-01-29,0.9789193118488009
2015-01-30,0.9914751222462
2015-02-02,1.0016632124747944
2015-02-03,1.0097768730020624
2015-02-04,1.0115027315135467
2015-02-05,1.0168787047399634
2015-02-06,0.9989679139075459
2015-02-09,0.9973660262473569
2015-02-10,0.9894504284633393
2015-02-11,0.9912813263383142
2015-02-12,0.9880012111376567
2015-02-13,0.9778557385402734
2015-02-17,0.9631333610117399
2015-02-18,0.9688544921756778
2015-02-19,0.9624468252720673
2015-02-20,0.96526924997961
2015-02-23,0.9763301035632233
2015-02-24,0.9891454373704442
2015-02-25,0.9883048435425307
2015-02-26,0.974803642958764
2015-02-27,0.9815705616704572
2015-03-02,0.9614145276205037
2015-03-03,0.9574689142148927
2015-03-04,0.9577718847065927
2015-03-05,0.9565599946277291
2015-03-06,0.9447478604904265
2015-03-09,0.9492052695986616
2015-03-10,0.9298155399778388
2015-03-11,0.9237980376817218
2015-03-12,0.9298155399778388
2015-03-13,0.9246895195033685
2015-03-16,0.9356101718185443
2015-03-17,0.9358330422739561
2015-03-18,0.9485366586802237
2015-03-19,0.9451201686941482
2015-03-20,0.950105132128158
2015-03-23,0.9489491985783101
2015-03-24,0.9581244211302282
2015-03-25,0.950032886281292
2015-03-26,0.935222487673865
2015-03-27,0.9468540690192102
2015-03-30,0.9421580889729528
2015-03-31,0.9441809726851867
2015-04-01,0.9545843746338183
2015-04-02,0.9444699560726487
2015-04-06,0.9391960092514674
2015-04-07,0.9470708065598066
2015-04-08,0.9473597899472684
2015-04-09,0.935077995980134
2015-04-10,0.9364506670705784
2015-04-13,0.9377510923141574
2015-04-14,0.9443977102257832
2015-04-15,0.9436030059102629
2015-04-16,0.9389070258640055
2015-04-17,0.9288762721067336
2015-04-20,0.9206792658256854
2015-04-21,0.9165100988379107
2015-04-22,0.9025186570823284
2015-04-23,0.9064051686811013
2015-04-24,0.9120582764611346
2015-04-27,0.9120582764611322
2015-04-28,0.8994801116505582
2015-04-29,0.8884565514794931
2015-04-30,0.8900111561190024
2015-05-01,0.8762317059051711
2015-05-04,0.8679819092653791
2015-05-05,0.8618946527577699
2015-05-06,0.8545887082732277
2015-05-07,0.8608799098870066
2015-05-08,0.8732593711088612
2015-05-11,0.8687946473894941
2015-05-12,0.864126981683333
2015-05-13,0.8677799374537177
2015-05-14,0.8817829345735279
2015-05-15,0.8789417467521886
2015-05-18,0.8832035142703837
2015-05-19,0.880971152175481
2015-05-20,0.8815799781596426
2015-05-21,0.8854358811594717
2015-05-22,0.8848270552054396
2015-05-26,0.8720417826636794
2015-05-27,0.8884800848271989
2015-05-28,0.8866535652582472
2015-05-29,0.8801595047822394
2015-06-01,0.882594741232656
2015-06-02,0.8791429506254539
2015-06-03,0.8650107148847047
2015-06-04,0.8762723417886817
2015-06-05,0.873274780691575
2015-06-08,0.8723093515291152
2015-06-09,0.8701255522336274
2015-06-10,0.8625099004121215
2015-06-11,0.8806482111658415
2015-06-12,0.8806482111658412
2015-06-15,0.8820668051473561
2015-06-16,0.889010442664861
2015-06-17,0.8821414613324375
2015-06-18,0.8778110165793879
2015-06-19,0.889085105505431
2015-06-22,0.8709420352736352
2015-06-23,0.8657156364335877
2015-06-24,0.8731819204907986
2015-06-25,0.8701207440273201
2015-06-26,0.8603399135125336
2015-06-29,0.8830552223565007
2015-06-30,0.8769332635948137
2015-07-01,0.8631961853978578
2015-07-02,0.8659950768098935
2015-07-06,0.882045814046329
2015-07-07,0.8903324907589103
2015-07-08,0.8980219295096213
2015-07-09,0.8945117236602594
2015-07-10,0.8803266403287849
2015-07-13,0.877595769234271
2015-07-14,0.8804783553895947
2015-07-15,0.8898088316292584
2015-07-16,0.8959532915919157
2015-07-17,0.9005806009465095
2015-07-20,0.8967877244263509
2015-07-21,0.9016426063721451
2015-07-22,0.907256063621979
2015-07-23,0.9185584903954145
2015-07-24,0.9208342154515953
2015-07-27,0.9257649530741316
2015-07-28,0.9341449121538881
2015-07-29,0.9403196119281136
2015-07-30,0.9475645623920375
2015-07-31,0.9545757287502731
2015-08-03,0.962522086729713
2015-08-04,0.954887350627915
2015-08-05,0.9477200473517471
2015-08-06,0.9383565465310525
2015-08-07,0.9390253680182448
2015-08-10,0.953739434099072
2015-08-11,0.9688806700082266
2015-08-12,0.97324914004374
2015-08-13,0.9704901063370249
2015-08-14,0.9753184150590841
2015-08-17,0.980836481915601
2015-08-18,0.9757782523208771
2015-08-19,0.9693405070181004
2015-08-20,0.945658801082886
2015-08-21,0.9095614434923164
2015-08-24,0.9092736075924771
2015-08-25,0.9020951317430629
2015-08-26,0.9475588121226867
2015-08-27,0.969572804727581
2015-08-28,0.9714873985541591
2015-08-31,0.9626339417332003
2015-09-01,0.9317664849885862
2015-09-02,0.9542590503683825
2015-09-03,0.9549768981996525
2015-09-04,0.9403806589638273
2015-09-08,0.9667017461103975
2015-09-09,0.9540197677579593
2015-09-10,0.9635910721748939
2015-09-11,0.9681374417729378
2015-09-14,0.9657446156687042
2015-09-15,0.9781873114107194
2015-09-16,0.9822551157275298
2015-09-17,0.9916093402662803
2015-09-18,1.006864384210865
2015-09-21,1.0169080937282375
2015-09-22,1.031047103939928
2015-09-23,1.0336389770016157
2015-09-24,1.0336440216257416
2015-09-25,1.0318297016279012
2015-09-28,1.0082435650233366
2015-09-29,1.0038373592121808
2015-09-30,1.0003554688442802
2015-10-01,1.0008619779424293
2015-10-02,1.0150442326906013
2015-10-05,1.0350513420674867
2015-10-06,1.0363176148128592
2015-10-07,1.041129451245275
2015-10-08,1.0459412876776901
2015-10-09,1.0504998695610313
2015-10-12,1.0517661423064038
2015-10-13,1.049486851364733
2015-10-14,1.0474608149721372
2015-10-15,1.0608833060730856
2015-10-16,1.062909342465682
2015-10-19,1.0669614052622278
2015-10-20,1.0641755857749329
2015-10-21,1.05607144042875
2015-10-22,1.0798773673832587
2015-10-23,1.1100146578894987
2015-10-26,1.1057093306743218
2015-10-27,1.0993779671225907
2015-10-28,1.1158395123570917
2015-10-29,1.1128004578522606
2015-10-30,1.1054560761322527
2015-11-02,1.1153330032729531
2015-11-03,1.1211578577405457
2015-11-04,1.1224556014254616
2015-11-05,1.1194892952953606
2015-11-06,1.1030821076438513
2015-11-09,1.0968714772898902
2015-11-10,1.1001158364300192
2015-11-11,1.0977984370442129
2015-11-12,1.1030821076438515
2015-11-13,1.109385433973245
2015-11-16,1.1090660264067596
2015-11-17,1.1109211167979927
2015-11-18,1.115041535175246
2015-11-19,1.1201687921659125
2015-11-20,1.1283377517081115
2015-11-23,1.1318009733377483
2015-11-24,1.1320116822079354
2015-11-25,1.134351931281962
2015-11-27,1.1366890877209501
2015-11-30,1.141143726336915
2015-12-01,1.1541101898127575
2015-12-02,1.1468238120642213
2015-12-03,1.131990828790416
2015-12-04,1.14205733938427
2015-12-07,1.135138091470049
2015-12-08,1.1275051254698114
2015-12-09,1.1187389282575468
2015-12-10,1.1216264885574225
2015-12-11,1.0998880629036405
2015-12-14,1.1054496129115285
2015-12-15,1.098934194309781
2015-12-16,1.1150094543954556
2015-12-17,1.0980187320456332
2015-12-18,1.072081349208011
2015-12-21,1.080920812709376
2015-12-22,1.0907293369681064
2015-12-23,1.104236157258817
2015-12-24,1.1024138084894355
2015-12-28,1.0998946793082316
2015-12-29,1.1116327493227776
2015-12-30,1.1105224204258541
2015-12-31,1.115518082981323
2016-01-04,1.1149988888228792
2016-01-05,1.112097306666018
2016-01-06,1.0983807364701268
2016-01-07,1.0659357723524934
2016-01-08,1.0574948060779872
2016-01-11,1.0643530911760235
2016-01-12,1.0770145405877827
2016-01-13,1.0479987190191675
2016-01-14,1.0677822337250416
2016-01-15,1.0377112913721134
2016-01-19,1.0387664121564264
2016-01-20,1.0305892260779985
2016-01-21,1.0363923903917214
2016-01-22,1.0651444317642584
2016-01-25,1.0527467625485774
2016-01-26,1.0630341901956317
2016-01-27,1.0411404339211312
2016-01-28,1.0545932239211255
2016-01-29,1.087829528626994
2016-02-01,1.0917862315681686
2016-02-02,1.0722664970583728
2016-02-03,1.0709475960779813
2016-02-04,1.0720027168622945
2016-02-05,1.041931774509366
2016-02-08,1.0268963033329017
2016-02-09,1.022148259803492
2016-02-10,1.0242585013721186
2016-02-11,1.0216206994113355
2016-02-12,1.035864829999565
2016-02-16,1.0543294437250472
2016-02-17,1.0759594198034697
2016-02-18,1.0717389366662164
2016-02-19,1.0725302772544514
2016-02-22,1.0867744078426809
2016-02-23,1.06962869509759
2016-02-24,1.0778058811760178
2016-02-25,1.0912586711760122
2016-02-26,1.0883570890191507
2016-02-29,1.0807074633328795
2016-03-01,1.1128886472544344
2016-03-02,1.116054009607375
2016-03-03,1.116054009607375
2016-03-04,1.1189555917642364
2016-03-07,1.1120973082276173
2016-03-08,1.1052390231952178
2016-03-09,1.1147351083054224
2016-03-10,1.113084838801587
2016-03-11,1.1018380621015746
2016-03-14,1.105298608779029
2016-03-15,1.106336777731283
2016-03-16,1.119177269717255
2016-03-17,1.1234835015362596
2016-03-18,1.1258388128572545
2016-03-21,1.1172053210394082
2016-03-22,1.1169436191605047
2016-03-23,1.1295925433075045
2016-03-24,1.1300287140233196
2016-03-28,1.131511691338311
2016-03-29,1.1433755098582408
2016-03-30,1.1313372325874385
2016-03-31,1.1393627569453726
2016-04-01,1.1399733946682586
2016-04-04,1.1406712663515572
2016-04-05,1.1531457226905197
2016-04-06,1.1447712624909365
2016-04-07,1.1589031640777332
2016-04-08,1.1589031640777332
2016-04-11,1.1557345976687716
2016-04-12,1.1636560136911756
2016-04-13,1.175538137724782
2016-04-14,1.175274090524035
2016-04-15,1.1707852881113396
2016-04-18,1.1758021849255287
2016-04-19,1.1692010049068577
2016-04-20,1.171369032586686
2016-04-21,1.1668067026302558
2016-04-22,1.1465822239118166
2016-04-25,1.1418479719745052
2016-04-26,1.1366665532568894
2016-04-27,1.1315851906247667
2016-04-28,1.1173877995725265
2016-04-29,1.1076599528468365
2016-05-02,1.1158103109143065
2016-05-03,1.1055566346358763
2016-05-04,1.1021387425430664
2016-05-05,1.1026645720958064
2016-05-06,1.1108149301632766
2016-05-09,1.1108149301632766
2016-05-10,1.1252752428636268
2016-05-11,1.117124884796157
2016-05-12,1.113969907479375
2016-05-13,1.1097632727096995
2016-05-16,1.1252752445385716
2016-05-17,1.1139699153980565
2016-05-18,1.1160732329753034
2016-05-19,1.1100261931421884
2016-05-20,1.123434028018681
2016-05-23,1.1213307113268678
2016-05-24,1.1423638782450736
2016-05-25,1.1502513158394005
2016-05-26,1.1539321200500867
2016-05-27,1.1594533263661155
2016-05-31,1.161819557644414
2016-06-01,1.1589274971931607
2016-06-02,1.1578758388472505
2016-06-03,1.1552466929824896
2016-06-06,1.1573500096742952
2016-06-07,1.1620824722309053
2016-06-08,1.1644487035092037
2016-06-09,1.1647116182513124
2016-06-10,1.1557725223102737
2016-06-13,1.1430288930814416
2016-06-14,1.142184768159804
2016-06-15,1.1465751886169528
2016-06-16,1.1521476453510264
2016-06-17,1.1449709963464296
2016-06-20,1.1327284777659345
2016-06-21,1.1274937456832357
2016-06-22,1.1293512312609675
2016-06-23,1.116433263379469
2016-06-24,1.146406326111051
2016-06-27,1.126566561441795
2016-06-28,1.1289140810556477
2016-06-29,1.12028573294486
2016-06-30,1.135543458676839
2016-07-01,1.1379600968144599
2016-07-05,1.129770197984676
2016-07-06,1.136546325557637
2016-07-07,1.1358199246818157
2016-07-08,1.1527548227121602
2016-07-11,1.1568204992559368
2016-07-12,1.1652228974464085
2016-07-13,1.1650602703846573
2016-07-14,1.1715653528547003
2016-07-15,1.1699932912577733
2016-07-18,1.1731330777299804
2016-07-19,1.1719448159987862
2016-07-20,1.1767965233410265
2016-07-21,1.1723513836531638
2016-07-22,1.1776367631600735
2016-07-25,1.174438430945636
2016-07-26,1.1749805211514728
2016-07-27,1.173733713678048
2016-07-28,1.1750889391926402
2016-07-29,1.1769862549130692
2016-08-01,1.176010492542563
2016-08-02,1.1684711019597835
2016-08-03,1.1718906069901909
2016-08-04,1.1806960851440078
2016-08-05,1.1920976567816641
2016-08-08,1.1918442885230496
2016-08-09,1.1943779711091955
2016-08-10,1.1905774472299766
2016-08-11,1.1948847076264244
2016-08-12,1.1936178663333517
2016-08-15,1.1994453362814872
2016-08-16,1.1905774472299764
2016-08-17,1.1900707107127473
2016-08-18,1.1905774472299762
2016-08-19,1.19133755200582
2016-08-22,1.19133755200582
2016-08-23,1.195644812402268
2016-08-24,1.1890572376782886
2016-08-25,1.1915909202644346
2016-08-26,1.1920976567816635
2016-08-29,1.1966582854367258
2016-08-30,1.1926043932988926
2016-08-31,1.190577447229976
2016-09-01,1.1943779711091949
2016-09-02,1.199698704540101
2016-09-06,1.2057795427532096
2016-09-07,1.2049160512489014
2016-09-08,1.189804949846539
2016-09-09,1.170203692598904
2016-09-12,1.1869929991412553
2016-09-13,1.1699293575246827
2016-09-14,1.1694904214059285
2016-09-15,1.1811770955677612
2016-09-16,1.170697495732503
2016-09-19,1.1709169637918801
2016-09-20,1.1709718308067243
2016-09-21,1.1841399143693527
2016-09-22,1.1916018283881755
2016-09-23,1.1850726536217058
2016-09-26,1.175470926023956
2016-09-27,1.1840933793685198
2016-09-28,1.1815322545469955
2016-09-29,1.1708586057971295
2016-09-30,1.1603947162750508
2016-10-03,1.1544877041973935
2016-10-04,1.140985911639108
2016-10-05,1.1356695805848989
2016-10-06,1.1293406150288743
2016-10-07,1.1301000908510437
2016-10-10,1.123433580458696
2016-10-11,1.1209019942333498
2016-10-12,1.1219990149308603
2016-10-13,1.1262183253059013
2016-10-14,1.1104381045032485
2016-10-17,1.1175265459333168
2016-10-18,1.1236732965561846
2016-10-19,1.1258009475622786
2016-10-20,1.126983532555272
2016-10-21,1.1286768445988657
2016-10-24,1.1237729470221478
2016-10-25,1.1267360598541258
2016-10-26,1.1191161866802521
2016-10-27,1.1177039455225057
2016-10-28,1.116527167310753
2016-10-31,1.1160564560260522
2016-11-01,1.1064068746896818
2016-11-02,1.099346205419167
2016-11-03,1.0887552015133946
2016-11-04,1.0868723563745908
2016-11-07,1.1104079206096404
2016-11-08,1.1059023609868943
2016-11-09,1.058976532463198
2016-11-10,1.0616232494709146
2016-11-11,1.0591762108173304
2016-11-14,1.060008203959549
2016-11-15,1.0682791946086632
2016-11-16,1.0662726229127244
2016-11-17,1.0717539894967112
2016-11-18,1.0693558915987047
2016-11-21,1.0774311191842745
2016-11-22,1.0795355724263787
2016-11-23,1.0801228617032448
2016-11-25,1.0841360050951643
2016-11-28,1.0790461646956564
2016-11-29,1.0811506179377606
2016-11-30,1.0785567569649346
2016-12-01,1.0745925543460872
2016-12-02,1.0751309028498812
2016-12-05,1.0815910848954104
2016-12-06,1.0850169390104625
2016-12-07,1.099209763201398
2016-12-08,1.1019015057203685
2016-12-09,1.1085574508581864
2016-12-12,1.1072849907583096
2016-12-13,1.1146750474922102
2016-12-14,1.1054741821546386
2016-12-15,1.1100256740503522
2016-12-16,1.1013631572165745
2016-12-19,1.1132098157285506
2016-12-20,1.1076625708697683
2016-12-21,1.1125516680334409
2016-12-22,1.1076625708697683
2016-12-23,1.1099190772530017
2016-12-27,1.1063462754796698
2016-12-28,1.1144320593655
2016-12-29,1.1183809454275369
2016-12-30,1.1200733251152823
2017-01-03,1.1248684010475407
2017-01-04,1.1291933714962357
2017-01-05,1.1468693376778587
2017-01-06,1.1363389748462536
2017-01-09,1.1454590212271973
2017-01-10,1.1447068524535113
2017-01-11,1.1485617174186527
2017-01-12,1.1460231478074623
2017-01-13,1.140569924198238
2017-01-17,1.1525106034805046
2017-01-18,1.1457812342443519
2017-01-19,1.139617292873393
2017-01-20,1.1373414720189312
2017-01-23,1.1487205762912565
2017-01-24,1.1408500291695647
2017-01-25,1.1265313229602218
2017-01-26,1.1303243577176638
2017-01-27,1.1347939083788026
2017-01-30,1.1313789973446429
2017-01-31,1.1383279451857833
2017-02-01,1.1469653567802305
2017-02-02,1.1446923429634535
2017-02-03,1.1521933054941684
2017-02-06,1.1529947998890973
2017-02-07,1.1614669241049211
2017-02-08,1.177259301683592
2017-02-09,1.1636801163252168
2017-02-10,1.1630059657985035
2017-02-13,1.1593462915106314
2017-02-14,1.1509675635357666
2017-02-15,1.1456706665401624
2017-02-16,1.1519306357167858
2017-02-17,1.1587684482020202
2017-02-21,1.1567459966218805
2017-02-22,1.1586721409839182
2017-02-23,1.1621392008355866
2017-02-24,1.1750443680612408
2017-02-27,1.1681102483579044
2017-02-28,1.1724440731724894
2017-03-01,1.150582334663359
2017-03-02,1.1464411242849775
2017-03-03,1.1494266480461366
2017-03-06,1.1439371366143287
2017-03-07,1.1404700767626605
2017-03-08,1.134306414804139
2017-03-09,1.1252535363025609
2017-03-10,1.1292021322447487
2017-03-13,1.1297712290579172
2017-03-14,1.1254480642690412
2017-03-15,1.1351870618704256
2017-03-16,1.1301368045714117
2017-03-17,1.1232653756608524
2017-03-20,1.1220332573743714
2017-03-21,1.1076269512446204
2017-03-22,1.1102333553522714
2017-03-23,1.1086686112789643
2017-03-24,1.1126264978695117
2017-03-27,1.1176889027468233
2017-03-28,1.1102342371359664
2017-03-29,1.116861402207317
2017-03-30,1.1078411092997453
2017-03-31,1.1110626478779633
2017-04-03,1.1198988680902633
2017-04-04,1.11382396669435
2017-04-05,1.1172295931892602
2017-04-06,1.1155728019017679
2017-04-07,1.1110626478340917
2017-04-10,1.1117239946482786
2017-04-11,1.1104013010199216
2017-04-12,1.1164784745438496
2017-04-13,1.112620051849493
2017-04-17,1.1091957764938662
2017-04-18,1.1236897796135406
2017-04-19,1.1175622010238275
2017-04-20,1.1132368514310893
2017-04-21,1.1132368514310773
2017-04-24,1.1077400529903056
2017-04-25,1.1141855615838319
2017-04-26,1.1134849628236658
2017-04-27,1.114419094503887
2017-04-28,1.111990352135312
2017-05-01,1.1147927471759753
2017-05-02,1.115213106432075
2017-05-03,1.1138586154957542
2017-05-04,1.1151663998480639
2017-05-05,1.1195568187451035
2017-05-08,1.1193699924090594
2017-05-09,1.1183424475608161
2017-05-10,1.1203508306732917
2017-05-11,1.11806220805675
2017-05-12,1.1161939446963076
2017-05-15,1.1223592137857674
2017-05-16,1.1213316689375241
2017-05-17,1.1014346641488126
2017-05-18,1.1058717896298633
2017-05-19,1.1130646035675666
2017-05-22,1.118716100232905
2017-05-23,1.1211915491854911
2017-05-24,1.1238071178901103
2017-05-25,1.129178375051382
2017-05-26,1.1289448421313266
2017-05-30,1.1279640038670944
2017-05-31,1.1276837643630282
2017-06-01,1.1366514284931517
2017-06-02,1.1404346617980474
2017-06-05,1.1395939432858484
2017-06-06,1.135950829732986
2017-06-07,1.1380526260134833
2017-06-08,1.1386131050216162
2017-06-09,1.1368849614132068
2017-06-12,1.1366514284931517
2017-06-13,1.1422095119904678
2017-06-14,1.1407616078861251
2017-06-15,1.1385663984376053
2017-06-16,1.1332885544443556
2017-06-19,1.1427232844145898
2017-06-20,1.135016698052765
2017-06-21,1.1347364585486985
2017-06-22,1.134222686124577
2017-06-23,1.1355771770608976
2017-06-26,1.1363244824050744
2017-06-27,1.1271699919389069
2017-06-28,1.1372585575600769
2017-06-29,1.1272633488141328
2017-06-30,1.1246566478241369
2017-07-03,1.1187241587475822
2017-07-05,1.118993817471412
2017-07-06,1.1097355346209252
2017-07-07,1.103083952769126
2017-07-10,1.1047019051118474
2017-07-11,1.1065895161789916
2017-07-12,1.1149049129589605
2017-07-13,1.1079074099323776
2017-07-14,1.113074804028174
2017-07-17,1.1129388199758905
2017-07-18,1.1146178235398112
2017-07-19,1.1150645641504482
2017-07-20,1.1182810864552521
2017-07-21,1.1173452846954108
2017-07-24,1.1129893360161145
2017-07-25,1.0984991393890677
2017-07-26,1.100277077625515
2017-07-27,1.0948543660043504
2017-07-28,1.1013438405673717
2017-07-31,1.1026772942447052
2017-08-01,1.1080111089540632
2017-08-02,1.108633387336822
2017-08-03,1.1201010889619067
2017-08-04,1.1105891591206825
2017-08-07,1.1126540323136833
2017-08-08,1.1086507196524444
2017-08-09,1.1147001698960943
2017-08-10,1.1242191577794847
2017-08-11,1.1258794748815548
2017-08-14,1.1370404954010263
2017-08-15,1.1369021356425204
2017-08-16,1.1388852921811041
2017-08-17,1.1211291231728544
2017-08-18,1.1193765662317803
2017-08-21,1.1202528447023172
2017-08-22,1.1319673042558118
2017-08-23,1.1279087513396404
2017-08-24,1.1252799159280296
2017-08-25,1.1279087513396406
2017-08-28,1.1279548712591425
2017-08-29,1.129246229005197
2017-08-30,1.134596139667423
2017-08-31,1.1414218877537112
2017-09-01,1.1430360849362793
2017-09-05,1.1348267392649325
2017-09-06,1.1387008124886582
2017-09-07,1.1385624527301539
2017-09-08,1.1372249750646144
2017-09-11,1.1259359701650884
2017-09-12,1.1297294761448917
2017-09-13,1.1302716373623043
2017-09-14,1.129910199625602
2017-09-15,1.1258439867450702
2017-09-18,1.128238534331148
2017-09-19,1.129368037909487
2017-09-20,1.129774659197689
2017-09-21,1.1267475896077408
2017-09-22,1.1269734903234085
2017-09-25,1.1246693030235972
2017-09-26,1.1253470051706007
2017-09-27,1.1297294790545556
2017-09-28,1.1310848833485618
2017-09-29,1.1350607359443148
2017-10-02,1.1399853715458723
2017-10-03,1.1424250992750846
2017-10-04,1.143780503569091
2017-10-05,1.1505575250391242
2017-10-06,1.149247300888251
2017-10-09,1.147349734876642
2017-10-10,1.15037680446659
2017-10-11,1.1521840101919323
2017-10-12,1.1504673319846217
2017-10-13,1.1518679228085036
2017-10-16,1.1533710480292867
2017-10-17,1.1541842674607463
2017-10-18,1.1553137388932635
2017-10-19,1.1556299908943684
2017-10-20,1.1615936000580593
2017-10-23,1.1570757143279904
2017-10-24,1.1591087629065213
2017-10-25,1.1533710480293338
2017-10-26,1.1548619503202566
2017-10-27,1.164304331496101
2017-10-30,1.1599671611952347
2017-10-31,1.1617743154872622
2017-11-01,1.1633103966354859
2017-11-02,1.1637621852084925
2017-11-03,1.167647566936352
2017-11-06,1.1694547212283797
2017-11-07,1.1686415017969674
2017-11-08,1.1706293715181977
2017-11-09,1.1663825589319328
2017-11-10,1.1660211280735273
2017-11-13,1.167105420648744
2017-11-14,1.1643946892107027
2017-11-15,1.1585666166189135
2017-11-16,1.1684156075104641
2017-11-17,1.1649820143556118
2017-11-20,1.1669698840768419
2017-11-21,1.1746051109606586
2017-11-22,1.1735659972427426
2017-11-24,1.1762767286807843
2017-11-27,1.1756894035358751
2017-11-28,1.1876166218632576
2017-11-29,1.1868937601464464
2017-11-30,1.1972848973256052
2017-12-01,1.1948000601740671
2017-12-04,1.1933543367404453
2017-12-05,1.1890623452992055
2017-12-06,1.1931741610219309
2017-12-07,1.1838291361452753
2017-12-08,1.183922586503738
2017-12-11,1.1814948953511863
2017-12-12,1.1810283843694933
2017-12-13,1.1899061643282165
2017-12-14,1.1949524953479056
2017-12-15,1.199438122920974
2017-12-18,1.1885044077214921
2017-12-19,1.173100229400387
2017-12-20,1.1601104315921613
2017-12-21,1.1644092136006388
2017-12-22,1.1659978939081195
2017-12-26,1.16945560987146
2017-12-27,1.1846882504667169
2017-12-28,1.1836602809589682
2017-12-29,1.1855212777464084
2018-01-02,1.1727184778848225
2018-01-03,1.1783255469968277
2018-01-04,1.1781386469252495
2018-01-05,1.174774408337641
2018-01-08,1.1740267991371376
2018-01-09,1.1583270059145836
2018-01-10,1.1569252386625692
2018-01-11,1.1616912473194185
2018-01-12,1.1636537214722387
2018-01-16,1.168513181279222
2018-01-17,1.166924511726939
2018-01-18,1.1560841783113607
2018-01-19,1.1500098535526317
2018-01-22,1.151131267354243
2018-01-23,1.1560841783113607
2018-01-24,1.1498229512523632
2018-01-25,1.1592615174159266
2018-01-26,1.1549627645104508
2018-01-29,1.1469259655988155
2018-01-30,1.135161795936155
2018-01-31,1.135725831467932
2018-02-01,1.1344365613111997
2018-02-02,1.1097405534781772
2018-02-05,1.1202273140128745
2018-02-06,1.1422982496127188
2018-02-07,1.1361014100019935
2018-02-08,1.0934875266515245
2018-02-09,1.1099133960306378
2018-02-12,1.1262119330889844
2018-02-13,1.1290132441458878
2018-02-14,1.1442506785311648
2018-02-15,1.158851450053616
2018-02-16,1.1591910029086299
2018-02-20,1.15193306063272
2018-02-21,1.1462031062043412
2018-02-22,1.1476886499466654
2018-02-23,1.1659820600105342
2018-02-26,1.1795217301042096
2018-02-27,1.164793625017986
2018-02-28,1.1529941633062561
2018-03-01,1.1362287411210104
2018-03-02,1.126991883275495
2018-03-05,1.1239446724687077
2018-03-06,1.1251363443606937
2018-03-07,1.1247239249768042
2018-03-08,1.1301665365354574
2018-03-09,1.1498341555769536
2018-03-12,1.1483910388757954
2018-03-13,1.1409692958412687
2018-03-14,1.1351143652251419
2018-03-15,1.1357643018785775
2018-03-16,1.13105226114117
2018-03-19,1.127464913425461
2018-03-20,1.126969179182419
2018-03-21,1.12019414452751
2018-03-22,1.0912763136834016
2018-03-23,1.0621932380915968
2018-03-26,1.1025129565256897
2018-03-27,1.0671523572550674
2018-03-28,1.0600468212745833
2018-03-29,1.081032939170432
2018-04-02,1.0552547156133263
2018-04-03,1.0656651520498497
2018-04-04,1.0805372041020265
2018-04-05,1.0849988197176792
2018-04-06,1.0583943710469375
2018-04-09,1.0666566221870384
2018-04-10,1.0929305808125596
2018-04-11,1.086486024923281
2018-04-12,1.0995403817246407
2018-04-13,1.0959049912229961
2018-04-16,1.1043324873859002
2018-04-17,1.1248228702133856
2018-04-18,1.1218484598027871
2018-04-19,1.1094550830380776
2018-04-20,1.0940872959150796
2018-04-23,1.0901214153680383
2018-04-24,1.071118237746797
2018-04-25,1.0712834827695905
2018-04-26,1.0907823954639777
2018-04-27,1.0887994551906626
2018-04-30,1.0816939342360086
2018-05-01,1.0952440262933492
2018-05-02,1.0940873111177225
2018-05-03,1.0965659864940667
2018-05-04,1.1173868596553465
2018-05-07,1.125153375834554
2018-05-08,1.1276320512108968
2018-05-09,1.141512633318417
2018-05-10,1.1563846855764737
2018-05-11,1.1547322353255784
2018-05-14,1.1545669903004891
2018-05-15,1.143660818644578
2018-05-16,1.148783292580436
2018-05-17,1.1428349545537413
2018-05-18,1.1380428475795652
2018-05-21,1.14795754887393
2018-05-22,1.1463050623812359
2018-05-23,1.1547325580391041
2018-05-24,1.1534129397715704
2018-05-25,1.1566425807834935
2018-05-29,1.1572221361644623
2018-05-30,1.1726649562850124
2018-05-31,1.1654812488751742
2018-06-01,1.1769235612764735
2018-06-04,1.182515668841018
2018-06-05,1.1833759930817174
2018-06-06,1.1932697218497577
2018-06-07,1.193140673213653
2018-06-08,1.1966680026005196
2018-06-11,1.198259602445813
2018-06-12,1.1998081860790715
2018-06-13,1.19597974320796
2018-06-14,1.198990878050407
2018-06-15,1.1921082841248136
2018-06-18,1.189656360038821
2018-06-19,1.1850966415631157
2018-06-20,1.1871184035287587
2018-06-21,1.1796765988467108
2018-06-22,1.1818274094484587
2018-06-25,1.1657393461473842
2018-06-26,1.168320318916727
2018-06-27,1.15864167120847
2018-06-28,1.1589263264384777
2018-06-29,1.1549411532183689
2018-07-02,1.151430417446253
2018-07-03,1.147364453654214
2018-07-05,1.1567246435492893
2018-07-06,1.1605063348968403
2018-07-09,1.1530374957557528
2018-07-10,1.1529429534881441
2018-07-11,1.1573864400657532
2018-07-12,1.157291897798145
2018-07-13,1.1602227080940148
2018-07-16,1.155401052445971
2018-07-17,1.153226580290971
2018-07-18,1.1485940091781444
2018-07-19,1.1558737637840146
2018-07-20,1.141692423644914
2018-07-23,1.12760562577119
2018-07-24,1.1314818587431543
2018-07-25,1.1296855556585854
2018-07-26,1.127511083503581
2018-07-27,1.1200754153036403
2018-07-30,1.1142246909039049
2018-07-31,1.1197172076870752
2018-08-01,1.1178465675646656
2018-08-02,1.131903647268098
2018-08-03,1.1374451374018706
2018-08-06,1.140962169987509
2018-08-07,1.135224818773796
2018-08-08,1.1363727692535288
2018-08-09,1.1459390007333767
2018-08-10,1.1542616230777962
2018-08-13,1.1518700649328482
2018-08-14,1.1492871821363042
2018-08-15,1.1559835449421592
2018-08-16,1.161065160578601
2018-08-17,1.1625065226346485
2018-08-20,1.170289877596907
2018-08-21,1.166350154714776
2018-08-22,1.1709625132109294
2018-08-23,1.1727882384489898
2018-08-24,1.1750944176970668
2018-08-27,1.1683680615568433
2018-08-28,1.16135343301061
2018-08-29,1.162890885842661
2018-08-30,1.1653892466947442
2018-08-31,1.162650658837653
2018-09-04,1.1533778964443449
2018-09-05,1.1503029907802425
2018-09-06,1.154530986068383
2018-09-07,1.1485864438022306
2018-09-10,1.1528286821229021
2018-09-11,1.14405495879893
2018-09-12,1.1467545651745656
2018-09-13,1.1582119627447869
2018-09-14,1.1548468835330286
2018-09-17,1.1462381564438742
2018-09-18,1.1535183176783996
2018-09-19,1.1505749612282021
2018-09-20,1.1642058978649088
2018-09-21,1.1556865625278436
2018-09-24,1.1527257942207705
2018-09-25,1.1515414868974059
2018-09-26,1.1596342460636215
2018-09-27,1.1606535512984972
2018-09-28,1.1576029397422594
2018-10-01,1.1465480386439926
2018-10-02,1.1535566405163182
2018-10-03,1.1335207730356305
2018-10-04,1.125525024310046
2018-10-05,1.1158511554813912
2018-10-08,1.1121000634866731
2018-10-09,1.1233533394563542
2018-10-10,1.1202932380867245
2018-10-11,1.0956169985228124
2018-10-12,1.1108333421845538
2018-10-15,1.1045938361856913
2018-10-16,1.1287467626329004
2018-10-17,1.1289480370153362
2018-10-18,1.112644811663537
2018-10-19,1.1102039446667447
2018-10-22,1.108739416664392
2018-10-23,1.1122539683086607
2018-10-24,1.0785542345301014
2018-10-25,1.074043814312516
2018-10-26,1.080527543375295
2018-10-29,1.0780843990907698
2018-10-30,1.072728275082387
2018-10-31,1.0672781839861383
2018-11-01,1.06568074349241
2018-11-02,1.0524313841027855
2018-11-05,1.0565659359689035
2018-11-06,1.0559081663538394
2018-11-07,1.057317672671834
2018-11-08,1.0572234122956727
2018-11-09,1.0651166454867516
2018-11-12,1.0720702037385215
2018-11-13,1.0714124428195753
2018-11-14,1.072070212254739
2018-11-15,1.0716003769439078
2018-11-16,1.0698750250489453
2018-11-19,1.0290939802589256
2018-11-20,1.0069781059689533
2018-11-21,1.0143500640656107
2018-11-23,1.0050959039017215
2018-11-26,1.027839178880771
2018-11-27,1.0298782311203065
2018-11-28,1.065953770742211
2018-11-29,1.0556020726003417
2018-11-30,1.0656404875553875
2018-12-03,1.0707224461772535
2018-12-04,1.0886478996255082
2018-12-06,1.0920666716732919
2018-12-07,1.094099454439922
2018-12-10,1.098627017421784
2018-12-11,1.0988766259273666
2018-12-12,1.1044099084491679
2018-12-13,1.1040354757973168
2018-12-14,1.0836496980854171
2018-12-17,1.0623902441858644
2018-12-18,1.066223656999169
2018-12-19,1.0803092080629928
2018-12-20,1.0609314644206076
2018-12-21,1.0242521639546636
2018-12-24,0.9969157041734411
2018-12-26,1.0571251219194249
2018-12-27,1.0647378069217905
2018-12-28,1.0623155889664924
2018-12-31,1.0723504919241562
2019-01-02,1.0730425541970985
2019-01-03,1.0188886813393605
2019-01-04,1.0640457446488483
2019-01-07,1.0735616009018052
2019-01-08,1.0825584104500556
2019-01-09,1.0965726714771382
2019-01-10,1.1014171073877344
2019-01-11,1.0993409205689075
2019-01-14,1.0891330020430081
2019-01-15,1.1055694810253887
2019-01-16,1.106607574434802
2019-01-17,1.1137012127324608
2019-01-18,1.130656738419548
2019-01-22,1.1116250259136338
2019-01-23,1.1154313684148167
2019-01-24,1.1247742090995383
2019-01-25,1.1406916413772121
2019-01-28,1.1254662713724803
2019-01-29,1.1133551815959895
2019-01-30,1.1479582952431062
2019-01-31,1.1467471862654575
2019-02-01,1.137289316203144
2019-02-04,1.1322121317558087
2019-02-05,1.1373826856047244
2019-02-06,1.137943329995659
2019-02-07,1.1270957346026447
2019-02-08,1.1319064526687481
2019-02-11,1.1274657898385454
2019-02-12,1.1245516048561943
2019-02-13,1.1203422265483536
2019-02-14,1.1267256793668372
2019-02-15,1.128483441737144
2019-02-19,1.1313513698150135
2019-02-20,1.1281133865012898
2019-02-21,1.118029381324265
2019-02-22,1.1246903755696391
2019-02-25,1.121359878446952
2019-02-26,1.126910706984764
2019-02-27,1.114143801347797
2019-02-28,1.1103507351802921
2019-03-01,1.097768857161252
2019-03-04,1.1063726413948602
2019-03-05,1.1086854866189486
2019-03-06,1.1127560942133439
2019-03-07,1.1199721713124993
2019-03-08,1.1246903755696394
2019-03-11,1.1488564773223173
2019-03-12,1.1556229858131897
2019-03-13,1.1631944895681674
2019-03-14,1.1547925265802335
2019-03-15,1.1624306747510824
2019-03-18,1.1617995044590872
2019-03-19,1.1592215469787785
2019-03-20,1.171347495126897
2019-03-21,1.1739254526072076
2019-03-22,1.1921621147827242
2019-03-25,1.194071712916286
2019-03-26,1.1932123937561832
2019-03-27,1.2041925830241642
2019-03-28,1.2083936989180004
2019-03-29,1.2072479400378633
2019-04-01,1.1874835993554973
2019-04-02,1.1896796372103027
2019-04-03,1.191551707136325
2019-04-04,1.1947134256684455
2019-04-05,1.2004960416642638
2019-04-08,1.2014112758506506
2019-04-09,1.1952542458694912
2019-04-10,1.199331198154313
2019-04-11,1.198998385722897
2019-04-12,1.2071106887386138
2019-04-15,1.2063202592140057
2019-04-16,1.2071106887386138
2019-04-17,1.2041569784098143
2019-04-18,1.206528266983639
2019-04-22,1.2075683058318076
2019-04-23,1.2184263114066896
2019-04-24,1.215722210401451
2019-04-25,1.2149733824307694
2019-04-26,1.2206311937648076
2019-04-29,1.2225448652454378
2019-04-30,1.223168888554339
2019-05-01,1.2200608491983393
2019-05-02,1.2136893685185142
2019-05-03,1.2251891141357192
2019-05-06,1.2285577401012326
2019-05-07,1.2080533815300136
2019-05-08,1.2028325025702202
2019-05-09,1.2077633326989141
2019-05-10,1.206119722656016
2019-05-13,1.2155946511386044
2019-05-14,1.2265880657006352
2019-05-15,1.2337728255516276
2019-05-16,1.2451967345941601
2019-05-17,1.2371464533068988
2019-05-20,1.2289689514623237
2019-05-21,1.227014017951686
2019-05-22,1.2340517785899814
2019-05-23,1.2479318065155083
2019-05-24,1.2490070037383785
2019-05-28,1.2588794178388996
2019-05-29,1.2618118177482012
2019-05-30,1.2726616985887866
2019-05-31,1.2885944064892387
2019-06-03,1.2688821709851488
2019-06-04,1.311280046158941
2019-06-05,1.3283469462970452
2019-06-06,1.3437970177833307
2019-06-07,1.368768646864913
2019-06-10,1.382781503467542
2019-06-11,1.3827815034675999
2019-06-12,1.375056467135379
2019-06-13,1.379784147752021
2019-06-14,1.3832564940401182
2019-06-17,1.3856766141803067
2019-06-18,1.3926213067565008
2019-06-19,1.394620536441342
2019-06-20,1.4150505982704746
2019-06-21,1.4034018788059293
2019-06-24,1.406090044836077
2019-06-25,1.3802836509466565
2019-06-26,1.3951581696468085
2019-06-27,1.3987423910203391
2019-06-28,1.398563179951663
2019-07-01,1.420785352467546
2019-07-02,1.4245487849097533
2019-07-03,1.4354806600990215
2019-07-05,1.4327924940688739
2019-07-08,1.4218606188796055
2019-07-09,1.4268785288025483
2019-07-10,1.4381688261291699
2019-07-11,1.4435451581894656
2019-07-12,1.4541186113083655
2019-07-15,1.4589586076319772
2019-07-16,1.445364813209704
2019-07-17,1.4416013092283826
2019-07-18,1.4460903820768285
2019-07-19,1.4426782350630138
2019-07-22,1.4482643906984045
2019-07-23,1.4562489343912632
2019-07-24,1.4625746613597264
2019-07-25,1.455583068328565
2019-07-26,1.459023375408311
2019-07-29,1.4594672860723559
2019-07-30,1.4630185713855874
2019-07-31,1.4747822039834992
2019-08-01,1.467310406312153
2019-08-02,1.4433908364730672
2019-08-05,1.3831354315349127
2019-08-06,1.4025311016386968
2019-08-07,1.4033595599162454
2019-08-08,1.430893613857721
2019-08-09,1.421147046090827
2019-08-12,1.4486247132303833
2019-08-13,1.4436598527038191
2019-08-14,1.4761847553370255
2019-08-15,1.4734993880586058
2019-08-16,1.5015039325335546
2019-08-19,1.5243295478116206
2019-08-20,1.539350744807154
2019-08-21,1.5574561727413085
2019-08-22,1.547113354579476
2019-08-23,1.496238112242754
2019-08-26,1.5169841894761311
2019-08-27,1.514657526608837
2019-08-28,1.5160147466147584
2019-08-29,1.542383592444098
2019-08-30,1.5419958152995492
2019-09-03,1.5231886237889174
2019-09-04,1.5491696924737077
2019-09-05,1.5815490840435584
2019-09-06,1.5801918640376367
2019-09-09,1.5683646611226594
2019-09-10,1.560415229537679
2019-09-11,1.5765866184925654
2019-09-12,1.5851170920800808
2019-09-13,1.5734846280971055
2019-09-16,1.5696071401027805
2019-09-17,1.576004995293417
2019-09-18,1.5758111208937007
2019-09-19,1.5805514205068176
2019-09-20,1.6014313128799795
2019-09-23,1.6064195738844649
2019-09-24,1.5908561995504706
2019-09-25,1.6098115913675148
2019-09-26,1.6116073653291294
2019-09-27,1.5900580777897526
2019-09-30,1.6068186347648235
2019-10-01,1.5918538517513676
2019-10-02,1.5619242857244555
2019-10-03,1.5810792079816791
2019-10-04,1.607217695645182
2019-10-07,1.600433660679082
2019-10-08,1.5711026859727084
2019-10-09,1.5944477474736998
2019-10-10,1.6054219216835677
2019-10-11,1.6275698005434822
2019-10-14,1.6265721483425855
2019-10-15,1.6445298879587327
2019-10-16,1.6331566528685062
2019-10-17,1.6299641658256356
2019-10-18,1.6144007914916414
2019-10-21,1.6317599397872504
2019-10-22,1.609811591367515
2019-10-23,1.6112083044487706
2019-10-24,1.6347528963899416
2019-10-25,1.6545064099677036
2019-10-28,1.6754571061865422
2019-10-29,1.6602927927329065
2019-10-30,1.6704688451820566
2019-10-31,1.6694711929811596
2019-11-01,1.6894242369991013
2019-11-04,1.6982035763669954
2019-11-05,1.6962082719652014
2019-11-06,1.6954101502044838
2019-11-07,1.7087786896965045
2019-11-08,1.7183561508251162
2019-11-11,1.7191542725858335
2019-11-12,1.7249406553510365
2019-11-13,1.7287317337144452
2019-11-14,1.7267364293126513
2019-11-15,1.74070356012521
2019-11-18,1.7458913515698748
2019-11-19,1.7492833690529248
2019-11-20,1.7387082557234161
2019-11-21,1.729928916355522
2019-11-22,1.7277340815135485
2019-11-25,1.7528749169761546
2019-11-26,1.75447116049759
2019-11-27,1.7642481520663809
2019-11-29,1.759060360621716
2019-12-02,1.7339195251591102
2019-12-03,1.77027529569603
2019-12-04,1.7525990723649671
2019-12-05,1.744074270010116
2019-12-06,1.7344211849906523
2019-12-09,1.7381821272060278
2019-12-10,1.7383074919465402
2019-12-11,1.7519722486624043
2019-12-12,1.7231383583445257
2019-12-13,1.7430713520860155
2019-12-16,1.7274007595219512
2019-12-17,1.7250188294522133
2019-12-18,1.7108526137742992
2019-12-19,1.7108526137742992
2019-12-20,1.7131091791035244
2019-12-23,1.710601884293274
2019-12-24,1.7154911091734129
2019-12-26,1.7196281470763843
2019-12-27,1.7215086066389695
2019-12-30,1.7149733476192164
2019-12-31,1.6987568949242382
2020-01-02,1.7180039561536806
2020-01-03,1.7443981343655808
2020-01-06,1.7344924807848678
2020-01-07,1.7259034014142498
2020-01-08,1.7145557856034328
2020-01-09,1.720574410563866
2020-01-10,1.735871749004967
2020-01-13,1.7306054521645884
2020-01-14,1.739508001585229
2020-01-15,1.7510436994260596
2020-01-16,1.7455266265456626
2020-01-17,1.7306054521645886
2020-01-21,1.7487867150658971
2020-01-22,1.7549307280463398
2020-01-23,1.7672187540072242
2020-01-24,1.7815129882882532
2020-01-27,1.8092237407102478
2020-01-28,1.7950548944492282
2020-01-29,1.8126092172504917
2020-01-30,1.81285999329051
2020-01-31,1.8294112119317016
2020-02-03,1.8248972432114128
2020-02-04,1.8003211912896435
2020-02-05,1.780635272148226
2020-02-06,1.788660105428804
2020-02-07,1.8109791729904112
2020-02-10,1.8159946937907723
2020-02-11,1.8068413683301132
2020-02-12,1.7976880428695288
2020-02-13,1.8045843839700144
2020-02-14,1.8124838292305856
2020-02-18,1.824897243123333
2020-02-19,1.8247718551033303
2020-02-20,1.8390660893836694
2020-02-21,1.856244248124054
2020-02-24,1.7795230306688645
2020-02-25,1.7225887471961185
2020-02-26,1.7304288780351125
2020-02-27,1.6370939870947074
2020-02-28,1.6496008624807217
2020-03-02,1.7449891210218156
2020-03-03,1.6787213484541281
2020-03-04,1.7507758842601209
2020-03-05,1.6955216288234007
2020-03-06,1.6596810307022853
2020-03-09,1.5336789279327383
2020-03-10,1.6359739684034222
2020-03-11,1.5586926787047668
2020-03-12,1.4065568064719063
2020-03-13,1.5715728936545428
2020-03-16,1.3544759373271604
2020-03-17,1.4466908095762805
2020-03-18,1.392183233267084
2020-03-19,1.3972233173778656
2020-03-20,1.3331955821927481
2020-03-23,1.3141552644409056
2020-03-24,1.4487441771769698
2020-03-25,1.446877479358162
2020-03-26,1.5364789746609508
2020-03-27,1.4670378158012893
2020-03-30,1.5288255136038378
2020-03-31,1.5002650369760737
2020-04-01,1.4287705105157233
2020-04-02,1.4621844014723882
2020-04-03,1.4395973578648102
2020-04-06,1.5624260743423832
2020-04-07,1.5484258407013225
2020-04-08,1.590053202060743
2020-04-09,1.5904265416245045
2020-04-13,1.5939732674802396
2020-04-14,1.6608010493935699
2020-04-15,1.6245871117086927
2020-04-16,1.6443741085880588
2020-04-17,1.6662144730681137
2020-04-20,1.6796188562314645
2020-04-21,1.7007679941114184
2020-04-22,1.68339194186263
2020-04-23,1.6718341530410536
2020-04-24,1.707278038760555
2020-04-27,1.7219179046012187
2020-04-28,1.7411266686922393
2020-04-29,1.8125878766362973
2020-04-30,1.8044942039133518
2020-05-01,1.7549451343167815
2020-05-04,1.7782391192267228
2020-05-05,1.802717544047339
2020-05-06,1.8167334163236601
2020-05-07,1.8439755342691848
2020-05-08,1.8710202455629306
2020-05-11,1.8834568646250176
2020-05-12,1.844567754224522
2020-05-13,1.8127852832880766
2020-05-14,1.835881861546239
2020-05-15,1.8451599741798594
2020-05-18,1.8903660974372885
2020-05-19,1.8834568646250174
2020-05-20,1.924714854846863
2020-05-21,1.8978675502048965
2020-05-22,1.904776783017167
2020-05-26,1.9028027164993755
2020-05-27,1.9136600823472294
2020-05-28,1.9099093559634253
2020-05-29,1.9339929674804834
2020-06-01,1.9334007475251462
2020-06-02,1.9515621594888293
2020-06-03,1.966762471675825
2020-06-04,1.9505751261942355
2020-06-05,2.001900784800748
2020-06-08,2.0119685236849643
2020-06-09,2.021444042634815
2020-06-10,2.055200578893658
2020-06-11,1.93734881195489
2020-06-12,1.9186704428867385
2020-06-15,1.9197344006184682
2020-06-16,1.890298236707267
2020-06-17,1.8843974506084245
2020-06-18,1.8851257740855025
2020-06-19,1.8661402877469673
2020-06-22,1.8781120275400565
2020-06-23,1.8867582840572874
2020-06-24,1.838629471555778
2020-06-25,1.8583405178817731
2020-06-26,1.8142022853112934
2020-06-29,1.8408666148504458
2020-06-30,1.8644473144428941
2020-07-01,1.877507394217173
2020-07-02,1.8878466240384775
2020-07-06,1.9169899502014511
2020-07-07,1.8972184405431676
2020-07-08,1.9117296402923665
2020-07-09,1.9008462404804674
2020-07-10,1.920254970145021
2020-07-13,1.9036275537657306
2020-07-14,1.9063652731623255
2020-07-15,1.8974676912608788
2020-07-16,1.89121845791412
2020-07-17,1.8967008413381492
2020-07-20,1.912029146036269
2020-07-21,1.8928320662567881
2020-07-22,1.9080152111732864
2020-07-23,1.8584518415608091
2020-07-24,1.8359389025466912
2020-07-27,1.8649090411229978
2020-07-28,1.8430941777372243
2020-07-29,1.869795570521411
2020-07-30,1.8802667049465822
2020-07-31,1.9272122909527667
2020-08-03,1.9746814336802094
2020-08-04,1.9797424819857086
2020-08-05,1.9624340209226214
2020-08-06,1.9733960502039556
2020-08-07,1.9602416150663546
2020-08-10,1.9514719916412873
2020-08-11,1.928220950586668
2020-08-12,1.9720203392228528
2020-08-13,1.950941312709027
2020-08-14,1.9433195178113718
2020-08-17,1.9482022301676818
2020-08-18,1.9621358239649564
2020-08-19,1.9597485899738634
2020-08-20,1.985837647162239
2020-08-21,2.011074120782367
2020-08-24,2.028466825574618
2020-08-25,2.0386978283935884
2020-08-26,2.08013338981042
2020-08-27,2.081838556946915
2020-08-28,2.100083845307413
2020-08-31,2.1067339971397443
2020-09-01,2.146975941562268
2020-09-02,2.166075669484033
2020-09-03,2.172230037544996
2020-09-04,2.1309826771358895
2020-09-08,2.1440770772657642
2020-09-09,2.138315541208619
2020-09-10,2.149183893316415
2020-09-11,2.153766933361871
2020-09-14,2.153635989360572
2020-09-15,2.148398229308622
2020-09-16,2.1419819732449836
2020-09-17,2.148529173309921
2020-09-18,2.1418510292436848
2020-09-21,2.1185728188550113
2020-09-22,2.116897548445511
2020-09-23,2.0926479351473053
2020-09-24,2.1006628187216427
2020-09-25,2.1006628187216427
2020-09-28,2.135553403307091
2020-09-29,2.123923171420994
2020-09-30,2.1400265694171448
2020-10-01,2.141337378292419
2020-10-02,2.121006619238204
2020-10-05,2.158618526558905
2020-10-06,2.1279317844960386
2020-10-07,2.16497188930484
2020-10-08,2.1841590447975636
2020-10-09,2.2036638684275847
2020-10-12,2.239115632549902
2020-10-13,2.224787904138154
2020-10-14,2.2298698435631508
2020-10-15,2.226018641074343
2020-10-16,2.2198292708741065
2020-10-19,2.2114379378614966
2020-10-20,2.219062577729747
2020-10-21,2.2157147337603282
2020-10-22,2.205299219188803
2020-10-23,2.202881331877556
2020-10-26,2.1550815596475217
2020-10-27,2.1658690568823156
2020-10-28,2.0740205524333972
2020-10-29,2.1086154607602388
2020-10-30,2.0619309339320813
2020-11-02,2.0671387695941865
2020-11-03,2.103593619228923
2020-11-04,2.1854310367762904
2020-11-05,2.1892299008344294
2020-11-06,2.1627735404810835
2020-11-09,2.1461207653287055
2020-11-10,2.122219085792176
2020-11-11,2.1299351966299636
2020-11-12,2.16618184620015
2020-11-13,2.18456681444049
2020-11-16,2.2056554542813918
2020-11-17,2.218593309480532
2020-11-18,2.2250020950528246
2020-11-19,2.24252566472948
2020-11-20,2.261488405031575
2020-11-23,2.2609235505634744
2020-11-24,2.242434209536382
2020-11-25,2.235530944080123
2020-11-27,2.2572269212283675
2020-11-30,2.25440926185944
2020-12-01,2.218906753798661
2020-12-02,2.2012963827367673
2020-12-03,2.219047636767156
2020-12-04,2.186503671044776
2020-12-07,2.206227286634097
2020-12-08,2.2166526263027384
2020-12-09,2.2093267119409905
2020-12-10,2.2289094445618165
2020-12-11,2.236798890797545
2020-12-14,2.244896714617452
2020-12-15,2.2823266558311137
2020-12-16,2.297802496909839
2020-12-17,2.3159776125953186
2020-12-18,2.3078798182094364
2020-12-21,2.3048206402827844
2020-12-22,2.3167155413253395
2020-12-23,2.3007088226384442
2020-12-24,2.309813561708054
2020-12-28,2.310841516119139
2020-12-29,2.307904503516039
2020-12-30,2.3128974249413092
2020-12-31,2.316274989434874
2021-01-04,2.313484827461929
2021-01-05,2.296303303733795
2021-01-06,2.2491642514540384
2021-01-07,2.2293394669952957
2021-01-08,2.222143785954339
2021-01-11,2.218472520117116
2021-01-12,2.2078660043669363
2021-01-13,2.2218939909636304
2021-01-14,2.2010850443283716
2021-01-15,2.178516827313398
2021-01-19,2.206898069923194
2021-01-20,2.250663129730942
2021-01-21,2.235363166515603
2021-01-22,2.2425236822586547
2021-01-25,2.268904480465893
2021-01-26,2.270429054179809
2021-01-27,2.2275715931108326
2021-01-28,2.2467291490783996
2021-01-29,2.2017505394154155
2021-02-01,2.2383997769185875
2021-02-02,2.2700513911258726
2021-02-03,2.2718362565886894
2021-02-04,2.2976573102841056
2021-02-05,2.3067006286290437
2021-02-08,2.3233593729486675
2021-02-09,2.32181248954756
2021-02-10,2.320801065785297
2021-02-11,2.324549283257212
2021-02-12,2.3360319177346667
2021-02-16,2.334009070210141
2021-02-17,2.3345445298489853
2021-02-18,2.324608778772639
2021-02-19,2.32050358820816
2021-02-22,2.302654933579992
2021-02-23,2.3054512228050714
2021-02-24,2.3308558078924975
2021-02-25,2.2746920413291947
2021-02-26,2.349891186336324
2021-03-01,2.4068530033991613
2021-03-02,2.388071666753714
2021-03-03,2.356439941877171
2021-03-04,2.327279445506607
2021-03-05,2.3700934793727093
2021-03-08,2.3582933632566556
2021-03-09,2.3919638516506323
2021-03-10,2.406853003399161
2021-03-11,2.4312563848957125
2021-03-12,2.434530762666136
2021-03-15,2.4490492301387685
2021-03-16,2.445960194506294
2021-03-17,2.4543005907139754
2021-03-18,2.4185913388025657
2021-03-19,2.4062351962726667
2021-03-22,2.42544899790666
2021-03-23,2.406358757697965
2021-03-24,2.3941261765933644
2021-03-25,2.407594371950955
2021-03-26,2.44639265949484
2021-03-29,2.44515704524185
2021-03-30,2.438670070413653
2021-03-31,2.448554984437572
2021-04-01,2.4749971294515576
2021-04-05,2.510521039225019
2021-04-06,2.5275744653186516
2021-04-07,2.5409750707343144
2021-04-08,2.5776890581744865
2021-04-09,2.6024709996966027
2021-04-12,2.589988243966944
2021-04-13,2.6144030456146585
2021-04-14,2.586683985097329
2021-04-15,2.6311079098999373
2021-04-16,2.6305572000883344
2021-04-19,2.6087123775614325
2021-04-20,2.5855825654741236
2021-04-21,2.611649496556646
2021-04-22,2.580993317044102
2021-04-23,2.619543003856283
2021-04-26,2.6329436092719463
2021-04-27,2.626518661469916
2021-04-28,2.6021038598222015
2021-04-29,2.599901020575791
2021-04-30,2.564472022696025
2021-05-03,2.5573127951451915
2021-05-04,2.5114203108449766
2021-05-05,2.505362502917348
2021-05-06,2.5305115843138664
2021-05-07,2.552172836902588
2021-05-10,2.4877399993659726
2021-05-11,2.473660495669082
2021-05-12,2.4040882220879785
2021-05-13,2.4359449999909035
2021-05-14,2.489588884620541
2021-05-17,2.471286208521783
2021-05-18,2.4515129894878225
2021-05-19,2.460118001474822
2021-05-20,2.5071709393619694
2021-05-21,2.4934395372550506
2021-05-24,2.5377461947200426
2021-05-25,2.5384785361657443
2021-05-26,2.5382954508043185
2021-05-27,2.524930219420251
2021-05-28,2.5339014021301045
2021-06-01,2.521451597553165
2021-06-02,2.5388447068885953
2021-06-03,2.515226695264695
2021-06-04,2.56356123068105
2021-06-07,2.5630119745967734
2021-06-08,2.563195059958199
2021-06-09,2.565025913572455
2021-06-10,2.58388370579929
2021-06-11,2.5992628761590386
2021-06-14,2.6256271682043226
2021-06-15,2.6095156563988713
2021-06-16,2.595418083569101
2021-06-17,2.625444082842897
2021-06-18,2.6014599004961454
2021-06-21,2.6245286560357686
2021-06-22,2.6483297530210947
2021-06-23,2.6454003872382854
2021-06-24,2.662061155128013
2021-06-25,2.658948703983778
2021-06-28,2.686777678920467
2021-06-29,2.706367812593005
2021-06-30,2.7034384468101957
2021-07-01,2.7080155808458124
2021-07-02,2.741906619550369
2021-07-06,2.7740421562130386
2021-07-07,2.7891635719419132
2021-07-08,2.7627932981708256
2021-07-09,2.788241534397469
2021-07-12,2.790454424504134
2021-07-13,2.8018876900552345
2021-07-14,2.8225413310507705
2021-07-15,2.799305984930792
2021-07-16,2.7716448585974836
2021-07-19,2.733472504257518
2021-07-20,2.774042156213037
2021-07-21,2.800781245001901
2021-07-22,2.8214348859974376
2021-07-23,2.8494648273485237
2021-07-26,2.847989567277413
2021-07-27,2.82106607097966
2021-07-28,2.817562328310774
2021-07-29,2.830655261441873
2021-07-30,2.8288111863529863
2021-08-02,2.8186687733641067
2021-08-03,2.8367407092352015
2021-08-04,2.8424573420107513
2021-08-05,2.8581319802662932
2021-08-06,2.85573468265074
2021-08-09,2.846514307206305
2021-08-10,2.8260450737196563
2021-08-11,2.826413888737434
2021-08-12,2.8426417495196414
2021-08-13,2.8581319802662937
2021-08-16,2.8710405058885042
2021-08-17,2.8472519372418597
2021-08-18,2.807973137848562
2021-08-19,2.835449856672981
2021-08-20,2.871962543432948
2021-08-23,2.909028452719581
2021-08-24,2.905709117559584
2021-08-25,2.9040494499795857
2021-08-26,2.886916390767528
2021-08-27,2.914772763379572
2021-08-30,2.9378470739955653
2021-08-31,2.9178529042064585
2021-09-01,2.9190291318165675
2021-09-02,2.931601445532142
2021-09-03,2.904939839380676
2021-09-07,2.8804346780954395
2021-09-08,2.8694116846598168
2021-09-09,2.858569396034615
2021-09-10,2.8303794456090885
2021-09-13,2.831282969661189
2021-09-14,2.827668873452788
2021-09-15,2.8524254324803335
2021-09-16,2.854051775774114
2021-09-17,2.8095983924107837
2021-09-20,2.7535799011805713
2021-09-21,2.754664130043092
2021-09-22,2.792431435420881
2021-09-23,2.829837331177829
2021-09-24,2.83182508409245
2021-09-27,2.804357952908604
2021-09-28,2.7212337401153857
2021-09-29,2.717800348717405
2021-09-30,2.698284231479883
