date,2021_11_07__14_30_22_daily_actor_lr_0.0001_critic_lr_0.001_epoch_5000_sum_loss_True,2021_11_07__14_30_22_daily_actor_lr_0.0001_critic_lr_0.001_epoch_5000_sum_loss_False
2015-01-05,0.9819403203037532,0.9847346740974073
2015-01-06,0.9726914277369422,0.9728616428398352
2015-01-07,0.9848123448376578,0.9811000726920283
2015-01-08,1.0022878839507376,1.0026653743639449
2015-01-09,0.9942559509321913,0.999515386479283
2015-01-12,0.9864674098232978,0.9878846619820697
2015-01-13,0.9836927420532546,0.9871577417009938
2015-01-14,0.9777539794577234,0.9815846862127457
2015-01-15,0.9687966703986766,0.968984734674098
2015-01-16,0.9815022148663785,0.9784346983280839
2015-01-20,0.9835710460984284,0.9866731281802767
2015-01-21,0.9885605802463133,0.9883692755027872
2015-01-22,1.0032614515893499,1.0046038284468142
2015-01-23,0.9977607944311939,1.0043615216864556
2015-01-26,1.000097356763862,1.0002423067603592
2015-01-27,0.9869055152606736,0.9714078022776842
2015-01-28,0.9742491359587215,0.9697116549551739
2015-01-29,0.9832556101835183,0.9789193118488011
2015-01-30,0.9708903276055113,0.9668039738308704
2015-02-02,0.9829138879423656,0.9767385510055737
2015-02-03,0.9971279754660963,0.98788466198207
2015-02-04,0.9933310616755109,0.9898231160649388
2015-02-05,1.0033588083532115,0.9990307729585661
2015-02-06,1.0005841405831681,0.9958807850739042
2015-02-09,0.9961057294455543,0.9944269445117526
2015-02-10,1.0067176167064218,1.0092076568936281
2015-02-11,1.0073017572895888,1.013084565059366
2015-02-12,1.016988755293775,1.026896050399807
2015-02-13,1.0211750961398054,1.0334383329294896
2015-02-17,1.0227814827435147,1.0339229464502069
2015-02-18,1.0228788395073758,1.0348921734916414
2015-02-19,1.0221486637784172,1.0385267748970204
2015-02-20,1.0282772720634779,1.04385752362491
2015-02-23,1.028131236917686,1.0445844439059857
2015-02-24,1.0310568076717141,1.0477344317906478
2015-02-25,1.0301805967969637,1.0411921492609653
2015-02-26,1.0289636372486992,1.0477344317906478
2015-02-27,1.0254587937496973,1.0440998303852689
2015-03-02,1.031933018546465,1.0523382602374616
2015-03-03,1.0276979993185043,1.0453113641870617
2015-03-04,1.0233661101105014,1.0411921492609653
2015-03-05,1.0244852261110855,1.0399806154591724
2015-03-06,1.0100764250596326,1.027138357160166
2015-03-09,1.0142627659056627,1.0319844923673382
2015-03-10,0.997809472813125,1.0109038042161387
2015-03-11,0.995472910480457,1.0043615216864563
2015-03-12,1.008129289782409,1.0109038042161387
2015-03-13,1.0019335053302842,1.0053307487278906
2015-03-16,1.0153336903081358,1.0172037799854625
2015-03-17,1.0123156306284395,1.0174460867458213
2015-03-18,1.024485226111086,1.0312575720862622
2015-03-19,1.0198121014457497,1.0283498909619586
2015-03-20,1.024241834201433,1.0307729585655447
2015-03-23,1.0222460205422792,1.0307729585655447
2015-03-24,1.01650197147447,1.027380663920524
2015-03-25,1.0016063866037113,1.0009692270414352
2015-03-26,0.9992211458891128,1.0016961473225112
2015-03-27,1.0015090298398501,1.002423067603587
2015-03-30,1.013727303704427,1.0145384056215176
2015-03-31,1.0048678381930605,1.0041192149260973
2015-04-01,1.0013143163121279,1.002665374363946
2015-04-02,1.004892177384026,1.0024230676035872
2015-04-06,1.0116828116633425,1.012115338017932
2015-04-07,1.0090055006571603,1.0099345771747044
2015-04-08,1.012388648201336,1.0130845650593663
2015-04-09,1.016891398529915,1.0157499394233112
2015-04-10,1.0224407340700017,1.0196268475890489
2015-04-13,1.0178162877865962,1.0167191664647457
2015-04-14,1.0197634230638197,1.0135691785800838
2015-04-15,1.0243391909652946,1.0225345287133527
2015-04-16,1.0240471206737112,1.0188999273079735
2015-04-17,1.0122669522465098,1.0048461352071738
2015-04-20,1.021515844813321,1.0220499151926357
2015-04-21,1.0202988852650563,1.0215653016719182
2015-04-22,1.0253127586039066,1.031984492367339
2015-04-23,1.0278927128462274,1.0361037072934351
2015-04-24,1.030277466777007,1.0450690574267039
2015-04-27,1.0259942559509347,1.0479767385510073
2015-04-28,1.029255707540284,1.051369033196028
2015-04-29,1.0250206883123232,1.0462805912284971
2015-04-30,1.0147495497249697,1.0317421856069802
2015-05-01,1.0257508640412818,1.0443421371456283
2015-05-04,1.028671566957117,1.0453113641870626
2015-05-05,1.0168913985299157,1.0290768112430355
2015-05-06,1.0127050576838854,1.0203537678701255
2015-05-07,1.016745363384124,1.0278652774412425
2015-05-08,1.0301319184150346,1.042645989823118
2015-05-11,1.0251910626490803,1.0373152410952284
2015-05-12,1.0221486637784187,1.0317421856069802
2015-05-13,1.0223433773061412,1.0361037072934354
2015-05-14,1.0330039429489395,1.05282287375818
2015-05-15,1.0341235457333426,1.0494305791131593
2015-05-18,1.0373363189407614,1.0545190210806903
2015-05-19,1.0369955702672473,1.0518536467167454
2015-05-20,1.0362653945382887,1.0525805669978212
2015-05-21,1.039283454217985,1.057184395444635
2015-05-22,1.0368008567395253,1.0564574751635591
2015-05-26,1.0256535072774216,1.0411921492609664
2015-05-27,1.0353891836635385,1.0608189968500141
2015-05-28,1.0342209024972047,1.0586382360067867
2015-05-29,1.0277953560823672,1.050884419675311
2015-06-01,1.0298885265053823,1.0537921007996145
2015-06-02,1.0288662804848403,1.051611339956387
2015-06-03,1.031592269872953,1.0537921007996145
2015-06-04,1.022874945236824,1.04409983038527
2015-06-05,1.0211264177578774,1.0407075357402493
2015-06-08,1.014846906488832,1.0290768112430357
2015-06-09,1.01470087134304,1.0266537436394496
2015-06-10,1.0268704668256865,1.0426459898231182
2015-06-11,1.0301805967969664,1.0431306033438352
2015-06-12,1.0222946989242117,1.033922946450208
2015-06-15,1.0179136445504593,1.0276229706808842
2015-06-16,1.023462980090546,1.0344075599709253
2015-06-17,1.0251180450761859,1.0348921734916425
2015-06-18,1.035778610718984,1.04409983038527
2015-06-19,1.0261889694786588,1.030772958565546
2015-06-22,1.031446234727162,1.0392536951780977
2015-06-23,1.0321764104561206,1.0399806154591735
2015-06-24,1.0246799396388107,1.0351344802520013
2015-06-25,1.0215645231952535,1.0327114126484152
2015-06-26,1.021369809667531,1.0239883692755052
2015-06-29,0.9999513216180738,1.00218076084323
2015-06-30,1.002044492041089,1.0031499878846644
2015-07-01,1.0100764250596355,1.0099345771747057
2015-07-02,1.0091515358029544,1.0113884177368573
2015-07-06,1.00627951126905,1.007269202810761
2015-07-07,1.012607700920026,1.0087230433729126
2015-07-08,0.9956189456262519,0.992246183668527
2015-07-09,0.9974200457576835,0.9883692755027891
2015-07-10,1.0099790682957743,1.0041192149260991
2015-07-13,1.0211264177578785,1.019384540828692
2015-07-14,1.0255561505135617,1.0232614489944296
2015-07-15,1.0252154018400477,1.0235037557547884
2015-07-16,1.0334420483863165,1.0365883208141533
2015-07-17,1.034318259261067,1.0525805669978219
2015-07-20,1.0348537214623033,1.0581536224860701
2015-07-21,1.0307647373801343,1.0511267264356705
2015-07-22,1.0289149588667719,1.0341652532105674
2015-07-23,1.0231222314170325,1.03198449236734
2015-07-24,1.0125103441561651,1.0264114368790918
2015-07-27,1.0066202599425642,1.0172037799854643
2015-07-28,1.0189845689529329,1.0264114368790918
2015-07-29,1.0259942559509372,1.033196026169133
2015-07-30,1.0262376478605901,1.0351344802520022
2015-07-31,1.0246799396388115,1.0317421856069815
2015-08-03,1.0212237745217398,1.0261691301187335
2015-08-04,1.019227960862586,1.0201114611097681
2015-08-05,1.0225867692157964,1.0300460382844714
2015-08-06,1.0142140875237358,1.0198691543494098
2015-08-07,1.0122669522465124,1.0205960746304854
2015-08-10,1.0250206883123256,1.036588320814154
2015-08-11,1.0157717957455146,1.0210806881512027
2015-08-12,1.0169887552937793,1.0256845165980162
2015-08-13,1.0157231173635841,1.022776835473713
2015-08-14,1.0194226743903085,1.027865277441244
2015-08-17,1.025118045076187,1.0336806396898508
2015-08-18,1.0221486637784214,1.0283498909619613
2015-08-19,1.0140680523779442,1.02156530167192
2015-08-20,0.9928929562381399,0.9966077053549828
2015-08-21,0.9630044297327609,0.9585655439786803
2015-08-24,0.9224553375845838,0.9207656893627364
2015-08-25,0.9116000584140633,0.913496486551978
2015-08-26,0.946599815022154,0.9595347710201148
2015-08-27,0.9700141167307654,0.9818269929731074
2015-08-28,0.970062795112696,0.9837654470559763
2015-08-31,0.9622255756218719,0.9748000969227074
2015-09-01,0.933505330282827,0.9435425248364462
2015-09-02,0.9512242613055599,0.966319360310156
2015-09-03,0.9519057586525881,0.9670462805912318
2015-09-04,0.9374969576011349,0.9522655682093564
2015-09-08,0.9610572944555379,0.978919311848804
2015-09-09,0.9482062016258634,0.9660770535497974
2015-09-10,0.9533661101105055,0.9757693239641422
2015-09-11,0.9576984861023277,0.9803731524109559
2015-09-14,0.954144964221395,0.9779500848073698
2015-09-15,0.9660711677943885,0.9905500363460179
2015-09-16,0.9744438494864492,0.9946692512721143
2015-09-17,0.9722533222995728,0.9878846619820733
2015-09-18,0.9514189748332824,0.9706808819966116
2015-09-21,0.9563354914082716,0.9803731524109561
2015-09-22,0.9439225040159723,0.9638962927065704
2015-09-23,0.9424134741761242,0.9663193603101565
2015-09-24,0.9390059874409834,0.9663193603101565
2015-09-25,0.9387625955313305,0.9646232129876463
2015-09-28,0.9152022586769275,0.9425732977950122
2015-09-29,0.9157377208781641,0.9384540828689159
2015-09-30,0.9328238329357994,0.9571117034165293
2015-10-01,0.9352577520323287,0.9575963169372467
2015-10-02,0.9492284476464066,0.971165495517329
2015-10-05,0.9661198461763194,0.9903077295856595
2015-10-06,0.9628097162050396,0.9915192633874527
2015-10-07,0.9706956140777944,0.9961230918342664
2015-10-08,0.9794577228252997,1.00072692028108
2015-10-09,0.9800418634084669,1.005088441967535
2015-10-12,0.9809667526651479,1.0062999757693283
2015-10-13,0.9747845981599634,1.0041192149261007
2015-10-14,0.9701114734946273,1.0021807608432318
2015-10-15,0.9850070583653863,1.0150230191422382
2015-10-16,0.9894854695030001,1.016961473225107
2015-10-19,0.9899722533223059,1.020838381390845
2015-10-20,0.9887066153921108,1.0181730070269002
2015-10-21,0.9825731392688571,1.0104191906954247
2015-10-22,0.9991724675071865,1.0331960261691344
2015-10-23,1.0101251034415681,1.0620305306518096
2015-10-26,1.0076425059631084,1.0579113157257134
2015-10-27,1.005695370685885,1.051853646716748
2015-10-28,1.0171347904395724,1.0676035861400581
2015-10-29,1.0165506498564056,1.0646959050157545
2015-10-30,1.012169595482653,1.0576690089653547
2015-11-02,1.024144477437577,1.0671189726193406
2015-11-03,1.0271138587353428,1.072692028107589
2015-11-04,1.0239984422917854,1.073903561909382
2015-11-05,1.0229761962712431,1.07075357402472
2015-11-06,1.0224407340700068,1.0743881754300995
2015-11-09,1.0128997712116121,1.0639689847346787
2015-11-10,1.0152363335442802,1.056942088684279
2015-11-11,1.0112447062259722,1.056457475163562
2015-11-12,0.9971279754661028,1.0472498182699348
2015-11-13,0.9859319476220683,1.0266537436394525
2015-11-16,1.0009248892566884,1.0424036830627628
2015-11-17,1.0001947135277296,1.042645989823121
2015-11-18,1.0160638660371002,1.058395929246431
2015-11-19,1.0151876551623498,1.0632420644536034
2015-11-20,1.0188911064596287,1.0709958807850792
2015-11-23,1.0177189310227401,1.0646959050157552
2015-11-24,1.0190819257167965,1.064938211776114
2015-11-25,1.0189358905710049,1.0615459171310933
2015-11-27,1.020104171737339,1.0639689847346792
2015-11-30,1.0158691525093781,1.0651805185364724
2015-12-01,1.0255561505135646,1.0746304821904584
2015-12-02,1.0150854305602957,1.067845892900417
2015-12-03,1.000876210874758,1.0540344075599761
2015-12-04,1.0203962420289228,1.0799612309183482
2015-12-07,1.0142140875237384,1.0746304821904586
2015-12-08,1.0073942462152636,1.071965107826514
2015-12-09,0.9995618945626323,1.056215168403204
2015-12-10,1.0021418488049534,1.0591228495275073
2015-12-11,0.9827191744146498,1.0370729343348735
2015-12-14,0.9876882636421239,1.0450690574267076
2015-12-15,0.9980567589933386,1.0496728858735214
2015-12-16,1.0126563793019596,1.0639689847346796
2015-12-17,0.9972253322299642,1.0472498182699352
2015-12-18,0.9736688896461155,1.021807608432281
2015-12-21,0.9816969283941074,1.0322267991277012
2015-12-22,0.9906050722874045,1.0397383086988181
2015-12-23,1.002872024533912,1.0484613520717283
2015-12-24,1.001216959548272,1.047976738551011
2015-12-28,0.9989290755975347,1.0472498182699352
2015-12-29,1.009589641240333,1.0615459171310937
2015-12-30,1.002433919096537,1.0525805669978248
2015-12-31,0.9924061724188363,1.0377998546159493
2016-01-04,0.9785289392980652,1.024230676035867
2016-01-05,0.9801878985542595,1.021565301671922
2016-01-06,0.9678235895438909,1.008965350133274
2016-01-07,0.944604001363002,0.9791616186091644
2016-01-08,0.9342501095263664,0.971407802277689
2016-01-11,0.9351603952684685,0.9777077780470129
2016-01-12,0.9427094387382635,0.9893385025442264
2016-01-13,0.9191938859952367,0.9626847589047787
2016-01-14,0.934284184393718,0.980857765931675
2016-01-15,0.914228691038317,0.953234795250793
2016-01-19,0.9154456505865817,0.9542040222922273
2016-01-20,0.9037141605413107,0.9466925127211102
2016-01-21,0.9087767122620914,0.9520232614489997
2016-01-22,0.9274205325415055,0.9784346983280889
2016-01-25,0.913401158545497,0.967046280591234
2016-01-26,0.9258628243197267,0.97649624424522
2016-01-27,0.9157863992600956,0.9563847831354549
2016-01-28,0.9205568806892931,0.9687424279137444
2016-01-29,0.943001509029847,0.99927307971893
2016-02-01,0.9426568660857786,1.0029076811243092
2016-02-02,0.9256681107920044,0.9849769808577716
2016-02-03,0.9312174463320911,0.9837654470559786
2016-02-04,0.9326777977900085,0.9847346740974131
2016-02-05,0.9149101883853449,0.957111703416531
2016-02-08,0.9025945577569069,0.9433002180760898
2016-02-09,0.9026432361388375,0.9389386963896348
2016-02-10,0.9018643820279482,0.9408771504725038
2016-02-11,0.8901328919826771,0.9384540828689176
2016-02-12,0.9084846419705076,0.951538647928283
2016-02-16,0.923818332278642,0.9685001211533861
2016-02-17,0.9389086306771232,0.9883692755027926
2016-02-18,0.935063038504607,0.9844923673370549
2016-02-19,0.9346249330672317,0.9852192876181307
2016-02-22,0.9481575232439343,0.9983038526774961
2016-02-23,0.9361826412890104,0.982553913254186
2016-02-24,0.9404663388989019,0.9900654228253031
2016-02-25,0.9518570802706589,1.0024230676035923
2016-02-26,0.9496626588132283,0.9997576932396477
2016-02-29,0.9422187606484032,0.9927307971892478
2016-03-01,0.9643674244268193,1.0222922219529988
2016-03-02,0.9686998004186415,1.0251999030773025
2016-03-03,0.9724723750182618,1.0251999030773025
2016-03-04,0.9756608090347151,1.0278652774412471
2016-03-07,0.9764396631456045,1.021565301671923
2016-03-08,0.9657790975028063,1.0152653259025992
2016-03-09,0.9705495789320037,1.0239883692755094
2016-03-10,0.971328433042893,1.0230191422340749
2016-03-11,0.9870028720245413,1.038769081657385
2016-03-14,0.9857372340943462,1.0399806154591782
2016-03-15,0.984130847490637,1.043857523624916
2016-03-16,0.9898262181765154,1.0559728616428465
2016-03-17,0.9961057294455608,1.0598497698085845
2016-03-18,0.9948887698972961,1.0562151684032053
2016-03-21,0.9963004429732831,1.0598497698085847
2016-03-22,0.9957649807720469,1.060092076568943
2016-03-23,0.9891895049408636,1.054034407559978
2016-03-24,0.9887552937740428,1.056942088684281
2016-03-28,0.98933943435721,1.0542767143203364
2016-03-29,0.9984948644307143,1.0707535740247223
2016-03-30,1.0028720245339124,1.0770535497940463
2016-03-31,1.0004381054373834,1.0748727889508187
2016-04-01,1.0072530789076652,1.0831112188030116
2016-04-04,1.0039916273183163,1.0789920038769152
2016-04-05,0.9939599863700613,1.0685728131814947
2016-04-06,1.0048191598111362,1.0789920038769154
2016-04-07,0.9927955994742816,1.063484371213964
2016-04-08,0.9954690162099095,1.063484371213964
2016-04-11,0.9931368349316152,1.060576690089661
2016-04-12,1.002385240714607,1.0678458929004193
2016-04-13,1.0125142384267232,1.078749697116557
2016-04-14,1.0125590225380992,1.0785073903561984
2016-04-15,1.0114394197536958,1.0743881754301021
2016-04-18,1.0185425692450067,1.0789920038769156
2016-04-19,1.0217592367229797,1.07293433486795
2016-04-20,1.0227328043615913,1.0751150957111775
2016-04-21,1.0172321472034354,1.0712381875454398
2016-04-22,1.0172321472034354,1.0525805669978265
2016-04-25,1.0154797254539345,1.0528228737581853
2016-04-26,1.0169848610232282,1.0477344317906543
2016-04-27,1.0190819257167978,1.042888296583482
2016-04-28,1.009820863554504,1.0298037315241166
2016-04-29,1.0043849486443157,1.020838381390848
2016-05-02,1.012364309010377,1.028349890961965
2016-05-03,1.0035496276103868,1.018899927307979
2016-05-04,0.9979555079589238,1.0157499394233171
2016-05-05,0.9977607944312017,1.0162345529440342
2016-05-06,1.0014116730759957,1.0237460625151513
2016-05-09,1.0022353112982612,1.0237460625151513
2016-05-10,1.0147008713430454,1.0370729343348752
2016-05-11,1.0052085868665814,1.0295614247637583
2016-05-12,1.0055006571581648,1.026653743639455
2016-05-13,0.9967385484106595,1.022776835473717
2016-05-16,1.0065715815606378,1.0370729343348752
2016-05-17,0.9971805481185891,1.026653743639455
2016-05-18,0.9974687241396182,1.028592197722324
2016-05-19,0.9940125590225467,1.0230191422340758
2016-05-20,1.0002920702915923,1.0353767870123651
2016-05-23,0.998929075597536,1.0334383329294965
2016-05-24,1.0118775251910717,1.052822873758186
2016-05-25,1.0187411770432842,1.0600920765689443
2016-05-26,1.0190332473348678,1.063484371213965
2016-05-27,1.0234143017086204,1.0685728131814958
2016-05-31,1.0214671664313968,1.0707535740247234
2016-06-01,1.023560336854412,1.068088199660779
2016-06-02,1.0266757532979693,1.0671189726193446
2016-06-03,1.0236090152363426,1.0646959050157585
2016-06-06,1.0288176021029152,1.0666343590986276
2016-06-07,1.0304239887066244,1.0709958807850826
2016-06-08,1.0337827970598348,1.0731766416283102
2016-06-09,1.0323711239838478,1.0734189483886687
2016-06-10,1.0225867692158002,1.065180518536476
2016-06-13,1.014696977072491,1.0533074872789039
2016-06-14,1.0127050576838916,1.05573055488249
2016-06-15,1.0112933846079049,1.0530651805185454
2016-06-16,1.0143114442876011,1.0552459413617727
2016-06-17,1.005305943630443,1.0431306033438421
2016-06-20,1.0117801684272107,1.0474921250302973
2016-06-21,1.0146521929611154,1.054761327841056
2016-06-22,1.0129971279754755,1.051126726435677
2016-06-23,1.0261889694786641,1.0654228252968352
2016-06-24,0.9888039721559747,1.0244729827962291
2016-06-27,0.9716205033344781,1.0038769081657468
2016-06-28,0.9891432604780309,1.0237460625151533
2016-06-29,1.0059874409774712,1.0394960019384634
2016-06-30,1.0196904054909308,1.0508844196753184
2016-07-01,1.0218604877573965,1.0533074872789046
2016-07-05,1.0145061578153236,1.045553670947429
2016-07-06,1.0205909555566466,1.0528228737581875
2016-07-07,1.019938665238777,1.0528228737581875
2016-07-08,1.0351457917538918,1.0692997334625733
2016-07-11,1.0387966703986855,1.0755997092318972
2016-07-12,1.046341819597926,1.0843227526048071
2016-07-13,1.0461957844521343,1.0845650593651657
2016-07-14,1.0520371902838046,1.0915919554155658
2016-07-15,1.0506255172078178,1.0906227283741312
2016-07-18,1.0534449690892371,1.0978919311848898
2016-07-19,1.052377938957319,1.0954688635813035
2016-07-20,1.0567346541401064,1.109764962442462
2016-07-21,1.0527430268217983,1.1039496001938554
2016-07-22,1.0574891690600305,1.110491882723538
2016-07-25,1.0546171445261259,1.1090380421613864
2016-07-26,1.0551039283454318,1.1114611097649723
2016-07-27,1.0539843255610284,1.1206687666585997
2016-07-28,1.0552012851092931,1.1213956869396757
2016-07-29,1.0569050284768635,1.125514901865772
2016-08-01,1.056028817602113,1.1276956627089996
2016-08-02,1.0492586282432073,1.119214926096448
2016-08-03,1.0523292605753887,1.1230918342621858
2016-08-04,1.053447403008334,1.1291495032711512
2016-08-05,1.0620649369615056,1.1400533074872887
2016-08-08,1.0614321179964084,1.1398110007269302
2016-08-09,1.062064936961506,1.1422340683305163
2016-08-10,1.0594363043372543,1.1385994669251371
2016-08-11,1.0643528209122433,1.1427186818512336
2016-08-12,1.0634279316555622,1.1415071480494405
2016-08-15,1.066494669717189,1.1470802035376888
2016-08-16,1.0609940125590331,1.1385994669251371
2016-08-17,1.0629898262181872,1.1381148534044199
2016-08-18,1.0653750669327857,1.1385994669251371
2016-08-19,1.0638173587110071,1.1393263872062134
2016-08-22,1.063768680329077,1.1393263872062136
2016-08-23,1.0659105291340225,1.14344560213231
2016-08-24,1.0604585503577972,1.137145626362986
2016-08-25,1.0597283746288386,1.1395686939665721
2016-08-26,1.0577325609696846,1.1400533074872892
2016-08-29,1.0629450421068118,1.1444148291737442
2016-08-30,1.0611887260867563,1.1405379210080064
2016-08-31,1.0581706664070603,1.1385994669251376
2016-09-01,1.0582193447889907,1.142234068330517
2016-09-02,1.062989826218188,1.1473225102980478
2016-09-06,1.066206493696161,1.1531378725466546
2016-09-07,1.0661052426617452,1.156045553670958
2016-09-08,1.0636713235652162,1.146595590016972
2016-09-09,1.0382125298155203,1.1184880058153723
2016-09-12,1.0531081146862793,1.1371456263629858
2016-09-13,1.0379691379058673,1.1289071965107929
2016-09-14,1.0375797108504228,1.1342379452386824
2016-09-15,1.0479482062016374,1.1528955657862958
2016-09-16,1.0386506352528957,1.1439302156530273
2016-09-19,1.038845348780618,1.1417494548097995
2016-09-20,1.0388940271625484,1.141022534528724
2016-09-21,1.0505768388258891,1.1538647928277304
2016-09-22,1.0571970987684487,1.1608916888781302
2016-09-23,1.0514043713187091,1.1507148049430687
2016-09-26,1.042885654480857,1.1439302156530273
2016-09-27,1.0493598792776246,1.1565301671916755
2016-09-28,1.0545684661441972,1.158710928034903
2016-09-29,1.0450275032858027,1.1516840319845032
2016-09-30,1.0529134011585577,1.1577417009934685
2016-10-03,1.0503821252981673,1.154349406348448
2016-10-04,1.045027503285803,1.1502301914223516
2016-10-05,1.0496519495692085,1.154349406348448
2016-10-06,1.0503821252981673,1.157014780712393
2016-10-07,1.046779925035304,1.153864792827731
2016-10-10,1.0522319038115293,1.1618609159195654
2016-10-11,1.0389427055444798,1.1487763508602
2016-10-12,1.0403057002385363,1.150714804943069
2016-10-13,1.036898213503395,1.1434456021323105
2016-10-14,1.0374336757046316,1.1478071238187657
2016-10-17,1.0338314754417683,1.1453840562151798
2016-10-18,1.0403057002385363,1.1516840319845039
2016-10-19,1.0430803680085796,1.1538647928277315
2016-10-20,1.041133232731356,1.148534044099842
2016-10-21,1.041620016550662,1.151684031984504
2016-10-24,1.046049749306345,1.1628301429610006
2016-10-25,1.0425449058073428,1.158710928034904
2016-10-26,1.040451735384328,1.1521686455052216
2016-10-27,1.0376770676142846,1.15071480494307
2016-10-28,1.0346103295526579,1.1495032711412767
2016-10-31,1.0346590079345885,1.1490186576205597
2016-11-01,1.0271625371172783,1.1390840804458564
2016-11-02,1.0209803826120942,1.131814877635098
2016-11-03,1.016307257946758,1.12091107341896
2016-11-04,1.0151876551623547,1.1189726193360912
2016-11-07,1.0375797108504237,1.1432032953719529
2016-11-08,1.04225283551576,1.1487763508602011
2016-11-09,1.0532989339434482,1.1473225102980498
2016-11-10,1.0559314608382544,1.1289071965107949
2016-11-11,1.0534975417417252,1.1322994911558153
2016-11-14,1.0543250742345451,1.1150957111703534
2016-11-15,1.0625517207808142,1.1308456505936637
2016-11-16,1.0605559071216604,1.1412648412890842
2016-11-17,1.0660078858978856,1.1485340440998428
2016-11-18,1.063622645183287,1.1475648170584083
2016-11-21,1.0716545782018339,1.159195541555622
2016-11-22,1.073747748624849,1.1628301429610013
2016-11-23,1.074331889208016,1.1582263145141876
2016-11-25,1.0783235165263239,1.1630724497213598
2016-11-28,1.0732609648055431,1.1640416767627941
2016-11-29,1.0753541352285583,1.1647685970438701
2016-11-30,1.0727741809862372,1.150957111703429
2016-12-01,1.0688312320498599,1.1272110491882847
2016-12-02,1.0693666942510964,1.1313302641143812
2016-12-05,1.0757922406659337,1.142234068330519
2016-12-06,1.0791997274010745,1.1456263629755394
2016-12-07,1.0933164581609442,1.167433971407815
2016-12-08,1.0959937691671264,1.1703416525321184
2016-12-09,1.1026140291096862,1.17882238914467
2016-12-12,1.1013483911794912,1.175187787739291
2016-12-13,1.1086988268510094,1.1899685001211666
2016-12-14,1.0995472910480595,1.1858492851950702
2016-12-15,1.1040743805676039,1.1911800339229597
2016-12-16,1.0954583069658903,1.1773685485825185
2016-12-19,1.097843547680489,1.1858492851950702
2016-12-20,1.1020785669084499,1.1902108068815251
2016-12-21,1.0990118288468231,1.187787739277939
2016-12-22,1.0971133719515305,1.1853646716743529
2016-12-23,1.0987197585552397,1.186576205476146
2016-12-27,1.1014457479433524,1.1914223406833184
2016-12-28,1.0923428905223331,1.1807608432275392
2016-12-29,1.0920994986126802,1.181003149987898
2016-12-30,1.0881078712943721,1.1717954930942704
2017-01-03,1.0964318746045023,1.1822146837896907
2017-01-04,1.102954777783201,1.1863338987157872
2017-01-05,1.1020785669084505,1.1882723527986563
2017-01-06,1.1060215158448279,1.1969953961715663
2017-01-09,1.102370637200034,1.196753089411208
2017-01-10,1.102370637200034,1.1969953961715665
2017-01-11,1.1054860536435915,1.2025684516598147
2017-01-12,1.1027113858735482,1.1996607705355113
2017-01-13,1.1052426617339388,1.2032953719408905
2017-01-17,1.1013483911794921,1.198691543494077
2017-01-18,1.1037823102760214,1.201841531378739
2017-01-19,1.0996933261938522,1.2001453840562286
2017-01-20,1.103733631894091,1.2066876665859112
2017-01-23,1.1008616073601865,1.2088684274291388
2017-01-24,1.107919972740121,1.2163799370002562
2017-01-25,1.1175096139804463,1.2280106614974704
2017-01-26,1.116341332814113,1.2246183668524508
2017-01-27,1.114588911064613,1.2294645020596244
2017-01-30,1.107676580830471,1.2195299248849225
2017-01-31,1.1075792240666098,1.2134722558759572
2017-02-01,1.108017329503985,1.2226799127695847
2017-02-02,1.108747505232944,1.2202568451659985
2017-02-03,1.1163900111960459,1.2282529682578331
2017-02-06,1.1143941975368923,1.2289798885389094
2017-02-07,1.1144428759188227,1.2338260237460816
2017-02-08,1.1159032273767404,1.2360067845893095
2017-02-09,1.1225234873193,1.2398836927550474
2017-02-10,1.1269532200749837,1.243518294160427
2017-02-13,1.133086696198238,1.2490913496486753
2017-02-14,1.1376137857177828,1.2532105645747722
2017-02-15,1.1435525483133147,1.257329779500869
2017-02-16,1.142578980674703,1.2602374606251725
2017-02-17,1.1443800808061346,1.2645989823116277
2017-02-21,1.1511950542764167,1.2711412648413103
2017-02-22,1.1501728082558744,1.2725951054034623
2017-02-23,1.150951662366764,1.2723527986431036
2017-02-24,1.1524120138246816,1.2752604797674072
2017-02-27,1.1542131139561131,1.2745335594863314
2017-02-28,1.1510976975125558,1.268475890477366
2017-03-01,1.1672102419315795,1.2864065907439037
2017-03-02,1.1598598062600611,1.277925854131352
2017-03-03,1.1605899819890197,1.2808335352556552
2017-03-06,1.1571338168719485,1.2788950811727868
2017-03-07,1.1536776517548768,1.2788950811727868
2017-03-08,1.1515358029499312,1.2803489217349384
2017-03-09,1.1529961544078486,1.28010661497458
2017-03-10,1.1570364601080871,1.286891204264621
2017-03-13,1.1576206006912542,1.2881027380664143
2017-03-14,1.153190867935571,1.2851950569421111
2017-03-15,1.1631699362313408,1.2939181003150213
2017-03-16,1.1608820522806031,1.294645020596097
2017-03-17,1.1538236869006684,1.29246425975287
2017-03-20,1.1525580489704734,1.2932057184395676
2017-03-21,1.1377598208635753,1.2747758662466913
2017-03-22,1.1404371318697577,1.2827719893385254
2017-03-23,1.139220172321493,1.2793796946935048
2017-03-24,1.1383926398286732,1.2803489217349395
2017-03-27,1.1372243586623392,1.2803489217349395
2017-03-28,1.1454996835905389,1.289556578628567
2017-03-29,1.1465706079930118,1.2917373394717946
2017-03-30,1.1502214866378055,1.2941604070753807
2017-03-31,1.1475441756316236,1.2917373394717948
2017-04-03,1.1455483619724696,1.2905258056700015
2017-04-04,1.1462785377014284,1.291495032711436
2017-04-05,1.1428710509662874,1.2861642839835468
2017-04-06,1.146083824173706,1.2864065907439055
2017-04-07,1.1449155430073719,1.2856796704628297
2017-04-10,1.1455970403544,1.2832566028592436
2017-04-11,1.1442340456603435,1.2784104676520711
2017-04-12,1.1392201723214934,1.274048945965616
2017-04-13,1.1318210582680444,1.2689605039980847
2017-04-17,1.141848804945745,1.2805912284952987
2017-04-18,1.138441318210604,1.2803489217349402
2017-04-19,1.1363481477875887,1.2793796946935057
2017-04-20,1.1455970403544,1.2910104191907195
2017-04-21,1.141946161709606,1.2883450448267748
2017-04-24,1.154505184247697,1.3036103707293676
2017-04-25,1.161222800954118,1.310394960019409
2017-04-26,1.1604926252251593,1.3089411194572573
2017-04-27,1.1614661928637708,1.314271868185147
2017-04-28,1.1589349170033811,1.3176641628301677
2017-05-01,1.1618556199192163,1.327598740004871
2017-05-02,1.162293725356594,1.3305064211291744
2017-05-03,1.1608820522806076,1.3280833535255885
2017-05-04,1.1622450469746646,1.3271141264841542
2017-05-05,1.16682081487614,1.3319602616913264
2017-05-08,1.1666261013484183,1.3377756239399332
2017-05-09,1.1655551769459516,1.3394717712624438
2017-05-10,1.16764834736897,1.3445602132299748
2017-05-11,1.1652631066543733,1.3428640659074644
2017-05-12,1.1633159713771504,1.346256360552485
2017-05-15,1.1697415177919888,1.3537678701236022
2017-05-16,1.1686705933895167,1.3600678458929263
2017-05-17,1.1479336026870874,1.3229949115580577
2017-05-18,1.1525580489704932,1.3307487278895334
2017-05-19,1.1600545197878034,1.3385025442210092
2017-05-22,1.1659446040014045,1.3491640416767885
2017-05-23,1.1685245582437256,1.3515871092803746
2017-05-24,1.1712505476318384,1.357160164768623
2017-05-25,1.1768485615538555,1.3668524351829674
2017-05-26,1.1766051696442028,1.3661255149018918
2017-05-30,1.1755829236236606,1.3719408771504986
2017-05-31,1.175290853332077,1.3697601163072712
2017-06-01,1.1846371026627496,1.373152410952292
2017-06-02,1.1885800515991272,1.3857523624909398
2017-06-05,1.1877038407243765,1.386963896292733
2017-06-06,1.183906926933791,1.3842985219287884
2017-06-07,1.1860974541206672,1.3886600436152434
2017-06-08,1.1866815947038343,1.3918100314999056
2017-06-09,1.1848804945724025,1.3574024715289816
2017-06-12,1.1846371026627498,1.3494063484371472
2017-06-13,1.1904298301124896,1.359098618851492
2017-06-14,1.1889208002726415,1.3525563363218092
2017-06-15,1.186632916321904,1.3464986673128438
2017-06-16,1.1811322591637479,1.3387448509813682
2017-06-19,1.1909652923137264,1.358614005330775
2017-06-20,1.1829333592951796,1.347710201114637
2017-06-21,1.182641289003596,1.3552217106857543
2017-06-22,1.1821058268023596,1.3557063242064715
2017-06-23,1.1835174998783466,1.3641870608190232
2017-06-26,1.1842963539892362,1.3569178580082666
2017-06-27,1.1747553911308415,1.334625636055276
2017-06-28,1.1852699216278482,1.351344802520021
2017-06-29,1.1748527478947042,1.3271141264841653
2017-06-30,1.1770432750815805,1.3259025926823724
2017-07-03,1.1790390887407345,1.3166949357887452
2017-07-05,1.1817650781288476,1.3297795008481108
2017-07-06,1.1709584773402577,1.31766416283018
2017-07-07,1.1785523049214293,1.332929488732773
2017-07-10,1.1798179428516244,1.3426217591471181
2017-07-11,1.178941731976874,1.345529440271422
2017-07-12,1.1878011974882414,1.362975527017243
2017-07-13,1.1897970111473974,1.3656409013811899
2017-07-14,1.1953463466874907,1.3777562393991272
2017-07-17,1.19520031154172,1.377998546159508
2017-07-18,1.1958331305068255,1.3842985219288413
2017-07-19,1.2023073553036043,1.391325417979248
2017-07-20,1.202842817504853,1.394233099103559
2017-07-21,1.201771893102401,1.3925369517810597
2017-07-24,1.2014798228108603,1.3959292464261037
2017-07-25,1.204400525726728,1.3932638720621768
2017-07-26,1.2044492041086878,1.3985946207900826
2017-07-27,1.2033296013243002,1.3932638720622021
2017-07-28,1.2019179282483166,1.3918100315000523
2017-07-31,1.2012364309012904,1.3850254422100114
2017-08-01,1.203913741907476,1.3920523382604133
2017-08-02,1.2044978824906476,1.395929246426154
2017-08-03,1.2021613201579813,1.3927792585414926
2017-08-04,1.2043518473448591,1.3959292464261555
2017-08-07,1.206591052913669,1.404409983038709
2017-08-08,1.2036216716159127,1.40247152895584
2017-08-09,1.2035729932339827,1.401744608674764
2017-08-10,1.186584237940205,1.3741216379938785
2017-08-11,1.1883366596897065,1.3835716016478656
2017-08-14,1.2001168281169106,1.4056215168405024
2017-08-15,1.199970792971119,1.4078022776837302
2017-08-16,1.2020639633941346,1.4119214926098271
2017-08-17,1.1833227863508553,1.3842985219289416
2017-08-18,1.1814730078374927,1.38284468136679
2017-08-21,1.182397897094174,1.3823600678460726
2017-08-22,1.194762206104545,1.4029561424765575
2017-08-23,1.1904785084946528,1.3995638478315366
2017-08-24,1.187703840724609,1.3983523140297434
2017-08-25,1.190478508494653,1.398110007269385
2017-08-28,1.1905271868765837,1.40077538163333
2017-08-29,1.1918901815706402,1.4068330506422961
2017-08-30,1.1975368738745895,1.417009934577359
2017-08-31,1.2047412744003176,1.4254906711899116
2017-09-01,1.2064450177678883,1.4242791373881185
2017-09-05,1.197780265784243,1.411679185849469
2017-09-06,1.201869249866413,1.4128907196512626
2017-09-07,1.2017232147206212,1.4177368548584353
2017-09-08,1.200311541644634,1.4061061303612206
2017-09-11,1.2131139560923807,1.4259752847106295
2017-09-12,1.2172029401745514,1.4293675793556504
2017-09-13,1.217787080757719,1.4274291252727813
2017-09-14,1.2173976537022748,1.4225829900656088
2017-09-15,1.213016599328522,1.423309910346685
2017-09-18,1.2155965535708453,1.424521444148479
2017-09-19,1.2168135131191111,1.430821419917804
2017-09-20,1.2172516185564877,1.425006057669197
2017-09-21,1.2139901669671396,1.4172522413377207
2017-09-22,1.2142335588767952,1.4179791616187973
2017-09-25,1.2117509613983386,1.4012599951540514
2017-09-26,1.2124811371272992,1.4063484371215835
2017-09-27,1.217202940174569,1.4206445359827442
2017-09-28,1.218663291632492,1.4223406833052556
2017-09-29,1.2229469892423952,1.4320329537196026
2017-10-02,1.2282529328728404,1.4342137145628306
2017-10-03,1.230881565497104,1.437606009207852
2017-10-04,1.2323419169550296,1.4366367821664179
2017-10-05,1.2396436742446253,1.450448267506861
2017-10-06,1.238232001168658,1.4526290283500896
2017-10-09,1.2361875091275785,1.4562636297554696
2017-10-10,1.2394489607169297,1.4577174703176212
2017-10-11,1.2413960959941552,1.4625636055247941
2017-10-12,1.2395463174807961,1.458929004119416
2017-10-13,1.2410553473206478,1.4659559001698175
2017-10-16,1.2427104123062969,1.4712866488977097
2017-10-17,1.24358662318105,1.4712866488977103
2017-10-18,1.2448035827293156,1.4749212503030922
2017-10-19,1.2451443314028308,1.4705597286166407
2017-10-20,1.2515698778176707,1.4804943057913493
2017-10-23,1.246702039624612,1.4734674097409552
2017-10-24,1.248892566811489,1.477586624667052
2017-10-25,1.2427104123063029,1.4695905015752169
2017-10-26,1.2443167989100128,1.475648170584183
2017-10-27,1.2544905807335083,1.5153864792830019
2017-10-30,1.2498174560681707,1.5187787739280247
2017-10-31,1.2517645913453945,1.5253210564577087
2017-11-01,1.2534196563310351,1.5255633632180678
2017-11-02,1.253906440150341,1.5262902834991445
2017-11-03,1.258092780996373,1.538405621517078
2017-11-06,1.2600399162735971,1.5417979161621254
2017-11-07,1.2591637053988463,1.5425248364432123
2017-11-08,1.2613055542037928,1.5510055730557686
2017-11-09,1.2567297863023164,1.538647928277482
2017-11-10,1.2563403592468714,1.5386479282774834
2017-11-13,1.2575086404132059,1.5381633147567664
2017-11-14,1.25458793749737,1.535013326872104
2017-11-15,1.2483084262283224,1.5236249091352472
2017-11-16,1.2589203134891935,1.5449479040468088
2017-11-17,1.255220756462468,1.535013326872104
2017-11-20,1.2573626052674143,1.540828689120712
2017-11-21,1.2655892518136858,1.5570632420647437
2017-11-22,1.2644696490292826,1.554155560940468
2017-11-24,1.2673903519451195,1.5628786043133973
2017-11-27,1.266757532980023,1.5628786043134282
2017-11-28,1.2796086258097021,1.5679670462809787
2017-11-29,1.2788297716988126,1.5333171795496983
2017-11-30,1.2900257995428508,1.5468863581297851
2017-12-01,1.287348488536668,1.5388902350379492
2017-12-04,1.285790780314889,1.5141749454813647
2017-12-05,1.2811663340314818,1.5146595590020822
2017-12-06,1.281409725941135,1.5243518294164289
2017-12-07,1.2854500316413748,1.5338017930704178
2017-12-08,1.292459718639383,1.5410709958811837
2017-12-11,1.2963539891938383,1.5543978677009496
2017-12-12,1.2986418731445915,1.5539132541803111
2017-12-13,1.2984958379988025,1.5543978677010413
2017-12-14,1.2931898943683684,1.5524594136181773
2017-12-15,1.29732755683247,1.5643324448757563
2017-12-18,1.3055542033787542,1.5781439302162705
2017-12-19,1.3005403300399094,1.5684516598019735
2017-12-20,1.2998588326928828,1.5679670462812667
2017-12-21,1.3025361436990717,1.564817058396633
2017-12-22,1.3021953950255654,1.5638478313552375
2017-12-26,1.3006376868037888,1.5534286406598365
2017-12-27,1.3012705057688876,1.5551247879823544
2017-12-28,1.3039478167750713,1.5577901623463037
2017-12-29,1.2990313002000815,1.5495517324941128
2018-01-02,1.3083288711488268,1.5686939665624533
2018-01-03,1.3166041960770325,1.5817785316218418
2018-01-04,1.3221535316171413,1.5897746547138236
2018-01-05,1.330964318746596,1.6064938211786972
2018-01-08,1.3333982378431442,1.6125514901877929
2018-01-09,1.3364162975228546,1.608432275261733
2018-01-10,1.334371805481772,1.6028592197734883
2018-01-11,1.3441074818678986,1.609401502303194
2018-01-12,1.3528695906154227,1.6188514659571995
2018-01-16,1.3482451443320218,1.6125514901878752
2018-01-17,1.3610962371617021,1.6367821662237563
2018-01-18,1.3588083532109636,1.6396898473480621
2018-01-19,1.3649905077161508,1.6428398352327263
2018-01-22,1.3760891787963292,1.6588320814164077
2018-01-23,1.379009881712166,1.6661012842271725
2018-01-24,1.3784744195109297,1.6532590259281559
2018-01-25,1.379058560094097,1.65035134480385
2018-01-26,1.395025069367336,1.6765204749226015
2018-01-29,1.3857761768005212,1.661255149019997
2018-01-30,1.371562089276784,1.646232129877751
2018-01-31,1.3722435866238125,1.6585897746560503
2018-02-01,1.3706858784020333,1.6600436152182032
2018-02-02,1.3408460302785712,1.610855342865365
2018-02-05,1.2847685342945119,1.543494063485616
2018-02-06,1.3100812928984276,1.587836200631278
2018-02-07,1.302974249136559,1.567482432761138
2018-02-08,1.2541011536782294,1.5025442209849773
2018-02-09,1.2729396874853742,1.5393748485595162
2018-02-12,1.2916321861467273,1.5669978192404206
2018-02-13,1.2948449593541476,1.5708747274061616
2018-02-14,1.3123204984672352,1.59970923188886
2018-02-15,1.329065861851364,1.6302398836940701
2018-02-16,1.3294552889068092,1.6278168160904822
2018-02-20,1.3211312855966753,1.629270656652635
2018-02-21,1.3145597040360437,1.6188514659572066
2018-02-22,1.3162634474036148,1.620789920040077
2018-02-23,1.3372438300157063,1.6547128664903106
2018-02-26,1.35277223385157,1.680639689848703
2018-02-27,1.3358808353216494,1.6636782166235864
2018-02-28,1.3223482451449404,1.651805185366005
2018-03-01,1.303120284282351,1.6244245214454596
2018-03-02,1.3098379009887748,1.6399321541084233
2018-03-05,1.3249768777691935,1.656651320573181
2018-03-06,1.3283356861224054,1.660285921978563
2018-03-07,1.3278489023030993,1.6694935788721983
2018-03-08,1.3342744487179397,1.6767627816829624
2018-03-09,1.3574940368988393,1.7085049672899664
2018-03-12,1.3557902935312678,1.7138357160178603
2018-03-13,1.3470281847837589,1.6942088684287966
2018-03-14,1.3401158545496124,1.6927550278666437
2018-03-15,1.338655503091694,1.693724254908079
2018-03-16,1.3347612325372453,1.6866973588576737
2018-03-19,1.3167015528409904,1.653259025928158
2018-03-20,1.3189407584097983,1.6525321056470816
2018-03-21,1.3164094825494068,1.6425975284723706
2018-03-22,1.2835028963643165,1.600193845409579
2018-03-23,1.2561456457193154,1.5575478555864284
2018-03-26,1.2905125833623239,1.6166707051139777
2018-03-27,1.2685586331116203,1.5648170583971928
2018-03-28,1.2648103977029632,1.554397867701764
2018-03-29,1.2809716205039248,1.5851708262673327
2018-04-02,1.2533222995673403,1.5473709716513586
2018-04-03,1.2693861656044403,1.5626362975539636
2018-04-04,1.2829674341630797,1.5844439059862567
2018-04-05,1.2930925376046458,1.5909861885159444
2018-04-06,1.2642749355017269,1.5519748000981761
2018-04-09,1.2705057683888443,1.5640901381161167
2018-04-10,1.2907072968900462,1.6026169130131676
2018-04-11,1.283941001801692,1.593166949359174
2018-04-12,1.2945042106806337,1.6123091834275205
2018-04-13,1.2907072968900464,1.6069784346996265
2018-04-16,1.3013191841509189,1.619336079477926
2018-04-17,1.3152412013830723,1.649382117762418
2018-04-18,1.3162147690216843,1.6450205960759599
2018-04-19,1.3089130117320933,1.626847589049049
2018-04-20,1.297814340651915,1.6043130603356797
2018-04-23,1.2976196271241924,1.5984976980870684
2018-04-24,1.2801440880111048,1.570632420645805
2018-04-25,1.283308182836594,1.570874727406164
2018-04-26,1.2963539891939966,1.5994669251285039
2018-04-27,1.2975709487422618,1.596559244004198
2018-04-30,1.2875918804464876,1.5861400533087693
2018-05-01,1.2898797643972262,1.6060092076581916
2018-05-02,1.281215012413578,1.6043130603356799
2018-05-03,1.2783916662616028,1.6079476617410622
2018-05-04,1.2949423161180091,1.6384783135462724
2018-05-07,1.2993233704917637,1.6498667312831365
2018-05-08,1.2993233704917637,1.6535013326885186
2018-05-09,1.3118823930298602,1.6738551005586588
2018-05-10,1.324149345276373,1.6956627089909517
2018-05-11,1.3281896509766136,1.6932396413873636
2018-05-14,1.3288224699417113,1.6929973346270049
2018-05-15,1.3196709341387574,1.6770050884433232
2018-05-16,1.3252202696788462,1.6845165980144463
2018-05-17,1.3241006668944422,1.6757935546415292
2018-05-18,1.320790536923161,1.6687666585911238
2018-05-21,1.330720926837005,1.6833050642126521
2018-05-22,1.3270213698102789,1.6808819966090642
2018-05-23,1.3306722484550744,1.6932396413873634
2018-05-24,1.3279462590669604,1.6913011873044932
2018-05-25,1.324782164241471,1.6900896535026992
2018-05-29,1.309545830697191,1.6808819966090647
2018-05-30,1.3270213698102789,1.6932396413873638
2018-05-31,1.3188920800278676,1.6937242549080815
2018-06-01,1.3318405296214093,1.72255875939078
2018-06-04,1.3381687192723881,1.7363702447312317
2018-06-05,1.3391422869110003,1.7424279137402021
2018-06-06,1.3503383147550398,1.7538163314770663
2018-06-07,1.3501922796092483,1.7397625393762555
2018-06-08,1.3541839069275579,1.7368548582519503
2018-06-11,1.3559850070589903,1.7387933123348207
2018-06-12,1.3577374288084922,1.7472740489473788
2018-06-13,1.3534050528166681,1.7383086988141032
2018-06-14,1.356812539551811,1.7506663435924024
2018-06-15,1.3490239984429135,1.7378240852933857
2018-06-18,1.3462493306728691,1.7397625393762561
2018-06-19,1.3410894221882248,1.7307971892429805
2018-06-20,1.3433773061389636,1.7344317906483624
2018-06-21,1.3349559460649685,1.7211049188286283
2018-06-22,1.3373898651614988,1.7155318633403756
2018-06-25,1.319184150319452,1.6799127695676306
2018-06-26,1.3221048532352886,1.6866973588576775
2018-06-27,1.3111522173009023,1.6636782166235904
2018-06-28,1.3186486881182156,1.6840319844937306
2018-06-29,1.3205471450135091,1.6833050642126541
2018-07-02,1.3233704911654844,1.6983280833549006
2018-07-03,1.3186973665001462,1.6782166222451191
2018-07-05,1.3294552889068108,1.7019626847602825
2018-07-06,1.340699995132781,1.721831839109705
2018-07-09,1.3527722338515713,1.73491640416908
2018-07-10,1.3576400720446318,1.73903561909518
2018-07-11,1.3477096821307883,1.7322510298051332
2018-07-12,1.3599279559953708,1.759631693725679
2018-07-13,1.3609988803978441,1.7576932396428089
2018-07-16,1.359781920849579,1.753574024716709
2018-07-17,1.3652825780077378,1.7666585897760847
2018-07-18,1.3681546025416436,1.7637509086517793
2018-07-19,1.3629946940569992,1.7574509328824501
2018-07-20,1.3614369858352198,1.7579355464031674
2018-07-23,1.3639682616956113,1.7669008965364437
2018-07-24,1.370831913547827,1.776593166950796
2018-07-25,1.3825147252111725,1.7988853889038063
2018-07-26,1.379253273621822,1.7712624182229022
2018-07-27,1.3699070242911457,1.7409740731780512
2018-07-30,1.3627513021473465,1.7138357160178646
2018-07-31,1.3694689188537703,1.718439544464682
2018-08-01,1.367181034903032,1.7339471771276458
2018-08-02,1.3746288273384146,1.7557547855599382
2018-08-03,1.3805189115520184,1.7620547613292679
2018-08-06,1.3855814632728014,1.7715047249832614
2018-08-07,1.3901572311742785,1.7782893142733083
2018-08-08,1.389573090591112,1.7831354494804854
2018-08-09,1.387674633695819,1.7838623697615628
2018-08-10,1.3783770627470733,1.7695662709003934
2018-08-13,1.3732171542624287,1.7671432032968055
2018-08-14,1.381979263009938,1.7780470075129515
2018-08-15,1.3716594460406493,1.76205476132927
2018-08-16,1.3827581171208279,1.7698085776607524
2018-08-17,1.3876259553138885,1.7724739520246993
2018-08-20,1.3905953366116557,1.7698085776607526
2018-08-21,1.3938567882010062,1.7727162587850582
2018-08-22,1.3930292557081863,1.7780470075129522
2018-08-23,1.3911794771948232,1.7819239156786935
2018-08-24,1.3995521588868876,1.7998546159452453
2018-08-27,1.4106021515851352,1.8163314756496443
2018-08-28,1.4112836489321638,1.8194814635343088
2018-08-29,1.4188774765133387,1.8359583232387078
2018-08-30,1.4131334274455272,1.8303852677504555
2018-08-31,1.4131821058274576,1.831839108312608
2018-09-04,1.4107481867309273,1.8248122122622028
2018-09-05,1.4069512729403397,1.802035376788475
2018-09-06,1.4027162537123772,1.7889508117290989
2018-09-07,1.3999902643242632,1.7828931427201287
2018-09-10,1.4024241834207936,1.7884661982083814
2018-09-11,1.4070486297042013,1.8037315241109866
2018-09-12,1.4073893783777156,1.7962200145398635
2018-09-13,1.4157133816878493,1.8173007026910801
2018-09-14,1.4159567735975025,1.8158468621289272
2018-09-17,1.408460302780189,1.7930700266551993
2018-09-18,1.4161028087432945,1.8044584443920635
2018-09-19,1.4176118385831433,1.7998546159452464
2018-09-20,1.4290999367187667,1.8211776108568214
2018-09-21,1.4213600739918002,1.8078507390370873
2018-09-24,1.416638270944531,1.8168160891703633
2018-09-25,1.4153239546324048,1.814635328327134
2018-09-26,1.411088935404442,1.8078507390370873
2018-09-27,1.415031884340821,1.8185122364928747
2018-09-28,1.415177919486613,1.8252968257829216
2018-10-01,1.4200944360616043,1.8340198691558385
2018-10-02,1.419266903568784,1.8342621759161977
2018-10-03,1.4200457576796737,1.8398352314044502
2018-10-04,1.408947086599495,1.8066392052352929
2018-10-05,1.4010611887267368,1.7838623697615648
2018-10-08,1.4010611887267368,1.7637509086517837
2018-10-09,1.3990166966856512,1.7700508844211125
2018-10-10,1.3547193691287986,1.6842742912540938
2018-10-11,1.3248795210053366,1.6629512963425184
2018-10-12,1.343279949375106,1.7162587836214567
2018-10-15,1.3357348001758618,1.6881511994198348
2018-10-16,1.3649418293342261,1.739035619095185
2018-10-17,1.3651852212438793,1.7310394960033444
2018-10-18,1.3454704765619834,1.6971165495531109
2018-10-19,1.3447403008330243,1.6963896292720346
2018-10-22,1.3387041814736291,1.7104434213728454
2018-10-23,1.3318892080033442,1.7039011388431575
2018-10-24,1.2915348293828706,1.6275745093301324
2018-10-25,1.3147057391818397,1.6835473709730178
2018-10-26,1.2915835077648012,1.6498667312831432
2018-10-29,1.2844277856210022,1.6220014538418799
2018-10-30,1.3034610329558693,1.6401744608687907
2018-10-31,1.317383050188023,1.6791858492865592
2018-11-01,1.3314024241840379,1.698812696875623
2018-11-02,1.3235165263112796,1.6656166707064657
2018-11-05,1.3308182836008706,1.6639205233839545
2018-11-06,1.3392396436748657,1.674339714079383
2018-11-07,1.3679112106319935,1.7235279864322215
2018-11-08,1.3654286131535327,1.7220741458700688
2018-11-09,1.3520907365045463,1.692270414345935
2018-11-12,1.326826656282561,1.6326629512976676
2018-11-13,1.3243440588041002,1.6346014053805378
2018-11-14,1.3152898797650072,1.6149745577914745
2018-11-15,1.3290171834694384,1.6554397867713955
2018-11-16,1.332473348586512,1.6527744124074486
2018-11-19,1.3099352577526406,1.589774654714158
2018-11-20,1.2856934235511983,1.5556094015035657
2018-11-21,1.2900744779249527,1.56699781924043
2018-11-23,1.2814584043232353,1.55270172037926
2018-11-26,1.3021467166437433,1.5878362006312874
2018-11-27,1.3065277710174978,1.590986188515952
2018-11-28,1.336611011050613,1.6467167433984786
2018-11-29,1.3336903081347766,1.630724497214797
2018-11-30,1.341819597917188,1.646232129877761
2018-12-03,1.35958720732186,1.6825781439315826
2018-12-04,1.3155332716746604,1.6188514659572155
2018-12-06,1.3135374580155057,1.6224860673625974
2018-12-07,1.283016112545015,1.5653016719179182
2018-12-10,1.2854500316415454,1.5868669735898526
2018-12-11,1.285742101933129,1.588805427672723
2018-12-12,1.2922163267298996,1.6011630724510224
2018-12-13,1.2917782212925244,1.6038284468149693
2018-12-14,1.267925814146527,1.5645747516368418
2018-12-17,1.2430511609799866,1.531378725467685
2018-12-18,1.2416881662859296,1.5434940634856256
2018-12-19,1.2230930243884377,1.5129634116804154
2018-12-20,1.2031835661788195,1.485825054520229
2018-12-21,1.1716886530697166,1.434456021324161
2018-12-24,1.1407292021618505,1.396171553187469
2018-12-26,1.1983644063676895,1.4804943057923354
2018-12-27,1.2075646205525743,1.491155803248123
2018-12-28,1.206006912330795,1.4877635086030998
2018-12-31,1.2165701212097366,1.5018173007039106
2019-01-02,1.2178357591399327,1.502786527745346
2019-01-03,1.1887747651273604,1.4269445117530384
2019-01-04,1.2285936815465968,1.4901865762066882
2019-01-07,1.2382806795507877,1.5035134480264225
2019-01-08,1.2499148128322026,1.5161133995650808
2019-01-09,1.2557562186638758,1.5357402471541448
2019-01-10,1.2601859514195608,1.5425248364441915
2019-01-11,1.2606727352388671,1.5396171553198856
2019-01-14,1.252981550893831,1.525321056458716
2019-01-15,1.2673416735633602,1.548340198692803
2019-01-16,1.2704084116249883,1.5497940392549556
2019-01-17,1.2800467312472483,1.5597286164296669
2019-01-18,1.297084164922961,1.5834746789448302
2019-01-22,1.2795599474279424,1.556820935305361
2019-01-23,1.282237258434126,1.5621516840332548
2019-01-24,1.282918755781154,1.5752362490926308
2019-01-25,1.2937740349516793,1.5975284710456412
2019-01-28,1.283941001801697,1.5762054761340658
2019-01-29,1.282237258434126,1.5592440029089492
2019-01-30,1.3025361436991891,1.6077053549807112
2019-01-31,1.313975563452882,1.6060092076582
2019-02-01,1.31460838241798,1.6154591713121937
2019-02-04,1.3238572749847952,1.6413859946705862
2019-02-05,1.3294066105248845,1.6551974800110385
2019-02-06,1.3276541887753828,1.6607705354992914
2019-02-07,1.314997809473425,1.6379937000255629
2019-02-08,1.316604196077135,1.6474436636795566
2019-02-11,1.317334371806094,1.6467167433984804
2019-02-12,1.3342744487179454,1.6685243518307733
2019-02-13,1.3386068247097695,1.6707051126740027
2019-02-14,1.3356374434120026,1.673612793798308
2019-02-15,1.3501922796092543,1.686939665618043
2019-02-19,1.3525288419419235,1.6874242791387608
2019-02-20,1.3552548313300377,1.6893627332216314
2019-02-21,1.3504356715189074,1.6900896535027077
2019-02-22,1.3588083532109718,1.711654955174642
2019-02-25,1.360658131724335,1.7198933850268416
2019-02-26,1.359684564085723,1.7235279864322235
2019-02-27,1.3591004235025557,1.7218318391097118
2019-02-28,1.3565691476421642,1.7169857039025356
2019-03-01,1.36503918609809,1.7286164283997587
2019-03-04,1.360073991141168,1.7220741458700703
2019-03-05,1.358224212627805,1.7169857039025358
2019-03-06,1.3499975660815324,1.7080203537692598
2019-03-07,1.3387041814736318,1.6917858008252193
2019-03-08,1.3360268704674485,1.691543494064861
2019-03-11,1.3554008664758304,1.7278895081186827
2019-03-12,1.360512096578544,1.7380663920537527
2019-03-13,1.369517597235706,1.749454809790617
2019-03-14,1.3686413863609554,1.753089411195999
2019-03-15,1.3693715620899145,1.7685970438589629
2019-03-18,1.3743367570468363,1.776108553430086
2019-03-19,1.3746775057203509,1.7797431548354685
2019-03-20,1.3705398432562494,1.7748970196282923
2019-03-21,1.3860195687101824,1.8194814635343135
2019-03-22,1.3593438154122097,1.776593166950804
2019-03-25,1.358321569391667,1.768839350619322
2019-03-26,1.3684466728332332,1.7785316210336746
2019-03-27,1.361290950689434,1.7683547370986046
2019-03-28,1.366450859174078,1.7756239399093687
2019-03-29,1.3750669327757958,1.793070026655203
2019-04-01,1.3913741907225492,1.817543009451443
2019-04-02,1.3920556880695778,1.8238429852207723
2019-04-03,1.394246215256455,1.8386236976026598
2019-04-04,1.3979457722831812,1.8308698812711781
2019-04-05,1.4047120673715354,1.8395929246440954
2019-04-08,1.4057829917740092,1.8466198206945006
2019-04-09,1.398578591248279,1.8378967773215837
2019-04-10,1.4033490726774789,1.8507390356206008
2019-04-11,1.402959645622034,1.848315968017013
2019-04-12,1.4124519300985026,1.86115822631603
2019-04-15,1.4115270408418212,1.8604313060349535
2019-04-16,1.4124519300985026,1.869881269688947
2019-04-17,1.4089957649814293,1.880300460384376
2019-04-18,1.4117704327514737,1.8856312091122698
2019-04-22,1.412987392299739,1.8899927307987288
2019-04-23,1.4256924499836274,1.9105888054292277
2019-04-24,1.4225283551581382,1.911315725710304
2019-04-25,1.4216521442833872,1.9108311121895865
2019-04-26,1.4282724042259498,1.9035619093788225
2019-04-29,1.4305116097947577,1.9040465228995402
2019-04-30,1.4312417855237167,1.9071965107842048
2019-05-01,1.4204838631170529,1.9023503755770286
2019-05-02,1.4174171250554246,1.8924157984023173
2019-05-03,1.4312904639056476,1.9103464986688699
2019-05-06,1.425400379692044,1.8955657862869826
2019-05-07,1.4015966509279771,1.8548582505467022
2019-05-08,1.3996495156507527,1.8526774897034726
2019-05-09,1.39541449642279,1.8400775381648147
2019-05-10,1.4024241834207973,1.8458929004134266
2019-05-13,1.3671810349030378,1.7763508601904476
2019-05-14,1.3795453439134118,1.8049430579127872
2019-05-15,1.3876259553138928,1.8245699055018507
2019-05-16,1.4004770481435729,1.8412890719666088
2019-05-17,1.39142286910448,1.8265083595847214
2019-05-20,1.3822226549195955,1.794766173977717
2019-05-21,1.394684320693831,1.816816089170369
2019-05-22,1.3904006230839379,1.8073661255163755
2019-05-23,1.373411867790156,1.7756239399093714
2019-05-24,1.3765272842337148,1.7761085534300889
2019-05-28,1.363724869785965,1.771020111462554
2019-05-29,1.354573333983011,1.760600920767125
2019-05-30,1.358272891009737,1.7715047249832714
2019-05-31,1.3399698194038288,1.7419433002194964
2019-06-03,1.3365623326686862,1.7114126484142862
2019-06-04,1.365574648299328,1.7685970438589655
2019-06-05,1.3774034951084657,1.7916161860930528
2019-06-06,1.3863603173836978,1.8124545674839103
2019-06-07,1.4002336562339206,1.8461352071737853
2019-06-10,1.4066592026487612,1.8650351344817726
2019-06-11,1.406318453975247,1.8650351344817726
2019-06-12,1.4038358564967859,1.854615943786344
2019-06-13,1.409628583946528,1.8601889992745966
2019-06-14,1.4080708757247484,1.8439544463305562
2019-06-17,1.4086063379259852,1.845408286892709
2019-06-18,1.4233558876509593,1.8788466198222251
2019-06-19,1.4265686608583794,1.8856312091122716
2019-06-20,1.4401986077989497,1.913254179793176
2019-06-21,1.4311444287598567,1.8975042403698534
2019-06-24,1.4293920070103547,1.9011388417752355
2019-06-25,1.41537263301434,1.866246668283567
2019-06-26,1.4139609599383525,1.886358129393348
2019-06-27,1.4189748332772048,1.8912042646005243
2019-06-28,1.4262765905667958,1.8909619578401657
2019-07-01,1.4392250401603375,1.921007996124658
2019-07-02,1.4429732755689944,1.9260964380921932
2019-07-03,1.4545100520865484,1.940877150474081
2019-07-05,1.4528549871009075,1.937242549068699
2019-07-08,1.4448717324642881,1.9224618366868114
2019-07-09,1.4466728325957205,1.9292464259768582
2019-07-10,1.4535851628298668,1.9445117518794632
2019-07-11,1.4569926495650094,1.9517809546902276
2019-07-12,1.4635155527437107,1.9660770535513974
2019-07-15,1.4640023365630168,1.972619336081085
2019-07-16,1.4589397848422334,1.9542040222938157
2019-07-17,1.449350143601904,1.9491155803262805
2019-07-18,1.4546560872323402,1.9636539859478097
2019-07-19,1.4465754758318596,1.9551732493352512
2019-07-22,1.4501289977127936,1.9777077780486207
2019-07-23,1.460497493064013,1.988611582264767
2019-07-24,1.467361144916229,2.0050884419691664
2019-07-25,1.4603514579182215,1.9968500121169668
2019-07-26,1.4701358126862734,2.0012115338034255
2019-07-29,1.46745850168009,2.000000000001632
2019-07-30,1.4638563014172254,1.9871577417026152
2019-07-31,1.4478411137620557,1.9571117034181227
2019-08-01,1.4352334128420283,1.9471771262434117
2019-08-02,1.4244268120534336,1.9154349406364073
2019-08-05,1.3815898359544994,1.8354737097179994
2019-08-06,1.400963831962881,1.8660043615232098
2019-08-07,1.4017913644557016,1.8776350860204325
2019-08-08,1.4292946502464945,1.9236733704886069
2019-08-09,1.419558973860373,1.9018657620563137
2019-08-12,1.4022781482750075,1.8769081657393563
2019-08-13,1.4240860633799197,1.9239156772489663
2019-08-14,1.3819792630099443,1.8647928277214159
2019-08-15,1.3856301416547399,1.8614005330763927
2019-08-16,1.4060750620655953,1.8967773200887794
2019-08-19,1.4230151389774466,1.9256118245714782
2019-08-20,1.4121111814249903,1.9159195541571257
2019-08-21,1.4235992795606136,1.9384540828704953
2019-08-22,1.4231611741232384,1.9338502544236775
2019-08-23,1.3866037092933523,1.8698812696889513
2019-08-26,1.4019373996014937,1.8958080930473438
2019-08-27,1.396436742443335,1.8929004119230384
2019-08-28,1.4062697755933176,1.89459655924555
2019-08-29,1.4242320985257115,1.9275502786543484
2019-08-30,1.423599279560614,1.9270656651336309
2019-09-03,1.4152752762504803,1.9035619093788263
2019-09-04,1.4313391422875807,1.936031015266907
2019-09-05,1.4497395706573504,1.9764962442468281
2019-09-06,1.4508591734417544,1.9748000969243167
2019-09-09,1.4515893491707133,1.9600193845424294
2019-09-10,1.451248600497199,1.9500848073677182
2019-09-11,1.4615684174664878,1.9704385752378581
2019-09-12,1.466630969187271,1.9811000726936463
2019-09-13,1.4656574015486588,1.966561667072117
2019-09-16,1.4611303120291124,1.9617155318649409
2019-09-17,1.4648298690558383,1.9697116549567821
2019-09-18,1.4657060799305894,1.9694693481964232
2019-09-19,1.4656087231667283,1.9738308698828817
2019-09-20,1.451978776226158,1.9447540586398246
2019-09-23,1.451638027552644,1.950811727648795
2019-09-24,1.440247286180882,1.9319118003408078
2019-09-25,1.4487660030187381,1.9549309425748949
2019-09-26,1.4457479433390406,1.957111703418124
2019-09-27,1.4379594022301432,1.9309425732993726
2019-09-30,1.4446283405546365,1.9512963411695128
2019-10-01,1.427444871733132,1.9331233341426022
2019-10-02,1.4022294698930773,1.8967773200887805
2019-10-03,1.4137175680287009,1.9200387690832261
2019-10-04,1.4328481721274298,1.9517809546902305
2019-10-07,1.4266660176222423,1.9435425248380311
2019-10-08,1.404517353843816,1.907923431065286
2019-10-09,1.4178552304928025,1.936273322027267
2019-10-10,1.4274448717331323,1.9496001938470018
2019-10-11,1.4422430998400368,1.9764962442468297
2019-10-14,1.440636713236327,1.9752847104450362
2019-10-15,1.4548994791419947,1.997092318877329
2019-10-16,1.4525629168093257,1.9832808335368768
2019-10-17,1.456846614419219,1.979403925371136
2019-10-18,1.4504697463863097,1.9605039980631487
2019-10-21,1.4603027795362924,1.9815846862143653
2019-10-22,1.4555322981070928,1.9549309425748964
2019-10-23,1.4597673173350556,1.956627089897408
2019-10-24,1.4621525580496555,1.9852192876197479
2019-10-25,1.4681399990271202,2.00920765689527
2019-10-28,1.4764153239553235,2.034649866732946
2019-10-29,1.4759772185179478,2.0162345529456758
2019-10-30,1.4805043080374944,2.028592197723975
2019-10-31,1.4765613591011155,2.027380663922181
2019-11-01,1.4902399844236163,2.0516113399580624
2019-11-04,1.496227425401081,2.0622728374138504
2019-11-05,1.4945723604154402,2.0598497698102625
2019-11-06,1.4949131090889547,2.0588805427688266
2019-11-07,1.5001703743374601,2.0751150957128672
2019-11-08,1.5038699313641861,2.0867458202100906
2019-11-11,1.5009979068302806,2.087715047251525
2019-11-12,1.50416200165577,2.0947419433019308
2019-11-13,1.504648785475076,2.099345771748748
2019-11-14,1.5068393126619535,2.0969227041451606
2019-11-15,1.5177432702144098,2.1138841773702772
2019-11-18,1.5188628729988136,2.1201841531396064
2019-11-19,1.5184247675614384,2.124303368065706
2019-11-20,1.5127780752574878,2.1114611097666893
2019-11-21,1.5103441561609574,2.100799612310902
2019-11-22,1.5137029645141695,2.098134237946955
2019-11-25,1.525434454559446,2.1286648897521654
2019-11-26,1.528890619676519,2.1306033438350362
2019-11-27,1.5357055931468042,2.1424763750926177
2019-11-29,1.5300102224609233,2.1361763993232885
2019-12-02,1.5170130944854512,2.1056457475180785
2019-12-03,1.5068393126619546,2.0869881269704496
2019-12-04,1.5161368836107003,2.095468863583008
2019-12-05,1.5188628729988143,2.1032226799144897
2019-12-06,1.5327362118490373,2.1264841289089356
2019-12-09,1.5279170520379073,2.11533801793243
2019-12-10,1.5262133086703362,2.117034165254942
2019-12-11,1.5305456846621603,2.131330264116112
2019-12-12,1.5437375261653548,2.15410709958984
2019-12-13,1.5446624154220363,2.16840319845101
2019-12-16,1.5552743026829088,2.187787739279715
2019-12-17,1.555615051356423,2.1826992973121793
2019-12-18,1.555712408120284,2.1824569905518207
2019-12-19,1.5620892761531937,2.1982069299751434
2019-12-20,1.5612617436603735,2.2037799854633966
2019-12-23,1.5636469843749732,2.2100799612327253
2019-12-24,1.5636956627569039,2.210806881513802
2019-12-26,1.5720196660670374,2.2272837412182014
2019-12-27,1.5716302390115928,2.2270414344578424
2019-12-30,1.5629654870279446,2.2141991761588256
2019-12-31,1.566762400818532,2.221226072209231
2020-01-02,1.5814145937796447,2.2629028349909466
2020-01-03,1.5694397118247156,2.2374606251532714
2020-01-06,1.5754271528021802,2.242791373881165
2020-01-07,1.5709974200464951,2.24182214683973
2020-01-08,1.5793701017385593,2.265810516115253
2020-01-09,1.5900793457632927,2.2914950327132866
2020-01-10,1.5855035778618156,2.286164283985393
2020-01-13,1.5964075354142717,2.314756481707733
2020-01-14,1.5939736163177414,2.3038526774915864
2020-01-15,1.5975758165806064,2.3065180518555337
2020-01-16,1.6108650148476624,2.337533317181462
2020-01-17,1.6158788881865147,2.3532832566047848
2020-01-21,1.6127147933610253,2.3523140295633493
2020-01-22,1.6129095068887476,2.360794766175908
2020-01-23,1.6147592854021109,2.3719408771524133
2020-01-24,1.6003991627325815,2.3607947661759083
2020-01-27,1.5747456554551513,2.3045795977726637
2020-01-28,1.5912476269296272,2.348679428157968
2020-01-29,1.589933310617501,2.354737097166938
2020-01-30,1.5950932191021456,2.375090865037078
2020-01-31,1.5661295818534342,2.3099103465005584
2020-02-03,1.5777637151348494,2.340440998305769
2020-02-04,1.6018108358085696,2.401744608676548
2020-02-05,1.6203086209422006,2.4157984007773594
2020-02-06,1.6257605997184286,2.4378483159700113
2020-02-07,1.6170958477347803,2.415556094017001
2020-02-10,1.6291680864535711,2.4482675066654402
2020-02-11,1.6319914326055465,2.440029076813241
2020-02-12,1.6425059631025578,2.4664405136923517
2020-02-13,1.640753541353056,2.459898231162664
2020-02-14,1.643382173977309,2.4705597286184515
2020-02-18,1.6391471547493461,2.461352071724817
2020-02-19,1.6469843742401735,2.4906711897282334
2020-02-20,1.6402180791518193,2.4647443663698403
2020-02-21,1.6233266806218989,2.409498425008031
2020-02-24,1.569488390206647,2.3099103465005597
2020-02-25,1.5219296110604434,2.236006784591122
2020-02-26,1.5163315971384237,2.2461836685261924
2020-02-27,1.448230540817504,2.125030288346786
2020-02-28,1.442145743076178,2.1412648412908264
2020-03-02,1.5046001070931472,2.2650835958341795
2020-03-03,1.4615197390845598,2.1790646959068014
2020-03-04,1.5229518570809863,2.272595105405303
2020-03-05,1.4723263398731543,2.2008723043390948
2020-03-06,1.4479871489078506,2.1543494063502027
2020-03-09,1.3349072676830496,1.9907923431080046
2020-03-10,1.4039818916425815,2.1235764477846337
2020-03-11,1.3355400866481473,2.0232614489960854
2020-03-12,1.2077593340803026,1.825781439303653
2020-03-13,1.3110061821551209,2.0399806154608435
2020-03-16,1.1675509906056205,1.7581778531635446
2020-03-17,1.2305894952057574,1.8778773927807977
2020-03-18,1.1682811663345798,1.8071238187560248
2020-03-19,1.1707637638130406,1.8136661012857125
2020-03-20,1.1137613785722993,1.73055488248264
2020-03-23,1.085284525142894,1.7058395929260415
2020-03-24,1.1836148566427211,1.8805427671447452
2020-03-25,1.2013337876654624,1.8781196995411575
2020-03-26,1.2714793360274677,1.9944269445133878
2020-03-27,1.233607554885455,1.9042888296599094
2020-03-30,1.273669863214345,1.9844923673386767
2020-03-31,1.2546852942614082,1.9474194330037782
2020-04-01,1.1982183712219034,1.8546159437863532
2020-04-02,1.2258676921584888,1.8979888538905803
2020-04-03,1.2081487611357475,1.868669735887164
2020-04-06,1.2892956238140703,2.0281075842032625
2020-04-07,1.2906099401261966,2.009934577176352
2020-04-08,1.3339337000444371,2.063968984736367
2020-04-09,1.3542325853095005,2.064453598257084
2020-04-13,1.3418682762991263,2.0690574267039015
2020-04-14,1.3814438008087102,2.155803246912357
2020-04-15,1.3520907365045536,2.1087957354027473
2020-04-16,1.3586136396832553,2.134480252000782
2020-04-17,1.395317139658933,2.162830142962763
2020-04-20,1.3707345567839762,2.128180276231453
2020-04-21,1.3291145402333073,2.03901138841941
2020-04-22,1.3586136396832553,2.117518778775665
2020-04-23,1.358516282919394,2.102980373154136
2020-04-24,1.3774521734904004,2.147564817060158
2020-04-27,1.3973129533180884,2.165980130847428
2020-04-28,1.3908874069032484,2.1371456263647293
2020-04-29,1.4272988365873425,2.2248606736146193
2020-04-30,1.414009638320287,2.2149260964399082
2020-05-01,1.37657596261565,2.154107099589847
2020-05-04,1.3803728764062373,2.182699297312187
2020-05-05,1.3931266124720567,2.2127453355966793
2020-05-06,1.383683006377519,2.2299491155821554
2020-05-07,1.4003796913797173,2.263387448511671
2020-05-08,1.4235506011786865,2.2965834746808285
2020-05-11,1.4238426714702703,2.3118488005834337
2020-05-12,1.3954631748047264,2.264114368792747
2020-05-13,1.3707832351659086,2.2251029803749787
2020-05-14,1.3871878498765233,2.2534528713369597
2020-05-15,1.3935647179094326,2.264841289073824
2020-05-18,1.4360122669529225,2.320329537195992
2020-05-19,1.4212627172279486,2.311848800583434
2020-05-20,1.4454071946655298,2.362490913498426
2020-05-21,1.4354281263697553,2.3295371940896277
2020-05-22,1.4381541157578692,2.3380179307021858
2020-05-26,1.4558730467806105,2.335594863098598
2020-05-27,1.4775349267397306,2.3489217349183327
2020-05-28,1.474808937351617,2.3443179064715154
2020-05-29,1.4813805189122489,2.3738793312352904
2020-06-01,1.4873679598897138,2.373152410954214
2020-06-02,1.4996835905181574,2.3954446329072248
2020-06-03,1.5196417271097065,2.4141022534548533
2020-06-04,1.5156500997913969,2.3942330991054304
2020-06-05,1.5544954485720215,2.457232856798722
2020-06-08,1.5732853039972363,2.469590501577022
2020-06-09,1.5615538139519602,2.4812212260742452
2020-06-10,1.5528403835863813,2.522655682095602
2020-06-11,1.4633208392159942,2.3779985461613906
2020-06-12,1.4808450567110127,2.40877150472696
2020-06-15,1.4946697171793055,2.4320329537214063
2020-06-16,1.5234386409002942,2.483886600438192
2020-06-17,1.5171104512493154,2.4834019869174746
2020-06-18,1.5176945918324825,2.49454809789398
2020-06-19,1.5024095799062718,2.477344317908504
2020-06-22,1.5120478995285322,2.5170826266073494
2020-06-23,1.5190089081446092,2.5352556336342604
2020-06-24,1.4802609161278455,2.4780712381895804
2020-06-25,1.4961300686372236,2.509813423796585
2020-06-26,1.46059484982788,2.4603828446833873
2020-06-29,1.4820620162592777,2.487278895083215
2020-06-30,1.501046585212215,2.531863338989236
2020-07-01,1.5115611157092264,2.535982553915336
2020-07-02,1.5198851190193605,2.5507632662972237
2020-07-06,1.543348099109913,2.595347710203246
2020-07-07,1.5274302682186043,2.5682093530430583
2020-07-08,1.5391130798819501,2.610128422585133
2020-07-09,1.530350971134441,2.6195783862391266
2020-07-10,1.545976731734166,2.61885146595805
2020-07-13,1.5325901767032488,2.564574751637676
2020-07-14,1.5524509565309368,2.594136176401451
2020-07-15,1.566713722436605,2.608189968502262
2020-07-16,1.5615538139519607,2.57596316937454
2020-07-17,1.566080903471507,2.5885631209131983
2020-07-20,1.578737282773465,2.654712866491154
2020-07-21,1.5820960911266768,2.6280591228516843
2020-07-22,1.5911015917838396,2.649139811002901
2020-07-23,1.5721170228309025,2.5803246910609983
2020-07-24,1.561991919389336,2.5490671189747114
2020-07-27,1.5733826607610983,2.5892900411942743
2020-07-28,1.5634035924653238,2.5590016961494224
2020-07-29,1.5826315533279138,2.596074630484321
2020-07-30,1.5769848610239632,2.6106130361058497
2020-07-31,1.5894465267981985,2.6757935546423703
2020-08-03,1.6004965194964467,2.7417009934599674
2020-08-04,1.6066786740016337,2.7487278895103726
2020-08-05,1.6166577422974082,2.758904773445443
2020-08-06,1.627464343086003,2.797673855102853
2020-08-07,1.6286326242523372,2.755997092321137
2020-08-10,1.6335004624453981,2.7482432759896556
2020-08-11,1.6200165506506203,2.6988126968764576
2020-08-12,1.6426033198664223,2.760116307247238
2020-08-13,1.6396339385686551,2.761327841049032
2020-08-14,1.6396826169505858,2.759389386966162
2020-08-17,1.644891203817161,2.777804700753432
2020-08-18,1.6484447256980952,2.7882238914488604
2020-08-19,1.6415810738458798,2.7848315968038375
2020-08-20,1.6466923039485934,2.8219045311387356
2020-08-21,1.6525337097802664,2.85776593167184
2020-08-24,1.6692790731643956,2.882481221228439
2020-08-25,1.6751204789960685,2.8970196268499677
2020-08-26,1.6919145207621278,2.9559001696171587
2020-08-27,1.695614077788854,2.9583232372207475
2020-08-28,1.7065667137232408,2.98425006057914
2020-08-31,1.7003845592180542,2.993700024233134
2020-09-01,1.7163997468732242,3.0508844196778147
2020-09-02,1.741225721657834,3.0780227768380017
2020-09-03,1.681302633501256,2.9025926823382213
2020-09-04,1.6675753297968248,2.8621274533583
2020-09-08,1.6220123643097761,2.7327356433266936
2020-09-09,1.654042739620116,2.821904531138737
2020-09-10,1.6253224942810576,2.7581778531643697
2020-09-11,1.6261500267738778,2.7370971650131533
2020-09-14,1.647568514823345,2.7945238672181922
2020-09-15,1.655892518133479,2.8221468378990973
2020-09-16,1.649320936572847,2.778531621034511
2020-09-17,1.6348147787575258,2.755512478800424
2020-09-18,1.6095506985355406,2.708020353770097
2020-09-21,1.5916370539850773,2.7244972134744962
2020-09-22,1.6078469551679697,2.767627816818365
2020-09-23,1.5705593146091241,2.6813666101306275
2020-09-24,1.5747456554551564,2.6963896292728737
2020-09-25,1.6002044492048644,2.7608432275283183
2020-09-28,1.626782845738976,2.81366610128654
2020-09-29,1.6179233802276056,2.804216137632546
2020-09-30,1.6301903324741185,2.8277198933873513
2020-10-01,1.6406561845891994,2.8575236249114857
2020-10-02,1.6250791023714048,2.7850739035642005
2020-10-05,1.6538967044743247,2.8461352071746213
2020-10-06,1.6303850460018412,2.802035376789317
2020-10-07,1.6587645426673854,2.8534044099853855
2020-10-08,1.6734654140104288,2.8681851223672736
2020-10-09,1.6884096772631254,2.9120426459922184
2020-10-12,1.7155722143804046,2.991519263389909
2020-10-13,1.704376186536365,2.9723770293215623
2020-10-14,1.6936669425116315,2.9566270898982396
2020-10-15,1.6915737720886157,2.9433002180785057
2020-10-16,1.6905515260680732,2.934819481465947
2020-10-19,1.6648493404087126,2.8810273806662914
2020-10-20,1.6715182787332057,2.890961957841003
2020-10-21,1.6683541839077163,2.886600436154544
2020-10-22,1.6775057197106704,2.8730312575744508
2020-10-23,1.6832010903965513,2.869881269689787
2020-10-26,1.6520956043428932,2.8076084322775716
2020-10-27,1.6464002336570125,2.821662224378383
2020-10-28,1.59012802414523,2.7019626847611296
2020-10-29,1.6062892469461916,2.7470317421878687
2020-10-30,1.5895438835620628,2.686212745337807
2020-11-02,1.607360171348665,2.692997334627854
2020-11-03,1.6357396680142091,2.7404894596581815
2020-11-04,1.6722971328440956,2.8471044342160594
2020-11-05,1.7049116487376026,2.935546401747027
2020-11-06,1.704522221682158,2.9459655924424557
2020-11-09,1.7259407097316253,2.9246425975308807
2020-11-10,1.7234094338712338,2.8701235764501476
2020-11-11,1.7362118483189835,2.9382117761109745
2020-11-12,1.7193691281709933,2.9120426459922224
2020-11-13,1.7431728569350606,2.936757935548821
2020-11-16,1.7649320936580422,2.9651078265108026
2020-11-17,1.7554398091815737,2.9486309668064035
2020-11-18,1.7343133914236901,2.9171310879597576
2020-11-19,1.7416151487132812,2.9406348437145624
2020-11-20,1.7296889451402826,2.910346498669711
2020-11-23,1.7400574404915021,2.9096195783886345
2020-11-24,1.7680961884835322,2.950084807368556
2020-11-25,1.7653701990954185,2.956384783137885
2020-11-27,1.7702867156704098,2.9721347225612083
2020-11-30,1.7624494961795818,2.9920038769106316
2020-12-01,1.7817261354241023,3.0302883450473237
2020-12-02,1.7854743708327592,3.025684516600506
2020-12-03,1.784987587013453,3.0237460625176356
2020-12-04,1.8003699557035253,3.054034407562487
2020-12-07,1.7966703986767987,3.0627574509354045
2020-12-08,1.8019276639253046,3.0726920281101155
2020-12-09,1.785766441124343,3.013811485342924
2020-12-10,1.7851823005411758,3.018173007029383
2020-12-11,1.7830891301181595,3.0118730312600537
2020-12-14,1.77510587548154,3.0227768354762
2020-12-15,1.7991043177733295,3.073176641630834
2020-12-16,1.801927663925305,3.094015023021692
2020-12-17,1.812004088984941,3.1184880058179316
2020-12-18,1.797108504114175,3.1075842016017847
2020-12-21,1.790682957699335,3.1034649866756854
2020-12-22,1.7876648980196377,3.1303610370755135
2020-12-23,1.7892712846233476,3.10661497456035
2020-12-24,1.7962322932394246,3.127211049190849
2020-12-28,1.811663340311427,3.1625878362032367
2020-12-29,1.8082071751943538,3.14756481706099
2020-12-30,1.8107871294366762,3.1458686697384786
2020-12-31,1.819987343621561,3.1504724981852963
2021-01-04,1.7952100472188819,3.0991034649892284
2021-01-05,1.807574356229256,3.11921492609901
2021-01-06,1.8183809570178513,3.065422825299354
2021-01-07,1.8453974589893385,3.1480494305817097
2021-01-08,1.8559119894863498,3.1684031984518506
2021-01-11,1.8434016453301838,3.142234068333099
2021-01-12,1.8437910723856288,3.1272110491908527
2021-01-13,1.8487562673425508,3.1470802035402756
2021-01-14,1.8422820425457802,3.119457232859371
2021-01-15,1.8288468091329328,3.0874727404920073
2021-01-19,1.8432069318024618,3.1276956627115706
2021-01-20,1.8687144039341002,3.1897261933634264
2021-01-21,1.8704181473016714,3.2309183426244257
2021-01-22,1.8637978873591088,3.2185606978461263
2021-01-25,1.8711483230306305,3.245456748245954
2021-01-26,1.8682276201147943,3.2476375090891834
2021-01-27,1.8225672978638845,3.1863338987184036
2021-01-28,1.83824173684554,3.1994184637777794
2021-01-29,1.8014408801060005,3.1240610613061888
2021-02-01,1.8314267633752548,3.2023261449020857
2021-02-02,1.857323662562338,3.245699055006313
2021-02-03,1.858784014020256,3.2345529440298084
2021-02-04,1.8799104317781397,3.2861642839862357
2021-02-05,1.887309545831592,3.278895081175471
2021-02-08,1.9009394927721621,3.3133026411464233
2021-02-09,1.8996738548419667,3.3094257329806824
2021-02-10,1.8988463223491463,3.304579597773506
2021-02-11,1.9019130604107746,3.3409256118273283
2021-02-12,1.9113079881233819,3.358129391812804
2021-02-16,1.9096529231377413,3.3472255875966566
2021-02-17,1.9100910285751165,3.317664162832881
2021-02-18,1.9019617387927055,3.301429609888841
2021-02-19,1.8986029304394934,3.296583474681665
2021-02-22,1.8839994158603108,3.2238914465740205
2021-02-23,1.8862872998110496,3.214926096440745
2021-02-24,1.9070729688954189,3.2641143687935847
2021-02-25,1.8611205763529253,3.1499878846645832
2021-02-26,1.8515309351125957,3.1667070511293414
2021-03-01,1.896412403252616,3.2687181972404025
2021-03-02,1.8816141751457116,3.2168645505236158
2021-03-03,1.8566908435972405,3.1359340925637724
2021-03-04,1.8337146473259933,3.066634359101152
2021-03-05,1.8674487660039045,3.124545674826908
2021-03-08,1.8581511950551586,3.0489459655949585
2021-03-09,1.88468091320734,3.1526532590285314
2021-03-10,1.8964124032526162,3.1400533074898727
2021-03-11,1.915640364115206,3.2071722801092646
2021-03-12,1.9182203183575284,3.184153137875177
2021-03-15,1.9296597381112215,3.218076084325411
2021-03-16,1.9272258190146914,3.2423067603612927
2021-03-17,1.9337974005753231,3.239641385997346
2021-03-18,1.905661295819432,3.149745577904226
2021-03-19,1.895925619433311,3.140295614250232
2021-03-22,1.9110645962137296,3.1952992488516836
2021-03-23,1.8960229761971719,3.175430094502261
2021-03-24,1.8863846565749114,3.1369033196052096
2021-03-25,1.8969965438357839,3.134964865522339
2021-03-26,1.927566567688206,3.214683789680389
2021-03-29,1.9265930000495934,3.197964623215631
2021-03-30,1.9214817699468798,3.1676762781707795
2021-03-31,1.9292703110557767,3.2180760843254133
2021-04-01,1.9501046585220772,3.2827719893412164
2021-04-05,1.9780947281321766,3.3506178822416843
2021-04-06,1.9769264469658419,3.336321783380515
2021-04-07,1.9792143309165802,3.3540101768867077
2021-04-08,1.9886092586291875,3.402471528958471
2021-04-09,2.003066738062578,3.4351829416069113
2021-04-12,2.003796913791537,3.4187060819025117
2021-04-13,2.0097356763870713,3.450932881030233
2021-04-14,2.0028720245348555,3.4143445602160534
2021-04-15,2.024387869348184,3.4729827962228863
2021-04-16,2.0311541644365385,3.47225587594181
2021-04-19,2.0211750961407637,3.4434213714591113
2021-04-20,2.006376868033859,3.4128907196538996
2021-04-21,2.0253614369867963,3.447298279624852
2021-04-22,2.0068636518531653,3.4068330506449294
2021-04-23,2.0286228885761473,3.45771747032028
2021-04-26,2.03285790780411,3.4754058638264747
2021-04-27,2.0324198023667344,3.466925127213917
2021-04-28,2.031835661783567,3.4346983280861947
2021-04-29,2.0447841113771092,3.4317906469618893
2021-04-30,2.0313488779642617,3.3850254422126382
2021-05-03,2.0357299323380165,3.375575478558645
2021-05-04,2.0231709097999198,3.314998788468941
2021-05-05,2.0238037287650177,3.3070026653771003
2021-05-06,2.03996495156598,3.3401986915462585
2021-05-07,2.054811858054815,3.3687908892685985
2021-05-10,2.034464294407821,3.283741216382655
2021-05-11,2.0163072579477044,3.2738066392079443
2021-05-12,1.97347028184877,3.1817300702715943
2021-05-13,1.9971766538489755,3.223891446574028
2021-05-14,2.0278440344652586,3.29488732735916
2021-05-17,2.0226841259806143,3.2706566513232787
2021-05-18,2.005257265249457,3.244487521204527
2021-05-19,2.0000000000009512,3.2558759389413914
2021-05-20,2.0215158448142803,3.3181487763536066
2021-05-21,2.01986077982864,3.299975769326696
2021-05-24,2.040451735385287,3.35861400533353
2021-05-25,2.0359246458657405,3.359583232374965
2021-05-26,2.039964951565981,3.3593409256146054
2021-05-27,2.041035875968454,3.3416525321084127
2021-05-28,2.04468675461325,3.353525563365995
2021-06-01,2.0428856544818177,3.337048703661596
2021-06-02,2.0460984276892376,3.360067845895683
2021-06-03,2.038504600108063,3.3288102738093968
2021-06-04,2.0571484203874864,3.3927792585441234
2021-06-07,2.055152606728331,3.3920523382630474
2021-06-08,2.0555907121657064,3.3922946450234064
2021-06-09,2.0525239741040786,3.3947177126269947
2021-06-10,2.0620649369624777,3.419675308943952
2021-06-11,2.0654724236976203,3.440029076814092
2021-06-14,2.0700968699810285,3.474921250305761
2021-06-15,2.066299956190441,3.4535982553941857
2021-06-16,2.054763179672887,3.434940634846557
2021-06-17,2.054081682325859,3.474678943545403
2021-06-18,2.0197634230647803,3.4429367579383983
2021-06-21,2.0486783819315613,3.4734674097436087
2021-06-22,2.0596310178659483,3.504967288590255
2021-06-23,2.0571484203874872,3.5010903804245137
2021-06-24,2.0693180158701394,3.5231402956171656
2021-06-25,2.0766684515416616,3.519021080691065
2021-06-28,2.080854792387694,3.5558517082656054
2021-06-29,2.081974395172098,3.5817785316239985
2021-06-30,2.0837268169216,3.5779016234582577
2021-07-01,2.0952635934391544,3.5839592924672283
2021-07-02,2.1112787810943243,3.6312091107371978
2021-07-06,2.1074331889218065,3.64502059607765
2021-07-07,2.1148809813571896,3.664889750427073
2021-07-08,2.097648834153755,3.630239883695762
2021-07-09,2.1200408898418344,3.663678216625278
2021-07-12,2.127634717423009,3.666585897749584
2021-07-13,2.1203816385153487,3.6816089168918302
2021-07-14,2.1235457333408383,3.708747274052017
2021-07-15,2.116292654433178,3.6782166222468065
2021-07-16,2.0996933261948407,3.6418706081929844
2021-07-19,2.0686851969050437,3.591713108798709
2021-07-20,2.098330331500784,3.6450205960776483
2021-07-21,2.115319086794566,3.680155076329677
2021-07-22,2.119748819550251,3.707293433489864
2021-07-23,2.141556734655164,3.744124061064405
2021-07-26,2.1468139999036695,3.7421856069815345
2021-07-27,2.137029645135617,3.7068088199691474
2021-07-28,2.1361534342608666,3.7022049915223305
2021-07-29,2.1450128997722375,3.7194087715078066
2021-07-30,2.134595726039087,3.7169857039042187
2021-08-02,2.130117314901471,3.703658832084484
2021-08-03,2.1474468188687674,3.727404894599648
2021-08-04,2.136883609989826,3.734916404170771
2021-08-05,2.1504162001665343,3.755512478801271
2021-08-06,2.153969722047469,3.752362490916607
2021-08-09,2.1522173002979668,3.740247152898667
2021-08-10,2.1548946113041505,3.7133511024988386
2021-08-11,2.160249233316517,3.713835716019556
2021-08-12,2.166723458113288,3.735158710931132
2021-08-13,2.170666407049667,3.755512478801272
2021-08-16,2.175777637152381,3.772473952026389
2021-08-17,2.1615148712467125,3.7412163799401026
2021-08-18,2.1378571776284376,3.6896050399836753
2021-08-19,2.141167307599719,3.725708747277138
2021-08-20,2.1582047412754317,3.7736854858281834
2021-08-23,2.1771893102283686,3.8223891446603053
2021-08-24,2.180645475345442,3.8180276229738466
2021-08-25,2.185221243246919,3.8158468621306176
2021-08-26,2.172321472035308,3.791858492855096
2021-08-27,2.19174414642562,3.8284468136692764
2021-08-30,2.2013824660478805,3.8696389629302743
2021-08-31,2.19812101445853,3.8492851950601343
2021-09-01,2.199289295624865,3.8502544221015684
2021-09-02,2.2060555907132193,3.8461352071754686
2021-09-03,2.2055201285119823,3.8614005330780747
2021-09-07,2.197634230639224,3.8623697601195097
2021-09-08,2.1949569196330407,3.8475890477376216
2021-09-09,2.1855619919204337,3.8330506421160933
2021-09-10,2.168329844716998,3.7952507875001182
2021-09-13,2.1738791802570874,3.7964623213019126
2021-09-14,2.162147690211811,3.791616186094736
2021-09-15,2.1802073699080666,3.8248122122638937
2021-09-16,2.1767512047909934,3.8269929731071235
2021-09-17,2.148663778417032,3.7673855100588547
2021-09-20,2.112836489316105,3.6922704143476226
2021-09-21,2.1108406756569504,3.693724254909776
2021-09-22,2.131431631213598,3.7443663678247687
2021-09-23,2.1573285304006813,3.794523867219043
2021-09-24,2.1608820522816155,3.797189241582991
2021-09-27,2.1546998977764282,3.7603586140084513
2021-09-28,2.111278781094326,3.6488975042433967
2021-09-29,2.1148323029752603,3.6442936757965794
2021-09-30,2.0889840821701076,3.618124545677828
