date,2021_12_03__00_40_32_daily_lr_1e-06_epoch_10_metric_sortino
2015-04-02,1.0027447481682037
2015-04-06,0.9995507079808255
2015-04-07,1.002597628301345
2015-04-08,1.004343831852201
2015-04-09,1.006460502262824
2015-04-10,1.0035719046293474
2015-04-13,1.0069356075832847
2015-04-14,1.0052699670063252
2015-04-15,1.0074605920223896
2015-04-16,1.0114133090064583
2015-04-17,1.0081364450568777
2015-04-20,1.00475407761875
2015-04-21,1.0097082751895599
2015-04-22,1.007451412000122
2015-04-23,1.0063696104551427
2015-04-24,1.0101141138054341
2015-04-27,1.0162028168929123
2015-04-28,1.0160577842139678
2015-04-29,1.0125914905039977
2015-04-30,1.0049646702795632
2015-05-01,0.9981577360039626
2015-05-04,0.9992774389698068
2015-05-05,0.996725357987014
2015-05-06,0.987787026778251
2015-05-07,0.9772854990865565
2015-05-08,0.9858666220860596
2015-05-11,0.9953119001341784
2015-05-12,0.9830119334202765
2015-05-13,0.9813551604438224
2015-05-14,0.9798555555585806
2015-05-15,0.9891375097488249
2015-05-18,0.9958466459691087
2015-05-19,0.9920246169251647
2015-05-20,0.9877227422070428
2015-05-21,0.988404076049431
2015-05-22,0.9959395559134656
2015-05-26,0.995211524283814
2015-05-27,0.9937614024452835
2015-05-28,1.003733674566401
2015-05-29,1.0017774732982914
2015-06-01,0.9983434999121046
2015-06-02,0.9950191000621716
2015-06-03,0.9887970063601063
2015-06-04,0.9842263673158805
2015-06-05,0.983632166049267
2015-06-08,0.9775409683229948
2015-06-09,0.9716681086190303
2015-06-10,0.9679382273670964
2015-06-11,0.9731994864552084
2015-06-12,0.9818979070239718
2015-06-15,0.9768093406013412
2015-06-16,0.9741714491109618
2015-06-17,0.9807636191505769
2015-06-18,0.9784988021376376
2015-06-19,0.9824931122466848
2015-06-22,0.980427575179266
2015-06-23,0.9771179313265564
2015-06-24,0.9753459771756796
2015-06-25,0.9749822191317777
2015-06-26,0.9720865437324058
2015-06-29,0.9650446779828566
2015-06-30,0.9618888577191714
2015-07-01,0.9602300594533781
2015-07-02,0.9588414583851582
2015-07-06,0.9602707515750459
2015-07-07,0.9650045673947418
2015-07-08,0.970651034032345
2015-07-09,0.9640691066281005
2015-07-10,0.9559575296699147
2015-07-13,0.9585830614896252
2015-07-14,0.9653043562740266
2015-07-15,0.9689262413035321
2015-07-16,0.9728672545377762
2015-07-17,0.9818146104350174
2015-07-20,0.9891119815494781
2015-07-21,0.9894145484697774
2015-07-22,0.9881847604977658
2015-07-23,0.9846813631774924
2015-07-24,0.9871510568546685
2015-07-27,0.9834418049941808
2015-07-28,0.9808955069858072
2015-07-29,0.9846337029746651
2015-07-30,0.9873923957656361
2015-07-31,0.990952924915439
2015-08-03,0.9921919198204083
2015-08-04,0.9925424578090525
2015-08-05,0.9870320289531885
2015-08-06,0.9884270198584003
2015-08-07,0.9861118761641806
2015-08-10,0.9906775664034227
2015-08-11,0.994897176539462
2015-08-12,0.9932188297296624
2015-08-13,0.9930491507021114
2015-08-14,0.9905394602084383
2015-08-17,0.9941133214772311
2015-08-18,0.9992925034001566
2015-08-19,0.9937655330202827
2015-08-20,0.992977538736022
2015-08-21,0.9825826502216854
2015-08-24,0.9625373296389185
2015-08-25,0.9384051906607969
2015-08-26,0.9268784672195634
2015-08-27,0.9441498877963729
2015-08-28,0.957150556219491
2015-08-31,0.9589661071346072
2015-09-01,0.9510706825105161
2015-09-02,0.9361996858258486
2015-09-03,0.9446175607196043
2015-09-04,0.9469531416918954
2015-09-08,0.9421702000636495
2015-09-09,0.9509508506933111
2015-09-10,0.9454552363198018
2015-09-11,0.947239978214964
2015-09-14,0.9522847048591981
2015-09-15,0.9512091504943417
2015-09-16,0.9507030095923235
2015-09-17,0.9526540016427816
2015-09-18,0.9548065949634398
2015-09-21,0.9501508695529288
2015-09-22,0.9482145459580484
2015-09-23,0.9451366890587996
2015-09-24,0.945461398859745
2015-09-25,0.9471806136886037
2015-09-28,0.9432260945245599
2015-09-29,0.9366724288740428
2015-09-30,0.9365722212959983
2015-10-01,0.9459667302262149
2015-10-02,0.9476255352971692
2015-10-05,0.9581227684305296
2015-10-06,0.9636378811968469
2015-10-07,0.9647831426884235
2015-10-08,0.967126345853404
2015-10-09,0.9677383021687398
2015-10-12,0.970286161149899
2015-10-13,0.9738623965389736
2015-10-14,0.972149233421335
2015-10-15,0.9736545795692687
2015-10-16,0.9799004706785129
2015-10-19,0.9818548487229346
2015-10-20,0.9821196947213577
2015-10-21,0.9785136275072788
2015-10-22,0.9783563212210584
2015-10-23,0.9906866247916273
2015-10-26,0.9993123975548052
2015-10-27,0.9999976728437846
2015-10-28,0.9985779854282901
2015-10-29,1.0049960261777802
2015-10-30,0.9975843694482678
2015-11-02,0.9972420197064022
2015-11-03,1.0007091230340799
2015-11-04,0.9999323250662449
2015-11-05,0.9999218487494737
2015-11-06,0.9976405310633354
2015-11-09,0.9927307957617442
2015-11-10,0.9848203433948607
2015-11-11,0.9845031706758639
2015-11-12,0.9824605476347753
2015-11-13,0.9778269468912036
2015-11-16,0.9708277513295642
2015-11-17,0.9793697954829319
2015-11-18,0.979901352071826
2015-11-19,0.9898214680696475
2015-11-20,0.9937002632430249
2015-11-23,0.9958531024067871
2015-11-24,0.9948560182150451
2015-11-25,0.9952620138816705
2015-11-27,0.99511579918967
2015-11-30,0.9957710436448934
2015-12-01,0.9965982633016325
2015-12-02,1.006618939702002
2015-12-03,1.0018857774227328
2015-12-04,0.9828857565133604
2015-12-07,0.9994171031898472
2015-12-08,1.0000619383620537
2015-12-09,0.9976382581968876
2015-12-10,0.9903220417471685
2015-12-11,0.9924283659311569
2015-12-14,0.9867833207960627
2015-12-15,0.9855203698465412
2015-12-16,0.9873984692029859
2015-12-17,0.9948683032332251
2015-12-18,0.9901603036326693
2015-12-21,0.97811672522523
2015-12-22,0.9835118486477714
2015-12-23,0.9854678343783995
2015-12-24,0.9885556429997274
2015-12-28,0.989394549242297
2015-12-29,0.9897230316819209
2015-12-30,0.990492535020544
2015-12-31,0.9854273045062208
2016-01-04,0.979933142584503
2016-01-05,0.9747786638660833
2016-01-06,0.9728129875252075
2016-01-07,0.9707127231558158
2016-01-08,0.9555565687638735
2016-01-11,0.9519110817461748
2016-01-12,0.9500814457381266
2016-01-13,0.9613591512467543
2016-01-14,0.9499902341865806
2016-01-15,0.9566929667828377
2016-01-19,0.9480132977603554
2016-01-20,0.9475142078674119
2016-01-21,0.9456611000344535
2016-01-22,0.9463429122020007
2016-01-25,0.9589666416042187
2016-01-26,0.9533349332538186
2016-01-27,0.960176496270498
2016-01-28,0.9506089745494716
2016-01-29,0.9566206858274023
2016-02-01,0.9763048082688646
2016-02-02,0.9755302011242144
2016-02-03,0.97188072154876
2016-02-04,0.9699270910543547
2016-02-05,0.9724939970810368
2016-02-08,0.9586606004729784
2016-02-09,0.9584474378736232
2016-02-10,0.9573487863536195
2016-02-11,0.9610817724199096
2016-02-12,0.9594758154666219
2016-02-16,0.9631731997831029
2016-02-17,0.9694633202478257
2016-02-18,0.9782360672036302
2016-02-19,0.980473027129286
2016-02-22,0.9808965023705591
2016-02-23,0.9890267726694242
2016-02-24,0.9818756031362834
2016-02-25,0.9849359176716137
2016-02-26,0.9937397133159314
2016-02-29,0.9885830779369352
2016-03-01,0.985659046114703
2016-03-02,0.9951134721367837
2016-03-03,0.99886484836816
2016-03-04,1.0012783307509234
2016-03-07,1.0006681716239219
2016-03-08,0.9985905047706657
2016-03-09,0.9976530394637737
2016-03-10,0.9997127687343331
2016-03-11,0.9980379013012552
2016-03-14,1.0039439187735595
2016-03-15,1.0052063359505021
2016-03-16,1.0064523699675922
2016-03-17,1.0132762751235735
2016-03-18,1.0178961158494098
2016-03-21,1.0171385470083467
2016-03-22,1.0157837563636591
2016-03-23,1.0156305460395354
2016-03-24,1.0162230072476202
2016-03-28,1.0172462018741149
2016-03-29,1.0170100912867865
2016-03-30,1.0291871764011022
2016-03-31,1.0283453453904914
2016-04-01,1.0297474232958308
2016-04-04,1.0345915264569634
2016-04-05,1.0325629311241336
2016-04-06,1.0306712097051913
2016-04-07,1.034283812113373
2016-04-08,1.0307038647211129
2016-04-11,1.0289327787520006
2016-04-12,1.0267971996118237
2016-04-13,1.0290709067366257
2016-04-14,1.0369026381543403
2016-04-15,1.0349264356096435
2016-04-18,1.0366290948945058
2016-04-19,1.0383943266067304
2016-04-20,1.0359540177878237
2016-04-21,1.0325876333055355
2016-04-22,1.0274559708849949
2016-04-25,1.020116612190907
2016-04-26,1.0181218557646863
2016-04-27,1.0150013872937218
2016-04-28,1.017787863155088
2016-04-29,1.0124655230299073
2016-05-02,1.0089211116377679
2016-05-03,1.0089520640172926
2016-05-04,1.0082712669682061
2016-05-05,1.0078310153661263
2016-05-06,1.0105453890363847
2016-05-09,1.0124939851377006
2016-05-10,1.0139351380046102
2016-05-11,1.0219255466246673
2016-05-12,1.0190393516867997
2016-05-13,1.0163072934635726
2016-05-16,1.0164289779087003
2016-05-17,1.0207103605244647
2016-05-18,1.0152528209121083
2016-05-19,1.0104363382503203
2016-05-20,1.0092653731818608
2016-05-23,1.0155287478777681
2016-05-24,1.0153657733931112
2016-05-25,1.0237881714140205
2016-05-26,1.026629638640749
2016-05-27,1.0299068120619588
2016-05-31,1.0322383731826663
2016-06-01,1.0334105609273625
2016-06-02,1.0338477903364676
2016-06-03,1.0372040057187615
2016-06-06,1.0412332838965246
2016-06-07,1.040386276826472
2016-06-08,1.043273564216465
2016-06-09,1.0470604645963455
2016-06-10,1.0493364687698514
2016-06-13,1.0458104041357157
2016-06-14,1.041349991716616
2016-06-15,1.0413515749915632
2016-06-16,1.041583390922892
2016-06-17,1.0451099486280417
2016-06-20,1.0359489507443118
2016-06-21,1.0349424390279172
2016-06-22,1.0363651712819124
2016-06-23,1.035338353618204
2016-06-24,1.039216129608218
2016-06-27,1.0261367864265045
2016-06-28,1.02422080242929
2016-06-29,1.036981296012959
2016-06-30,1.0442053552561763
2016-07-01,1.053522502263909
2016-07-05,1.0598441283985025
2016-07-06,1.060225715087381
2016-07-07,1.065124036661613
2016-07-08,1.0648990412700468
2016-07-11,1.077917624931625
2016-07-12,1.0774079049953234
2016-07-13,1.075640361652215
2016-07-14,1.080586420847213
2016-07-15,1.078473841285937
2016-07-18,1.0741327848124518
2016-07-19,1.0768350158742834
2016-07-20,1.0781394664598274
2016-07-21,1.0815602505956456
2016-07-22,1.0794312935384334
2016-07-25,1.0836010535423837
2016-07-26,1.0819820112986838
2016-07-27,1.083541868861547
2016-07-28,1.091329481968734
2016-07-29,1.0911194470675798
2016-08-01,1.096489316200465
2016-08-02,1.0913555227328016
2016-08-03,1.0822829623473298
2016-08-04,1.0846090556192245
2016-08-05,1.0900060576456931
2016-08-08,1.0912448909346868
2016-08-09,1.0918193659807731
2016-08-10,1.0970718111300493
2016-08-11,1.0969488084333192
2016-08-12,1.095642862719411
2016-08-15,1.0988044680764217
2016-08-16,1.0970254670918849
2016-08-17,1.0917855892350739
2016-08-18,1.09497107683281
2016-08-19,1.0965285193505074
2016-08-22,1.0938620175696598
2016-08-23,1.0978070158330195
2016-08-24,1.1000882060211834
2016-08-25,1.0956526139972174
2016-08-26,1.0943273709497008
2016-08-29,1.0911202638253523
2016-08-30,1.1002258091732435
2016-08-31,1.0967905420792066
2016-09-01,1.0961017934996464
2016-09-02,1.0967793769711676
2016-09-06,1.0955761413107516
2016-09-07,1.1016214105834732
2016-09-08,1.1020387111511212
2016-09-09,1.0925987315557064
2016-09-12,1.069965548072306
2016-09-13,1.0795199839134686
2016-09-14,1.067701054446138
2016-09-15,1.0697725623212027
2016-09-16,1.0758913202037768
2016-09-19,1.0745294831217824
2016-09-20,1.072474107635666
2016-09-21,1.0738808769996588
2016-09-22,1.0845074326312403
2016-09-23,1.0920329744794322
2016-09-26,1.0870637703631083
2016-09-27,1.0856875822086214
2016-09-28,1.0945449261040618
2016-09-29,1.0956215374412628
2016-09-30,1.0921241725109978
2016-10-03,1.0919411721620247
2016-10-04,1.0878835188582987
2016-10-05,1.079760902046379
2016-10-06,1.080003205987042
2016-10-07,1.0783380216257237
2016-10-10,1.0767910358126827
2016-10-11,1.0777482609869935
2016-10-12,1.0694630390264677
2016-10-13,1.0708337586888472
2016-10-14,1.069607272709234
2016-10-17,1.064503832770812
2016-10-18,1.0657925335787002
2016-10-19,1.0708293465374474
2016-10-20,1.0725802554902395
2016-10-21,1.0710687041363358
2016-10-24,1.0727813505416903
2016-10-25,1.0750319376715989
2016-10-26,1.0741898904506526
2016-10-27,1.0686252513361552
2016-10-28,1.0623145947888586
2016-10-31,1.0601184940386297
2016-11-01,1.062921010382788
2016-11-02,1.0573755018103437
2016-11-03,1.0558100895986546
2016-11-04,1.047933572035564
2016-11-07,1.0512620019453105
2016-11-08,1.0599815937294799
2016-11-09,1.06085506861583
2016-11-10,1.043364859596947
2016-11-11,1.031464087497146
2016-11-14,1.0291607563698668
2016-11-15,1.0215799593038948
2016-11-16,1.0301694974004063
2016-11-17,1.0371499656842047
2016-11-18,1.0330911772127314
2016-11-21,1.0309122056242697
2016-11-22,1.0370301429058644
2016-11-23,1.038308068573288
2016-11-25,1.0352325730714926
2016-11-28,1.0381331532907376
2016-11-29,1.041004642243483
2016-11-30,1.0437148202357207
2016-12-01,1.0312972150939788
2016-12-02,1.0177002222639318
2016-12-05,1.0224870945791364
2016-12-06,1.0264135169682889
2016-12-07,1.0277188147011291
2016-12-08,1.0409351458159413
2016-12-09,1.0365835491327415
2016-12-12,1.0342639304159518
2016-12-13,1.0339011484920186
2016-12-14,1.041236135262452
2016-12-15,1.032812474721937
2016-12-16,1.0376376535123688
2016-12-19,1.0309667659313395
2016-12-20,1.038963827128859
2016-12-21,1.038656777929236
2016-12-22,1.0395055582360557
2016-12-23,1.0364199802952359
2016-12-27,1.0380355939364365
2016-12-28,1.038635078879033
2016-12-29,1.0367932423916393
2016-12-30,1.0383981901886172
2017-01-03,1.0354752426671558
2017-01-04,1.0423099502765711
2017-01-05,1.0466854095903384
2017-01-06,1.0541911452845678
2017-01-09,1.0534370082350495
2017-01-10,1.0562584745622192
2017-01-11,1.0560260463687814
2017-01-12,1.0599118529724019
2017-01-13,1.0574251542956499
2017-01-17,1.0568017702813617
2017-01-18,1.059533277137172
2017-01-19,1.0549820347838221
2017-01-20,1.0504149073422344
2017-01-23,1.0522652326470427
2017-01-24,1.0569337244867218
2017-01-25,1.0574646914977646
2017-01-26,1.0571004567476823
2017-01-27,1.0574247003478265
2017-01-30,1.06011460129446
2017-01-31,1.0543525571172676
2017-02-01,1.0557708248136939
2017-02-02,1.0546986326165029
2017-02-03,1.0539601952179947
2017-02-06,1.0577258346248182
2017-02-07,1.0603291373613317
2017-02-08,1.0651713188503338
2017-02-09,1.0724958422291935
2017-02-10,1.069618503549164
2017-02-13,1.0713520896117013
2017-02-14,1.072795286024709
2017-02-15,1.0715290323906768
2017-02-16,1.0717876883649904
2017-02-17,1.0749871636653419
2017-02-21,1.0794199035123446
2017-02-22,1.081911210918855
2017-02-23,1.0829016233504718
2017-02-24,1.084425663983793
2017-02-27,1.0908859992847741
2017-02-28,1.0882274760575632
2017-03-01,1.0876232571250726
2017-03-02,1.0871846350464311
2017-03-03,1.0815091089285358
2017-03-06,1.0837156728925603
2017-03-07,1.080176165724191
2017-03-08,1.0780104991526158
2017-03-09,1.0754230615726799
2017-03-10,1.071934771731685
2017-03-13,1.076335831063036
2017-03-14,1.0738379959165136
2017-03-15,1.0743242148927963
2017-03-16,1.0846276167365554
2017-03-17,1.0819470178966335
2017-03-20,1.0827628686120507
2017-03-21,1.0847160501453752
2017-03-22,1.0802478903140633
2017-03-23,1.08497517283105
2017-03-24,1.0830844061294522
2017-03-27,1.0848596826644405
2017-03-28,1.0867466654544402
2017-03-29,1.0880371982089236
2017-03-30,1.0917085107370124
2017-03-31,1.0893743769823954
2017-04-03,1.0894746083540578
2017-04-04,1.0924660539994657
2017-04-05,1.0903244299559467
2017-04-06,1.0895362883538278
2017-04-07,1.089604452228844
2017-04-10,1.0872177254022013
2017-04-11,1.0888898465748273
2017-04-12,1.0917497810190677
2017-04-13,1.0920496158140132
2017-04-17,1.0904543981310684
2017-04-18,1.094521000350415
2017-04-19,1.099996297166502
2017-04-20,1.0966282001939325
2017-04-21,1.1001348393423356
2017-04-24,1.0985678187063797
2017-04-25,1.1033198458389593
2017-04-26,1.100847322674188
2017-04-27,1.1029487727932163
2017-04-28,1.1044544901752604
2017-05-01,1.1058587456269602
2017-05-02,1.1041110668165348
2017-05-03,1.107467582389563
2017-05-04,1.1068181410707756
2017-05-05,1.1044700203810065
2017-05-08,1.1072418173028422
2017-05-09,1.1060411148468106
2017-05-10,1.1061984795408406
2017-05-11,1.1074238505679705
2017-05-12,1.1064108869653662
2017-05-15,1.110053703022957
2017-05-16,1.1125097821230654
2017-05-17,1.115421690452345
2017-05-18,1.1071096004271108
2017-05-19,1.11065722438518
2017-05-22,1.1156693644584461
2017-05-23,1.1182586727569996
2017-05-24,1.1161995046281818
2017-05-25,1.120931471529695
2017-05-26,1.124713407925384
2017-05-30,1.125351149517208
2017-05-31,1.1287028504608954
2017-06-01,1.1294336597513779
2017-06-02,1.1318929496637375
2017-06-05,1.1416321822487434
2017-06-06,1.1383406034230727
2017-06-07,1.1395785916025187
2017-06-08,1.1385327561653644
2017-06-09,1.137907126765856
2017-06-12,1.130326645001272
2017-06-13,1.128630303706487
2017-06-14,1.1321861578525163
2017-06-15,1.138855914303231
2017-06-16,1.1362139425212194
2017-06-19,1.1342470552604547
2017-06-20,1.1401202259851582
2017-06-21,1.1406123910472235
2017-06-22,1.143048903528862
2017-06-23,1.144159126129751
2017-06-26,1.145931569296116
2017-06-27,1.146811159436242
2017-06-28,1.1339826546800773
2017-06-29,1.1388240208431608
2017-06-30,1.1265379360361285
2017-07-03,1.1257728715244941
2017-07-05,1.121776292235584
2017-07-06,1.125455220739998
2017-07-07,1.1156039619982123
2017-07-10,1.1182350548316131
2017-07-11,1.1214206037341699
2017-07-12,1.12262264202629
2017-07-13,1.1323520875937994
2017-07-14,1.1304673481161054
2017-07-17,1.1353118457764217
2017-07-18,1.1366610021249695
2017-07-19,1.1424706436138607
2017-07-20,1.1460990397317385
2017-07-21,1.1483024513393756
2017-07-24,1.149706499747244
2017-07-25,1.1484324768922765
2017-07-26,1.1423268385209409
2017-07-27,1.1442681068126275
2017-07-28,1.1403817494673207
2017-07-31,1.1425570778306404
2017-08-01,1.141535291443552
2017-08-02,1.1461949431728413
2017-08-03,1.147459326146066
2017-08-04,1.151265058754059
2017-08-07,1.1483376826375884
2017-08-08,1.1513248011941497
2017-08-09,1.1482386043473904
2017-08-10,1.150787302778596
2017-08-11,1.1441799028049688
2017-08-14,1.1470091280860606
2017-08-15,1.152900578849703
2017-08-16,1.151304188283729
2017-08-17,1.1546095510760777
2017-08-18,1.1465283021387742
2017-08-21,1.1455271732694374
2017-08-22,1.1468441734973855
2017-08-23,1.1535168835120455
2017-08-24,1.154660609490323
2017-08-25,1.151813970914296
2017-08-28,1.1543925514386955
2017-08-29,1.1547389241847736
2017-08-30,1.1580799298315156
2017-08-31,1.1619359800227453
2017-09-01,1.1674512833360955
2017-09-05,1.1629887908663843
2017-09-06,1.1652133687117205
2017-09-07,1.1637717862589039
2017-09-08,1.1697610854750464
2017-09-11,1.1655814459101315
2017-09-12,1.1684155111493733
2017-09-13,1.1679252162492746
2017-09-14,1.1657666867912035
2017-09-15,1.1664579303857818
2017-09-18,1.1655457153500244
2017-09-19,1.1638660354148032
2017-09-20,1.1645137002631636
2017-09-21,1.1636310514188632
2017-09-22,1.160609339038944
2017-09-25,1.1622112165339151
2017-09-26,1.1605259238489554
2017-09-27,1.1611174276434064
2017-09-28,1.1588448780677196
2017-09-29,1.1582832957447777
2017-10-02,1.1628852121708582
2017-10-03,1.163117272663753
2017-10-04,1.1651312589776932
2017-10-05,1.1653575013494963
2017-10-06,1.1689413148007506
2017-10-09,1.1677200273758275
2017-10-10,1.1694738183290279
2017-10-11,1.1715149645529728
2017-10-12,1.1741250942469665
2017-10-13,1.1747919769320958
2017-10-16,1.1803311085672632
2017-10-17,1.1817091633939834
2017-10-18,1.1825733676412677
2017-10-19,1.1805596546347525
2017-10-20,1.1804894366100238
2017-10-23,1.179409080075227
2017-10-24,1.1772972789163183
2017-10-25,1.1758541466343533
2017-10-26,1.1699580431958736
2017-10-27,1.1702084894427853
2017-10-30,1.1854065446418027
2017-10-31,1.1895263532526164
2017-11-01,1.1917213255491785
2017-11-02,1.193389434489869
2017-11-03,1.195856256885589
2017-11-06,1.201132076829836
2017-11-07,1.2043022483560637
2017-11-08,1.2062943944683788
2017-11-09,1.2077365104740856
2017-11-10,1.2022152426910158
2017-11-13,1.194677568387961
2017-11-14,1.195920251848736
2017-11-15,1.1976269603249927
2017-11-16,1.1984356032519898
2017-11-17,1.2023181931224385
2017-11-20,1.2024950258112592
2017-11-21,1.204293830649775
2017-11-22,1.2120010233179446
2017-11-24,1.2125508612581044
2017-11-27,1.2141264454348573
2017-11-28,1.213260193112305
2017-11-29,1.2188145506042476
2017-11-30,1.2057105792943854
2017-12-01,1.2105142947173821
2017-12-04,1.213327359252522
2017-12-05,1.207180743364175
2017-12-06,1.2083586012247842
2017-12-07,1.2124475084699995
2017-12-08,1.2122108228806119
2017-12-11,1.2160103848897263
2017-12-12,1.219375228819038
2017-12-13,1.219720543663926
2017-12-14,1.2233824605469263
2017-12-15,1.223437450313204
2017-12-18,1.2292734736713922
2017-12-19,1.2304833044548493
2017-12-20,1.2204649171003705
2017-12-21,1.2148478445097102
2017-12-22,1.2166320796650023
2017-12-26,1.2169600776026188
2017-12-27,1.2155164340885445
2017-12-28,1.2223968284163527
2017-12-29,1.2233472237553544
2018-01-02,1.2208247477024157
2018-01-03,1.2226116200706778
2018-01-04,1.2303189600577693
2018-01-05,1.2336383896968188
2018-01-08,1.2384872576113837
2018-01-09,1.2402217597539054
2018-01-10,1.2334532904060076
2018-01-11,1.2310311245296035
2018-01-12,1.2372695322187919
2018-01-16,1.2426730256651977
2018-01-17,1.2420853283116469
2018-01-18,1.2504280154047698
2018-01-19,1.2457702188253519
2018-01-22,1.245551943608026
2018-01-23,1.2526750977947219
2018-01-24,1.25726989821246
2018-01-25,1.2515097339972079
2018-01-26,1.2551192730936542
2018-01-29,1.2635748683212582
2018-01-30,1.254094812510159
2018-01-31,1.243878277234328
2018-02-01,1.2498149495372433
2018-02-02,1.241575480960504
2018-02-05,1.217672266755885
2018-02-06,1.1928703832923675
2018-02-07,1.2000421907352403
2018-02-08,1.1889444907073359
2018-02-09,1.1677971399731624
2018-02-12,1.1734121018719812
2018-02-13,1.184817338534164
2018-02-14,1.1890308602557529
2018-02-15,1.1903361229827016
2018-02-16,1.201046645484894
2018-02-20,1.2043435622521017
2018-02-21,1.1995603131864236
2018-02-22,1.1885795002510464
2018-02-23,1.1911981786581936
2018-02-26,1.20660018399316
2018-02-27,1.2141427632447377
2018-02-28,1.2067227679697679
2018-03-01,1.205671739784941
2018-03-02,1.199801975319867
2018-03-05,1.1987966204340483
2018-03-06,1.2036375004647235
2018-03-07,1.2056308222668644
2018-03-08,1.206063176294954
2018-03-09,1.2123636095862027
2018-03-12,1.2188795472770337
2018-03-13,1.2227180892890774
2018-03-14,1.2208223691388036
2018-03-15,1.2241807978809127
2018-03-16,1.223908358624641
2018-03-19,1.2196453781627015
2018-03-20,1.208078191951594
2018-03-21,1.2061866810919872
2018-03-22,1.2046797769111244
2018-03-23,1.1951735883412604
2018-03-26,1.1799778561692131
2018-03-27,1.197892496444616
2018-03-28,1.1886856871732294
2018-03-29,1.1871733835064386
2018-04-02,1.2000132908644336
2018-04-03,1.185027948151526
2018-04-04,1.1886586631142144
2018-04-05,1.1956587924146314
2018-04-06,1.195967249475952
2018-04-09,1.186037686499108
2018-04-10,1.1910389331302877
2018-04-11,1.203380033115289
2018-04-12,1.2014787676634828
2018-04-13,1.2043657377679293
2018-04-16,1.2034695299705964
2018-04-17,1.2090852158652783
2018-04-18,1.2202096583557713
2018-04-19,1.2154650250953316
2018-04-20,1.205684561341903
2018-04-23,1.194502433481914
2018-04-24,1.1934871986793558
2018-04-25,1.1808091522222812
2018-04-26,1.1783680218348833
2018-04-27,1.1911312400517766
2018-04-30,1.194887328064766
2018-05-01,1.190911670788228
2018-05-02,1.1923545342682682
2018-05-03,1.1889371385882659
2018-05-04,1.1910888378419104
2018-05-07,1.2024193781370576
2018-05-08,1.2049794400135736
2018-05-09,1.2051630040858374
2018-05-10,1.2094480021135217
2018-05-11,1.2211954489814478
2018-05-14,1.2232665266346276
2018-05-15,1.2206036275286876
2018-05-16,1.2090345646684064
2018-05-17,1.2099980556897898
2018-05-18,1.205453138750579
2018-05-21,1.2077358276723673
2018-05-22,1.2134949185922117
2018-05-23,1.211183227250644
2018-05-24,1.2182765540883176
2018-05-25,1.2213767508910962
2018-05-29,1.2235580451320782
2018-05-30,1.2291405933468562
2018-05-31,1.2331371451382147
2018-06-01,1.2299893880391388
2018-06-04,1.235258607776218
2018-06-05,1.2359006414585485
2018-06-06,1.2385362328532004
2018-06-07,1.2396436025340378
2018-06-08,1.2421231134004733
2018-06-11,1.2411622618674578
2018-06-12,1.241074615363746
2018-06-13,1.2432862345989117
2018-06-14,1.24011062158657
2018-06-15,1.2477539234125412
2018-06-18,1.2435984835516618
2018-06-19,1.2426691466770294
2018-06-20,1.242581489295461
2018-06-21,1.2393092806464503
2018-06-22,1.2371523490211522
2018-06-25,1.2367682373927058
2018-06-26,1.2258731629197377
2018-06-27,1.2287806371743348
2018-06-28,1.2258628381820365
2018-06-29,1.2322779215674784
2018-07-02,1.2309328666804922
2018-07-03,1.2332013033906348
2018-07-05,1.230611256891801
2018-07-06,1.2399602981019742
2018-07-09,1.2488711897636462
2018-07-10,1.2516570686040693
2018-07-11,1.253834992642623
2018-07-12,1.25163181251106
2018-07-13,1.2605626734337285
2018-07-16,1.2618076430612841
2018-07-17,1.2584758236414684
2018-07-18,1.2616470123086851
2018-07-19,1.25980415729887
2018-07-20,1.2604058693453668
2018-07-23,1.2536356059684168
2018-07-24,1.2496854109980555
2018-07-25,1.2553009410103229
2018-07-26,1.2621017829754062
2018-07-27,1.2548784584047896
2018-07-30,1.2472316988117298
2018-07-31,1.2381727336874944
2018-08-01,1.2437992772710187
2018-08-02,1.2408157508049675
2018-08-03,1.2478872662901173
2018-08-06,1.25337148519811
2018-08-07,1.2572207216934017
2018-08-08,1.2574366296417643
2018-08-09,1.2590046673266124
2018-08-10,1.2627795595856601
2018-08-13,1.2605215173701818
2018-08-14,1.2576499472809597
2018-08-15,1.261392748333911
2018-08-16,1.2578113442322034
2018-08-17,1.262389408501613
2018-08-20,1.2648329030119838
2018-08-21,1.2681727183080536
2018-08-22,1.2680233158795562
2018-08-23,1.2710988514859227
2018-08-24,1.2723931560908168
2018-08-27,1.2798230293167516
2018-08-28,1.283656207640455
2018-08-29,1.2815664052811362
2018-08-30,1.288037624949192
2018-08-31,1.2864221951324593
2018-09-04,1.2855957499163588
2018-09-05,1.2792712094056997
2018-09-06,1.2715062491089493
2018-09-07,1.269141328875719
2018-09-10,1.2627638682637703
2018-09-11,1.2665410364333223
2018-09-12,1.2675622553569532
2018-09-13,1.266986833864027
2018-09-14,1.2748457750086457
2018-09-17,1.2721411923004071
2018-09-18,1.2648904592964068
2018-09-19,1.2642136266209545
2018-09-20,1.2604569299974653
2018-09-21,1.2705849571133239
2018-09-24,1.265379344109059
2018-09-25,1.2651940600089528
2018-09-26,1.263849789282504
2018-09-27,1.2645769506965074
2018-09-28,1.2684803587752114
2018-10-01,1.2689032864046854
2018-10-02,1.2675838647061626
2018-10-03,1.2703979901985119
2018-10-04,1.2635346863946701
2018-10-05,1.249548026172786
2018-10-08,1.2380714034341087
2018-10-09,1.2316268903026062
2018-10-10,1.2374317043958205
2018-10-11,1.204645568355028
2018-10-12,1.2003033886726262
2018-10-15,1.2140637772834904
2018-10-16,1.206166693777671
2018-10-17,1.2250068717490619
2018-10-18,1.2201131912218244
2018-10-19,1.2082757773505077
2018-10-22,1.2067827375532343
2018-10-23,1.2077851021582755
2018-10-24,1.206556919148225
2018-10-25,1.1852388191763228
2018-10-26,1.200399196895708
2018-10-29,1.1912113655163956
2018-10-30,1.1822254387414854
2018-10-31,1.188050597541751
2018-11-01,1.1972844071810718
2018-11-02,1.2040186359712466
2018-11-05,1.1883380651404514
2018-11-06,1.1916271788527824
2018-11-07,1.1955347977556618
2018-11-08,1.2136209466383086
2018-11-09,1.212696811585349
2018-11-12,1.2069832888173333
2018-11-13,1.1912074446688006
2018-11-14,1.190783211316612
2018-11-15,1.1844361712708231
2018-11-16,1.196919160176372
2018-11-19,1.200002049212123
2018-11-20,1.1813876879626626
2018-11-21,1.1676509773690016
2018-11-23,1.1713296194121037
2018-11-26,1.1662944477745452
2018-11-27,1.1788297488650439
2018-11-28,1.1811918847182798
2018-11-29,1.1996241526811726
2018-11-30,1.197033237535084
2018-12-03,1.2045227583997669
2018-12-04,1.2198193636155523
2018-12-06,1.2022908848997829
2018-12-07,1.2042529923596133
2018-12-10,1.1836585270093818
2018-12-11,1.1917207271066217
2018-12-12,1.1922039816107257
2018-12-13,1.1947826892620461
2018-12-14,1.1942171632898657
2018-12-17,1.1802441393847285
2018-12-18,1.1683950274304697
2018-12-19,1.1728652243876756
2018-12-20,1.1664743215177338
2018-12-21,1.1526331752957364
2018-12-24,1.1309104040411229
2018-12-26,1.1147704024808573
2018-12-27,1.1483420373479503
2018-12-28,1.1534645720585894
2018-12-31,1.1561409115360801
2019-01-02,1.1642103105280384
2019-01-03,1.1672603274241553
2019-01-04,1.145446762086336
2019-01-07,1.1671527740599308
2019-01-08,1.1716935526616514
2019-01-09,1.1766252782431397
2019-01-10,1.1824979616704432
2019-01-11,1.1822987059922483
2019-01-14,1.1835123566118313
2019-01-15,1.1761396910994641
2019-01-16,1.1839375263328364
2019-01-17,1.18553218067777
2019-01-18,1.1905645664199638
2019-01-22,1.1983269555012324
2019-01-23,1.1905134625454452
2019-01-24,1.1923566247641042
2019-01-25,1.1990627184237626
2019-01-28,1.2052108202062293
2019-01-29,1.196848252837292
2019-01-30,1.1944446536062538
2019-01-31,1.2116652362750409
2019-02-01,1.218144782203893
2019-02-04,1.2167338078350107
2019-02-05,1.2234676411469283
2019-02-06,1.2305393120794637
2019-02-07,1.2317681434035928
2019-02-08,1.2261683418598597
2019-02-11,1.2310505413544741
2019-02-12,1.229128890272233
2019-02-13,1.237555667581602
2019-02-14,1.237333317429814
2019-02-15,1.2401243626195624
2019-02-19,1.2478229588671652
2019-02-20,1.2497752580386696
2019-02-21,1.2495148149945197
2019-02-22,1.2440831709542965
2019-02-25,1.2544257489375215
2019-02-26,1.255450423023026
2019-02-27,1.2585637113757346
2019-02-28,1.2523657290748875
2019-03-01,1.248867431125488
2019-03-04,1.2482096305651953
2019-03-05,1.249260497224132
2019-03-06,1.248587188386152
2019-03-07,1.2461576331348951
2019-03-08,1.242547122217457
2019-03-11,1.2438811900034372
2019-03-12,1.2562937358232085
2019-03-13,1.2635329024568012
2019-03-14,1.2676465003585529
2019-03-15,1.2647156201805243
2019-03-18,1.2719616279356676
2019-03-19,1.274743724201907
2019-03-20,1.2745997460022847
2019-03-21,1.2776280463514187
2019-03-22,1.2934384669846999
2019-03-25,1.284279538598447
2019-03-26,1.2829202395571022
2019-03-27,1.287517835869137
2019-03-28,1.2878486254733998
2019-03-29,1.2927184439784813
2019-04-01,1.298748312156546
2019-04-02,1.3006071685312872
2019-04-03,1.3032535120691242
2019-04-04,1.3029803606165746
2019-04-05,1.3034744478752789
2019-04-08,1.3079479471454736
2019-04-09,1.3081012408529236
2019-04-10,1.3058100660313205
2019-04-11,1.3113387217342358
2019-04-12,1.3076397930034775
2019-04-15,1.3094545660474108
2019-04-16,1.3103556885863112
2019-04-17,1.3096708516593867
2019-04-18,1.3116205858267556
2019-04-22,1.3163011670412703
2019-04-23,1.3151419781529103
2019-04-24,1.3242369097463984
2019-04-25,1.3279758565373814
2019-04-26,1.3268806067822574
2019-04-29,1.3284908302887466
2019-04-30,1.3257302273584481
2019-05-01,1.3294012153308057
2019-05-02,1.3268456327628841
2019-05-03,1.3211687959142986
2019-05-06,1.3302206761862292
2019-05-07,1.3268149724886955
2019-05-08,1.3156723430087771
2019-05-09,1.3123628282950013
2019-05-10,1.310506926749015
2019-05-13,1.312826121257577
2019-05-14,1.2919714888964902
2019-05-15,1.3004775592975166
2019-05-16,1.3104976609468215
2019-05-17,1.3157750571225901
2019-05-20,1.3112870235043037
2019-05-21,1.3002647448215854
2019-05-22,1.3077220237448979
2019-05-23,1.3075268379032272
2019-05-24,1.302041591353577
2019-05-28,1.3033512925246669
2019-05-29,1.3034604200786468
2019-05-30,1.3000190584282008
2019-05-31,1.3082965495284957
2019-06-03,1.303582030029964
2019-06-04,1.2976752299585153
2019-06-05,1.3128200682720284
2019-06-06,1.3182722518652268
2019-06-07,1.327309133509688
2019-06-10,1.3436350044415015
2019-06-11,1.3444319218927947
2019-06-12,1.3447030759147058
2019-06-13,1.3420804665919748
2019-06-14,1.3467294945069455
2019-06-17,1.343921768811155
2019-06-18,1.34539850964222
2019-06-19,1.3597186170248312
2019-06-20,1.362910105013375
2019-06-21,1.3741382381432536
2019-06-24,1.3618206895680633
2019-06-25,1.3667042039749107
2019-06-26,1.3573608654186544
2019-06-27,1.3578217110848254
2019-06-28,1.3643039415737002
2019-07-01,1.3655966498323635
2019-07-02,1.3728893568299425
2019-07-03,1.3795482162324024
2019-07-05,1.3899175479769164
2019-07-08,1.3811330980602157
2019-07-09,1.3763239218342829
2019-07-10,1.3781960590863964
2019-07-11,1.380590613087083
2019-07-12,1.3758606147974637
2019-07-15,1.3815020615323332
2019-07-16,1.3863127361079834
2019-07-17,1.3790924971861707
2019-07-18,1.3813852051532163
2019-07-19,1.3862102857715497
2019-07-22,1.3808472526455067
2019-07-23,1.3880924527304288
2019-07-24,1.3902561845058867
2019-07-25,1.3982349016486892
2019-07-26,1.3918614834486889
2019-07-29,1.396697890137207
2019-07-30,1.3959066416334573
2019-07-31,1.3934535094746732
2019-08-01,1.387099357216307
2019-08-02,1.3916003683162332
2019-08-05,1.3865650516459576
2019-08-06,1.3660753110006227
2019-08-07,1.3829208095329846
2019-08-08,1.3860666967983737
2019-08-09,1.4052733989145374
2019-08-12,1.3964960018401316
2019-08-13,1.3981024543716236
2019-08-14,1.4131550077824648
2019-08-15,1.4010300802479332
2019-08-16,1.4074980743675536
2019-08-19,1.4171589736772763
2019-08-20,1.420559258592458
2019-08-21,1.4212761778604472
2019-08-22,1.4260613254825103
2019-08-23,1.4209895314475431
2019-08-26,1.4051507127874479
2019-08-27,1.4135031028661929
2019-08-28,1.4200424553758944
2019-08-29,1.4238339992358606
2019-08-30,1.434781806192498
2019-09-03,1.4346481272010043
2019-09-04,1.4262736508279137
2019-09-05,1.4396002980424616
2019-09-06,1.4442427960331363
2019-09-09,1.4482014399261909
2019-09-10,1.4344521666137577
2019-09-11,1.4218639873704892
2019-09-12,1.4285428637347624
2019-09-13,1.4287351083149369
2019-09-16,1.4127555480983738
2019-09-17,1.4176082902591496
2019-09-18,1.4235762575833493
2019-09-19,1.4261463313885028
2019-09-20,1.4289117268372302
2019-09-23,1.426025726351678
2019-09-24,1.4273183559738396
2019-09-25,1.426675389206384
2019-09-26,1.426238000414992
2019-09-27,1.4296830210769322
2019-09-30,1.422610407340386
2019-10-01,1.430823909722553
2019-10-02,1.4225941686243575
2019-10-03,1.4083238884420326
2019-10-04,1.422350157023669
2019-10-07,1.439598594881366
2019-10-08,1.4311721694818806
2019-10-09,1.4178851848794312
2019-10-10,1.4255075706776765
2019-10-11,1.4230591604738005
2019-10-14,1.4267548043861442
2019-10-15,1.4301050138970395
2019-10-16,1.4324632031987898
2019-10-17,1.4291350060369439
2019-10-18,1.427928437506511
2019-10-21,1.4215886278288652
2019-10-22,1.425211951703599
2019-10-23,1.4206432019737518
2019-10-24,1.4227215425229713
2019-10-25,1.429389407218732
2019-10-28,1.4341916695536203
2019-10-29,1.437558399037297
2019-10-30,1.4333107160031715
2019-10-31,1.445635821111491
2019-11-01,1.451838969270592
2019-11-04,1.4587379590613914
2019-11-05,1.4554716958071787
2019-11-06,1.4481075866093633
2019-11-07,1.4513583123208018
2019-11-08,1.4464868604258019
2019-11-11,1.447908040851557
2019-11-12,1.447764392214194
2019-11-13,1.4528290904567178
2019-11-14,1.45768953976826
2019-11-15,1.4634901104620404
2019-11-18,1.4697957592753277
2019-11-19,1.4726255476940744
2019-11-20,1.4782525810157612
2019-11-21,1.479694450287561
2019-11-22,1.472896299100041
2019-11-25,1.473876866353015
2019-11-26,1.4859600103976283
2019-11-27,1.4907082957996973
2019-11-29,1.4936038715070643
2019-12-02,1.4893853546414515
2019-12-03,1.469929646776503
2019-12-04,1.4750935026532028
2019-12-05,1.473714224208906
2019-12-06,1.4734285873365724
2019-12-09,1.4792684827091973
2019-12-10,1.4766730234525227
2019-12-11,1.4766933076788937
2019-12-12,1.4858122789351123
2019-12-13,1.48484496271907
2019-12-16,1.4952678720846526
2019-12-17,1.4971574241546843
2019-12-18,1.4952320764490348
2019-12-19,1.4903127329547625
2019-12-20,1.4955683369974384
2019-12-23,1.4974442172409508
2019-12-24,1.4986034512300324
2019-12-26,1.5005081037507653
2019-12-27,1.5078170039178163
2019-12-30,1.508330047142159
2019-12-31,1.5010272655689603
2020-01-02,1.497654414594489
2020-01-03,1.5176381354688293
2020-01-06,1.5182291207720187
2020-01-07,1.517512369779315
2020-01-08,1.5131819477279482
2020-01-09,1.5168119596916518
2020-01-10,1.5274749832335999
2020-01-13,1.530546986413101
2020-01-14,1.5379699641411098
2020-01-15,1.5380502849869975
2020-01-16,1.5436388168851105
2020-01-17,1.552093806673773
2020-01-21,1.5516027772150573
2020-01-22,1.5571268167981094
2020-01-23,1.5612791441580032
2020-01-24,1.5686286356633399
2020-01-27,1.5675860628337426
2020-01-28,1.5580432740529877
2020-01-29,1.567737955426891
2020-01-30,1.5748290731727044
2020-01-31,1.5808976172247895
2020-02-03,1.5643562922791348
2020-02-04,1.572929302457907
2020-02-05,1.585700041352635
2020-02-06,1.5871391160474742
2020-02-07,1.596410332273273
2020-02-10,1.5966574282248949
2020-02-11,1.6091332723332343
2020-02-12,1.6048222476175271
2020-02-13,1.610528913946153
2020-02-14,1.6109491169433416
2020-02-18,1.616783049921624
2020-02-19,1.6178242364112585
2020-02-20,1.6265849052434078
2020-02-21,1.6237785409661856
2020-02-24,1.6123919317902717
2020-02-25,1.5840274999270478
2020-02-26,1.5580842438941993
2020-02-27,1.5555306650619132
2020-02-28,1.5168568040902288
2020-03-02,1.5347823785308392
2020-03-03,1.5705645258058114
2020-03-04,1.5541505712942136
2020-03-05,1.582039990121953
2020-03-06,1.5723661221916878
2020-03-09,1.592488775249418
2020-03-10,1.547973337000482
2020-03-11,1.5489695983406313
2020-03-12,1.4840292321835622
2020-03-13,1.4185537706536067
2020-03-16,1.4674023821192574
2020-03-17,1.4385086129922595
2020-03-18,1.4167765404164374
2020-03-19,1.3449258524073369
2020-03-20,1.3676422524375347
2020-03-23,1.3987723319027783
2020-03-24,1.4195246817795704
2020-03-25,1.4666105009059058
2020-03-26,1.4684472009861358
2020-03-27,1.5133790359050436
2020-03-30,1.5068842316954485
2020-03-31,1.528001563616144
2020-04-01,1.508927488424535
2020-04-02,1.4846522430517712
2020-04-03,1.5063889846015124
2020-04-06,1.4970692749178007
2020-04-07,1.5523750436413914
2020-04-08,1.5405101018646923
2020-04-09,1.5577946222224701
2020-04-13,1.5642793813557527
2020-04-14,1.5551946562554346
2020-04-15,1.5836214030689892
2020-04-16,1.5872117942271518
2020-04-17,1.6034225776182238
2020-04-20,1.6082855866636836
2020-04-21,1.6010193968242799
2020-04-22,1.5807303660490093
2020-04-23,1.5985373152121354
2020-04-24,1.5993420892575325
2020-04-27,1.6161263402841421
2020-04-28,1.6107647394129043
2020-04-29,1.6116817193869055
2020-04-30,1.6366671371666064
2020-05-01,1.6219610413968082
2020-05-04,1.6047902424393756
2020-05-05,1.6085938211341604
2020-05-06,1.6136205195133497
2020-05-07,1.602558656615476
2020-05-08,1.6268706698077908
2020-05-11,1.629932799332644
2020-05-12,1.6272237075024392
2020-05-13,1.6178730878058714
2020-05-14,1.6084522421474043
2020-05-15,1.626419039154064
2020-05-18,1.6285961252354944
2020-05-19,1.634756865081132
2020-05-20,1.6320764388698137
2020-05-21,1.6514997268390534
2020-05-22,1.643834441893659
2020-05-26,1.6510192600624114
2020-05-27,1.6445961181820608
2020-05-28,1.6515072246441145
2020-05-29,1.6469771443339352
2020-06-01,1.6605155984740563
2020-06-02,1.65561022301937
2020-06-03,1.6606176157334118
2020-06-04,1.6590968147288867
2020-06-05,1.6426275407453224
2020-06-08,1.6596831743896812
2020-06-09,1.6697371190354224
2020-06-10,1.6782751092930053
2020-06-11,1.6963854712013096
2020-06-12,1.659768038230186
2020-06-15,1.663490274596978
2020-06-16,1.6724010549593424
2020-06-17,1.678763469746947
2020-06-18,1.680283732067843
2020-06-19,1.691007450765586
2020-06-22,1.6841764643140906
2020-06-23,1.6950316186826002
2020-06-24,1.6951911064326164
2020-06-25,1.682002973168369
2020-06-26,1.6950182198447723
2020-06-29,1.683902740122373
2020-06-30,1.6928172671368171
2020-07-01,1.7033635271213998
2020-07-02,1.7045071048179088
2020-07-06,1.7105409496131803
2020-07-07,1.7225249783335737
2020-07-08,1.7241544905261703
2020-07-09,1.7326405619847411
2020-07-10,1.7450914595589477
2020-07-13,1.7449756256277742
2020-07-14,1.7330493738980122
2020-07-15,1.745509549695648
2020-07-16,1.7483262208660355
2020-07-17,1.744149132226076
2020-07-20,1.746259133546112
2020-07-21,1.7653126180039258
2020-07-22,1.7611410925542565
2020-07-23,1.7702421791895164
2020-07-24,1.7607035768525674
2020-07-27,1.7514387798849784
2020-07-28,1.7598571136163734
2020-07-29,1.7566190732134779
2020-07-30,1.7680009296709034
2020-07-31,1.7750161185629227
2020-08-03,1.7912355919007386
2020-08-04,1.8024720448820835
2020-08-05,1.8134742914785005
2020-08-06,1.81072156800299
2020-08-07,1.825974326945018
2020-08-10,1.8123033384096816
2020-08-11,1.80820986423034
2020-08-12,1.784823222297697
2020-08-13,1.7954098550326048
2020-08-14,1.786001651440663
2020-08-17,1.782394233723713
2020-08-18,1.789414991798174
2020-08-19,1.7982972927689829
2020-08-20,1.7906848105831363
2020-08-21,1.806754866534026
2020-08-24,1.8202253502519588
2020-08-25,1.8277578783881314
2020-08-26,1.8253732446984006
2020-08-27,1.8370837099467536
2020-08-28,1.8234550604052824
2020-08-31,1.8301046642227778
2020-09-01,1.836218636118724
2020-09-02,1.8594179320448023
2020-09-03,1.8788233334445688
2020-09-04,1.8374928199220595
2020-09-08,1.809392941987745
2020-09-09,1.7825631934513588
2020-09-10,1.8028650984369532
2020-09-11,1.7908213768682733
2020-09-14,1.7896132858395164
2020-09-15,1.8056144614036143
2020-09-16,1.8106185806333264
2020-09-17,1.7982616559915425
2020-09-18,1.7935433428407141
2020-09-21,1.7743345762743157
2020-09-22,1.7757204998034681
2020-09-23,1.7891702899002193
2020-09-24,1.760650541300216
2020-09-25,1.767742896382582
2020-09-28,1.7891107734032574
2020-09-29,1.8063040158841015
2020-09-30,1.8023641644601032
2020-10-01,1.8039660929912902
2020-10-02,1.8135052830676803
2020-10-05,1.792043586443146
2020-10-06,1.8003078388035025
2020-10-07,1.7876619447033666
2020-10-08,1.8022168136582943
2020-10-09,1.8137151197506876
2020-10-12,1.827111116925612
2020-10-13,1.8537166055380967
2020-10-14,1.8515761100670012
2020-10-15,1.8466711531447144
2020-10-16,1.842184450669428
2020-10-19,1.8382321812356255
2020-10-20,1.8168079312268384
2020-10-21,1.8141392964398
2020-10-22,1.809803527667371
2020-10-23,1.802892136377496
2020-10-26,1.8085237114469919
2020-10-27,1.793203213536575
2020-10-28,1.7987871654611227
2020-10-29,1.7577106461134968
2020-10-30,1.7653289236038414
2020-11-02,1.7409700252013571
2020-11-03,1.7525583247096364
2020-11-04,1.7673698315744888
2020-11-05,1.8154104730726532
2020-11-06,1.8447707362286632
2020-11-09,1.8380182317678437
2020-11-10,1.8257085308951013
2020-11-11,1.8102735132124166
2020-11-12,1.830146095341388
2020-11-13,1.83200742342523
2020-11-16,1.8434158528940308
2020-11-17,1.854010327070505
2020-11-18,1.852635624758077
2020-11-19,1.8420281367225482
2020-11-20,1.8526523683930523
2020-11-23,1.8494403668690809
2020-11-24,1.8492592059999389
2020-11-25,1.8588583555809692
2020-11-27,1.856990959865305
2020-11-30,1.8686650709744366
2020-12-01,1.8691397093050226
2020-12-02,1.8710929600833597
2020-12-03,1.8655582169423015
2020-12-04,1.870973222642721
2020-12-07,1.8707141953097266
2020-12-08,1.8778675612431233
2020-12-09,1.8848823004735016
2020-12-10,1.8658450098453172
2020-12-11,1.8730287309699667
2020-12-14,1.873711764303783
2020-12-15,1.8715912449169745
2020-12-16,1.8864619989147433
2020-12-17,1.8895519197962976
2020-12-18,1.8946970004895738
2020-12-21,1.8859552399098027
2020-12-22,1.8861850070323771
2020-12-23,1.8945440173682164
2020-12-24,1.8851091550071444
2020-12-28,1.8941886703103377
2020-12-29,1.9060534890644334
2020-12-30,1.9011206617456078
2020-12-31,1.9031591400967838
2021-01-04,1.9078376148695144
2021-01-05,1.889556643968551
2021-01-06,1.8915974559486382
2021-01-07,1.8684745997797358
2021-01-08,1.8862722809798305
2021-01-11,1.8908717788940135
2021-01-12,1.8809753627086643
2021-01-13,1.877509430715661
2021-01-14,1.8911919174463534
2021-01-15,1.8768801818416032
2021-01-19,1.8696896940237544
2021-01-20,1.8841473845318366
2021-01-21,1.9043442661320173
2021-01-22,1.9076502032132419
2021-01-25,1.905865311087843
2021-01-26,1.9221001064920995
2021-01-27,1.9202535181287455
2021-01-28,1.897573085346127
2021-01-29,1.9005689704180226
2021-02-01,1.871402632995293
2021-02-02,1.8944369132621197
2021-02-03,1.9051901157575044
2021-02-04,1.8969982951757964
2021-02-05,1.9104468466605655
2021-02-08,1.905162025973047
2021-02-09,1.918569384285981
2021-02-10,1.918090439881171
2021-02-11,1.9221456783079223
2021-02-12,1.9249350723404637
2021-02-16,1.9211286876468328
2021-02-17,1.9070695494289147
2021-02-18,1.9072153158480842
2021-02-19,1.8989071359201894
2021-02-22,1.8869580571486333
2021-02-23,1.864696489567395
2021-02-24,1.8617454486030467
2021-02-25,1.8715271749357918
2021-02-26,1.8262807654571507
2021-03-01,1.850152223062166
2021-03-02,1.8706892093675247
2021-03-03,1.8573685791860888
2021-03-04,1.8277859615770808
2021-03-05,1.8040239656641344
2021-03-08,1.8255971481912667
2021-03-09,1.803361437123525
2021-03-10,1.8401160682878792
2021-03-11,1.8424832121617765
2021-03-12,1.8551827031638353
2021-03-15,1.836097120643197
2021-03-16,1.8497211538301974
2021-03-17,1.85052075549316
2021-03-18,1.8463934648399363
2021-03-19,1.8150746155339101
2021-03-22,1.8150956658980928
2021-03-23,1.837376840720437
2021-03-24,1.8360845303529143
2021-03-25,1.8301761930477327
2021-03-26,1.8271496288783184
2021-03-29,1.8479277679644386
2021-03-30,1.8384570258421609
2021-03-31,1.8352881862523889
2021-04-01,1.8427257370908037
2021-04-05,1.8712646435743538
2021-04-06,1.8882357907167213
2021-04-07,1.890347334126293
2021-04-08,1.88903222199063
2021-04-09,1.906420834150158
2021-04-12,1.9135758953912454
2021-04-13,1.9105369271212311
2021-04-14,1.9235081723799285
2021-04-15,1.9127402930043873
2021-04-16,1.9416831390416294
2021-04-19,1.937557026782993
2021-04-20,1.9275039441945585
2021-04-21,1.9214259158866414
2021-04-22,1.9343940171692549
2021-04-23,1.9253164128809528
2021-04-26,1.9388099079530046
2021-04-27,1.9420770591296888
2021-04-28,1.9338394539783132
2021-04-29,1.9284969714224407
2021-04-30,1.929324448230147
2021-05-03,1.9191055916169806
2021-05-04,1.917993707823017
2021-05-05,1.908854644473629
2021-05-06,1.9088135606718628
2021-05-07,1.920538609888225
2021-05-10,1.9260545543647505
2021-05-11,1.8975582162260536
2021-05-12,1.8866035266490364
2021-05-13,1.85030829527638
2021-05-14,1.8657475541095516
2021-05-17,1.8941068578770355
2021-05-18,1.8866109415643795
2021-05-19,1.875174107748642
2021-05-20,1.8741892386351726
2021-05-21,1.8976668519962154
2021-05-24,1.896172825248584
2021-05-25,1.9154470658617868
2021-05-26,1.9213326135425313
2021-05-27,1.9210827483984112
2021-05-28,1.915008672584511
2021-06-01,1.9170604820655166
2021-06-02,1.9122418338315974
2021-06-03,1.9191720437105666
2021-06-04,1.9084683150727977
2021-06-07,1.9356987244387873
2021-06-08,1.9327175367331821
2021-06-09,1.9382056622827042
2021-06-10,1.9446021413443768
2021-06-11,1.9564265998493102
2021-06-14,1.9599563834154576
2021-06-15,1.9618733175337524
2021-06-16,1.9559490343143706
2021-06-17,1.9487871168968445
2021-06-18,1.9676143353461917
2021-06-21,1.9670107330633007
2021-06-22,1.9678668605526923
2021-06-23,1.9786360549588824
2021-06-24,1.9752684062397712
2021-06-25,1.9839098974627805
2021-06-28,1.9771221947839461
2021-06-29,1.9929935573968287
2021-06-30,1.9994059475607002
2021-07-01,2.0026025608884432
2021-07-02,2.005901939112659
2021-07-06,2.0236662739491154
2021-07-07,2.0343157189377843
2021-07-08,2.046964133082776
2021-07-09,2.0389487258439654
2021-07-12,2.040266079721811
2021-07-13,2.041869399374007
2021-07-14,2.036595805572224
2021-07-15,2.0513026147597637
2021-07-16,2.052459375884186
2021-07-19,2.039688753556304
2021-07-20,2.0390059130290523
2021-07-21,2.0498765767849827
2021-07-22,2.0512537778121516
2021-07-23,2.0649002021115077
2021-07-26,2.0725414774577615
2021-07-27,2.0713019049515426
2021-07-28,2.0705526696164016
2021-07-29,2.0694821664701437
2021-07-30,2.0707046335338357
2021-08-02,2.071309633793726
2021-08-03,2.073695234082871
2021-08-04,2.08326091462803
2021-08-05,2.083635938265124
2021-08-06,2.087069955008878
2021-08-09,2.0739509964850247
2021-08-10,2.0683088509720564
2021-08-11,2.0601465143550923
2021-08-12,2.0611194226928395
2021-08-13,2.065587139001562
2021-08-16,2.0831066454333267
2021-08-17,2.0896352496182153
2021-08-18,2.0796397123085564
2021-08-19,2.0663069139910855
2021-08-20,2.0801101564789124
2021-08-23,2.094345712542841
2021-08-24,2.1080802787412614
2021-08-25,2.101747389314906
2021-08-26,2.095693099346271
2021-08-27,2.0899004165450776
2021-08-30,2.1074167343948114
2021-08-31,2.119951598981975
2021-09-01,2.109734908678933
2021-09-02,2.110547294842014
2021-09-03,2.115027155418667
2021-09-07,2.1104663285848293
2021-09-08,2.1018700243690507
2021-09-09,2.1037647308094636
2021-09-10,2.108190749848293
2021-09-13,2.0893705632396804
2021-09-14,2.095851699838084
2021-09-15,2.101457481471279
2021-09-16,2.1098770307070533
2021-09-17,2.10574532581246
2021-09-20,2.0830215849710325
2021-09-21,2.068674649983003
2021-09-22,2.0677545161442272
2021-09-23,2.087835612587847
2021-09-24,2.086837374828188
2021-09-27,2.080590210255742
2021-09-28,2.0689901329371976
2021-09-29,2.0239530490885556
2021-09-30,2.0253124704627177
