date,2021_11_07__01_29_47_daily_actor_lr_0.001_critic_lr_0.01_epoch_1000
2015-01-05,0.9941163465332831
2015-01-06,0.9938057357156155
2015-01-07,1.000666975569096
2015-01-08,1.0084397862439034
2015-01-09,1.0078068819087433
2015-01-12,1.0039930640577241
2015-01-13,1.0024714904928582
2015-01-14,1.0010968537179752
2015-01-15,0.9998253278582659
2015-01-16,1.003771070525937
2015-01-20,1.0105854446693179
2015-01-21,1.0095756206136837
2015-01-22,1.0186878705295914
2015-01-23,1.020710151971207
2015-01-26,1.0200534910062875
2015-01-27,1.008610268322876
2015-01-28,1.0076898259358147
2015-01-29,1.0117158679368252
2015-01-30,1.0093360586053053
2015-02-02,1.0154793576535455
2015-02-03,1.0177907905622658
2015-02-04,1.016825140613186
2015-02-05,1.0197623315192461
2015-02-06,1.0117225551503781
2015-02-09,1.0086936650157727
2015-02-10,1.0139053271074634
2015-02-11,1.0154934430009608
2015-02-12,1.021510344352217
2015-02-13,1.0210154574005
2015-02-17,1.0164842610141105
2015-02-18,1.0188016145915118
2015-02-19,1.016713782148979
2015-02-20,1.0215411789034292
2015-02-23,1.0258470258155405
2015-02-24,1.0326576625269615
2015-02-25,1.0328756595305777
2015-02-26,1.0281014104089137
2015-02-27,1.029227371348778
2015-03-02,1.0255289370629048
2015-03-03,1.0210347871625327
2015-03-04,1.018538471908859
2015-03-05,1.0183470842169149
2015-03-06,1.0015879107649766
2015-03-09,1.0075937781525892
2015-03-10,1.0005365379170856
2015-03-11,1.000812903643614
2015-03-12,1.007870091119297
2015-03-13,1.002878683946103
2015-03-16,1.0147098648103512
2015-03-17,1.016249863485481
2015-03-18,1.031354191615023
2015-03-19,1.0268099869094809
2015-03-20,1.0312061602112466
2015-03-23,1.029871686090309
2015-03-24,1.030243087839918
2015-03-25,1.0152042178226446
2015-03-26,1.0085148652347111
2015-03-27,1.0141756890249227
2015-03-30,1.0202719651287644
2015-03-31,1.0150014859768886
2015-04-01,1.0170019068538343
2015-04-02,1.0148090288121143
2015-04-06,1.0178512863624516
2015-04-07,1.01920570070836
2015-04-08,1.0214829855347594
2015-04-09,1.0192765068984588
2015-04-10,1.0230369194963014
2015-04-13,1.0209488006050758
2015-04-14,1.023813332555602
2015-04-15,1.0272928598178959
2015-04-16,1.0245792376945901
2015-04-17,1.021265562175988
2015-04-20,1.0254248379186524
2015-04-21,1.0231209272868622
2015-04-22,1.0217678335493547
2015-04-23,1.0253107743791097
2015-04-24,1.0304898652044516
2015-04-27,1.0292523703719474
2015-04-28,1.0261028958637068
2015-04-29,1.0186551524546474
2015-04-30,1.0120405111932997
2015-05-01,1.0139167501540587
2015-05-04,1.012127408712819
2015-05-05,1.003149027602622
2015-05-06,0.9937269859015411
2015-05-07,1.0014896516964598
2015-05-08,1.0113866624106405
2015-05-11,0.9997074652124897
2015-05-12,0.9981575955261507
2015-05-13,0.9963646184314463
2015-05-14,1.005266004357283
2015-05-15,1.0120312163383598
2015-05-18,1.008526004663814
2015-05-19,1.0047352970525063
2015-05-20,1.0051636973527536
2015-05-21,1.0122792364039455
2015-05-22,1.0112286323397779
2015-05-26,1.0092945153405524
2015-05-27,1.0183755826956817
2015-05-28,1.0165624858391467
2015-05-29,1.012949603847753
2015-06-01,1.009957049181921
2015-06-02,1.0042262975146148
2015-06-03,1.0002982737946309
2015-06-04,0.9990830022569643
2015-06-05,0.993510119778212
2015-06-08,0.9880524402471249
2015-06-09,0.984862447251659
2015-06-10,0.9903716648610238
2015-06-11,0.999051971575559
2015-06-12,0.9937718337722052
2015-06-15,0.9911384853422552
2015-06-16,0.9975955785489915
2015-06-17,0.9957497994045492
2015-06-18,1.0005134042521822
2015-06-19,0.9982084192188777
2015-06-22,0.9952187648068165
2015-06-23,0.9936070006304177
2015-06-24,0.992480643387585
2015-06-25,0.9894404057386861
2015-06-26,0.9838571117647651
2015-06-29,0.9793961860272469
2015-06-30,0.9782441951766632
2015-07-01,0.97799172977832
2015-07-02,0.9790263291648948
2015-07-06,0.9832313734125848
2015-07-07,0.9894459622485627
2015-07-08,0.9815845139565853
2015-07-09,0.975317943367784
2015-07-10,0.9790445755594416
2015-07-13,0.9860062426173177
2015-07-14,0.9898091191932342
2015-07-15,0.9933602815881989
2015-07-16,1.0020147097797372
2015-07-17,1.007787285735236
2015-07-20,1.0077840211216489
2015-07-21,1.0064759143110416
2015-07-22,1.004090160617823
2015-07-23,1.005587740937885
2015-07-24,1.0008003425325214
2015-07-27,0.9981203254448797
2015-07-28,1.003029634592711
2015-07-29,1.006174031263968
2015-07-30,1.0094365834019121
2015-07-31,1.0106765662180237
2015-08-03,1.0109665088425475
2015-08-04,1.0059378288072427
2015-08-05,1.0068918961997764
2015-08-06,1.0042673514019231
2015-08-07,1.008155586801934
2015-08-10,1.0126443071676332
2015-08-11,1.0109175123843352
2015-08-12,1.0105288870469198
2015-08-13,1.0082400787128012
2015-08-14,1.0117511511865378
2015-08-17,1.0170489514448708
2015-08-18,1.0118789086808961
2015-08-19,1.0102574509714322
2015-08-20,0.9989190902385943
2015-08-21,0.978270798344512
2015-08-24,0.9502754688130688
2015-08-25,0.9383200323109229
2015-08-26,0.9601062065153757
2015-08-27,0.9762950314682816
2015-08-28,0.9775288746039117
2015-08-31,0.969620708313756
2015-09-01,0.9511835729500606
2015-09-02,0.9619246567149408
2015-09-03,0.9638815898184767
2015-09-04,0.9567154971765325
2015-09-08,0.9692894581512023
2015-09-09,0.9618681447172147
2015-09-10,0.9641146609108754
2015-09-11,0.969053776601514
2015-09-14,0.9672836389996576
2015-09-15,0.9696934059493989
2015-09-16,0.9735029812631587
2015-09-17,0.9751942697339083
2015-09-18,0.9668102235259807
2015-09-21,0.9658248965921726
2015-09-22,0.9611365017581419
2015-09-23,0.9607083762810802
2015-09-24,0.9610224539141692
2015-09-25,0.9579862872053534
2015-09-28,0.9470970974718346
2015-09-29,0.9476408896474948
2015-09-30,0.9590097567150786
2015-10-01,0.9611170755432834
2015-10-02,0.972595239616013
2015-10-05,0.9802622575568927
2015-10-06,0.9801320554699584
2015-10-07,0.9838968296517728
2015-10-08,0.9863515096704617
2015-10-09,0.98829322922877
2015-10-12,0.9914889782365439
2015-10-13,0.9887113136377949
2015-10-14,0.9890064139834247
2015-10-15,0.9969352515222304
2015-10-16,0.9995041082997049
2015-10-19,0.9995115010934793
2015-10-20,0.9962538338559357
2015-10-21,0.9954207326805319
2015-10-22,1.0080422241340092
2015-10-23,1.015594677885754
2015-10-26,1.0160397926713827
2015-10-27,1.0149268805487497
2015-10-28,1.021688048818784
2015-10-29,1.0150764664034193
2015-10-30,1.014516166773643
2015-11-02,1.0192994312872448
2015-11-03,1.0187244783419065
2015-11-04,1.017922319225402
2015-11-05,1.0159678214648495
2015-11-06,1.0112112684976207
2015-11-09,1.0029942136050614
2015-11-10,1.0038892502535448
2015-11-11,1.001232397615698
2015-11-12,0.9948047194987609
2015-11-13,0.988050331218797
2015-11-16,0.9977039600597323
2015-11-17,0.9979523267793594
2015-11-18,1.0089887737625003
2015-11-19,1.0116899551113223
2015-11-20,1.0137021472187366
2015-11-23,1.0131471889130998
2015-11-24,1.0137929399187335
2015-11-25,1.0139517847146406
2015-11-27,1.0145640601547525
2015-11-30,1.014305244230985
2015-12-01,1.0245223268447718
2015-12-02,1.0187160782470481
2015-12-03,0.9998394584783976
2015-12-04,1.016233325904982
2015-12-07,1.0163279460563097
2015-12-08,1.0130588371450482
2015-12-09,1.006609976740529
2015-12-10,1.0087518942775928
2015-12-11,1.0025731207648754
2015-12-14,1.0014919819287782
2015-12-15,1.0052878730818218
2015-12-16,1.0136279388005398
2015-12-17,1.008139770957851
2015-12-18,0.995055961535019
2015-12-21,1.0004729861512112
2015-12-22,1.0032603604169423
2015-12-23,1.0075351569974063
2015-12-24,1.0080845332455828
2015-12-28,1.0080530844072633
2015-12-29,1.0090769440232459
2015-12-30,1.003915049631688
2015-12-31,0.998420615841105
2016-01-04,0.9921897957009347
2016-01-05,0.9912136562651711
2016-01-06,0.9878356116242853
2016-01-07,0.9720321597378826
2016-01-08,0.9667172403736142
2016-01-11,0.9645787358180934
2016-01-12,0.9748832095556066
2016-01-13,0.9611456423467643
2016-01-14,0.9695373354498514
2016-01-15,0.9590647792597519
2016-01-19,0.9590220393130459
2016-01-20,0.9541504542116583
2016-01-21,0.9559861713992429
2016-01-22,0.9694491240495475
2016-01-25,0.9616203743409792
2016-01-26,0.9702619155442123
2016-01-27,0.961606704597949
2016-01-28,0.9665275348536911
2016-01-29,0.98618562636244
2016-02-01,0.9849860403794779
2016-02-02,0.9790551400303406
2016-02-03,0.9793284468161837
2016-02-04,0.9818077445453403
2016-02-05,0.9681048180101243
2016-02-08,0.9655685283368337
2016-02-09,0.9653238979270529
2016-02-10,0.9676929572958067
2016-02-11,0.9623126964819136
2016-02-12,0.9706903059830689
2016-02-16,0.9789486212619808
2016-02-17,0.9886246047270535
2016-02-18,0.9897437472519912
2016-02-19,0.9898662728229375
2016-02-22,0.9991945500050721
2016-02-23,0.9915387917850571
2016-02-24,0.9944285081674112
2016-02-25,1.0037078779577229
2016-02-26,0.9988469680538626
2016-02-29,0.9952565859087315
2016-03-01,1.0053097232228547
2016-03-02,1.00941347333297
2016-03-03,1.0125592672889
2016-03-04,1.0123594430156835
2016-03-07,1.0115203361872953
2016-03-08,1.0089828877252134
2016-03-09,1.0107919781469341
2016-03-10,1.0096107590165022
2016-03-11,1.016532905339357
2016-03-14,1.0172501217681797
2016-03-15,1.0174661619764105
2016-03-16,1.023434379399664
2016-03-17,1.0286163241198516
2016-03-18,1.028115481732499
2016-03-21,1.0266801365098528
2016-03-22,1.0263966796142836
2016-03-23,1.0264477400364034
2016-03-24,1.0269328131586553
2016-03-28,1.0272169078620548
2016-03-29,1.0384003219889277
2016-03-30,1.0374619473731868
2016-03-31,1.038710832660284
2016-04-01,1.0435021001891087
2016-04-04,1.0415361083665329
2016-04-05,1.0396708972958801
2016-04-06,1.0436328966162336
2016-04-07,1.040285024451957
2016-04-08,1.0393795751589747
2016-04-11,1.037238151679261
2016-04-12,1.0407495436460108
2016-04-13,1.0489524393685319
2016-04-14,1.0472025117948718
2016-04-15,1.04896436941639
2016-04-18,1.051648693434644
2016-04-19,1.0508067428368144
2016-04-20,1.0476959834438702
2016-04-21,1.042240633145739
2016-04-22,1.0376806504094382
2016-04-25,1.0354412729259233
2016-04-26,1.03353811187159
2016-04-27,1.0371498558918488
2016-04-28,1.031736082646131
2016-04-29,1.0283090478574766
2016-05-02,1.0294260500690913
2016-05-03,1.0278360959985036
2016-05-04,1.0264127614811531
2016-05-05,1.0287069210060924
2016-05-06,1.030448927029737
2016-05-09,1.0319453094156452
2016-05-10,1.040557513140285
2016-05-11,1.0366060907967847
2016-05-12,1.034569775512196
2016-05-13,1.0330635575000946
2016-05-16,1.037495295375615
2016-05-17,1.0315774982050077
2016-05-18,1.027112674223732
2016-05-19,1.0258952132281982
2016-05-20,1.0315181978051968
2016-05-23,1.0312789199770749
2016-05-24,1.039604043372617
2016-05-25,1.0428719472630654
2016-05-26,1.045540699775472
2016-05-27,1.0480120110208326
2016-05-31,1.0484363266496648
2016-06-01,1.049647872159464
2016-06-02,1.0535741549879838
2016-06-03,1.0570318167829644
2016-06-06,1.0570090047422405
2016-06-07,1.0595028751522246
2016-06-08,1.0634911162963612
2016-06-09,1.0653241947355159
2016-06-10,1.0610655727629417
2016-06-13,1.0567093410834771
2016-06-14,1.0558587694872523
2016-06-15,1.056063817914361
2016-06-16,1.0597195361652685
2016-06-17,1.050773332572053
2016-06-20,1.0509178828587453
2016-06-21,1.052065462075828
2016-06-22,1.0511482722638013
2016-06-23,1.056111137642414
2016-06-24,1.0403322501867336
2016-06-27,1.0405806118843044
2016-06-28,1.0530955648360711
2016-06-29,1.0602560281808253
2016-06-30,1.0699439911122492
2016-07-01,1.0765664059865188
2016-07-05,1.0774636478364348
2016-07-06,1.0822459732435565
2016-07-07,1.0819426483824954
2016-07-08,1.094983829898259
2016-07-11,1.0941052100318056
2016-07-12,1.0920345531725515
2016-07-13,1.0971193463574018
2016-07-14,1.0947227009220892
2016-07-15,1.0902246155659263
2016-07-18,1.0925799242055811
2016-07-19,1.0940521714658986
2016-07-20,1.0966652475518806
2016-07-21,1.094769966356728
2016-07-22,1.0988223850923442
2016-07-25,1.0971167085233564
2016-07-26,1.0985732102342736
2016-07-27,1.1060493783558027
2016-07-28,1.1057818007632387
2016-07-29,1.1112484205489634
2016-08-01,1.1054028862740624
2016-08-02,1.0962080780525367
2016-08-03,1.0986307849949477
2016-08-04,1.103347027656459
2016-08-05,1.1055618402367084
2016-08-08,1.1059604941069616
2016-08-09,1.1106128220818567
2016-08-10,1.1101859033031376
2016-08-11,1.1097589782210717
2016-08-12,1.1124116669354787
2016-08-15,1.1112548895356755
2016-08-16,1.1059378446009047
2016-08-17,1.1090509636708032
2016-08-18,1.1108558558058694
2016-08-19,1.1082667045353554
2016-08-22,1.1115383192424093
2016-08-23,1.1137750970371514
2016-08-24,1.1090712635874842
2016-08-25,1.1077168714534626
2016-08-26,1.1046137637796987
2016-08-29,1.1130685435934555
2016-08-30,1.1099861876846842
2016-08-31,1.1087393713458769
2016-09-01,1.1091981860892037
2016-09-02,1.109293186976468
2016-09-06,1.1147823895038202
2016-09-07,1.11506932962035
2016-09-08,1.10710034011563
2016-09-09,1.0833428644126277
2016-09-12,1.0925925665584562
2016-09-13,1.0798929181160681
2016-09-14,1.0814114048501402
2016-09-15,1.0872017237372869
2016-09-16,1.085039391107387
2016-09-19,1.0832950022828265
2016-09-20,1.0846154601262064
2016-09-21,1.0955011961230876
2016-09-22,1.1030391831953128
2016-09-23,1.0980959344928687
2016-09-26,1.0958156929591218
2016-09-27,1.104211197556775
2016-09-28,1.1060643774376542
2016-09-29,1.1015427729216756
2016-09-30,1.1028082855510208
2016-10-03,1.0989608288741386
2016-10-04,1.0911511627230992
2016-10-05,1.0922651571307878
2016-10-06,1.09100039102669
2016-10-07,1.089032172505535
2016-10-10,1.090846514716641
2016-10-11,1.0813965789591806
2016-10-12,1.082775911540457
2016-10-13,1.0811934464863495
2016-10-14,1.0770750825146764
2016-10-17,1.0773086948941235
2016-10-18,1.0828102504185517
2016-10-19,1.0848617410276657
2016-10-20,1.0833059104373792
2016-10-21,1.0847195639572582
2016-10-24,1.0873905429857116
2016-10-25,1.0859553921466882
2016-10-26,1.0811285676163362
2016-10-27,1.0755332066619667
2016-10-28,1.0730271723014153
2016-10-31,1.0751860484524425
2016-11-01,1.0690732369414342
2016-11-02,1.066258719389096
2016-11-03,1.0593947148111864
2016-11-04,1.061505905265688
2016-11-07,1.074548393004222
2016-11-08,1.076089333138187
2016-11-09,1.0648712275135734
2016-11-10,1.0561341597270053
2016-11-11,1.0531763054033747
2016-11-14,1.0479151237903443
2016-11-15,1.056007663608668
2016-11-16,1.061046816438879
2016-11-17,1.0578487951101563
2016-11-18,1.05549484080938
2016-11-21,1.0617786852275735
2016-11-22,1.0631051516009211
2016-11-23,1.0607946048392627
2016-11-25,1.0638485855631938
2016-11-28,1.0653432492669543
2016-11-29,1.068100196897706
2016-11-30,1.057427456884739
2016-12-01,1.0458670786893685
2016-12-02,1.0499260896842426
2016-12-05,1.0541670782294092
2016-12-06,1.0557946997144845
2016-12-07,1.069020344506489
2016-12-08,1.0657681109964199
2016-12-09,1.0648867753244957
2016-12-12,1.0644429204801271
2016-12-13,1.0716871817990048
2016-12-14,1.0627886367121122
2016-12-15,1.0676271879989943
2016-12-16,1.0604572347775543
2016-12-19,1.0671246025300527
2016-12-20,1.0678987750960787
2016-12-21,1.0678093988633186
2016-12-22,1.0648724613059513
2016-12-23,1.066537013783507
2016-12-27,1.067403872917113
2016-12-28,1.064421501313223
2016-12-29,1.0657053568773196
2016-12-30,1.062760859222879
2017-01-03,1.0699310796556827
2017-01-04,1.074918488697765
2017-01-05,1.0809610512043988
2017-01-06,1.0807558404163862
2017-01-09,1.0823119380803496
2017-01-10,1.0821020042657867
2017-01-11,1.085816509898947
2017-01-12,1.0832312467214498
2017-01-13,1.0831058687394295
2017-01-17,1.084717064431373
2017-01-18,1.0814192507961757
2017-01-19,1.0767098142274678
2017-01-20,1.0788950733311935
2017-01-23,1.081957815488917
2017-01-24,1.0837685642436143
2017-01-25,1.0851288300685615
2017-01-26,1.085300011046329
2017-01-27,1.0869316235265056
2017-01-30,1.0809721807770551
2017-01-31,1.0823888788117906
2017-02-01,1.0812546238018583
2017-02-02,1.0809232421255588
2017-02-03,1.0855498914990769
2017-02-06,1.0871842771727078
2017-02-07,1.0909668477482843
2017-02-08,1.0971686147907294
2017-02-09,1.0963608562474576
2017-02-10,1.0987119388359028
2017-02-13,1.101174614145878
2017-02-14,1.1011269366499448
2017-02-15,1.102609022134285
2017-02-16,1.1048781690656644
2017-02-17,1.1087631900041326
2017-02-21,1.1122055427904765
2017-02-22,1.1127229942885883
2017-02-23,1.11415604985757
2017-02-24,1.1197113742000908
2017-02-27,1.1179386955457917
2017-02-28,1.1169383550959053
2017-03-01,1.1199181517309968
2017-03-02,1.1138808214681892
2017-03-03,1.115791092284377
2017-03-06,1.1120837125047927
2017-03-07,1.1094769772189192
2017-03-08,1.106670902268151
2017-03-09,1.1038539037988144
2017-03-10,1.1081281954517326
2017-03-13,1.1057479224449245
2017-03-14,1.1057565218436343
2017-03-15,1.1165672742788848
2017-03-16,1.1135729920603803
2017-03-17,1.1132716588964375
2017-03-20,1.1147890820002022
2017-03-21,1.1096676020304113
2017-03-22,1.113822015411831
2017-03-23,1.1121559770530671
2017-03-24,1.1135876899837125
2017-03-27,1.1152070645542371
2017-03-28,1.1168578906156992
2017-03-29,1.1203429916624432
2017-03-30,1.1184326175180932
2017-03-31,1.1183058092856986
2017-04-03,1.1208868259722073
2017-04-04,1.1188842704021313
2017-04-05,1.118059764100763
2017-04-06,1.1187370691372216
2017-04-07,1.1163559452890028
2017-04-10,1.1184496791511154
2017-04-11,1.1215756935949428
2017-04-12,1.1212688461885016
2017-04-13,1.1186133203735331
2017-04-17,1.1235160745751631
2017-04-18,1.1273544467934853
2017-04-19,1.1239633345053601
2017-04-20,1.128259056094806
2017-04-21,1.1261968192281087
2017-04-24,1.1321210308061596
2017-04-25,1.1310683760489415
2017-04-26,1.1327942682361776
2017-04-27,1.1341380296497934
2017-04-28,1.1347078164793292
2017-05-01,1.1336911059607129
2017-05-02,1.1365017786605596
2017-05-03,1.1356942591142547
2017-05-04,1.1340959672591027
2017-05-05,1.1372504975903155
2017-05-08,1.1361269197648958
2017-05-09,1.1360273672079786
2017-05-10,1.1374245293631053
2017-05-11,1.136134441425243
2017-05-12,1.1390572092826223
2017-05-15,1.142043601379642
2017-05-16,1.14432520419082
2017-05-17,1.1344259372915013
2017-05-18,1.137910410563991
2017-05-19,1.1429251215822633
2017-05-22,1.1451536832361684
2017-05-23,1.1427908397095088
2017-05-24,1.1476050558838895
2017-05-25,1.1512001316753042
2017-05-26,1.1519185516281953
2017-05-30,1.155030512777597
2017-05-31,1.1559921134536086
2017-06-01,1.1588321043628156
2017-06-02,1.1683532362075402
2017-06-05,1.1648793356568474
2017-06-06,1.166035655861786
2017-06-07,1.164901936903853
2017-06-08,1.1641622692584326
2017-06-09,1.1574899475105775
2017-06-12,1.155688836422225
2017-06-13,1.1596219084869692
2017-06-14,1.1653266834139693
2017-06-15,1.162552074960394
2017-06-16,1.159954668548275
2017-06-19,1.1670133042831115
2017-06-20,1.1658657703775992
2017-06-21,1.1682745854771783
2017-06-22,1.1691877822482157
2017-06-23,1.1712767824063495
2017-06-26,1.1719753521298417
2017-06-27,1.1589659865801059
2017-06-28,1.1646957054579763
2017-06-29,1.152311222130528
2017-06-30,1.1519804805715115
2017-07-03,1.1487529008375397
2017-07-05,1.152451481110645
2017-07-06,1.1422931773292164
2017-07-07,1.145715208311867
2017-07-10,1.1486742669785508
2017-07-11,1.1495967476635527
2017-07-12,1.1593595657213165
2017-07-13,1.1579640358478194
2017-07-14,1.1630009552428688
2017-07-17,1.164184904359247
2017-07-18,1.169429861021311
2017-07-19,1.1735440928740728
2017-07-20,1.1755655337466848
2017-07-21,1.1765935655076953
2017-07-24,1.1755650754084765
2017-07-25,1.1707254585652436
2017-07-26,1.1725358618082968
2017-07-27,1.1689377861498074
2017-07-28,1.1705870818576571
2017-07-31,1.169472323878812
2017-08-01,1.1739607262091718
2017-08-02,1.1752139195008562
2017-08-03,1.1780198716617438
2017-08-04,1.1758715835091134
2017-08-07,1.1789924388855069
2017-08-08,1.1759403789640046
2017-08-09,1.1780544965568445
2017-08-10,1.1693316256818183
2017-08-11,1.1719735773821347
2017-08-14,1.1782378829984788
2017-08-15,1.1766803195606044
2017-08-16,1.1799602851010071
2017-08-17,1.1710552430536396
2017-08-18,1.1699684564238915
2017-08-21,1.171351722135928
2017-08-22,1.1779885820640448
2017-08-23,1.1789244906259349
2017-08-24,1.1759724985559952
2017-08-25,1.178704522296874
2017-08-28,1.178984253541964
2017-08-29,1.182210805571577
2017-08-30,1.1862000566152446
2017-08-31,1.1919378207614355
2017-09-01,1.187854428786118
2017-09-05,1.18955212908591
2017-09-06,1.1886414073521339
2017-09-07,1.1941631956494938
2017-09-08,1.1903242518630353
2017-09-11,1.1941181161688317
2017-09-12,1.1940609492642569
2017-09-13,1.1921374843291994
2017-09-14,1.1927916165003551
2017-09-15,1.1915112944144053
2017-09-18,1.1901815245952185
2017-09-19,1.1908238636457402
2017-09-20,1.1900848735289147
2017-09-21,1.1870857375386838
2017-09-22,1.188671850390292
2017-09-25,1.1872244911535401
2017-09-26,1.1878020049036335
2017-09-27,1.186047524834039
2017-09-28,1.1856698243779205
2017-09-29,1.1902945772338265
2017-10-02,1.1910301533168417
2017-10-03,1.193134921485305
2017-10-04,1.1935044677460431
2017-10-05,1.1974634748716069
2017-10-06,1.1961681932348658
2017-10-09,1.1975661131599529
2017-10-10,1.19976633021469
2017-10-11,1.2023537047052208
2017-10-12,1.2029061422346357
2017-10-13,1.208233162556916
2017-10-16,1.2096118924613637
2017-10-17,1.210513935926855
2017-10-18,1.208465082199073
2017-10-19,1.2086508420888578
2017-10-20,1.2077591444721216
2017-10-23,1.2055038106559544
2017-10-24,1.204266931120188
2017-10-25,1.198258045848435
2017-10-26,1.1985084824848553
2017-10-27,1.2127170922279982
2017-10-30,1.2167085127284663
2017-10-31,1.2186850943371061
2017-11-01,1.2205635595722268
2017-11-02,1.2232678607524783
2017-11-03,1.2280831893307238
2017-11-06,1.2313550752681708
2017-11-07,1.2335113435801994
2017-11-08,1.2342509194900615
2017-11-09,1.229204519331096
2017-11-10,1.2208689062820681
2017-11-13,1.222403703576435
2017-11-14,1.2247847354500963
2017-11-15,1.2271378729371158
2017-11-16,1.2292462752109508
2017-11-17,1.2301467977210983
2017-11-20,1.231683265735755
2017-11-21,1.2389745486766641
2017-11-22,1.2396952111305772
2017-11-24,1.2408692326511481
2017-11-27,1.2399172212998717
2017-11-28,1.246313593071625
2017-11-29,1.2353486183517302
2017-11-30,1.2401712482812461
2017-12-01,1.2434447990347326
2017-12-04,1.239108760288186
2017-12-05,1.2397018919379585
2017-12-06,1.243084352760166
2017-12-07,1.2425596621125323
2017-12-08,1.2466085337364425
2017-12-11,1.2494835607032084
2017-12-12,1.2500985114319443
2017-12-13,1.2536799693442795
2017-12-14,1.2532436924831327
2017-12-15,1.2587065796023607
2017-12-18,1.2600478984271613
2017-12-19,1.250270367316714
2017-12-20,1.244837186008339
2017-12-21,1.2470358797017607
2017-12-22,1.247352124969103
2017-12-26,1.2463709582430689
2017-12-27,1.2529981861819777
2017-12-28,1.2540871024312976
2017-12-29,1.2515241546714668
2018-01-02,1.2532952507448074
2018-01-03,1.2610500983666415
2018-01-04,1.2645409688177802
2018-01-05,1.2695389538690316
2018-01-08,1.2712429336575262
2018-01-09,1.2654528587688563
2018-01-10,1.2631157369985515
2018-01-11,1.2699598305047777
2018-01-12,1.2758609225749904
2018-01-16,1.2748054981165546
2018-01-17,1.2836646383604189
2018-01-18,1.2790713400562566
2018-01-19,1.2797673951134199
2018-01-22,1.287440233603778
2018-01-23,1.2918277404992544
2018-01-24,1.2868619268583745
2018-01-25,1.290251654914498
2018-01-26,1.2996475869538975
2018-01-29,1.290123273797907
2018-01-30,1.2791935401742889
2018-01-31,1.2841909111363183
2018-02-01,1.2764979109301422
2018-02-02,1.251926051568473
2018-02-05,1.2240999617777977
2018-02-06,1.2391380894796233
2018-02-07,1.2292046615782248
2018-02-08,1.1977243638849715
2018-02-09,1.2094561965693706
2018-02-12,1.223898855129031
2018-02-13,1.2277285234285213
2018-02-14,1.2355412391687555
2018-02-15,1.2490155959427194
2018-02-16,1.2510930750148157
2018-02-20,1.2459187200317468
2018-02-21,1.2363325521183015
2018-02-22,1.2386089276075853
2018-02-23,1.25670946249401
2018-02-26,1.2676190913222989
2018-02-27,1.2572618931501554
2018-02-28,1.2522143612222711
2018-03-01,1.2413941343329067
2018-03-02,1.2436057238968183
2018-03-05,1.2518748847487877
2018-03-06,1.2543018697055466
2018-03-07,1.255125614902244
2018-03-08,1.2614529388275515
2018-03-09,1.2736403112683716
2018-03-12,1.276358082829669
2018-03-13,1.2715829694300986
2018-03-14,1.2723672130626575
2018-03-15,1.2718321625497788
2018-03-16,1.267548060833375
2018-03-19,1.2537688301654637
2018-03-20,1.253080491598422
2018-03-21,1.2509806244734094
2018-03-22,1.2340739244183072
2018-03-23,1.2148062322473965
2018-03-26,1.2379728326472583
2018-03-27,1.2252359280216891
2018-03-28,1.223133747412554
2018-03-29,1.2369428019330235
2018-04-02,1.218365185826257
2018-04-03,1.2256598536166234
2018-04-04,1.2343832296536745
2018-04-05,1.2372285722181886
2018-04-06,1.22257685688765
2018-04-09,1.2278870291980306
2018-04-10,1.242212662353425
2018-04-11,1.2390803111680053
2018-04-12,1.2438514531520133
2018-04-13,1.2422504209310516
2018-04-16,1.2491111583642285
2018-04-17,1.2610656782276186
2018-04-18,1.2574067518957353
2018-04-19,1.2479205772901545
2018-04-20,1.2365232048034276
2018-04-23,1.2356661126341597
2018-04-24,1.221775106711501
2018-04-25,1.2205344641247393
2018-04-26,1.2335349366831252
2018-04-27,1.2367962020418921
2018-04-30,1.2314787037175488
2018-05-01,1.2330581923498525
2018-05-02,1.2284791188299304
2018-05-03,1.229578808845864
2018-05-04,1.2422786095392588
2018-05-07,1.24531879408573
2018-05-08,1.2455003779053462
2018-05-09,1.2515279514843367
2018-05-10,1.26364551157702
2018-05-11,1.2660610420430072
2018-05-14,1.263965907913105
2018-05-15,1.252630255166664
2018-05-16,1.254587615512001
2018-05-17,1.2505790787086322
2018-05-18,1.2517229469960307
2018-05-21,1.2584739727554946
2018-05-22,1.2558747862536064
2018-05-23,1.262505125981508
2018-05-24,1.2645008948181393
2018-05-25,1.2656740876134887
2018-05-29,1.2671994963481783
2018-05-30,1.273642232082875
2018-05-31,1.2696727474277618
2018-06-01,1.276537197734356
2018-06-04,1.2782498358405958
2018-06-05,1.2807619052588515
2018-06-06,1.2834507639246382
2018-06-07,1.2852361483164572
2018-06-08,1.284875634185058
2018-06-11,1.28508059123164
2018-06-12,1.2873964055763696
2018-06-13,1.2839063523263465
2018-06-14,1.2911701694624798
2018-06-15,1.2862583678143666
2018-06-18,1.2851377544821418
2018-06-19,1.284248498067596
2018-06-20,1.2818127138355846
2018-06-21,1.2785576069129874
2018-06-22,1.2785831455000185
2018-06-25,1.2662137836304723
2018-06-26,1.2690908459422918
2018-06-27,1.2655310167851026
2018-06-28,1.2717777535633066
2018-06-29,1.2709303472088556
2018-07-02,1.2729126415069505
2018-07-03,1.2704943195116813
2018-07-05,1.2799131473413372
2018-07-06,1.2893437191431074
2018-07-09,1.2936761827184828
2018-07-10,1.2963297202283084
2018-07-11,1.292902773922085
2018-07-12,1.30242865286978
2018-07-13,1.3036905385554378
2018-07-16,1.3005895346189957
2018-07-17,1.304127060969315
2018-07-18,1.302915149873183
2018-07-19,1.302714659848285
2018-07-20,1.2965674257787418
2018-07-23,1.2933750387322653
2018-07-24,1.2992830594376008
2018-07-25,1.306846896193925
2018-07-26,1.3000811106747483
2018-07-27,1.2919980706547785
2018-07-30,1.2830725775634049
2018-07-31,1.289006880558964
2018-08-01,1.2860348110157855
2018-08-02,1.2930883196866243
2018-08-03,1.298754890561139
2018-08-06,1.3025502827251303
2018-08-07,1.3030221714932122
2018-08-08,1.304033420880246
2018-08-09,1.3073560905457553
2018-08-10,1.304841778536537
2018-08-13,1.301374272361778
2018-08-14,1.3057225622919184
2018-08-15,1.3017267441538425
2018-08-16,1.307620939335313
2018-08-17,1.3106423710039155
2018-08-20,1.3145952473506577
2018-08-21,1.314817266297869
2018-08-22,1.317132396375221
2018-08-23,1.3177093599387901
2018-08-24,1.3248218278863
2018-08-27,1.3291155592072852
2018-08-28,1.3269904834023476
2018-08-29,1.333236869371154
2018-08-30,1.3310626031977169
2018-08-31,1.3301835396257518
2018-09-04,1.3243386730846893
2018-09-05,1.3182468914401677
2018-09-06,1.3162356735061371
2018-09-07,1.3103364405643434
2018-09-10,1.313843046076896
2018-09-11,1.3146464433605758
2018-09-12,1.3147227085026167
2018-09-13,1.3221151043642054
2018-09-14,1.319791002865443
2018-09-17,1.3131492061141645
2018-09-18,1.3133669623689903
2018-09-19,1.3105741574010057
2018-09-20,1.3206788950008708
2018-09-21,1.3152585017712557
2018-09-24,1.3136862642613019
2018-09-25,1.3123436287077264
2018-09-26,1.3127047445332034
2018-09-27,1.3163007072496047
2018-09-28,1.316249359115173
2018-10-01,1.3153017051323974
2018-10-02,1.3177678651915952
2018-10-03,1.3111313111868639
2018-10-04,1.2982474773146673
2018-10-05,1.2876247501718388
2018-10-08,1.283017230479916
2018-10-09,1.2875853718608035
2018-10-10,1.2548856120305636
2018-10-11,1.247625341459611
2018-10-12,1.2594005616374244
2018-10-15,1.2525415409422702
2018-10-16,1.2723771857085358
2018-10-17,1.2684527861057253
2018-10-18,1.2555583913598616
2018-10-19,1.2541638862548643
2018-10-22,1.2529131158490219
2018-10-23,1.2505732582517368
2018-10-24,1.2263887477938424
2018-10-25,1.2424592645356498
2018-10-26,1.2298763705625162
2018-10-29,1.2220765023936113
2018-10-30,1.231507749225611
2018-10-31,1.2409724650510165
2018-11-01,1.2493688642838487
2018-11-02,1.2359495354233605
2018-11-05,1.2405733473338942
2018-11-06,1.2455208445852675
2018-11-07,1.265586772798378
2018-11-08,1.264300258742494
2018-11-09,1.2575074793704106
2018-11-12,1.2404929404523468
2018-11-13,1.2393738715324458
2018-11-14,1.2328033506595308
2018-11-15,1.244333593312623
2018-11-16,1.248012109039926
2018-11-19,1.2304639794496401
2018-11-20,1.214937202374716
2018-11-21,1.2183032398075517
2018-11-23,1.2128533509344792
2018-11-26,1.2260699217458875
2018-11-27,1.2289440652823431
2018-11-28,1.2478822371846552
2018-11-29,1.2460895850358324
2018-11-30,1.2534435041343759
2018-12-03,1.2683809640526706
2018-12-04,1.2480880078729455
2018-12-06,1.249027287796696
2018-12-07,1.2285340851614028
2018-12-10,1.2340265553997545
2018-12-11,1.2343242810688966
2018-12-12,1.236897142806122
2018-12-13,1.2359808727494876
2018-12-14,1.2216886050909856
2018-12-17,1.208530837122528
2018-12-18,1.2107239017813451
2018-12-19,1.2035012772018125
2018-12-20,1.1887477803483022
2018-12-21,1.166545619204525
2018-12-24,1.147537383198017
2018-12-26,1.185527553301495
2018-12-27,1.1917346260789934
2018-12-28,1.193778589144078
2018-12-31,1.2024099722920576
2019-01-02,1.2052979459027182
2019-01-03,1.1862753616760056
2019-01-04,1.2102743663392246
2019-01-07,1.2156098623833886
2019-01-08,1.2219331925753438
2019-01-09,1.2267129106706112
2019-01-10,1.2270453354376376
2019-01-11,1.2285100805183897
2019-01-14,1.2213318405860067
2019-01-15,1.229676550503809
2019-01-16,1.2317327634627684
2019-01-17,1.2376854425168868
2019-01-18,1.2464786543315751
2019-01-22,1.2377499090394448
2019-01-23,1.2395450422145697
2019-01-24,1.2443761183823654
2019-01-25,1.25034028303318
2019-01-28,1.242489926205615
2019-01-29,1.2416522862350947
2019-01-30,1.2572220350594976
2019-01-31,1.2659853293126324
2019-02-01,1.263836031216381
2019-02-04,1.2693268621137008
2019-02-05,1.275806466780716
2019-02-06,1.2761132950024832
2019-02-07,1.27109897241272
2019-02-08,1.2751498726352957
2019-02-11,1.2734551183036047
2019-02-12,1.2830283089858756
2019-02-13,1.2836348707426255
2019-02-14,1.285293544713119
2019-02-15,1.2945057186958064
2019-02-19,1.2967011242077802
2019-02-20,1.296927323210136
2019-02-21,1.2910622544569514
2019-02-22,1.3008074889051529
2019-02-25,1.301624128920431
2019-02-26,1.3039809849854833
2019-02-27,1.2984048692897443
2019-02-28,1.2950347411443857
2019-03-01,1.2951148870822229
2019-03-04,1.2956934291410098
2019-03-05,1.2951479293368136
2019-03-06,1.2920537321037389
2019-03-07,1.2879904891065346
2019-03-08,1.2886940555464534
2019-03-11,1.3012993637487043
2019-03-12,1.3081993512600945
2019-03-13,1.3129359012922786
2019-03-14,1.3096975816798142
2019-03-15,1.3153241076889624
2019-03-18,1.3182906971746964
2019-03-19,1.3179181862476532
2019-03-20,1.3203741931360813
2019-03-21,1.3344736879850376
2019-03-22,1.3246658098741833
2019-03-25,1.3239141073190928
2019-03-26,1.329347646812014
2019-03-27,1.3294173623653065
2019-03-28,1.3343946245774942
2019-03-29,1.340215467360609
2019-04-01,1.3426549311843767
2019-04-02,1.344845801772159
2019-04-03,1.3438425471686581
2019-04-04,1.345437215406792
2019-04-05,1.3501665957778692
2019-04-08,1.349959644357805
2019-04-09,1.3474076434512763
2019-04-10,1.3525512675311495
2019-04-11,1.3489703333241263
2019-04-12,1.3509837743850264
2019-04-15,1.3518770310438744
2019-04-16,1.3504467469171533
2019-04-17,1.3511560659470803
2019-04-18,1.3558998936092543
2019-04-22,1.3542897253212378
2019-04-23,1.3631293772699558
2019-04-24,1.3667421473490013
2019-04-25,1.365533102794212
2019-04-26,1.368754819849459
2019-04-29,1.3660602522975491
2019-04-30,1.3697636715472519
2019-05-01,1.3656047035073584
2019-05-02,1.3605502479562477
2019-05-03,1.3704272237147568
2019-05-06,1.367091798132047
2019-05-07,1.3545498010781132
2019-05-08,1.3512420728262078
2019-05-09,1.3498223560329001
2019-05-10,1.3531236122649584
2019-05-13,1.3325054633483595
2019-05-14,1.3391400010207892
2019-05-15,1.3481390794178845
2019-05-16,1.3536747292104334
2019-05-17,1.3494544710422094
2019-05-20,1.3405455500693932
2019-05-21,1.348169126566926
2019-05-22,1.3478887133420046
2019-05-23,1.3416861212722988
2019-05-24,1.3435899240498248
2019-05-28,1.3409168615254792
2019-05-29,1.3363453449625224
2019-05-30,1.343508499946629
2019-05-31,1.3369187035335344
2019-06-03,1.3334585408952893
2019-06-04,1.350189580647543
2019-06-05,1.3561778499366004
2019-06-06,1.3647291218703412
2019-06-07,1.3799316340548464
2019-06-10,1.3811021898870366
2019-06-11,1.3812391955859507
2019-06-12,1.378983894392006
2019-06-13,1.3840374562983686
2019-06-14,1.3820352514812193
2019-06-17,1.3833446936938336
2019-06-18,1.39742697034672
2019-06-19,1.4005966673388992
2019-06-20,1.4120528091680795
2019-06-21,1.4002696189798327
2019-06-24,1.403677261697995
2019-06-25,1.3938182256911003
2019-06-26,1.3930329107254564
2019-06-27,1.3993874199346272
2019-06-28,1.4022661643858312
2019-07-01,1.4104071779256078
2019-07-02,1.416631587978608
2019-07-03,1.4274262942564366
2019-07-05,1.419422812606619
2019-07-08,1.4144346857862522
2019-07-09,1.4160388820938297
2019-07-10,1.4185344472458745
2019-07-11,1.4143111063182638
2019-07-12,1.4198238001920358
2019-07-15,1.4239166227686162
2019-07-16,1.417529422180444
2019-07-17,1.4180709639748887
2019-07-18,1.4225128486477925
2019-07-19,1.416582742574987
2019-07-22,1.4222182134068604
2019-07-23,1.425538523893306
2019-07-24,1.43306745759141
2019-07-25,1.426412985748854
2019-07-26,1.432486515924487
2019-07-29,1.4313208364765468
2019-07-30,1.4292320619694125
2019-07-31,1.4223504705947962
2019-08-01,1.4240355523481714
2019-08-02,1.419410215688174
2019-08-05,1.3970731377745214
2019-08-06,1.4139233546634318
2019-08-07,1.4159789910071021
2019-08-08,1.4348033199967054
2019-08-09,1.4265194818341518
2019-08-12,1.4270155286884498
2019-08-13,1.4417019229323311
2019-08-14,1.426012949865369
2019-08-15,1.4328507223059788
2019-08-16,1.4439339334600363
2019-08-19,1.4491106923007553
2019-08-20,1.4477802068167827
2019-08-21,1.4531662154706562
2019-08-22,1.4489352627889478
2019-08-23,1.4308341501066628
2019-08-26,1.4402398954794984
2019-08-27,1.4443355541167675
2019-08-28,1.4503400197553185
2019-08-29,1.462148516964357
2019-08-30,1.4618955048005695
2019-09-03,1.4543127300183738
2019-09-04,1.4675647356719161
2019-09-05,1.47354446749996
2019-09-06,1.4773550391344141
2019-09-09,1.4665005053311821
2019-09-10,1.4560440372001546
2019-09-11,1.4629592139724223
2019-09-12,1.4635046307278903
2019-09-13,1.4499241924933952
2019-09-16,1.4536532711956833
2019-09-17,1.4592445597697095
2019-09-18,1.461759245351067
2019-09-19,1.4639537720089872
2019-09-20,1.4603162146015618
2019-09-23,1.4609242261447557
2019-09-24,1.4592656144641682
2019-09-25,1.4589648677738678
2019-09-26,1.4611866400652345
2019-09-27,1.4552643396050298
2019-09-30,1.4624159960911713
2019-10-01,1.4525284810876296
2019-10-02,1.4362869511550735
2019-10-03,1.4494234745861596
2019-10-04,1.4668134434959268
2019-10-07,1.4585505715888445
2019-10-08,1.4440496619310292
2019-10-09,1.4518650027580773
2019-10-10,1.4513578950509827
2019-10-11,1.4564139067674913
2019-10-14,1.4590314696371809
2019-10-15,1.4628947406986976
2019-10-16,1.4603729366693685
2019-10-17,1.4604991515025152
2019-10-18,1.4548002158922937
2019-10-21,1.4585817012909084
2019-10-22,1.4554086124733254
2019-10-23,1.458099842226776
2019-10-24,1.4624929027151696
2019-10-25,1.4663616420657852
2019-10-28,1.4693209700070493
2019-10-29,1.4666475665863363
2019-10-30,1.477930273957716
2019-10-31,1.482963887710358
2019-11-01,1.4903052176106788
2019-11-04,1.4877170994541111
2019-11-05,1.4808083232318052
2019-11-06,1.483910317432943
2019-11-07,1.479293786324317
2019-11-08,1.4804742088377358
2019-11-11,1.479760985013941
2019-11-12,1.4845738539272146
2019-11-13,1.4888950178034672
2019-11-14,1.494890359431937
2019-11-15,1.5016645280172511
2019-11-18,1.5040542074145962
2019-11-19,1.508921251512209
2019-11-20,1.5101011044395105
2019-11-21,1.5041323306139334
2019-11-22,1.5059197103216242
2019-11-25,1.517115559139332
2019-11-26,1.5220673984375677
2019-11-27,1.5251525604885665
2019-11-29,1.5206038133640836
2019-12-02,1.502359508724758
2019-12-03,1.505968831188409
2019-12-04,1.5062626222636293
2019-12-05,1.5060715691263782
2019-12-06,1.5126592701922135
2019-12-09,1.5100667771401517
2019-12-10,1.5095847683910366
2019-12-11,1.5177290044416998
2019-12-12,1.5179054186177139
2019-12-13,1.5266838498826474
2019-12-16,1.5292104202499104
2019-12-17,1.5278036743143193
2019-12-18,1.5233209141257062
2019-12-19,1.528412358037767
2019-12-20,1.5296533299101662
2019-12-23,1.5308198925786451
2019-12-24,1.5325222283396918
2019-12-26,1.539810883346466
2019-12-27,1.5402145492849468
2019-12-30,1.5326722923156593
2019-12-31,1.5298176191508999
2020-01-02,1.5481698913471131
2020-01-03,1.5481766691941432
2020-01-06,1.548428846253024
2020-01-07,1.5436253156038857
2020-01-08,1.5469529538270554
2020-01-09,1.557095832824695
2020-01-10,1.5593647535569548
2020-01-13,1.5665777487462367
2020-01-14,1.5667485996762638
2020-01-15,1.5723017014211846
2020-01-16,1.5808625937911218
2020-01-17,1.580611596985523
2020-01-21,1.584961621421411
2020-01-22,1.58822412228657
2020-01-23,1.5945059950584792
2020-01-24,1.591191783123664
2020-01-27,1.5803139336587095
2020-01-28,1.5894111349675335
2020-01-29,1.595062985558491
2020-01-30,1.6002734931096199
2020-01-31,1.5833323295816046
2020-02-03,1.5914066645382097
2020-02-04,1.6033544765187193
2020-02-05,1.6077927373445204
2020-02-06,1.6156989308275678
2020-02-07,1.615731971726049
2020-02-10,1.6272446400869738
2020-02-11,1.6245296103405835
2020-02-12,1.6301093620604568
2020-02-13,1.630572252060191
2020-02-14,1.6357459205013807
2020-02-18,1.636534885288605
2020-02-19,1.6440638374540966
2020-02-20,1.6419723225610845
2020-02-21,1.6322270442983102
2020-02-24,1.6021705998501075
2020-02-25,1.5713482329420203
2020-02-26,1.566687707175688
2020-02-27,1.5211449307688183
2020-02-28,1.5273409175029946
2020-03-02,1.574075291489914
2020-03-03,1.5475434087222184
2020-03-04,1.5903578704738301
2020-03-05,1.564585986373659
2020-03-06,1.5665655255277602
2020-03-09,1.4919576775253274
2020-03-10,1.5345715300527676
2020-03-11,1.4647669085346142
2020-03-12,1.3592591082781504
2020-03-13,1.4530590671922998
2020-03-16,1.3466529956397024
2020-03-17,1.3986725871259666
2020-03-18,1.3269541960487685
2020-03-19,1.3344420040524227
2020-03-20,1.2945669256406254
2020-03-23,1.2765079488727336
2020-03-24,1.367022643421085
2020-03-25,1.382594719276905
2020-03-26,1.4506580401687263
2020-03-27,1.42171482913258
2020-03-30,1.4585308709844218
2020-03-31,1.4385253079448435
2020-04-01,1.3909166580680492
2020-04-02,1.4184578776981815
2020-04-03,1.4031050649374626
2020-04-06,1.4757177361481117
2020-04-07,1.4721772304564444
2020-04-08,1.5067178526379228
2020-04-09,1.5229804488059964
2020-04-13,1.5104049415932168
2020-04-14,1.5446280139108877
2020-04-15,1.5324436719113448
2020-04-16,1.5435702310307602
2020-04-17,1.5658424943126201
2020-04-20,1.5501822002104673
2020-04-21,1.5197800856686345
2020-04-22,1.5422491197360917
2020-04-23,1.5436764905043727
2020-04-24,1.5608782988857768
2020-04-27,1.566488751438523
2020-04-28,1.5661854610109918
2020-04-29,1.5950689667762004
2020-04-30,1.5799572170991778
2020-05-01,1.553001409801322
2020-05-04,1.5555210090444052
2020-05-05,1.5638230744042196
2020-05-06,1.5512595941627858
2020-05-07,1.5724545871550586
2020-05-08,1.5845869732344868
2020-05-11,1.5821809231546207
2020-05-12,1.565642670425215
2020-05-13,1.5493014763812005
2020-05-14,1.5670340075852431
2020-05-15,1.571153863154236
2020-05-18,1.5945156247917118
2020-05-19,1.5859390220414005
2020-05-20,1.6073296816723461
2020-05-21,1.5993495641499216
2020-05-22,1.6046186110014409
2020-05-26,1.609572191154299
2020-05-27,1.6237421340038423
2020-05-28,1.6198289428001276
2020-05-29,1.6299978539043072
2020-06-01,1.62971870998901
2020-06-02,1.6376207955266648
2020-06-03,1.6448473752224462
2020-06-04,1.6331627718291684
2020-06-05,1.658499800169096
2020-06-08,1.672523385580616
2020-06-09,1.6727881220619383
2020-06-10,1.6789673207386138
2020-06-11,1.6210027546807182
2020-06-12,1.6299107101385697
2020-06-15,1.640561319582367
2020-06-16,1.6535869764484734
2020-06-17,1.6521675156064535
2020-06-18,1.659351410354703
2020-06-19,1.6502227266378235
2020-06-22,1.6589131891644933
2020-06-23,1.6594938102420476
2020-06-24,1.6424160218786736
2020-06-25,1.6558603463097428
2020-06-26,1.6388537993156256
2020-06-29,1.6521456968828763
2020-06-30,1.6638660879320049
2020-07-01,1.667873996530022
2020-07-02,1.674307438830802
2020-07-06,1.6880848457283624
2020-07-07,1.6865241241126305
2020-07-08,1.694645053011437
2020-07-09,1.7012176812915356
2020-07-10,1.7062746709070147
2020-07-13,1.6955006857588615
2020-07-14,1.7107531628009016
2020-07-15,1.717269359966518
2020-07-16,1.7141394683840756
2020-07-17,1.716670596951413
2020-07-20,1.732182334109579
2020-07-21,1.7318426621865979
2020-07-22,1.7408007070536935
2020-07-23,1.7295655523665479
2020-07-24,1.7204455845970155
2020-07-27,1.7292312488097117
2020-07-28,1.7241211288094316
2020-07-29,1.7383873726588068
2020-07-30,1.740212990629264
2020-07-31,1.7537985694497176
2020-08-03,1.763566408133188
2020-08-04,1.7731790624333008
2020-08-05,1.774994014758511
2020-08-06,1.7884251271640956
2020-08-07,1.7807212028129296
2020-08-10,1.7799904742517494
2020-08-11,1.760202480537591
2020-08-12,1.774392615740818
2020-08-13,1.766795548959409
2020-08-14,1.7643963852639808
2020-08-17,1.770700606632759
2020-08-18,1.7778524297057006
2020-08-19,1.7701295831356465
2020-08-20,1.781758997761462
2020-08-21,1.79201403405534
2020-08-24,1.803145250859414
2020-08-25,1.8035954577099418
2020-08-26,1.816888314082008
2020-08-27,1.8096236916366628
2020-08-28,1.8178570563458343
2020-08-31,1.819057341640388
2020-09-01,1.8392669398766033
2020-09-02,1.8615643719910935
2020-09-03,1.8125076823704702
2020-09-04,1.789518531306489
2020-09-08,1.7584607162366395
2020-09-09,1.7836430787725583
2020-09-10,1.764264287512311
2020-09-11,1.7640478609826273
2020-09-14,1.781874515418446
2020-09-15,1.787909482350931
2020-09-16,1.7782196103365542
2020-09-17,1.7695472837961042
2020-09-18,1.7488815308948493
2020-09-21,1.7437158796038343
2020-09-22,1.7566015452433552
2020-09-23,1.7281243067936385
2020-09-24,1.7340958290443893
2020-09-25,1.75495319981972
2020-09-28,1.7733948415464764
2020-09-29,1.7682105135811366
2020-09-30,1.771648043793497
2020-10-01,1.7807287345069065
2020-10-02,1.7630399424891716
2020-10-05,1.7737656197318832
2020-10-06,1.7596763876810395
2020-10-07,1.7763796816291262
2020-10-08,1.789140715359324
2020-10-09,1.8015366332197322
2020-10-12,1.8260691836683447
2020-10-13,1.8226526856001257
2020-10-14,1.8168437352150155
2020-10-15,1.8135359972923424
2020-10-16,1.8105550019095242
2020-10-19,1.7894648252721765
2020-10-20,1.7883584690730419
2020-10-21,1.7841421806106457
2020-10-22,1.782438624407304
2020-10-23,1.789067126577345
2020-10-26,1.7712391474285614
2020-10-27,1.7724288551200316
2020-10-28,1.728973721320125
2020-10-29,1.7379347631445974
2020-10-30,1.7180071573697995
2020-11-02,1.733470171968334
2020-11-03,1.7526376424112957
2020-11-04,1.7947077276300984
2020-11-05,1.8226003881327164
2020-11-06,1.8162772509187917
2020-11-09,1.813680789297404
2020-11-10,1.8038035514385182
2020-11-11,1.8195227477177505
2020-11-12,1.8182532460801686
2020-11-13,1.8330289263998076
2020-11-16,1.8460236232734493
2020-11-17,1.8433979110488288
2020-11-18,1.8308551102402515
2020-11-19,1.8402277764074892
2020-11-20,1.8362823922800244
2020-11-23,1.8390909638296105
2020-11-24,1.8521037286708233
2020-11-25,1.8494555000136614
2020-11-27,1.8597568131651043
2020-11-30,1.8571603977292737
2020-12-01,1.8611509726669908
2020-12-02,1.8575687495995301
2020-12-03,1.8622035426539447
2020-12-04,1.8640427484881803
2020-12-07,1.8686484682954623
2020-12-08,1.8753275219417105
2020-12-09,1.8586485435983642
2020-12-10,1.8641953212598565
2020-12-11,1.8646179955804014
2020-12-14,1.8594431138892786
2020-12-15,1.8754832158546055
2020-12-16,1.8772723366308046
2020-12-17,1.8827746307105238
2020-12-18,1.8718528566162465
2020-12-21,1.8704458667949966
2020-12-22,1.874383521391638
2020-12-23,1.8687634634823398
2020-12-24,1.8769412766519353
2020-12-28,1.8889468970186363
2020-12-29,1.8847802148082036
2020-12-30,1.887305283312411
2020-12-31,1.8934645560403178
2021-01-04,1.8747053350944392
2021-01-05,1.878819416376152
2021-01-06,1.8672612407159268
2021-01-07,1.884002000146835
2021-01-08,1.8893443083613768
2021-01-11,1.879455845087048
2021-01-12,1.8778401884945952
2021-01-13,1.88947455494132
2021-01-14,1.877419503980554
2021-01-15,1.8702720392658385
2021-01-19,1.883352880763354
2021-01-20,1.902712887181893
2021-01-21,1.902749140858988
2021-01-22,1.9004385793792897
2021-01-25,1.9144623872374404
2021-01-26,1.911917312589307
2021-01-27,1.8844740210794046
2021-01-28,1.8916665382866
2021-01-29,1.8611707802474617
2021-02-01,1.884778511771768
2021-02-02,1.8989444639395145
2021-02-03,1.8930047211860208
2021-02-04,1.907308386789684
2021-02-05,1.9046379919139957
2021-02-08,1.9178173852416083
2021-02-09,1.9172505189020406
2021-02-10,1.9205632307701497
2021-02-11,1.9226299908900446
2021-02-12,1.9210730431942005
2021-02-16,1.9094618652850426
2021-02-17,1.9103112983917068
2021-02-18,1.902069166049503
2021-02-19,1.8917767693959144
2021-02-22,1.8720012608116707
2021-02-23,1.8704367580150083
2021-02-24,1.8820946006151988
2021-02-25,1.8374704875056374
2021-02-26,1.852632870746349
2021-03-01,1.8749720537628811
2021-03-02,1.86291564386454
2021-03-03,1.835979889816268
2021-03-04,1.8142972502849102
2021-03-05,1.8373633697151954
2021-03-08,1.82099578078574
2021-03-09,1.8522857618768693
2021-03-10,1.857946894522857
2021-03-11,1.869071145171161
2021-03-12,1.8538098242946663
2021-03-15,1.866496507294855
2021-03-16,1.8656159298263033
2021-03-17,1.8633400765318213
2021-03-18,1.8341224482566654
2021-03-19,1.8326935655384224
2021-03-22,1.8526715081483796
2021-03-23,1.849551919459546
2021-03-24,1.8443291040549523
2021-03-25,1.8441431614896064
2021-03-26,1.8646586824014457
2021-03-29,1.856842497376551
2021-03-30,1.854677970491087
2021-03-31,1.8602190191220986
2021-04-01,1.886455456292909
2021-04-05,1.903856341837286
2021-04-06,1.9064216154218232
2021-04-07,1.9049358354416392
2021-04-08,1.9195558193371147
2021-04-09,1.927366454254208
2021-04-12,1.9256831717554903
2021-04-13,1.9367015796813236
2021-04-14,1.9275978652363568
2021-04-15,1.9545930986850055
2021-04-16,1.9523489827268106
2021-04-19,1.9428183394724643
2021-04-20,1.9359409246196466
2021-04-21,1.949755666968985
2021-04-22,1.9397358890322058
2021-04-23,1.9537747160421575
2021-04-26,1.956627944544001
2021-04-27,1.9499252523255992
2021-04-28,1.946801695398564
2021-04-29,1.9505988964846552
2021-04-30,1.9410994023850185
2021-05-03,1.9416416931490843
2021-05-04,1.9340529162410793
2021-05-05,1.9346101669160871
2021-05-06,1.946657392111003
2021-05-07,1.953249520463724
2021-05-10,1.92816206194984
2021-05-11,1.9151346783649
2021-05-12,1.8791343275359786
2021-05-13,1.8958186987177614
2021-05-14,1.9232535746017263
2021-05-17,1.9169099365684956
2021-05-18,1.9045613488735822
2021-05-19,1.901683993159058
2021-05-20,1.923113157253277
2021-05-21,1.922600811538646
2021-05-24,1.9406653431985241
2021-05-25,1.9446959995445972
2021-05-26,1.9454324530110145
2021-05-27,1.9412777780292139
2021-05-28,1.943220855372359
2021-06-01,1.939451752015382
2021-06-02,1.9449297196856739
2021-06-03,1.9356152893772525
2021-06-04,1.9599658822198665
2021-06-07,1.9569279097816057
2021-06-08,1.9619059627604867
2021-06-09,1.9667703113042787
2021-06-10,1.9778000235925728
2021-06-11,1.980463403399307
2021-06-14,1.9811060729062808
2021-06-15,1.97628654239138
2021-06-16,1.9685451329470822
2021-06-17,1.9825504340723035
2021-06-18,1.9765815868536425
2021-06-21,1.9828996403824082
2021-06-22,1.9928889020202853
2021-06-23,1.9895652201054355
2021-06-24,1.998456891581018
2021-06-25,1.9939121261120576
2021-06-28,2.006999556170837
2021-06-29,2.011499481566718
2021-06-30,2.014998883824249
2021-07-01,2.019838246105641
2021-07-02,2.0362991411489157
2021-07-06,2.044628996459527
2021-07-07,2.056394043237834
2021-07-08,2.0477505488676626
2021-07-09,2.05184668763535
2021-07-12,2.054637380320654
2021-07-13,2.047584784893498
2021-07-14,2.05982337146721
2021-07-15,2.06109845228634
2021-07-16,2.048295852021091
2021-07-19,2.043464363120579
2021-07-20,2.057218301096719
2021-07-21,2.060486523629491
2021-07-22,2.0718224082081065
2021-07-23,2.0813410201673137
2021-07-26,2.0815182750738748
2021-07-27,2.08071270525121
2021-07-28,2.0798771965875997
2021-07-29,2.0819885850943316
2021-07-30,2.080200332393401
2021-08-02,2.0820158574658545
2021-08-03,2.0931223406890522
2021-08-04,2.090417934018684
2021-08-05,2.095297791914648
2021-08-06,2.084809022303604
2021-08-09,2.0801656646817923
2021-08-10,2.075275518365312
2021-08-11,2.077325063244484
2021-08-12,2.0813961488151573
2021-08-13,2.096766870485016
2021-08-16,2.10270040093654
2021-08-17,2.0926171069654407
2021-08-18,2.0787324826789644
2021-08-19,2.0887636752245005
2021-08-20,2.102061599700204
2021-08-23,2.115300009038108
2021-08-24,2.110673916638309
2021-08-25,2.1064983821408103
2021-08-26,2.10017618951638
2021-08-27,2.117692251768059
2021-08-30,2.128308544377336
2021-08-31,2.119583266226427
2021-09-01,2.120499127521183
2021-09-02,2.1262283171162903
2021-09-03,2.120852113108255
2021-09-07,2.1112689822859223
2021-09-08,2.1135486876588714
2021-09-09,2.1166991540581694
2021-09-10,2.0985643342499776
2021-09-13,2.1055715718456134
2021-09-14,2.108114290330518
2021-09-15,2.1176705425338107
2021-09-16,2.1130608295113076
2021-09-17,2.090425814509761
2021-09-20,2.0740982443756795
2021-09-21,2.0725726189405287
2021-09-22,2.091525479775249
2021-09-23,2.0941997240421455
2021-09-24,2.089080579368375
2021-09-27,2.079915673501652
2021-09-28,2.0378137950068718
2021-09-29,2.0404095869199006
2021-09-30,2.025290957863483
