date,2021_11_18__09_17_36_daily_lr_1e-06_epoch_10000_metric_sortino
2015-04-02,1.0023921874447426
2015-04-06,0.9996423010390162
2015-04-07,1.002777641279704
2015-04-08,1.0043095287683117
2015-04-09,1.0064908201908305
2015-04-10,1.0040348004949278
2015-04-13,1.007563537688897
2015-04-14,1.0056829503766995
2015-04-15,1.00799562446632
2015-04-16,1.0118679583361319
2015-04-17,1.0088637060273484
2015-04-20,1.005014163693941
2015-04-21,1.0099900012176755
2015-04-22,1.0077697143397946
2015-04-23,1.0068183488494191
2015-04-24,1.0104448172476101
2015-04-27,1.0160841841428523
2015-04-28,1.015427934776587
2015-04-29,1.0123898899136006
2015-04-30,1.0050123720887725
2015-05-01,0.9981490824588131
2015-05-04,0.9997880635584846
2015-05-05,0.9976140506648377
2015-05-06,0.9886872114183979
2015-05-07,0.9786932852474788
2015-05-08,0.9869151293934372
2015-05-11,0.9964800289561242
2015-05-12,0.9844972444292971
2015-05-13,0.9828940660868939
2015-05-14,0.9812784841757972
2015-05-15,0.9903465186937935
2015-05-18,0.9971062322923661
2015-05-19,0.9934151682855866
2015-05-20,0.9893300250931611
2015-05-21,0.9899116262277499
2015-05-22,0.9972599929670007
2015-05-26,0.9964108756609132
2015-05-27,0.9947824300237242
2015-05-28,1.0043656226324462
2015-05-29,1.0024701559479647
2015-06-01,0.9989903859642917
2015-06-02,0.9958018659863612
2015-06-03,0.9897869515563957
2015-06-04,0.985472241234296
2015-06-05,0.9846500198601539
2015-06-08,0.9787522858433334
2015-06-09,0.9730542526659673
2015-06-10,0.9695115194389862
2015-06-11,0.9748505846103658
2015-06-12,0.9835125878176858
2015-06-15,0.9783760242337008
2015-06-16,0.9757508254908389
2015-06-17,0.9822676367658846
2015-06-18,0.9801785604330743
2015-06-19,0.9844732980530879
2015-06-22,0.9822491308947569
2015-06-23,0.9790876738302755
2015-06-24,0.9773892087322119
2015-06-25,0.9766974110827663
2015-06-26,0.9737679317998006
2015-06-29,0.967251756346483
2015-06-30,0.9635493108762232
2015-07-01,0.9620811631143626
2015-07-02,0.9611830318745648
2015-07-06,0.9624483568813668
2015-07-07,0.9668362798575694
2015-07-08,0.9726035915479702
2015-07-09,0.9653892579458531
2015-07-10,0.9579436259895645
2015-07-13,0.9610831401213621
2015-07-14,0.9679583624080255
2015-07-15,0.9716363745528006
2015-07-16,0.9753186028064377
2015-07-17,0.9840848360465151
2015-07-20,0.9905134140624076
2015-07-21,0.990673294040526
2015-07-22,0.9893463555858841
2015-07-23,0.9864412488195549
2015-07-24,0.9882669808222919
2015-07-27,0.9839439245507849
2015-07-28,0.9812977301162318
2015-07-29,0.9855556992034387
2015-07-30,0.9885076491917961
2015-07-31,0.9918603407904366
2015-08-03,0.9930420129686455
2015-08-04,0.9932960884708679
2015-08-05,0.9881177389386535
2015-08-06,0.9893353545744652
2015-08-07,0.9868296051557114
2015-08-10,0.9910238258866226
2015-08-11,0.9954730411011256
2015-08-12,0.9937168852881285
2015-08-13,0.9934731019164902
2015-08-14,0.991060318188045
2015-08-17,0.9945864711967829
2015-08-18,0.9997758818112716
2015-08-19,0.9944095206594465
2015-08-20,0.9933691843923199
2015-08-21,0.9828594338390778
2015-08-24,0.9627894067928321
2015-08-25,0.9376689216751722
2015-08-26,0.9262310553753685
2015-08-27,0.9455834898536241
2015-08-28,0.9600943258545143
2015-08-31,0.9617495739535025
2015-09-01,0.9539067267464102
2015-09-02,0.9382584412794666
2015-09-03,0.9463892574895915
2015-09-04,0.9489081926316004
2015-09-08,0.9463205447325169
2015-09-09,0.9506619165283953
2015-09-10,0.9472686702746507
2015-09-11,0.9460044771893912
2015-09-14,0.951318063890293
2015-09-15,0.950744160338825
2015-09-16,0.9480962834799913
2015-09-17,0.9501841858613869
2015-09-18,0.9537368783682705
2015-09-21,0.9500949511177159
2015-09-22,0.9471728469743961
2015-09-23,0.9443444761951294
2015-09-24,0.9443952206751953
2015-09-25,0.9456848155517179
2015-09-28,0.9420255177912875
2015-09-29,0.9336397871949705
2015-09-30,0.9337503106417031
2015-10-01,0.9439402738004855
2015-10-02,0.9456863151860009
2015-10-05,0.956607759702006
2015-10-06,0.9629865816662556
2015-10-07,0.9637155432411543
2015-10-08,0.9665917323620491
2015-10-09,0.9679950258243385
2015-10-12,0.9703328595969798
2015-10-13,0.9742171277977733
2015-10-14,0.972377797879202
2015-10-15,0.9737449778221721
2015-10-16,0.9803056577702733
2015-10-19,0.9824399791720309
2015-10-20,0.9824202878486799
2015-10-21,0.9789812913223642
2015-10-22,0.9782130817445994
2015-10-23,0.9910204252205135
2015-10-26,1.0000296257968166
2015-10-27,1.0004123523995616
2015-10-28,0.9989277456976366
2015-10-29,1.0058769032287713
2015-10-30,0.99915468878022
2015-11-02,0.9983877167854956
2015-11-03,1.002725723864748
2015-11-04,1.0023681491462395
2015-11-05,1.0020637539229156
2015-11-06,0.9999003481327997
2015-11-09,0.9955256834475747
2015-11-10,0.9874363016268579
2015-11-11,0.9873211696861672
2015-11-12,0.9850967244107207
2015-11-13,0.9794518291692019
2015-11-16,0.9718935236495589
2015-11-17,0.9811388318913732
2015-11-18,0.9815423079179443
2015-11-19,0.9920830460962304
2015-11-20,0.9954902314746404
2015-11-23,0.9978205364655851
2015-11-24,0.9967693184345339
2015-11-25,0.9972686274609308
2015-11-27,0.9970975799719977
2015-11-30,0.9978164325556085
2015-12-01,0.9981387538876392
2015-12-02,1.0081110199905434
2015-12-03,1.002782249622845
2015-12-04,0.9843389480866287
2015-12-07,1.0012580449995403
2015-12-08,1.001156437965007
2015-12-09,0.9982588434477863
2015-12-10,0.9908473149795916
2015-12-11,0.9930077945505353
2015-12-14,0.9857814247573309
2015-12-15,0.9852130826748529
2015-12-16,0.988020215906757
2015-12-17,0.9962622047474778
2015-12-18,0.9903908411948923
2015-12-21,0.9771280205315616
2015-12-22,0.9827727677547087
2015-12-23,0.9854367361846703
2015-12-24,0.9894443106845832
2015-12-28,0.9900304262651524
2015-12-29,0.9900949367603682
2015-12-30,0.991842026165368
2015-12-31,0.9865797181463042
2016-01-04,0.9806584300927472
2016-01-05,0.9746662479836451
2016-01-06,0.9730715377042406
2016-01-07,0.9699779204178062
2016-01-08,0.9540784474854284
2016-01-11,0.9497729908461462
2016-01-12,0.94819418426508
2016-01-13,0.9590959353535906
2016-01-14,0.9466121917479463
2016-01-15,0.9540600847840749
2016-01-19,0.9444248381458773
2016-01-20,0.9440757967187533
2016-01-21,0.9413341548105996
2016-01-22,0.9423964934488896
2016-01-25,0.9555013717706455
2016-01-26,0.9491571784696847
2016-01-27,0.9564825584435691
2016-01-28,0.9469440118986036
2016-01-29,0.9527917548526432
2016-02-01,0.9725870487220448
2016-02-02,0.9718009470706442
2016-02-03,0.9672413704054125
2016-02-04,0.9658901768095184
2016-02-05,0.9683841312329987
2016-02-08,0.9543973153060671
2016-02-09,0.9534199228699516
2016-02-10,0.9524600803657418
2016-02-11,0.9558457471710923
2016-02-12,0.9534052905418321
2016-02-16,0.9582206985360722
2016-02-17,0.9651200562839933
2016-02-18,0.9742288438817197
2016-02-19,0.9760968026236182
2016-02-22,0.9764480129941256
2016-02-23,0.9849156311658347
2016-02-24,0.9774965870103375
2016-02-25,0.980553729186949
2016-02-26,0.9895030728841133
2016-02-29,0.9844866908865234
2016-03-01,0.9813734753422532
2016-03-02,0.9909961629689257
2016-03-03,0.9948221250953531
2016-03-04,0.9974294625611674
2016-03-07,0.9969803585423954
2016-03-08,0.9952713521810921
2016-03-09,0.9937969158142296
2016-03-10,0.9958452710447665
2016-03-11,0.9943365855529213
2016-03-14,1.0006716760208592
2016-03-15,1.0017387326047136
2016-03-16,1.0026727974263487
2016-03-17,1.0092302519989118
2016-03-18,1.0139990470336504
2016-03-21,1.013306294134451
2016-03-22,1.0120257977501836
2016-03-23,1.0118291365933136
2016-03-24,1.0119972375465247
2016-03-28,1.012838427794101
2016-03-29,1.012744583557679
2016-03-30,1.0245262537027997
2016-03-31,1.0239414402196312
2016-04-01,1.0251012435830542
2016-04-04,1.0300443307706635
2016-04-05,1.027955717197036
2016-04-06,1.0254834980426122
2016-04-07,1.029657182391978
2016-04-08,1.0255271036349647
2016-04-11,1.024157526264282
2016-04-12,1.0220272018286063
2016-04-13,1.0247684959095724
2016-04-14,1.0327128685650424
2016-04-15,1.0308640474208726
2016-04-18,1.0325588583751237
2016-04-19,1.0346974968467186
2016-04-20,1.032941508142485
2016-04-21,1.029690731826154
2016-04-22,1.0244678106934002
2016-04-25,1.0183006187081824
2016-04-26,1.0162270799135729
2016-04-27,1.0135604818314188
2016-04-28,1.0166370064724448
2016-04-29,1.011310169537271
2016-05-02,1.0078903164361421
2016-05-03,1.008214478390402
2016-05-04,1.0073757773731575
2016-05-05,1.0066766355596801
2016-05-06,1.0092866356709138
2016-05-09,1.0110758067738774
2016-05-10,1.012550210857449
2016-05-11,1.020603018641001
2016-05-12,1.0174576315703814
2016-05-13,1.0149964976874544
2016-05-16,1.0145761898128185
2016-05-17,1.018743114791835
2016-05-18,1.013238090401785
2016-05-19,1.0084756296468753
2016-05-20,1.0073639817835067
2016-05-23,1.0132877489598093
2016-05-24,1.013121142928897
2016-05-25,1.021332384849965
2016-05-26,1.0242694333423106
2016-05-27,1.027277201444374
2016-05-31,1.0296286200765177
2016-06-01,1.0304746965228113
2016-06-02,1.03122621389474
2016-06-03,1.0348054874601167
2016-06-06,1.0385752431565083
2016-06-07,1.0380388655336406
2016-06-08,1.0407413616019299
2016-06-09,1.0445844043533294
2016-06-10,1.0466844209827018
2016-06-13,1.0429122867982188
2016-06-14,1.0385866074202474
2016-06-15,1.038296811408448
2016-06-16,1.0385494067029564
2016-06-17,1.0421059106258677
2016-06-20,1.0331129668421448
2016-06-21,1.0324593053772253
2016-06-22,1.0337014944000582
2016-06-23,1.0327609511482168
2016-06-24,1.0368611595572867
2016-06-27,1.023214777987143
2016-06-28,1.021026650480654
2016-06-29,1.0337979173691032
2016-06-30,1.0412886735187095
2016-07-01,1.0508231282855962
2016-07-05,1.0569892443591127
2016-07-06,1.0571272433122474
2016-07-07,1.0620189789094165
2016-07-08,1.0617407707522477
2016-07-11,1.0748657014754093
2016-07-12,1.0745308040556216
2016-07-13,1.0734396868191953
2016-07-14,1.0779067954803803
2016-07-15,1.0765689129010176
2016-07-18,1.0725053655359231
2016-07-19,1.0749940625021843
2016-07-20,1.076113474434454
2016-07-21,1.0791881094701286
2016-07-22,1.0769390432304133
2016-07-25,1.081104939401636
2016-07-26,1.0792932539908726
2016-07-27,1.080671821432252
2016-07-28,1.087241410044005
2016-07-29,1.0872143086086423
2016-08-01,1.092152973384332
2016-08-02,1.0873580320091465
2016-08-03,1.0785672146037957
2016-08-04,1.0809470860851484
2016-08-05,1.0858534713915373
2016-08-08,1.0877385249171012
2016-08-09,1.088188311377717
2016-08-10,1.09297540873482
2016-08-11,1.092737847073964
2016-08-12,1.0918258957272429
2016-08-15,1.0947486263993165
2016-08-16,1.093222995548748
2016-08-17,1.0879768773527516
2016-08-18,1.0910992037215184
2016-08-19,1.0927365649365164
2016-08-22,1.0901575829913024
2016-08-23,1.0937312103966257
2016-08-24,1.0960068399713556
2016-08-25,1.0914539211780714
2016-08-26,1.0902111373885055
2016-08-29,1.0871703187746555
2016-08-30,1.0957643688190466
2016-08-31,1.092528708216633
2016-09-01,1.091572944688523
2016-09-02,1.0922154009087033
2016-09-06,1.0916727429016662
2016-09-07,1.0974165313727733
2016-09-08,1.097824339850562
2016-09-09,1.0891688596569717
2016-09-12,1.066112811999218
2016-09-13,1.076311791916339
2016-09-14,1.0642608317869637
2016-09-15,1.0661671796805519
2016-09-16,1.0729609438034173
2016-09-19,1.0707245302365858
2016-09-20,1.0688690343305072
2016-09-21,1.0700853362646037
2016-09-22,1.0808675205790788
2016-09-23,1.0882713185939938
2016-09-26,1.0830615365492686
2016-09-27,1.0808099293962972
2016-09-28,1.0895567329268911
2016-09-29,1.0910677893877996
2016-09-30,1.0868619607937078
2016-10-03,1.0876807440054121
2016-10-04,1.0838108283847414
2016-10-05,1.076151078328967
2016-10-06,1.0770232255644159
2016-10-07,1.0758068868981645
2016-10-10,1.073982044590246
2016-10-11,1.0757283736477106
2016-10-12,1.0667230655164066
2016-10-13,1.0681128772736335
2016-10-14,1.0664045253883654
2016-10-17,1.062294757020231
2016-10-18,1.0629137082128461
2016-10-19,1.0681431235971393
2016-10-20,1.0700161561425676
2016-10-21,1.0682741869454437
2016-10-24,1.0699183111234332
2016-10-25,1.0728416801889191
2016-10-26,1.0715419648421738
2016-10-27,1.066331703988141
2016-10-28,1.0607234070636455
2016-10-31,1.0584891084666814
2016-11-01,1.0607517115273426
2016-11-02,1.0547234805211163
2016-11-03,1.0522795117419954
2016-11-04,1.0446402900591751
2016-11-07,1.0471445378377857
2016-11-08,1.058401470097909
2016-11-09,1.0599607843950178
2016-11-10,1.0467429976919322
2016-11-11,1.0367797095434235
2016-11-14,1.0348056433934842
2016-11-15,1.0280507461548967
2016-11-16,1.0369544298365907
2016-11-17,1.0424700877828754
2016-11-18,1.040752088285279
2016-11-21,1.0386068064697678
2016-11-22,1.0453387725224124
2016-11-23,1.046872339339247
2016-11-25,1.0444358932568623
2016-11-28,1.0476102962150309
2016-11-29,1.0489031635448762
2016-11-30,1.0514691412088053
2016-12-01,1.0409654029943463
2016-12-02,1.0291814903416463
2016-12-05,1.0331483082377988
2016-12-06,1.0376394177804624
2016-12-07,1.039375571414524
2016-12-08,1.0529561367411064
2016-12-09,1.0501139330369902
2016-12-12,1.0498353402804808
2016-12-13,1.0491715607336467
2016-12-14,1.0567707394690973
2016-12-15,1.048457164231352
2016-12-16,1.0532413697508012
2016-12-19,1.0459261278705407
2016-12-20,1.0531137957471042
2016-12-21,1.0536709050968203
2016-12-22,1.0537583528578367
2016-12-23,1.050798337228986
2016-12-27,1.0524151555022727
2016-12-28,1.0533223636851163
2016-12-29,1.050460220471671
2016-12-30,1.0518267053880437
2017-01-03,1.0486542626983688
2017-01-04,1.055789951608832
2017-01-05,1.0604666799764175
2017-01-06,1.0667695285730492
2017-01-09,1.066863251687249
2017-01-10,1.0688136759276508
2017-01-11,1.0686235200976688
2017-01-12,1.0724520866348084
2017-01-13,1.0699091283663384
2017-01-17,1.0698449133989634
2017-01-18,1.0714972735065054
2017-01-19,1.0680678940682191
2017-01-20,1.0636198355414677
2017-01-23,1.0658833024629966
2017-01-24,1.0695077241862248
2017-01-25,1.0710695674009159
2017-01-26,1.0722685567338008
2017-01-27,1.0723270713478172
2017-01-30,1.0745104792706133
2017-01-31,1.068491815028948
2017-02-01,1.0695732054011753
2017-02-02,1.0689169456883818
2017-02-03,1.0683297938262375
2017-02-06,1.0727008804940568
2017-02-07,1.0746680535817228
2017-02-08,1.0788977113044185
2017-02-09,1.0853535431548424
2017-02-10,1.083868362877253
2017-02-13,1.0859985396170515
2017-02-14,1.088148219363088
2017-02-15,1.087757289447017
2017-02-16,1.0888489138594915
2017-02-17,1.0915156630822793
2017-02-21,1.095622784383639
2017-02-22,1.0987722665316615
2017-02-23,1.0995161701438465
2017-02-24,1.1009075159449289
2017-02-27,1.106641888909056
2017-02-28,1.1046008012632165
2017-03-01,1.103535154986257
2017-03-02,1.1057397562862457
2017-03-03,1.0997775145338795
2017-03-06,1.1018254726643655
2017-03-07,1.0983068151475337
2017-03-08,1.0960118994151944
2017-03-09,1.0935455580393858
2017-03-10,1.0907095478932907
2017-03-13,1.095132129983824
2017-03-14,1.0930740750024968
2017-03-15,1.0929018289358028
2017-03-16,1.1031736237435643
2017-03-17,1.1005939889715581
2017-03-20,1.1004109401450637
2017-03-21,1.1019602397028303
2017-03-22,1.0959563534034846
2017-03-23,1.100512246605246
2017-03-24,1.0986685126409321
2017-03-27,1.1001137068548945
2017-03-28,1.1015970734992826
2017-03-29,1.1039028620684728
2017-03-30,1.1072443158218552
2017-03-31,1.1057182428387733
2017-04-03,1.1054378734420394
2017-04-04,1.1077504125535091
2017-04-05,1.1060124867017262
2017-04-06,1.1048014933101349
2017-04-07,1.1052669098976453
2017-04-10,1.1030574322258935
2017-04-11,1.104528096223523
2017-04-12,1.1067023765380444
2017-04-13,1.106216829419423
2017-04-17,1.1037999621109957
2017-04-18,1.1088086013216254
2017-04-19,1.113040952087721
2017-04-20,1.1098733811470554
2017-04-21,1.1142949963382518
2017-04-24,1.1124403705439971
2017-04-25,1.1184034594136476
2017-04-26,1.1173064888091133
2017-04-27,1.1189824723576831
2017-04-28,1.1205423446455038
2017-05-01,1.121550767060342
2017-05-02,1.1207416418426728
2017-05-03,1.1237534130041993
2017-05-04,1.1229591416201634
2017-05-05,1.1210877928846732
2017-05-08,1.1241466979933232
2017-05-09,1.1233260971945453
2017-05-10,1.1233935236780266
2017-05-11,1.1248603822630803
2017-05-12,1.1236836928368013
2017-05-15,1.127087227315296
2017-05-16,1.129871488325724
2017-05-17,1.1326934520467113
2017-05-18,1.1229573934779655
2017-05-19,1.126911709059172
2017-05-22,1.1322742562247805
2017-05-23,1.1357111084276985
2017-05-24,1.1343046683429456
2017-05-25,1.1389101448212011
2017-05-26,1.1432788966363723
2017-05-30,1.1437363544663004
2017-05-31,1.1467765884139647
2017-06-01,1.14718118577745
2017-06-02,1.1506308335172477
2017-06-05,1.1596959419402766
2017-06-06,1.1571762993182826
2017-06-07,1.1570794885619473
2017-06-08,1.1570435301639728
2017-06-09,1.1568942879128579
2017-06-12,1.1480930469285555
2017-06-13,1.1460807885532491
2017-06-14,1.1504532644280634
2017-06-15,1.1548022734245436
2017-06-16,1.1519035371680488
2017-06-19,1.14905368978523
2017-06-20,1.1566101626140382
2017-06-21,1.1551836316964328
2017-06-22,1.1578377833431188
2017-06-23,1.158677174599465
2017-06-26,1.1610289924284594
2017-06-27,1.1610771579873442
2017-06-28,1.1477604626459699
2017-06-29,1.1538965627073907
2017-06-30,1.1408373966944074
2017-07-03,1.1402873823402608
2017-07-05,1.1364306172840992
2017-07-06,1.1407648552552017
2017-07-07,1.1307085090726476
2017-07-10,1.1346380206746034
2017-07-11,1.1381324269446864
2017-07-12,1.139313180663558
2017-07-13,1.1494970587261721
2017-07-14,1.1481721027479617
2017-07-17,1.153539136339034
2017-07-18,1.1547268529854262
2017-07-19,1.1602775677537727
2017-07-20,1.1643121054229713
2017-07-21,1.1664606371941817
2017-07-24,1.1675181855726595
2017-07-25,1.1666216757245804
2017-07-26,1.1612214410065578
2017-07-27,1.163288364113761
2017-07-28,1.1594977327027927
2017-07-31,1.1612133757516845
2017-08-01,1.1597932469365988
2017-08-02,1.1644936926510059
2017-08-03,1.1659034162359796
2017-08-04,1.1687053368611036
2017-08-07,1.1666339215189911
2017-08-08,1.1699730002999267
2017-08-09,1.1669938098686425
2017-08-10,1.1690976828808537
2017-08-11,1.1602004212237351
2017-08-14,1.1633773113041093
2017-08-15,1.1706862500596302
2017-08-16,1.1694009129193734
2017-08-17,1.1726734000966843
2017-08-18,1.162768395531531
2017-08-21,1.1616896232944167
2017-08-22,1.1629014050660338
2017-08-23,1.1705905351817634
2017-08-24,1.1712240788890258
2017-08-25,1.1684363486488987
2017-08-28,1.1709235374478415
2017-08-29,1.1713511565793489
2017-08-30,1.1747109436106777
2017-08-31,1.1790119215687134
2017-09-01,1.184790786359074
2017-09-05,1.1808556299526867
2017-09-06,1.181693453719883
2017-09-07,1.1806835098473003
2017-09-08,1.1862992857056993
2017-09-11,1.1819185595767847
2017-09-12,1.1859551113202345
2017-09-13,1.1858390491504118
2017-09-14,1.1838102402762856
2017-09-15,1.1842545071976274
2017-09-18,1.1832323280237158
2017-09-19,1.1818422190599456
2017-09-20,1.1827549002757325
2017-09-21,1.1817297072531645
2017-09-22,1.178487697841617
2017-09-25,1.1799936488538731
2017-09-26,1.1776750157372435
2017-09-27,1.1784325985513244
2017-09-28,1.1770650111142509
2017-09-29,1.1766763959236195
2017-10-02,1.1814508062411468
2017-10-03,1.1820284615671457
2017-10-04,1.1841302950311978
2017-10-05,1.1843890357232911
2017-10-06,1.1885476699065096
2017-10-09,1.1874137617974025
2017-10-10,1.1890179777010967
2017-10-11,1.1911219453563675
2017-10-12,1.1937802337720327
2017-10-13,1.1941272051701652
2017-10-16,1.1994450899732534
2017-10-17,1.2009813412785089
2017-10-18,1.201821391635648
2017-10-19,1.2002562941206751
2017-10-20,1.200071010588892
2017-10-23,1.20002002427418
2017-10-24,1.1974910745050698
2017-10-25,1.196538252486423
2017-10-26,1.1905228557237215
2017-10-27,1.1910877396861983
2017-10-30,1.2068628641483679
2017-10-31,1.2103181943464483
2017-11-01,1.2126665160744887
2017-11-02,1.2142856749111042
2017-11-03,1.2165544920069091
2017-11-06,1.2220337623117221
2017-11-07,1.2251393918194415
2017-11-08,1.2269000425064231
2017-11-09,1.2286572652876226
2017-11-10,1.2229267362340783
2017-11-13,1.2160465743640236
2017-11-14,1.2172331753327303
2017-11-15,1.2185611808941403
2017-11-16,1.2186409973765073
2017-11-17,1.2233890841304522
2017-11-20,1.2231195492292963
2017-11-21,1.2250475283208544
2017-11-22,1.2330485511626117
2017-11-24,1.2334523084085347
2017-11-27,1.2352615930218722
2017-11-28,1.2344170137666204
2017-11-29,1.2403473958577795
2017-11-30,1.2272051704008784
2017-12-01,1.2325302331905181
2017-12-04,1.234913681782127
2017-12-05,1.2285512581796605
2017-12-06,1.2294950923868386
2017-12-07,1.233553346737549
2017-12-08,1.2335944534384289
2017-12-11,1.2376063235472825
2017-12-12,1.241160986773547
2017-12-13,1.2415711193439045
2017-12-14,1.245092342534806
2017-12-15,1.2449106751958445
2017-12-18,1.2508424997677994
2017-12-19,1.2525660442744955
2017-12-20,1.2426385091188696
2017-12-21,1.2372118020836567
2017-12-22,1.2389788616058448
2017-12-26,1.2392657551782766
2017-12-27,1.2376290171582234
2017-12-28,1.2442086384597273
2017-12-29,1.245290079772193
2018-01-02,1.242484172233825
2018-01-03,1.245087320947244
2018-01-04,1.253018471333506
2018-01-05,1.256592894660187
2018-01-08,1.2620180700560872
2018-01-09,1.2639222093609461
2018-01-10,1.257604881334202
2018-01-11,1.2550860167607345
2018-01-12,1.261533918359133
2018-01-16,1.2672510516607136
2018-01-17,1.266301882551393
2018-01-18,1.2753894807151096
2018-01-19,1.2709978528457602
2018-01-22,1.271157544109
2018-01-23,1.2787554848881668
2018-01-24,1.2833806315480312
2018-01-25,1.2776403225746933
2018-01-26,1.2809991872220743
2018-01-29,1.2902868903760325
2018-01-30,1.2806049879956902
2018-01-31,1.2700085494467623
2018-02-01,1.275868540598979
2018-02-02,1.2679801284805878
2018-02-05,1.2431718748431269
2018-02-06,1.214673756270231
2018-02-07,1.2303584429164465
2018-02-08,1.2190655609118826
2018-02-09,1.1882109047288043
2018-02-12,1.198165835749409
2018-02-13,1.2114761722230063
2018-02-14,1.215445605165999
2018-02-15,1.2203954982513538
2018-02-16,1.2322137559623711
2018-02-20,1.234965222545239
2018-02-21,1.2290681618833443
2018-02-22,1.2191877060272691
2018-02-23,1.2215328688269056
2018-02-26,1.2381851171597347
2018-02-27,1.247947320728672
2018-02-28,1.2370012295336053
2018-03-01,1.231935808265389
2018-03-02,1.2225512517795831
2018-03-05,1.2236220233585722
2018-03-06,1.2314756009734913
2018-03-07,1.2338460196617576
2018-03-08,1.2342235727310966
2018-03-09,1.2404660841130224
2018-03-12,1.25238477803899
2018-03-13,1.2553413018476136
2018-03-14,1.2513642949265524
2018-03-15,1.252537774750284
2018-03-16,1.2522756929642338
2018-03-19,1.2478591612731615
2018-03-20,1.2338190530497246
2018-03-21,1.2324999967693946
2018-03-22,1.2302099834786533
2018-03-23,1.2149023998435617
2018-03-26,1.1969661108800675
2018-03-27,1.2155868185080614
2018-03-28,1.2047635886581498
2018-03-29,1.2029619562385825
2018-04-02,1.2160967041841009
2018-04-03,1.199929612191437
2018-04-04,1.2049103220020942
2018-04-05,1.212908324993063
2018-04-06,1.2144871695893138
2018-04-09,1.2011517374992327
2018-04-10,1.206643216674667
2018-04-11,1.2207499496839125
2018-04-12,1.218048076629993
2018-04-13,1.2222778435277608
2018-04-16,1.2209033635504825
2018-04-17,1.2272219740962953
2018-04-18,1.2397193126842287
2018-04-19,1.2354192809538271
2018-04-20,1.2253262827030051
2018-04-23,1.2135029561792428
2018-04-24,1.212212546693656
2018-04-25,1.1983710475653429
2018-04-26,1.1964667032181813
2018-04-27,1.210177391103439
2018-04-30,1.2132966271099181
2018-05-01,1.2085921609478811
2018-05-02,1.2113429126015023
2018-05-03,1.2077810487187093
2018-05-04,1.2097148390959402
2018-05-07,1.222552807122149
2018-05-08,1.2257985312691808
2018-05-09,1.2262043941956642
2018-05-10,1.2320618673809764
2018-05-11,1.24437418986705
2018-05-14,1.2462461690974467
2018-05-15,1.244006022546061
2018-05-16,1.2324496154045597
2018-05-17,1.2341457418112864
2018-05-18,1.2296105130262622
2018-05-21,1.23084191806429
2018-05-22,1.2374286311653804
2018-05-23,1.2350445080522012
2018-05-24,1.2421689279985069
2018-05-25,1.244443142581743
2018-05-29,1.24596365904581
2018-05-30,1.2488691506989924
2018-05-31,1.2542679388264175
2018-06-01,1.251039872501536
2018-06-04,1.2582205922522565
2018-06-05,1.2600343060104555
2018-06-06,1.2627232268509978
2018-06-07,1.2651650767335487
2018-06-08,1.2664559752974978
2018-06-11,1.2657572142031301
2018-06-12,1.265932095944352
2018-06-13,1.2684489374735302
2018-06-14,1.264884609004956
2018-06-15,1.272394088510009
2018-06-18,1.2675170552578632
2018-06-19,1.2666110275656286
2018-06-20,1.2656307380048888
2018-06-21,1.2632065049831709
2018-06-22,1.2599568476794047
2018-06-25,1.2595144519592996
2018-06-26,1.246831110451347
2018-06-27,1.2499055633448006
2018-06-28,1.2454661731355394
2018-06-29,1.252563377286899
2018-07-02,1.251482526695003
2018-07-03,1.254368030927557
2018-07-05,1.2508448354243573
2018-07-06,1.260908934387316
2018-07-09,1.2704365130609452
2018-07-10,1.274297976314815
2018-07-11,1.2767338296217856
2018-07-12,1.27381237117245
2018-07-13,1.2837345656790915
2018-07-16,1.2848212905806173
2018-07-17,1.2816086856479751
2018-07-18,1.2853782921231147
2018-07-19,1.2838027620776196
2018-07-20,1.283700515646306
2018-07-23,1.2776394358941492
2018-07-24,1.2747399093677874
2018-07-25,1.280597209625475
2018-07-26,1.2884036994524857
2018-07-27,1.2805397385669701
2018-07-30,1.2717812238996697
2018-07-31,1.2619873267321047
2018-08-01,1.2675984713362702
2018-08-02,1.2656010081894764
2018-08-03,1.2733834973668408
2018-08-06,1.2788882647541762
2018-08-07,1.282813362499853
2018-08-08,1.2833093856837137
2018-08-09,1.2846580175556552
2018-08-10,1.2881393893104465
2018-08-13,1.2854867811826576
2018-08-14,1.2823753231905646
2018-08-15,1.2864763946477706
2018-08-16,1.2824646160774569
2018-08-17,1.2875951794004614
2018-08-20,1.2902710165578215
2018-08-21,1.293748281674906
2018-08-22,1.2938177394122947
2018-08-23,1.2965986603382569
2018-08-24,1.2976185125569653
2018-08-27,1.3051098080938242
2018-08-28,1.3094577821774027
2018-08-29,1.307501282137121
2018-08-30,1.3140710595704825
2018-08-31,1.3121133959321392
2018-09-04,1.3113248595503582
2018-09-05,1.3052437508159427
2018-09-06,1.29787076832069
2018-09-07,1.2954377982310015
2018-09-10,1.289277976132482
2018-09-11,1.292976548515098
2018-09-12,1.2941825291542348
2018-09-13,1.2937564995602477
2018-09-14,1.3016320705301514
2018-09-17,1.2991203542546237
2018-09-18,1.2918734318034963
2018-09-19,1.291784908175823
2018-09-20,1.2884386316049208
2018-09-21,1.2987191024267246
2018-09-24,1.2933002498174977
2018-09-25,1.2926280291056174
2018-09-26,1.2912756435109591
2018-09-27,1.291880464445368
2018-09-28,1.2956945810138336
2018-10-01,1.295952049109492
2018-10-02,1.2947943014184384
2018-10-03,1.2974970118883766
2018-10-04,1.2906616024209536
2018-10-05,1.2768978899400245
2018-10-08,1.2656041566753076
2018-10-09,1.2596753512573358
2018-10-10,1.2651234792060864
2018-10-11,1.2319204926789251
2018-10-12,1.2236942133064497
2018-10-15,1.2397411346143912
2018-10-16,1.2310324005973745
2018-10-17,1.2522567002898435
2018-10-18,1.2478404102231944
2018-10-19,1.2346982466732128
2018-10-22,1.2333185815459642
2018-10-23,1.233971683128307
2018-10-24,1.232077165085089
2018-10-25,1.2087960487722365
2018-10-26,1.2253728721412127
2018-10-29,1.2150116288274073
2018-10-30,1.207596794055215
2018-10-31,1.2133748449532256
2018-11-01,1.2205239893080628
2018-11-02,1.227207368847784
2018-11-05,1.212942502865308
2018-11-06,1.217056203391341
2018-11-07,1.2210659571652034
2018-11-08,1.2393855444008686
2018-11-09,1.238352922851148
2018-11-12,1.232436152672594
2018-11-13,1.2182434366812136
2018-11-14,1.2175756328028544
2018-11-15,1.2114905786747745
2018-11-16,1.2243339271103089
2018-11-19,1.2274368491139047
2018-11-20,1.207633657777627
2018-11-21,1.19268738754144
2018-11-23,1.196469798139667
2018-11-26,1.191181864552471
2018-11-27,1.2046882034325832
2018-11-28,1.20724104210019
2018-11-29,1.227057576598632
2018-11-30,1.2243216219968642
2018-12-03,1.2319198893318033
2018-12-04,1.2476167737892676
2018-12-06,1.2279006275685256
2018-12-07,1.22956205262481
2018-12-10,1.2078844059602847
2018-12-11,1.2155425045487
2018-12-12,1.2160044548793085
2018-12-13,1.2188829874998413
2018-12-14,1.2182383391337837
2018-12-17,1.203392446095922
2018-12-18,1.1906347351397812
2018-12-19,1.194678187229462
2018-12-20,1.1874695250740175
2018-12-21,1.1730858232951125
2018-12-24,1.1506238473061436
2018-12-26,1.1334601515244267
2018-12-27,1.168540346191246
2018-12-28,1.1741026846939633
2018-12-31,1.1764375508437726
2019-01-02,1.184834271365248
2019-01-03,1.1877827555245917
2019-01-04,1.1652070163031152
2019-01-07,1.1887545643627813
2019-01-08,1.1935948077675438
2019-01-09,1.1991397730823932
2019-01-10,1.2050271687174576
2019-01-11,1.2051587747969315
2019-01-14,1.206500469695082
2019-01-15,1.1991086466923113
2019-01-16,1.207480582875296
2019-01-17,1.2092218571198117
2019-01-18,1.2146803400982238
2019-01-22,1.2232372639345448
2019-01-23,1.2146294993470166
2019-01-24,1.216537237435936
2019-01-25,1.2228144132347818
2019-01-28,1.229290948352705
2019-01-29,1.2207842079714317
2019-01-30,1.2185238367132651
2019-01-31,1.2360182030590185
2019-02-01,1.243074064248182
2019-02-04,1.2416894214491339
2019-02-05,1.248561168036651
2019-02-06,1.2555761684153774
2019-02-07,1.2565530238767135
2019-02-08,1.2504728465434944
2019-02-11,1.2551372361438742
2019-02-12,1.2533748792135404
2019-02-13,1.2624977951369796
2019-02-14,1.262590989349895
2019-02-15,1.264999636362223
2019-02-19,1.2732948476533092
2019-02-20,1.275321303813617
2019-02-21,1.2752609167485
2019-02-22,1.2697407610894413
2019-02-25,1.2800258330459322
2019-02-26,1.2810675285449338
2019-02-27,1.2839313111759454
2019-02-28,1.2779961321176538
2019-03-01,1.2745188790302018
2019-03-04,1.2744048465239768
2019-03-05,1.2751130158249373
2019-03-06,1.2743890398408573
2019-03-07,1.2715717716113253
2019-03-08,1.2674737403155882
2019-03-11,1.2685612699707103
2019-03-12,1.2814480087365894
2019-03-13,1.2886376408187388
2019-03-14,1.293089775771498
2019-03-15,1.2901783407495864
2019-03-18,1.2970121521266584
2019-03-19,1.2999460707147728
2019-03-20,1.2997908615969902
2019-03-21,1.3024605860885485
2019-03-22,1.3182582147306494
2019-03-25,1.308099080107109
2019-03-26,1.30681633486968
2019-03-27,1.3118266637565004
2019-03-28,1.3117603395226083
2019-03-29,1.3167142636626399
2019-04-01,1.3229035892325132
2019-04-02,1.3255418932256653
2019-04-03,1.3280575572899698
2019-04-04,1.3277775403089176
2019-04-05,1.3286069902560544
2019-04-08,1.3332704641945023
2019-04-09,1.333422053682062
2019-04-10,1.3308071038514235
2019-04-11,1.3363139776792838
2019-04-12,1.3327851214369055
2019-04-15,1.3351029280027082
2019-04-16,1.3358871308077158
2019-04-17,1.335192278787298
2019-04-18,1.3365683004263835
2019-04-22,1.341136150411979
2019-04-23,1.3401195812183206
2019-04-24,1.3495920657390967
2019-04-25,1.3527571458071097
2019-04-26,1.3516583237403277
2019-04-29,1.353870803690719
2019-04-30,1.3515333965205143
2019-05-01,1.354962798670423
2019-05-02,1.351533685316276
2019-05-03,1.3460716545886597
2019-05-06,1.3557020670045925
2019-05-07,1.3520375262942343
2019-05-08,1.3395769789081347
2019-05-09,1.3363597181974034
2019-05-10,1.3342785268875799
2019-05-13,1.3370900205909404
2019-05-14,1.3146119457042107
2019-05-15,1.3235295079441631
2019-05-16,1.333412483014864
2019-05-17,1.3394813057551767
2019-05-20,1.3345447916275224
2019-05-21,1.3236649447850533
2019-05-22,1.33173954770902
2019-05-23,1.3311022685542622
2019-05-24,1.3241737678000112
2019-05-28,1.325692754006929
2019-05-29,1.324388481081832
2019-05-30,1.3202585159467197
2019-05-31,1.3281252691139878
2019-06-03,1.3217628313837742
2019-06-04,1.315932714404939
2019-06-05,1.332956825618503
2019-06-06,1.3391701788466919
2019-06-07,1.3483250504327455
2019-06-10,1.3646343717253633
2019-06-11,1.3661246197170032
2019-06-12,1.3663284644286493
2019-06-13,1.3636167254442277
2019-06-14,1.3684334078278264
2019-06-17,1.3655885912643058
2019-06-18,1.366970445710455
2019-06-19,1.3817007545141855
2019-06-20,1.384968735872141
2019-06-21,1.3968028829390007
2019-06-24,1.3847604591512352
2019-06-25,1.388843946889479
2019-06-26,1.3782329784769942
2019-06-27,1.3790606750234458
2019-06-28,1.3853272859190184
2019-07-01,1.387236936353904
2019-07-02,1.39585928006694
2019-07-03,1.4021514373762174
2019-07-05,1.412774691497093
2019-07-08,1.4045030883690544
2019-07-09,1.3994368647055324
2019-07-10,1.4013155385160654
2019-07-11,1.4039843105339336
2019-07-12,1.3996739000055074
2019-07-15,1.4054079470664693
2019-07-16,1.4099869950761563
2019-07-17,1.4028608253475496
2019-07-18,1.404359568578944
2019-07-19,1.4092424430220227
2019-07-22,1.4036102594306916
2019-07-23,1.4106085271802549
2019-07-24,1.413439739157588
2019-07-25,1.4214350870294417
2019-07-26,1.414932930831325
2019-07-29,1.4202214160686486
2019-07-30,1.4192650380046248
2019-07-31,1.416602726738039
2019-08-01,1.4091332334269286
2019-08-02,1.412083594426315
2019-08-05,1.4063315242931607
2019-08-06,1.3833969164086222
2019-08-07,1.4008468770381097
2019-08-08,1.4039653955414033
2019-08-09,1.4246731420896857
2019-08-12,1.415504051812757
2019-08-13,1.4148756884244904
2019-08-14,1.43122961112684
2019-08-15,1.4154341001214952
2019-08-16,1.4215951020771862
2019-08-19,1.4327118520428361
2019-08-20,1.4377263609574387
2019-08-21,1.4371835561883173
2019-08-22,1.4424593621587052
2019-08-23,1.4377607388360514
2019-08-26,1.419662470935461
2019-08-27,1.4287721374692632
2019-08-28,1.4341620618127215
2019-08-29,1.4386562733193393
2019-08-30,1.4504064585900456
2019-09-03,1.450219955202105
2019-09-04,1.4418080448748034
2019-09-05,1.4554995399258126
2019-09-06,1.4614171947548775
2019-09-09,1.4651841473493712
2019-09-10,1.452678596160375
2019-09-11,1.4411002500810612
2019-09-12,1.4481411064780438
2019-09-13,1.4487370303427063
2019-09-16,1.4339350477238773
2019-09-17,1.438045153017153
2019-09-18,1.443873290868022
2019-09-19,1.4463402496252074
2019-09-20,1.4488653656700807
2019-09-23,1.4449147456023446
2019-09-24,1.446056571444788
2019-09-25,1.4443997242140436
2019-09-26,1.4448196312756374
2019-09-27,1.4477161385105954
2019-09-30,1.4405450580994612
2019-10-01,1.4486504107795612
2019-10-02,1.4395184021713343
2019-10-03,1.4241764815161866
2019-10-04,1.4380889339972243
2019-10-07,1.4556300823177661
2019-10-08,1.4472829091298263
2019-10-09,1.4332045103379154
2019-10-10,1.4412236096202746
2019-10-11,1.4395787546740515
2019-10-14,1.4439944956810982
2019-10-15,1.4470499846708447
2019-10-16,1.4501643547083893
2019-10-17,1.446986441124632
2019-10-18,1.4462133713819003
2019-10-21,1.439924764807825
2019-10-22,1.4438284723886838
2019-10-23,1.4394827057983555
2019-10-24,1.441761253883961
2019-10-25,1.4478882555330697
2019-10-28,1.4525475234664225
2019-10-29,1.4559373768168857
2019-10-30,1.452134055699099
2019-10-31,1.46415380386179
2019-11-01,1.4699160815072976
2019-11-04,1.4770849302967284
2019-11-05,1.4741683539562955
2019-11-06,1.4669789170352052
2019-11-07,1.4701596781636523
2019-11-08,1.4655202643338476
2019-11-11,1.466917037778387
2019-11-12,1.4665716168113923
2019-11-13,1.471570883722878
2019-11-14,1.4762374810712962
2019-11-15,1.482053872662948
2019-11-18,1.4886066824598827
2019-11-19,1.4913142497850236
2019-11-20,1.4966442859724258
2019-11-21,1.4977836324120375
2019-11-22,1.4912297632837792
2019-11-25,1.4924413199976498
2019-11-26,1.5044430190442883
2019-11-27,1.5092269699413514
2019-11-29,1.512355716370045
2019-12-02,1.5079827719189294
2019-12-03,1.4888715189994586
2019-12-04,1.493143081824529
2019-12-05,1.4924691133534842
2019-12-06,1.4923429616774906
2019-12-09,1.498770926569857
2019-12-10,1.4960526274248498
2019-12-11,1.4959102494797871
2019-12-12,1.5046954706005566
2019-12-13,1.504673027254674
2019-12-16,1.5144208910865153
2019-12-17,1.5169484545491432
2019-12-18,1.5152206489349787
2019-12-19,1.5106407543145235
2019-12-20,1.5159950252117964
2019-12-23,1.517633514313717
2019-12-24,1.5189005363277739
2019-12-26,1.5206589276684597
2019-12-27,1.5281159683566412
2019-12-30,1.5285547144260547
2019-12-31,1.5210610021480968
2020-01-02,1.5182654366931387
2020-01-03,1.537927493864594
2020-01-06,1.537506191687277
2020-01-07,1.537332839416804
2020-01-08,1.53292350646847
2020-01-09,1.5369215460717036
2020-01-10,1.5476451943909157
2020-01-13,1.5501028347119186
2020-01-14,1.5578372295573435
2020-01-15,1.5577297446803609
2020-01-16,1.5632033385099025
2020-01-17,1.5721224807932856
2020-01-21,1.572089171594462
2020-01-22,1.576881165936426
2020-01-23,1.5806922432089412
2020-01-24,1.5875946975212574
2020-01-27,1.5852981601399176
2020-01-28,1.5742999455982987
2020-01-29,1.5844877559184103
2020-01-30,1.5909236024936981
2020-01-31,1.596910494603099
2020-02-03,1.5792130228375292
2020-02-04,1.588057484619922
2020-02-05,1.6010061802201947
2020-02-06,1.6036412300155065
2020-02-07,1.6125265831617104
2020-02-10,1.6125072398639946
2020-02-11,1.6247805569583795
2020-02-12,1.6210486640509816
2020-02-13,1.6268623457782494
2020-02-14,1.6272500385528468
2020-02-18,1.6328671412379527
2020-02-19,1.633705727052658
2020-02-20,1.6421861621073013
2020-02-21,1.639431195377521
2020-02-24,1.6282195777465547
2020-02-25,1.5987500074739334
2020-02-26,1.570263930337118
2020-02-27,1.567511608403638
2020-02-28,1.524693425057243
2020-03-02,1.5387161192055092
2020-03-03,1.5828086719505374
2020-03-04,1.5602063583530517
2020-03-05,1.5929579396764402
2020-03-06,1.5802447881205512
2020-03-09,1.5972560274293424
2020-03-10,1.5469396748928623
2020-03-11,1.5558019515709818
2020-03-12,1.4898403667241238
2020-03-13,1.4322322408095596
2020-03-16,1.4714401603009786
2020-03-17,1.4759533815418369
2020-03-18,1.436277194106336
2020-03-19,1.3585299057572613
2020-03-20,1.3855238132393755
2020-03-23,1.4422244545891183
2020-03-24,1.4778610293814742
2020-03-25,1.4787403394663727
2020-03-26,1.479231908532035
2020-03-27,1.4980404697330258
2020-03-30,1.5264394575895115
2020-03-31,1.5201048569276594
2020-04-01,1.506775303618708
2020-04-02,1.5160692093596804
2020-04-03,1.5284229171058212
2020-04-06,1.5281223964621045
2020-04-07,1.5520853262777312
2020-04-08,1.540786602850906
2020-04-09,1.5640170920439993
2020-04-13,1.5737723446307343
2020-04-14,1.5640514071881537
2020-04-15,1.5989930224305886
2020-04-16,1.592217511942014
2020-04-17,1.60711330466076
2020-04-20,1.6193595167551287
2020-04-21,1.6066591361354423
2020-04-22,1.5810587872332464
2020-04-23,1.5981011348721323
2020-04-24,1.5983938592929192
2020-04-27,1.6128386948702556
2020-04-28,1.607328991079146
2020-04-29,1.6096910552316752
2020-04-30,1.625774460334492
2020-05-01,1.609530674966834
2020-05-04,1.5978688993661856
2020-05-05,1.5964565886856812
2020-05-06,1.5962669407533046
2020-05-07,1.580049090810612
2020-05-08,1.603880811810695
2020-05-11,1.6064208046550623
2020-05-12,1.6026601384280255
2020-05-13,1.5899109524580768
2020-05-14,1.5760400269066053
2020-05-15,1.5940359809325735
2020-05-18,1.5973781734532275
2020-05-19,1.6125649116933105
2020-05-20,1.6075258757600597
2020-05-21,1.6290887391784576
2020-05-22,1.6200012605218492
2020-05-26,1.6263717649091283
2020-05-27,1.624556176048884
2020-05-28,1.6343155962364568
2020-05-29,1.6301457095082932
2020-06-01,1.643005621148491
2020-06-02,1.6402701846531131
2020-06-03,1.6472591855683822
2020-06-04,1.6504918385391154
2020-06-05,1.6362344657259704
2020-06-08,1.6589530935892234
2020-06-09,1.6705102922931285
2020-06-10,1.6756114412662078
2020-06-11,1.6899152224893086
2020-06-12,1.6398366822681507
2020-06-15,1.6470289886449783
2020-06-16,1.6572988426416861
2020-06-17,1.6693578123964783
2020-06-18,1.6694422053843772
2020-06-19,1.6783428979918273
2020-06-22,1.669688668068148
2020-06-23,1.6814044065026197
2020-06-24,1.6834653109412314
2020-06-25,1.6641888516177457
2020-06-26,1.6783372136476897
2020-06-29,1.6615319721976505
2020-06-30,1.6733149136289813
2020-07-01,1.6865992641296759
2020-07-02,1.689504992842761
2020-07-06,1.6962387253196791
2020-07-07,1.7114525228404174
2020-07-08,1.708831042117483
2020-07-09,1.719142085701347
2020-07-10,1.7276136319421702
2020-07-13,1.7303014347142052
2020-07-14,1.7165583436891636
2020-07-15,1.7309077859989284
2020-07-16,1.7361749557933774
2020-07-17,1.7308027655065514
2020-07-20,1.7337216644152935
2020-07-21,1.753265163295338
2020-07-22,1.749641514297434
2020-07-23,1.7591040817401653
2020-07-24,1.7457939420585402
2020-07-27,1.7356322118178484
2020-07-28,1.7457543552136157
2020-07-29,1.7403142682849744
2020-07-30,1.753972833256673
2020-07-31,1.7590435458104938
2020-08-03,1.7764709731903099
2020-08-04,1.7897644032163444
2020-08-05,1.7996848038203408
2020-08-06,1.799671828252008
2020-08-07,1.814969681431693
2020-08-10,1.8028492342593923
2020-08-11,1.8001664228807095
2020-08-12,1.7776154121844057
2020-08-13,1.792146997403489
2020-08-14,1.7843162374516266
2020-08-17,1.7814104878751948
2020-08-18,1.7885165878723346
2020-08-19,1.7964985568668626
2020-08-20,1.7892474065549744
2020-08-21,1.8042011184474434
2020-08-24,1.8172098980648852
2020-08-25,1.8270020302099232
2020-08-26,1.826786331113471
2020-08-27,1.8415164127127417
2020-08-28,1.8318049821067774
2020-08-31,1.8400754498469776
2020-09-01,1.8441271689466239
2020-09-02,1.8674992766889311
2020-09-03,1.8879648341961095
2020-09-04,1.835967463514556
2020-09-08,1.8104415055342755
2020-09-09,1.7734910187847936
2020-09-10,1.8007811626040362
2020-09-11,1.7815828604806365
2020-09-14,1.7791492282797956
2020-09-15,1.7981103404701866
2020-09-16,1.8048624481564692
2020-09-17,1.7920569257116419
2020-09-18,1.7844166274881632
2020-09-21,1.7639999967042348
2020-09-22,1.7641653833852597
2020-09-23,1.7780190788704289
2020-09-24,1.748644585001247
2020-09-25,1.7556255666661174
2020-09-28,1.7778305033373223
2020-09-29,1.7960156677850903
2020-09-30,1.7916787238369731
2020-10-01,1.7946111251312478
2020-10-02,1.804612078660794
2020-10-05,1.7825384574938359
2020-10-06,1.791969704332358
2020-10-07,1.7787357718782646
2020-10-08,1.7940221594372114
2020-10-09,1.8056128276206895
2020-10-12,1.8191907129283709
2020-10-13,1.8460582529201324
2020-10-14,1.8433908477554395
2020-10-15,1.8381810884658427
2020-10-16,1.8337358466520925
2020-10-19,1.8298799354306694
2020-10-20,1.8080110331470378
2020-10-21,1.8059358217229755
2020-10-22,1.8016887768677314
2020-10-23,1.7954176327708895
2020-10-26,1.8008506283562697
2020-10-27,1.78423977840347
2020-10-28,1.7893767863264198
2020-10-29,1.74688002710168
2020-10-30,1.7553201689777347
2020-11-02,1.731095596629649
2020-11-03,1.7428635047563494
2020-11-04,1.7585501102598977
2020-11-05,1.8063204471371013
2020-11-06,1.8360762497903402
2020-11-09,1.8298801312964272
2020-11-10,1.8198464311871223
2020-11-11,1.8048110735473601
2020-11-12,1.8246562566922087
2020-11-13,1.8253876312587476
2020-11-16,1.8374445537944737
2020-11-17,1.848821848365829
2020-11-18,1.8468371883662222
2020-11-19,1.8353994425990015
2020-11-20,1.8458982815431368
2020-11-23,1.8420186446663047
2020-11-24,1.8424721495362129
2020-11-25,1.8535063901512845
2020-11-27,1.8516860979501661
2020-11-30,1.862863728423504
2020-12-01,1.8630388136858023
2020-12-02,1.8662994029389393
2020-12-03,1.8614291844657003
2020-12-04,1.86633342476226
2020-12-07,1.8671875040067014
2020-12-08,1.873729160786873
2020-12-09,1.8806042784569936
2020-12-10,1.8617852648298523
2020-12-11,1.8683179343019998
2020-12-14,1.8687894076731875
2020-12-15,1.8661690287143269
2020-12-16,1.8818123197083247
2020-12-17,1.884856581151374
2020-12-18,1.8903965861879968
2020-12-21,1.8811341959312928
2020-12-22,1.8808408252505129
2020-12-23,1.8882505549725983
2020-12-24,1.8797458537010432
2020-12-28,1.8886702711691679
2020-12-29,1.900906299268703
2020-12-30,1.8960784120875296
2020-12-31,1.8981600339079203
2021-01-04,1.9032633802021972
2021-01-05,1.8842734633938114
2021-01-06,1.8873566492996896
2021-01-07,1.8674936918133538
2021-01-08,1.8861952984421109
2021-01-11,1.89134560271634
2021-01-12,1.8811786397711783
2021-01-13,1.8780643359836666
2021-01-14,1.8909705325155401
2021-01-15,1.8773554175956697
2021-01-19,1.8695610122452635
2021-01-20,1.8840649336177768
2021-01-21,1.9048499532067011
2021-01-22,1.9080756006080597
2021-01-25,1.9058088865226992
2021-01-26,1.9212659524494438
2021-01-27,1.9193411705292487
2021-01-28,1.8945045007476646
2021-01-29,1.8984989975402093
2021-02-01,1.8681558887396423
2021-02-02,1.8926567058102957
2021-02-03,1.9046286240228512
2021-02-04,1.897027699407591
2021-02-05,1.9113171738747001
2021-02-08,1.906738771410568
2021-02-09,1.9202772748892292
2021-02-10,1.9197272409629036
2021-02-11,1.9233310989484316
2021-02-12,1.926076008496808
2021-02-16,1.9237150318593208
2021-02-17,1.9113152514486953
2021-02-18,1.9121334377587507
2021-02-19,1.9038797248668524
2021-02-22,1.8927878402895244
2021-02-23,1.8719015656419336
2021-02-24,1.86962436370972
2021-02-25,1.8803512501685968
2021-02-26,1.835070383490429
2021-03-01,1.8563221452017082
2021-03-02,1.8792558155001284
2021-03-03,1.8660016501733472
2021-03-04,1.8361676808280092
2021-03-05,1.812603891988281
2021-03-08,1.8353095000448656
2021-03-09,1.8135853379853228
2021-03-10,1.8500543133543603
2021-03-11,1.8531366776031124
2021-03-12,1.8665422729128356
2021-03-15,1.849264659427002
2021-03-16,1.862803154329966
2021-03-17,1.863421465760971
2021-03-18,1.860166317211663
2021-03-19,1.8290038343922734
2021-03-22,1.8281694809268145
2021-03-23,1.8498329430142848
2021-03-24,1.8475559324773696
2021-03-25,1.8414936797606345
2021-03-26,1.839434845895906
2021-03-29,1.8609777617837204
2021-03-30,1.8520840905887133
2021-03-31,1.8486367791503073
2021-04-01,1.8560859736743398
2021-04-05,1.884424168054686
2021-04-06,1.9021712059497604
2021-04-07,1.9041510051833381
2021-04-08,1.9030688032939365
2021-04-09,1.9202162382729928
2021-04-12,1.9278407257471126
2021-04-13,1.9249298434669038
2021-04-14,1.937656802930234
2021-04-15,1.9269468913662424
2021-04-16,1.9556888243335957
2021-04-19,1.952093649554383
2021-04-20,1.9419641121034648
2021-04-21,1.935400336581143
2021-04-22,1.948734762612347
2021-04-23,1.9391750613011602
2021-04-26,1.9530146255716443
2021-04-27,1.9562664585482863
2021-04-28,1.9483145449526664
2021-04-29,1.9432377780521337
2021-04-30,1.9446749894701718
2021-05-03,1.93426953029585
2021-05-04,1.9334019733590608
2021-05-05,1.923945108308064
2021-05-06,1.9238927140464617
2021-05-07,1.9359729000377925
2021-05-10,1.9421109243057917
2021-05-11,1.9135829138190543
2021-05-12,1.9022634007446981
2021-05-13,1.8653584690434273
2021-05-14,1.8812822315025108
2021-05-17,1.9098555099468901
2021-05-18,1.9024823936909594
2021-05-19,1.890694530611977
2021-05-20,1.8894291121635423
2021-05-21,1.9128352579251928
2021-05-24,1.9113773311925881
2021-05-25,1.9307251134168937
2021-05-26,1.9360883418573251
2021-05-27,1.936070006388236
2021-05-28,1.9303855388395232
2021-06-01,1.9325047336459722
2021-06-02,1.9278608279363465
2021-06-03,1.9345573490603596
2021-06-04,1.9240412975904302
2021-06-07,1.9507879927036282
2021-06-08,1.947834149532358
2021-06-09,1.953060991832685
2021-06-10,1.9588939729061694
2021-06-11,1.9705896537119425
2021-06-14,1.9740635429764473
2021-06-15,1.9760455394595988
2021-06-16,1.970322142758801
2021-06-17,1.9628691627315094
2021-06-18,1.9803843094283153
2021-06-21,1.9778765589824838
2021-06-22,1.980258792035345
2021-06-23,1.9909326410543051
2021-06-24,1.9875892257596082
2021-06-25,1.9964288084325221
2021-06-28,1.9904277164816302
2021-06-29,2.0056006946750293
2021-06-30,2.0116293142794968
2021-07-01,2.014816343192336
2021-07-02,2.0185923450195813
2021-07-06,2.0362249011859666
2021-07-07,2.0461444674163025
2021-07-08,2.0585758777034897
2021-07-09,2.0501344425300134
2021-07-12,2.0524384535682136
2021-07-13,2.0543638068716166
2021-07-14,2.0488359676280425
2021-07-15,2.062997981692699
2021-07-16,2.0639208982009065
2021-07-19,2.050997717474409
2021-07-20,2.049100751137191
2021-07-21,2.0606429492428893
2021-07-22,2.062469797451181
2021-07-23,2.0756763257101647
2021-07-26,2.083773585942704
2021-07-27,2.082860344745344
2021-07-28,2.082005433930101
2021-07-29,2.080996811775356
2021-07-30,2.0825011019924897
2021-08-02,2.082370903117892
2021-08-03,2.084589747595809
2021-08-04,2.0946164431104117
2021-08-05,2.0940847989196345
2021-08-06,2.0980107337810696
2021-08-09,2.085692438545213
2021-08-10,2.0803465898521596
2021-08-11,2.073145581131213
2021-08-12,2.0744567679240284
2021-08-13,2.078843329360546
2021-08-16,2.0956040919621253
2021-08-17,2.1019478596458807
2021-08-18,2.091846283384128
2021-08-19,2.078196075553694
2021-08-20,2.090980924072921
2021-08-23,2.105073109920976
2021-08-24,2.1188319353260194
2021-08-25,2.11316208365543
2021-08-26,2.107812337698213
2021-08-27,2.1018579454134514
2021-08-30,2.119442000396291
2021-08-31,2.131403236540729
2021-09-01,2.1216489405902084
2021-09-02,2.1224982887316663
2021-09-03,2.1273927342081067
2021-09-07,2.1226218851566743
2021-09-08,2.113666707465859
2021-09-09,2.115700763225219
2021-09-10,2.1197841171092002
2021-09-13,2.1010716530620575
2021-09-14,2.107745416064286
2021-09-15,2.11266657146341
2021-09-16,2.12130517728033
2021-09-17,2.1169773779646794
2021-09-20,2.0942883929191707
2021-09-21,2.07982330273952
2021-09-22,2.078766803372248
2021-09-23,2.0986261513381526
2021-09-24,2.097919763531173
2021-09-27,2.0919048924752115
2021-09-28,2.080931781100051
2021-09-29,2.036511632556371
2021-09-30,2.038151964392246
