date,2021_11_06__13_57_14_daily_actor_lr_1e-06_critic_lr_9.999999999999999e-06_epoch_50000
2015-01-05,0.9895226549660747
2015-01-06,0.9823893797413209
2015-01-07,0.989269436611155
2015-01-08,1.0046153277645662
2015-01-09,1.0036825539394576
2015-01-12,0.9953018491371227
2015-01-13,0.9946094097215145
2015-01-14,0.9907956922051088
2015-01-15,0.9820314393253337
2015-01-16,0.9887683125343657
2015-01-20,0.9975449547167855
2015-01-21,0.9975746040401429
2015-01-22,1.0109615969064114
2015-01-23,1.012695872317324
2015-01-26,1.0089912479619303
2015-01-27,0.9863706274623623
2015-01-28,0.9874217711750541
2015-01-29,0.9943162700121984
2015-01-30,0.9868856248348062
2015-02-02,0.9950064110845483
2015-02-03,1.0021008456381018
2015-02-04,1.0037959749477408
2015-02-05,1.0103644177983835
2015-02-06,1.0050147308011586
2015-02-09,1.0034049620637255
2015-02-10,1.0151484124785126
2015-02-11,1.0186266461591658
2015-02-12,1.0292697489604794
2015-02-13,1.0319016774302923
2015-02-17,1.0287316632462848
2015-02-18,1.0308375002857513
2015-02-19,1.0315560238440553
2015-02-20,1.036205519355955
2015-02-23,1.0407694474652083
2015-02-24,1.0477952043925662
2015-02-25,1.0468988167979407
2015-02-26,1.043910715707997
2015-02-27,1.0452679406684053
2015-03-02,1.0412956233771897
2015-03-03,1.0361861348871078
2015-03-04,1.0337603629312886
2015-03-05,1.0328576326776715
2015-03-06,1.017862910599789
2015-03-09,1.023298475344625
2015-03-10,1.0077776598496777
2015-03-11,1.003968594344626
2015-03-12,1.0095796236466517
2015-03-13,1.0044614565558299
2015-03-16,1.0160084432926355
2015-03-17,1.0176577618256812
2015-03-18,1.032599277257553
2015-03-19,1.0289980234067826
2015-03-20,1.0323750290699476
2015-03-23,1.0318655032856001
2015-03-24,1.031975712331779
2015-03-25,1.0118495310599263
2015-03-26,1.0069140726054169
2015-03-27,1.0114115096379124
2015-03-30,1.0182578910359934
2015-03-31,1.0119721994795696
2015-04-01,1.0137274734604897
2015-04-02,1.010789801699469
2015-04-06,1.0156835120151804
2015-04-07,1.0166312975593912
2015-04-08,1.0189427287843265
2015-04-09,1.016667492392308
2015-04-10,1.019919446242121
2015-04-13,1.018354893655271
2015-04-14,1.0188923990873662
2015-04-15,1.0237334969766738
2015-04-16,1.0200102466150451
2015-04-17,1.0173670164838078
2015-04-20,1.0237299974912057
2015-04-21,1.0216160999674824
2015-04-22,1.0210275836506542
2015-04-23,1.024997030148201
2015-04-24,1.0318408785568243
2015-04-27,1.0322575401164453
2015-04-28,1.0291667232615587
2015-04-29,1.021458196976513
2015-04-30,1.0130927278494393
2015-05-01,1.0182238688839218
2015-05-04,1.016916340474074
2015-05-05,1.004769682171041
2015-05-06,0.9949140354910181
2015-05-07,1.0030710688139186
2015-05-08,1.0153238224121877
2015-05-11,1.0059812061283313
2015-05-12,1.0022906926932837
2015-05-13,1.003901667608941
2015-05-14,1.0170844399811017
2015-05-15,1.0188529359838074
2015-05-18,1.0189518320046709
2015-05-19,1.0152116333761994
2015-05-20,1.016018534591955
2015-05-21,1.022521987211898
2015-05-22,1.0219236295247291
2015-05-26,1.0152079291100367
2015-05-27,1.0299333338301702
2015-05-28,1.027803251413049
2015-05-29,1.022620853454444
2015-06-01,1.021660087447016
2015-06-02,1.0168008803074695
2015-06-03,1.01448914275005
2015-06-04,1.0108171292221553
2015-06-05,1.0055979856712187
2015-06-08,0.9972237082785388
2015-06-09,0.9937718323065213
2015-06-10,1.001944582926487
2015-06-11,1.007842292089285
2015-06-12,1.001624452389875
2015-06-15,0.9978025147737684
2015-06-16,1.0046031540299087
2015-06-17,1.003258165604926
2015-06-18,1.008710106521587
2015-06-19,1.0027189174581774
2015-06-22,1.00454978103839
2015-06-23,1.0036258153455138
2015-06-24,1.0020464988742765
2015-06-25,0.9993847935231251
2015-06-26,0.990929518530549
2015-06-29,0.9793126776707101
2015-06-30,0.9779382958602965
2015-07-01,0.9777112153317129
2015-07-02,0.979409650606975
2015-07-06,0.9821014644061193
2015-07-07,0.9864418740210501
2015-07-08,0.9778804603114544
2015-07-09,0.9705973072289019
2015-07-10,0.9783471702947647
2015-07-13,0.9882882339551748
2015-07-14,0.9919556725329628
2015-07-15,0.9951208477178621
2015-07-16,1.0053639597906685
2015-07-17,1.015629823982088
2015-07-20,1.01727235359025
2015-07-21,1.0147141758771132
2015-07-22,1.0074913605741327
2015-07-23,1.0092114567005814
2015-07-24,1.005534492940101
2015-07-27,1.0012224332311586
2015-07-28,1.006412261949584
2015-07-29,1.010176030507111
2015-07-30,1.013676732977539
2015-07-31,1.0139566950531338
2015-08-03,1.0131742782535689
2015-08-04,1.0070546370143114
2015-08-05,1.0106457266057498
2015-08-06,1.005757159225102
2015-08-07,1.008991972253749
2015-08-10,1.017079989648204
2015-08-11,1.0102028096076396
2015-08-12,1.012539956100522
2015-08-13,1.0097043546229694
2015-08-14,1.0141021476988032
2015-08-17,1.0195948126948582
2015-08-18,1.0139001647197734
2015-08-19,1.0103511150946674
2015-08-20,0.991430688638978
2015-08-21,0.9607131881433061
2015-08-24,0.9316418983900638
2015-08-25,0.9239053801824068
2015-08-26,0.9658109382175556
2015-08-27,0.9854006389913305
2015-08-28,0.9874490011128844
2015-08-31,0.9787440328646932
2015-09-01,0.952830215590785
2015-09-02,0.9717284065953752
2015-09-03,0.9731531795410854
2015-09-04,0.9627066426057328
2015-09-08,0.9834703493694826
2015-09-09,0.9732826444386905
2015-09-10,0.9807287075702672
2015-09-11,0.9855882880744812
2015-09-14,0.983794246088363
2015-09-15,0.9911571433590288
2015-09-16,0.9940088899752259
2015-09-17,0.9915289186214619
2015-09-18,0.9818658032475877
2015-09-21,0.9859088315548731
2015-09-22,0.9765541298325248
2015-09-23,0.9784102792362045
2015-09-24,0.979501691062381
2015-09-25,0.9767015504591453
2015-09-28,0.9611735137524429
2015-09-29,0.9580852162496899
2015-09-30,0.9722388383816055
2015-10-01,0.9729138425885887
2015-10-02,0.9858013538581202
2015-10-05,1.0018042980386228
2015-10-06,1.0032644007462053
2015-10-07,1.0070732852512656
2015-10-08,1.0099835107594397
2015-10-09,1.0139306947792712
2015-10-12,1.0162698506731696
2015-10-13,1.014566014499801
2015-10-14,1.0143989716188935
2015-10-15,1.0243828460550661
2015-10-16,1.0261543781632931
2015-10-19,1.0280999454882989
2015-10-20,1.0246152957943422
2015-10-21,1.0210739444131658
2015-10-22,1.0396189100681879
2015-10-23,1.0593849596531104
2015-10-26,1.057717984938012
2015-10-27,1.0537324126558503
2015-10-28,1.0649653471460179
2015-10-29,1.0586488366518148
2015-10-30,1.0554483992109585
2015-11-02,1.0612214465483891
2015-11-03,1.0629447595392807
2015-11-04,1.0638894165419985
2015-11-05,1.06092414302365
2015-11-06,1.0603994219358188
2015-11-09,1.0510758252904304
2015-11-10,1.0470427647031968
2015-11-11,1.0457221204466203
2015-11-12,1.0400946329433292
2015-11-13,1.025914917037472
2015-11-16,1.0386327584573585
2015-11-17,1.0390912033202373
2015-11-18,1.05249189524076
2015-11-19,1.057429821780352
2015-11-20,1.0631010316078195
2015-11-23,1.0590464080858943
2015-11-24,1.0592899025817961
2015-11-25,1.057259072852904
2015-11-27,1.0588583234130946
2015-11-30,1.0603724302578166
2015-12-01,1.0704721157567856
2015-12-02,1.06496520792111
2015-12-03,1.0482252380085981
2015-12-04,1.070720417762612
2015-12-07,1.0699399129317202
2015-12-08,1.0678363832735485
2015-12-09,1.0561504961095927
2015-12-10,1.0587273905926124
2015-12-11,1.044902077471735
2015-12-14,1.0493543982670754
2015-12-15,1.052304537504258
2015-12-16,1.0633998248403598
2015-12-17,1.0532530405687353
2015-12-18,1.0344271855287601
2015-12-21,1.042891997942807
2015-12-22,1.047410011635113
2015-12-23,1.0523941288356973
2015-12-24,1.0529574300111606
2015-12-28,1.053122989227061
2015-12-29,1.0591674533562372
2015-12-30,1.0522168011442563
2015-12-31,1.0420114527124855
2016-01-04,1.0324817850193309
2016-01-05,1.0297073302488795
2016-01-06,1.0211749945484736
2016-01-07,0.99537146468404
2016-01-08,0.9885217454608622
2016-01-11,0.99347121472659
2016-01-12,1.0054580102979536
2016-01-13,0.9817049012463392
2016-01-14,0.9985692242028213
2016-01-15,0.9733953660615478
2016-01-19,0.9742052070170553
2016-01-20,0.9674634553564299
2016-01-21,0.9723675754278399
2016-01-22,0.9977901576742462
2016-01-25,0.9874669204162377
2016-01-26,0.9965441183204157
2016-01-27,0.9778259418239204
2016-01-28,0.9894850878128295
2016-01-29,1.0185521708321228
2016-02-01,1.0212246529266409
2016-02-02,1.007289386991879
2016-02-03,1.0055099015897542
2016-02-04,1.0068881945686379
2016-02-05,0.9816820411638454
2016-02-08,0.9704892476699607
2016-02-09,0.9664020788655989
2016-02-10,0.9687808777295941
2016-02-11,0.966815219750336
2016-02-12,0.9785722025161068
2016-02-16,0.9939607898549794
2016-02-17,1.0123101411993565
2016-02-18,1.0097105035719773
2016-02-19,1.0104381912320521
2016-02-22,1.022342416053971
2016-02-23,1.0090979863598744
2016-02-24,1.0155929185906027
2016-02-25,1.0270066372204385
2016-02-26,1.0232320018478562
2016-02-29,1.0176942517991658
2016-03-01,1.0411276614728373
2016-03-02,1.044348951173646
2016-03-03,1.0451609345071668
2016-03-04,1.0462244087371202
2016-03-07,1.0413472030711646
2016-03-08,1.0380152775548195
2016-03-09,1.0440015775508584
2016-03-10,1.0424944503476157
2016-03-11,1.0525754299212473
2016-03-14,1.0541068038832337
2016-03-15,1.0571133679495206
2016-03-16,1.0672541200749104
2016-03-17,1.0714474304416586
2016-03-18,1.0692546524999278
2016-03-21,1.0700805223245022
2016-03-22,1.0701358182619787
2016-03-23,1.0689646273282556
2016-03-24,1.0709095259540626
2016-03-28,1.0698776342277532
2016-03-29,1.0842424981874346
2016-03-30,1.0849772488268687
2016-03-31,1.0856117399188898
2016-04-01,1.0916813459319434
2016-04-04,1.0889636350328988
2016-04-05,1.0840415881311036
2016-04-06,1.0900198186233425
2016-04-07,1.082355249822685
2016-04-08,1.0813050110553526
2016-04-11,1.0786577701763969
2016-04-12,1.0838178380446983
2016-04-13,1.0936795543210214
2016-04-14,1.0925545022924747
2016-04-15,1.0913594069888977
2016-04-18,1.094342597706318
2016-04-19,1.0895029741894744
2016-04-20,1.0883657025757025
2016-04-21,1.083692503729529
2016-04-22,1.0694556100978545
2016-04-25,1.0683678252161217
2016-04-26,1.0637763848174755
2016-04-27,1.0628634485242003
2016-04-28,1.0537055250493936
2016-04-29,1.0467473894082946
2016-05-02,1.0511368555240241
2016-05-03,1.0453651778903428
2016-05-04,1.0433356581379447
2016-05-05,1.0447305303405212
2016-05-06,1.050452369652826
2016-05-09,1.0510117757765682
2016-05-10,1.0624065660788438
2016-05-11,1.0570573904977463
2016-05-12,1.053942557991154
2016-05-13,1.0523843333578673
2016-05-16,1.0626880349544252
2016-05-17,1.054268460481191
2016-05-18,1.0534813997228067
2016-05-19,1.0495257857103202
2016-05-20,1.059767100600844
2016-05-23,1.0585472030084788
2016-05-24,1.0741802465707422
2016-05-25,1.0795456444572666
2016-05-26,1.083186995185298
2016-05-27,1.087114420881302
2016-05-31,1.089117577960195
2016-06-01,1.0875165721622635
2016-06-02,1.0883554647106046
2016-06-03,1.0892146945647896
2016-06-06,1.0894920832188875
2016-06-07,1.0934352334664448
2016-06-08,1.096404552915886
2016-06-09,1.0979563546939883
2016-06-10,1.0923767385264134
2016-06-13,1.0847967814653927
2016-06-14,1.086206966859465
2016-06-15,1.0855140536022798
2016-06-16,1.0886988198811938
2016-06-17,1.078296287756858
2016-06-20,1.0777041066168433
2016-06-21,1.08048386149785
2016-06-22,1.0787621701110206
2016-06-23,1.0855914283871684
2016-06-24,1.0682672790858512
2016-06-27,1.048675801909436
2016-06-28,1.0677645679267598
2016-06-29,1.0812219805952603
2016-06-30,1.092127780927888
2016-07-01,1.0963956679220235
2016-07-05,1.092071703384933
2016-07-06,1.0983854766768275
2016-07-07,1.0982650426318552
2016-07-08,1.1136132102306249
2016-07-11,1.1162174038893056
2016-07-12,1.1190929726240724
2016-07-13,1.1220280666051843
2016-07-14,1.1240414951719917
2016-07-15,1.121031908335555
2016-07-18,1.125729630436036
2016-07-19,1.1254234978314628
2016-07-20,1.1342890860579178
2016-07-21,1.13019620991947
2016-07-22,1.1358379029632486
2016-07-25,1.1341063219487717
2016-07-26,1.1360972475738051
2016-07-27,1.1438559950342462
2016-07-28,1.1442893013560869
2016-07-29,1.1487753063243866
2016-08-01,1.1471643560910596
2016-08-02,1.1383892281431016
2016-08-03,1.1410326606891115
2016-08-04,1.1472897633163954
2016-08-05,1.1535624884829332
2016-08-08,1.1537941570638828
2016-08-09,1.15798952229816
2016-08-10,1.1561486284107936
2016-08-11,1.1573246049644732
2016-08-12,1.1584686990290058
2016-08-15,1.1603950113155077
2016-08-16,1.1532859264826558
2016-08-17,1.1544711600259268
2016-08-18,1.1554124056155413
2016-08-19,1.1544598751362525
2016-08-22,1.1566315406935528
2016-08-23,1.1600834858503122
2016-08-24,1.1544753498187812
2016-08-25,1.1554730609725548
2016-08-26,1.1545921287939584
2016-08-29,1.1611664365663557
2016-08-30,1.157280190856002
2016-08-31,1.1559448524787572
2016-09-01,1.158499700336575
2016-09-02,1.1606013645509408
2016-09-06,1.166875771004998
2016-09-07,1.1685368024426177
2016-09-08,1.158348002691654
2016-09-09,1.1325974441435358
2016-09-12,1.1503857645181093
2016-09-13,1.140314469848243
2016-09-14,1.1442204020096742
2016-09-15,1.1586616504261018
2016-09-16,1.1524834475391663
2016-09-19,1.1503776516556614
2016-09-20,1.1506802788497286
2016-09-21,1.1629431824589886
2016-09-22,1.170575531289651
2016-09-23,1.1632937641324277
2016-09-26,1.1594441624030183
2016-09-27,1.1700525684307055
2016-09-28,1.1713974100264177
2016-09-29,1.1667459176395918
2016-09-30,1.1676420113161556
2016-10-03,1.1634386507487966
2016-10-04,1.1556509506257155
2016-10-05,1.1564455344243079
2016-10-06,1.1554401733942101
2016-10-07,1.1535863916068034
2016-10-10,1.155818086941
2016-10-11,1.1464340472185832
2016-10-12,1.148027744576461
2016-10-13,1.1452075082590718
2016-10-14,1.1426421491828962
2016-10-17,1.143459570742401
2016-10-18,1.1493591109148455
2016-10-19,1.151353287187666
2016-10-20,1.1478529792165584
2016-10-21,1.1504134422026258
2016-10-24,1.156984008384826
2016-10-25,1.1547204259428727
2016-10-26,1.148254970045863
2016-10-27,1.1443751513807319
2016-10-28,1.142827123567423
2016-10-31,1.1436461223521182
2016-11-01,1.1350711155106832
2016-11-02,1.1293573502446341
2016-11-03,1.118874787589481
2016-11-04,1.1178827911019884
2016-11-07,1.1392686436125166
2016-11-08,1.1436098668385908
2016-11-09,1.1370711398411733
2016-11-10,1.1208430413846833
2016-11-11,1.1226112268895525
2016-11-14,1.1082370949863296
2016-11-15,1.1222964505560518
2016-11-16,1.131715725745238
2016-11-17,1.1365266901858406
2016-11-18,1.1351691042772514
2016-11-21,1.1454007271846571
2016-11-22,1.1483285706454722
2016-11-23,1.1442013212273219
2016-11-25,1.1485914916632307
2016-11-28,1.14993257877169
2016-11-29,1.1512643997495815
2016-11-30,1.1378604565705581
2016-12-01,1.1170254040919123
2016-12-02,1.1213560444062316
2016-12-05,1.1303345878861049
2016-12-06,1.133053757882776
2016-12-07,1.1521292230689302
2016-12-08,1.1514629654849775
2016-12-09,1.155118981256007
2016-12-12,1.1529829236820424
2016-12-13,1.164872171081617
2016-12-14,1.1585854607829875
2016-12-15,1.1639128571952317
2016-12-16,1.1540619093788356
2016-12-19,1.162901688279992
2016-12-20,1.163675917061322
2016-12-21,1.163894825043269
2016-12-22,1.1604556212472952
2016-12-23,1.1622390132834477
2016-12-27,1.1630185485260176
2016-12-28,1.1606506990263816
2016-12-29,1.1623571894221358
2016-12-30,1.158452857052173
2017-01-03,1.1664783461170551
2017-01-04,1.1710940216535524
2017-01-05,1.1782258837579807
2017-01-06,1.1794383731560432
2017-01-09,1.1820026598106574
2017-01-10,1.1818138541321632
2017-01-11,1.186478547323501
2017-01-12,1.1836805750330268
2017-01-13,1.1846023476156538
2017-01-17,1.1848681149302704
2017-01-18,1.1837403533407511
2017-01-19,1.1804534551060004
2017-01-20,1.1846311852290312
2017-01-23,1.188828756786049
2017-01-24,1.1922260174785961
2017-01-25,1.1965001985304875
2017-01-26,1.1953221963555147
2017-01-27,1.1992533428699812
2017-01-30,1.191484917664693
2017-01-31,1.189740529693092
2017-02-01,1.1934506290176876
2017-02-02,1.1918155003578494
2017-02-03,1.1977759697882717
2017-02-06,1.1997384497135708
2017-02-07,1.205020694312313
2017-02-08,1.210731222058075
2017-02-09,1.2100858848468141
2017-02-10,1.2124992583273828
2017-02-13,1.214997011064269
2017-02-14,1.214917845332156
2017-02-15,1.215932564450943
2017-02-16,1.219472741425973
2017-02-17,1.2243615158531234
2017-02-21,1.2280912171479648
2017-02-22,1.2293605293266063
2017-02-23,1.230642719996873
2017-02-24,1.2376427404864063
2017-02-27,1.234690394070491
2017-02-28,1.2335127025530461
2017-03-01,1.2370609788344538
2017-03-02,1.2302631755002122
2017-03-03,1.2329170051969485
2017-03-06,1.229543065889066
2017-03-07,1.2278183874764603
2017-03-08,1.2261025055102017
2017-03-09,1.2233002356785065
2017-03-10,1.228790477913539
2017-03-13,1.2272167816618225
2017-03-14,1.2266899276646694
2017-03-15,1.23725131332752
2017-03-16,1.2351117101114124
2017-03-17,1.235326616567734
2017-03-20,1.2372913960422527
2017-03-21,1.2289075554507698
2017-03-22,1.2349980654582795
2017-03-23,1.2324466870701896
2017-03-24,1.234021565054888
2017-03-27,1.2351727213907964
2017-03-28,1.2400132385046623
2017-03-29,1.2434155950808345
2017-03-30,1.2429230402266893
2017-03-31,1.2420473643603327
2017-04-03,1.2434024321582648
2017-04-04,1.242458245071038
2017-04-05,1.2397518976113104
2017-04-06,1.2399145297447958
2017-04-07,1.2379959869458697
2017-04-10,1.238347836534184
2017-04-11,1.238046863488682
2017-04-12,1.2358346711655046
2017-04-13,1.2321957499921596
2017-04-17,1.2403358873919863
2017-04-18,1.2434281078861402
2017-04-19,1.2409594215780573
2017-04-20,1.2483592994475408
2017-04-21,1.2462735691144462
2017-04-24,1.2559865515062947
2017-04-25,1.255276857314564
2017-04-26,1.25682320857015
2017-04-27,1.2591282530401917
2017-04-28,1.260977375411825
2017-05-01,1.2614565319104516
2017-05-02,1.2650118355692819
2017-05-03,1.263890959456158
2017-05-04,1.261691756202056
2017-05-05,1.2652283243542495
2017-05-08,1.2654450119080722
2017-05-09,1.2659617610051326
2017-05-10,1.2682836481100772
2017-05-11,1.2669869350311953
2017-05-12,1.2711161337786245
2017-05-15,1.2749180332201104
2017-05-16,1.279101511080066
2017-05-17,1.263184916021814
2017-05-18,1.267735214768029
2017-05-19,1.274383267772943
2017-05-22,1.278633222523097
2017-05-23,1.2786974726065596
2017-05-24,1.282879391356777
2017-05-25,1.2884288983191872
2017-05-26,1.2885274236949777
2017-05-30,1.289643282821945
2017-05-31,1.2895344657328411
2017-06-01,1.297545065840962
2017-06-02,1.303974237008756
2017-06-05,1.3026271649081493
2017-06-06,1.2998632623391513
2017-06-07,1.3015555612894543
2017-06-08,1.3020764330239087
2017-06-09,1.2959072181219982
2017-06-12,1.2916828922220887
2017-06-13,1.2991907165565144
2017-06-14,1.2972726093400766
2017-06-15,1.2927745140190516
2017-06-16,1.2868044951675626
2017-06-19,1.300619323480908
2017-06-20,1.294132068358956
2017-06-21,1.2987639771986312
2017-06-22,1.2993977244484445
2017-06-23,1.3044288413273546
2017-06-26,1.3048617954193127
2017-06-27,1.289674722342245
2017-06-28,1.2976485043400425
2017-06-29,1.2810385869754877
2017-06-30,1.2797120801850987
2017-07-03,1.2731606471622317
2017-07-05,1.2800444335880137
2017-07-06,1.268754231428821
2017-07-07,1.275753913902282
2017-07-10,1.281764267502107
2017-07-11,1.2839067491073461
2017-07-12,1.2970873391733952
2017-07-13,1.2960467180081634
2017-07-14,1.3034329903576498
2017-07-17,1.3047540186708226
2017-07-18,1.3118075130684699
2017-07-19,1.3166891339678604
2017-07-20,1.3194774193574226
2017-07-21,1.3204154318968957
2017-07-24,1.3201271259447331
2017-07-25,1.3133008476073804
2017-07-26,1.316378597673815
2017-07-27,1.3114824079072172
2017-07-28,1.313371572882976
2017-07-31,1.3107231960011243
2017-08-01,1.3166788967400407
2017-08-02,1.3188230938636474
2017-08-03,1.321920839874401
2017-08-04,1.3201064449510964
2017-08-07,1.3251076708360803
2017-08-08,1.3224156537458613
2017-08-09,1.3237209357041273
2017-08-10,1.3076627178347555
2017-08-11,1.3142753948832009
2017-08-14,1.3313652534194647
2017-08-15,1.3319393557938077
2017-08-16,1.3356066469956531
2017-08-17,1.315915699827474
2017-08-18,1.3145824317364563
2017-08-21,1.314826301102008
2017-08-22,1.3302689208006662
2017-08-23,1.3290097570329658
2017-08-24,1.326751495833506
2017-08-25,1.328174228934155
2017-08-28,1.3295414131268513
2017-08-29,1.3341659379426263
2017-08-30,1.3412200712758582
2017-08-31,1.348357503671893
2017-09-01,1.3450190317930968
2017-09-05,1.3413741149914138
2017-09-06,1.3404956337840577
2017-09-07,1.3467952954392566
2017-09-08,1.3401008460540613
2017-09-11,1.3477869024060012
2017-09-12,1.3479665863140808
2017-09-13,1.3455003483705947
2017-09-14,1.3449458120334659
2017-09-15,1.3445360206665016
2017-09-18,1.3432676570399513
2017-09-19,1.3461132760450893
2017-09-20,1.3433649795745084
2017-09-21,1.3380965490338295
2017-09-22,1.3393218125649455
2017-09-25,1.3309098151745917
2017-09-26,1.3326674549829183
2017-09-27,1.3342346491567472
2017-09-28,1.334103824063418
2017-09-29,1.3408538999648465
2017-10-02,1.341819350643854
2017-10-03,1.3444843632033945
2017-10-04,1.3442692224789954
2017-10-05,1.3520625552662817
2017-10-06,1.3518557422942095
2017-10-09,1.354470756254401
2017-10-10,1.356350179147385
2017-10-11,1.3600564123159562
2017-10-12,1.359339755231754
2017-10-13,1.3658467282219355
2017-10-16,1.3688116006769637
2017-10-17,1.3693866737953249
2017-10-18,1.3680282956875944
2017-10-19,1.3669445325763887
2017-10-20,1.3676207994787597
2017-10-23,1.3647051034498248
2017-10-24,1.363722453513348
2017-10-25,1.3567576451053396
2017-10-26,1.3581292180208113
2017-10-27,1.3805122258032696
2017-10-30,1.3849323978223227
2017-10-31,1.3872415042577784
2017-11-01,1.3893797592952482
2017-11-02,1.3922826959304533
2017-11-03,1.3974041262221233
2017-11-06,1.4009293477128968
2017-11-07,1.4028460070772595
2017-11-08,1.4041033491982464
2017-11-09,1.3982922725620406
2017-11-10,1.3896999955929805
2017-11-13,1.391130584728895
2017-11-14,1.3925860586519845
2017-11-15,1.3930923918524862
2017-11-16,1.3984915489001017
2017-11-17,1.3981116123251125
2017-11-20,1.4004315416720101
2017-11-21,1.4098180043158017
2017-11-22,1.4104452365751985
2017-11-24,1.4124558178431015
2017-11-27,1.4114790784456759
2017-11-28,1.4171026218641225
2017-11-29,1.3987721375540823
2017-11-30,1.4044961828811537
2017-12-01,1.4075014855164096
2017-12-04,1.3978515186537241
2017-12-05,1.4000343729018079
2017-12-06,1.4062399550751419
2017-12-07,1.4073343269076257
2017-12-08,1.4117849749827298
2017-12-11,1.4171046238228964
2017-12-12,1.4170878371857139
2017-12-13,1.4212474673354951
2017-12-14,1.4217103547340355
2017-12-15,1.4296100913576837
2017-12-18,1.4323415078980322
2017-12-19,1.4202027856704456
2017-12-20,1.41403390625056
2017-12-21,1.4151097771549133
2017-12-22,1.4153600235982176
2017-12-26,1.4119734337316738
2017-12-27,1.4193268125739111
2017-12-28,1.4204947507907266
2017-12-29,1.4172040815030669
2018-01-02,1.4209758065193603
2018-01-03,1.4302020061580627
2018-01-04,1.434208413218016
2018-01-05,1.440477652388546
2018-01-08,1.4428701095107546
2018-01-09,1.4347377207970569
2018-01-10,1.431243050910649
2018-01-11,1.4377659923150252
2018-01-12,1.4448074213069266
2018-01-16,1.4421443273826124
2018-01-17,1.4573685409727093
2018-01-18,1.454725994965937
2018-01-19,1.4547975983137142
2018-01-22,1.4647943971220607
2018-01-23,1.4707742473866028
2018-01-24,1.4617509393511832
2018-01-25,1.463687650852954
2018-01-26,1.4766137070309602
2018-01-29,1.4647218619726796
2018-01-30,1.4526941659273995
2018-01-31,1.4618466351294266
2018-02-01,1.4553393759890545
2018-02-02,1.422281783291123
2018-02-05,1.378360873994374
2018-02-06,1.416499273832163
2018-02-07,1.3988950171781447
2018-02-08,1.3440322540978746
2018-02-09,1.3726117440045984
2018-02-12,1.3950132522338985
2018-02-13,1.398816979195198
2018-02-14,1.418880484227515
2018-02-15,1.4413437410222074
2018-02-16,1.441120482733774
2018-02-20,1.4402005553449222
2018-02-21,1.429693333001748
2018-02-22,1.4318810100371606
2018-02-23,1.458109614772396
2018-02-26,1.475664821737596
2018-02-27,1.4630097659653982
2018-02-28,1.4561656191697243
2018-03-01,1.4386281681390927
2018-03-02,1.446927485317986
2018-03-05,1.4578229314118683
2018-03-06,1.4606622511703653
2018-03-07,1.46577150203824
2018-03-08,1.472668745958581
2018-03-09,1.491940825826818
2018-03-12,1.496656332367471
2018-03-13,1.4866662996419886
2018-03-14,1.4877277597081706
2018-03-15,1.4882799623324807
2018-03-16,1.4824253939533438
2018-03-19,1.4594249588262254
2018-03-20,1.4581339012980226
2018-03-21,1.4514797041407346
2018-03-22,1.424707581938607
2018-03-23,1.3918685021662307
2018-03-26,1.4377792784374157
2018-03-27,1.4038750049510005
2018-03-28,1.3965406725214617
2018-03-29,1.4208741199195472
2018-04-02,1.3922271946007103
2018-04-03,1.4038037684573923
2018-04-04,1.4205219255304427
2018-04-05,1.424349077551938
2018-04-06,1.3979239379671446
2018-04-09,1.4077407409424492
2018-04-10,1.4371584027415185
2018-04-11,1.4307285348784393
2018-04-12,1.4434898085333423
2018-04-13,1.4400668010678035
2018-04-16,1.4493052236283124
2018-04-17,1.4711655335927625
2018-04-18,1.465910740320509
2018-04-19,1.4512436200853274
2018-04-20,1.433822213852286
2018-04-23,1.4300864341589699
2018-04-24,1.4095265042331222
2018-04-25,1.408240415428353
2018-04-26,1.4297113099223255
2018-04-27,1.4303231586647562
2018-04-30,1.4234985409782444
2018-05-01,1.4362429993787245
2018-05-02,1.4342332692876731
2018-05-03,1.4376981889886689
2018-05-04,1.4599765757482464
2018-05-07,1.467337440999689
2018-05-08,1.4693369632086883
2018-05-09,1.4816942630129384
2018-05-10,1.4989376498501845
2018-05-11,1.4986362104344724
2018-05-14,1.4967597292972117
2018-05-15,1.4823421459344552
2018-05-16,1.4866655065544794
2018-05-17,1.4794668208235313
2018-05-18,1.477178981493995
2018-05-21,1.4873841246723205
2018-05-22,1.4850534783379967
2018-05-23,1.495397874866575
2018-05-24,1.4968508913021705
2018-05-25,1.498128441062136
2018-05-29,1.4989240080064419
2018-05-30,1.504965272537807
2018-05-31,1.503386526234298
2018-06-01,1.5179469777666983
2018-06-04,1.5230169117197914
2018-06-05,1.527312458635891
2018-06-06,1.5314339661658904
2018-06-07,1.5285754708427763
2018-06-08,1.5263860193283123
2018-06-11,1.526826565136084
2018-06-12,1.53152708183263
2018-06-13,1.5259912138502476
2018-06-14,1.5364801984143073
2018-06-15,1.5291916216101022
2018-06-18,1.529344738997056
2018-06-19,1.5266845831385663
2018-06-20,1.5247138199441008
2018-06-21,1.519406882583513
2018-06-22,1.5167983986093299
2018-06-25,1.4972488465211637
2018-06-26,1.501682640872497
2018-06-27,1.4940205189179976
2018-06-28,1.5060787691279174
2018-06-29,1.504297559726649
2018-07-02,1.5111425013397075
2018-07-03,1.5024374839223715
2018-07-05,1.5181237279189856
2018-07-06,1.5318467792961197
2018-07-09,1.5371817863189505
2018-07-10,1.5398875175495523
2018-07-11,1.5372111561865853
2018-07-12,1.5525645442119447
2018-07-13,1.552984184940522
2018-07-16,1.5487128344207028
2018-07-17,1.5548283766731332
2018-07-18,1.5518018927193944
2018-07-19,1.5513272970984175
2018-07-20,1.5457651750190242
2018-07-23,1.544211899250411
2018-07-24,1.5515287033281748
2018-07-25,1.5625744585610555
2018-07-26,1.548432334167838
2018-07-27,1.5337740229510297
2018-07-30,1.5173217660718807
2018-07-31,1.5229383498231672
2018-08-01,1.5258907040487508
2018-08-02,1.5410717806494252
2018-08-03,1.5471220625468696
2018-08-06,1.5535160064174536
2018-08-07,1.556032194558086
2018-08-08,1.5591380037291251
2018-08-09,1.56265424207354
2018-08-10,1.5568446783989347
2018-08-13,1.5540359788108289
2018-08-14,1.560445497507411
2018-08-15,1.552864536088789
2018-08-16,1.5586336071980877
2018-08-17,1.5611253173255533
2018-08-20,1.5625937517723916
2018-08-21,1.5632378113790502
2018-08-22,1.567818087817663
2018-08-23,1.5704041764073302
2018-08-24,1.5818830934883858
2018-08-27,1.5886491369060298
2018-08-28,1.5873614171363186
2018-08-29,1.597634761978876
2018-08-30,1.5949886665117339
2018-08-31,1.5949376872065741
2018-09-04,1.5871926932606875
2018-09-05,1.573626059317587
2018-09-06,1.5670069434702272
2018-09-07,1.5601752057977043
2018-09-10,1.565094230795847
2018-09-11,1.5722588461653837
2018-09-12,1.5684993943315708
2018-09-13,1.5827866696893251
2018-09-14,1.5802622024292057
2018-09-17,1.5657906135086166
2018-09-18,1.5709178838031177
2018-09-19,1.5662613523416895
2018-09-20,1.5819010362242176
2018-09-21,1.5728883595796408
2018-09-24,1.57655355394572
2018-09-25,1.5747613752094418
2018-09-26,1.5728236024322955
2018-09-27,1.5800075113079106
2018-09-28,1.583253076165121
2018-10-01,1.5855148615210435
2018-10-02,1.5877836779361818
2018-10-03,1.584748366815405
2018-10-04,1.5625561861016601
2018-10-05,1.5463175512583371
2018-10-08,1.5346294206521303
2018-10-09,1.542280279677654
2018-10-10,1.4903654159050828
2018-10-11,1.471596771106195
2018-10-12,1.5108796515495526
2018-10-15,1.4912008752978994
2018-10-16,1.5293602327479692
2018-10-17,1.5228132459382144
2018-10-18,1.4995517654720372
2018-10-19,1.4982412653460686
2018-10-22,1.5052942387672439
2018-10-23,1.5018486957487933
2018-10-24,1.4553156338193276
2018-10-25,1.4897380654843009
2018-10-26,1.471049505800683
2018-10-29,1.4531952815403282
2018-10-30,1.4634395492669627
2018-10-31,1.4849549170280105
2018-11-01,1.4964567830748141
2018-11-02,1.4720621089554948
2018-11-05,1.473475283044416
2018-11-06,1.4797025640740356
2018-11-07,1.5100762004223296
2018-11-08,1.5090171364701337
2018-11-09,1.4952738429766976
2018-11-12,1.4644616144669604
2018-11-13,1.4653053276115489
2018-11-14,1.4530313210143442
2018-11-15,1.4792166477315956
2018-11-16,1.4788080766010863
2018-11-19,1.4349233280032612
2018-11-20,1.4093570032987912
2018-11-21,1.4182192649143412
2018-11-23,1.4075820479834416
2018-11-26,1.4338436622394406
2018-11-27,1.4365444704629973
2018-11-28,1.475270807234933
2018-11-29,1.4650967789566918
2018-11-30,1.4772994454933612
2018-12-03,1.50412842120678
2018-12-04,1.465924447337013
2018-12-06,1.469255809773146
2018-12-07,1.4285646154391933
2018-12-10,1.445656785847191
2018-12-11,1.44703624162515
2018-12-12,1.4548930463374286
2018-12-13,1.4560837756194724
2018-12-14,1.4289678571859754
2018-12-17,1.4058291900157447
2018-12-18,1.4158391167334672
2018-12-19,1.393721598438026
2018-12-20,1.3709446761346378
2018-12-21,1.3282881351456859
2018-12-24,1.2960469152319714
2018-12-26,1.3709865520087885
2018-12-27,1.380150564138772
2018-12-28,1.378257952770263
2018-12-31,1.3904762091644707
2019-01-02,1.3922688131253924
2019-01-03,1.3372206757744483
2019-01-04,1.3880202391878784
2019-01-07,1.3978801434525985
2019-01-08,1.4073923679434328
2019-01-09,1.4216628382914998
2019-01-10,1.425223072145678
2019-01-11,1.4241220211029295
2019-01-14,1.4127947785217023
2019-01-15,1.4292709978005589
2019-01-16,1.4307333030926628
2019-01-17,1.4382673513878048
2019-01-18,1.4536651174063349
2019-01-22,1.4372884118877887
2019-01-23,1.4412204982448067
2019-01-24,1.452322607447259
2019-01-25,1.4673078898219412
2019-01-28,1.4523084593674769
2019-01-29,1.4418223523979554
2019-01-30,1.4771925719154047
2019-01-31,1.4796644239728285
2019-02-01,1.4829217564560504
2019-02-04,1.4991890675043098
2019-02-05,1.5092396617992048
2019-02-06,1.5119856303846446
2019-02-07,1.5001654899433305
2019-02-08,1.5071941858145863
2019-02-11,1.5052860384320856
2019-02-12,1.5190094571562467
2019-02-13,1.5186489855259842
2019-02-14,1.5226699393129421
2019-02-15,1.5322258384030016
2019-02-19,1.5340345457699913
2019-02-20,1.533966873462888
2019-02-21,1.5289163133194232
2019-02-22,1.5431564731356373
2019-02-25,1.5452249645506673
2019-02-26,1.5493882655580111
2019-02-27,1.5432190543089344
2019-02-28,1.5387416993378447
2019-03-01,1.5414827365258004
2019-03-04,1.5408053959856503
2019-03-05,1.5384160747742273
2019-03-06,1.534098140536032
2019-03-07,1.526589840120676
2019-03-08,1.5279393773041225
2019-03-11,1.5537505863982606
2019-03-12,1.56304019740675
2019-03-13,1.5703371684469454
2019-03-14,1.5694143083908916
2019-03-15,1.581160916223147
2019-03-18,1.58588436814575
2019-03-19,1.587040021440672
2019-03-20,1.5882532411404502
2019-03-21,1.6168834888952146
2019-03-22,1.5989822652082217
2019-03-25,1.5954559074099408
2019-03-26,1.601787449889109
2019-03-27,1.5991967951680248
2019-03-28,1.6054109012489395
2019-03-29,1.6152133361390735
2019-04-01,1.6226449238396035
2019-04-02,1.6267052597443132
2019-04-03,1.629382838682264
2019-04-04,1.6280783313310188
2019-04-05,1.6341058267356425
2019-04-08,1.6359264680874526
2019-04-09,1.6316712454306637
2019-04-10,1.6401897349795014
2019-04-11,1.636177899854716
2019-04-12,1.641738979482852
2019-04-15,1.6419822057859286
2019-04-16,1.6454739139063173
2019-04-17,1.6508345626585799
2019-04-18,1.6559267406898006
2019-04-22,1.6573700372047324
2019-04-23,1.6725927975304293
2019-04-24,1.6746851500813749
2019-04-25,1.6737556920048782
2019-04-26,1.6721986103174284
2019-04-29,1.6711031615193235
2019-04-30,1.6743959068529297
2019-05-01,1.6712391310207184
2019-05-02,1.6630400453939265
2019-05-03,1.6763571711569922
2019-05-06,1.6684561670074771
2019-05-07,1.646430950576343
2019-05-08,1.6432119440809505
2019-05-09,1.6370472027995309
2019-05-10,1.6407421148285555
2019-05-13,1.6024656766479282
2019-05-14,1.62095205015766
2019-05-15,1.6356615877611724
2019-05-16,1.6462686101615875
2019-05-17,1.6373929605533537
2019-05-20,1.6183489036182568
2019-05-21,1.6318614400806006
2019-05-22,1.6286296074656765
2019-05-23,1.614019544796379
2019-05-24,1.6149531768154841
2019-05-28,1.6136735305437149
2019-05-29,1.6071974282034225
2019-05-30,1.6176938108498582
2019-05-31,1.6024448731021301
2019-06-03,1.5833725673211207
2019-06-04,1.6220331357836242
2019-06-05,1.6358424721580158
2019-06-06,1.6511775187291173
2019-06-07,1.6773014931842378
2019-06-10,1.6867608641843599
2019-06-11,1.6869595316349835
2019-06-12,1.6803982806202569
2019-06-13,1.685815506436523
2019-06-14,1.67918391316968
2019-06-17,1.6809834020056997
2019-06-18,1.702361172183688
2019-06-19,1.7069725973633414
2019-06-20,1.7263505904307328
2019-06-21,1.7112193557676887
2019-06-24,1.7163204565298402
2019-06-25,1.6955305105881602
2019-06-26,1.7060098099687484
2019-06-27,1.7122330889540245
2019-06-28,1.712505318382148
2019-07-01,1.7294903698202224
2019-07-02,1.7361920317765815
2019-07-03,1.7493263032437856
2019-07-05,1.7410106432587882
2019-07-08,1.7316216827008557
2019-07-09,1.7360608946307619
2019-07-10,1.7441798277374427
2019-07-11,1.743814350089312
2019-07-12,1.7538608417342871
2019-07-15,1.7602582264666917
2019-07-16,1.7473130421687706
2019-07-17,1.7475072655368806
2019-07-18,1.7571269678609176
2019-07-19,1.7501645728234756
2019-07-22,1.765897829119103
2019-07-23,1.7719711459092695
2019-07-24,1.7845663990478466
2019-07-25,1.7768557344666573
2019-07-26,1.781414844785072
2019-07-29,1.780520776569498
2019-07-30,1.7731232187705825
2019-07-31,1.7557640866937083
2019-08-01,1.7540787792687185
2019-08-02,1.7328082827864877
2019-08-05,1.6778381424210511
2019-08-06,1.7034129118882977
2019-08-07,1.7110448588516884
2019-08-08,1.74574183108569
2019-08-09,1.7307059095886708
2019-08-12,1.720754886686464
2019-08-13,1.7512025114058387
2019-08-14,1.72305749468828
2019-08-15,1.7247672525491724
2019-08-16,1.746950395250224
2019-08-19,1.760944379637018
2019-08-20,1.7585838930460902
2019-08-21,1.7711639651363675
2019-08-22,1.7652819085055937
2019-08-23,1.7296770355779938
2019-08-26,1.7488638563934722
2019-08-27,1.7507082029132008
2019-08-28,1.7527333072954774
2019-08-29,1.7769340870010675
2019-08-30,1.7766311217530164
2019-09-03,1.7587095241083275
2019-09-04,1.7844174679168603
2019-09-05,1.8097827489711555
2019-09-06,1.8109928120844343
2019-09-09,1.7942640526842955
2019-09-10,1.7805326408547992
2019-09-11,1.7932348046663915
2019-09-12,1.7982193409757092
2019-09-13,1.7801342786354235
2019-09-16,1.7818409764036458
2019-09-17,1.7894167108141688
2019-09-18,1.791096314261126
2019-09-19,1.7949400496272443
2019-09-20,1.7821881877784667
2019-09-23,1.7860870220137992
2019-09-24,1.7771460441914457
2019-09-25,1.7894460368705618
2019-09-26,1.7927028530802331
2019-09-27,1.7745577755193243
2019-09-30,1.790440450300553
2019-10-01,1.7766310916046755
2019-10-02,1.7479932239072336
2019-10-03,1.7687474637410123
2019-10-04,1.796138380442641
2019-10-07,1.7876851089963144
2019-10-08,1.7592415382372182
2019-10-09,1.7820907551041034
2019-10-10,1.7905569250240627
2019-10-11,1.8100637822369046
2019-10-14,1.8106881726902704
2019-10-15,1.8248781106095047
2019-10-16,1.815072254395965
2019-10-17,1.811883450281324
2019-10-18,1.7977520959498974
2019-10-21,1.811939179935786
2019-10-22,1.7935636570544995
2019-10-23,1.7953284481891103
2019-10-24,1.81609495047405
2019-10-25,1.832824105157801
2019-10-28,1.8491782716874905
2019-10-29,1.8360866556494049
2019-10-30,1.8492682782072518
2019-10-31,1.8522216321008411
2019-11-01,1.8694263875490569
2019-11-04,1.8734691577718654
2019-11-05,1.8682416922313994
2019-11-06,1.8693195210055047
2019-11-07,1.8756580183720875
2019-11-08,1.8825806494883552
2019-11-11,1.8831749690060258
2019-11-12,1.889761448331443
2019-11-13,1.89508493322956
2019-11-14,1.8969955062183697
2019-11-15,1.9091749286412907
2019-11-18,1.9141227065785562
2019-11-19,1.919753778447815
2019-11-20,1.9141837009556186
2019-11-21,1.9045367633385446
2019-11-22,1.9034780574648407
2019-11-25,1.9260736876577695
2019-11-26,1.9299413080341385
2019-11-27,1.9371216376111748
2019-11-29,1.9316145408388616
2019-12-02,1.9045048560448605
2019-12-03,1.904120768120213
2019-12-04,1.9051595057122206
2019-12-05,1.9071614869979172
2019-12-06,1.9175179454328535
2019-12-09,1.9126909800390126
2019-12-10,1.9135294988509732
2019-12-11,1.926393633095073
2019-12-12,1.9291292658757142
2019-12-13,1.9437695479991477
2019-12-16,1.9492392949124264
2019-12-17,1.9459659175384811
2019-12-18,1.9405668445399777
2019-12-19,1.9491712486047894
2019-12-20,1.9525915742196263
2019-12-23,1.954988236294934
2019-12-24,1.9572434517712511
2019-12-26,1.9678573608408747
2019-12-27,1.9684345170249247
2019-12-30,1.958520333206604
2019-12-31,1.957216388399283
2020-01-02,1.987422144345936
2020-01-03,1.9833601257896094
2020-01-06,1.9842795636222579
2020-01-07,1.9806806261550671
2020-01-08,1.9918644896953626
2020-01-09,2.0091809005573094
2020-01-10,2.0111137748838592
2020-01-13,2.024568820740183
2020-01-14,2.0223759277733095
2020-01-15,2.0283340732222075
2020-01-16,2.0434616581127916
2020-01-17,2.046533411124813
2020-01-21,2.0522405460518445
2020-01-22,2.0588729171631877
2020-01-23,2.06916167280025
2020-01-24,2.067104015581046
2020-01-27,2.041154324852235
2020-01-28,2.0587403764712255
2020-01-29,2.06863809111603
2020-01-30,2.078330777005237
2020-01-31,2.052733927353798
2020-02-03,2.0701035128674996
2020-02-04,2.099485684820011
2020-02-05,2.1030429065977043
2020-02-06,2.1179585453444107
2020-02-07,2.116483861232677
2020-02-10,2.136109000810679
2020-02-11,2.1290148260081914
2020-02-12,2.1375261446690614
2020-02-13,2.1378661554812455
2020-02-14,2.1462545665818302
2020-02-18,2.1472363410879476
2020-02-19,2.161100985029134
2020-02-20,2.1550100323616737
2020-02-21,2.131723266013202
2020-02-24,2.07376082680068
2020-02-25,2.024386671951928
2020-02-26,2.0298604158524003
2020-02-27,1.9436261908378416
2020-02-28,1.959714737450459
2020-03-02,2.0674317054805167
2020-03-03,1.997854632553746
2020-03-04,2.078139149407441
2020-03-05,2.024017785155709
2020-03-06,1.986794002255897
2020-03-09,1.8447896079620387
2020-03-10,1.965987729565117
2020-03-11,1.873588589788535
2020-03-12,1.6924788389700516
2020-03-13,1.8907978858055576
2020-03-16,1.6323147357081753
2020-03-17,1.743329503437712
2020-03-18,1.6776158055529384
2020-03-19,1.6837200260573106
2020-03-20,1.606799243118456
2020-03-23,1.5840291311221157
2020-03-24,1.7456809342530473
2020-03-25,1.7434282504972993
2020-03-26,1.8511842816481399
2020-03-27,1.7678770562772517
2020-03-30,1.8421896067560235
2020-03-31,1.807845612837583
2020-04-01,1.7223203739519577
2020-04-02,1.7624800024671452
2020-04-03,1.7354852922549597
2020-04-06,1.8815054947496614
2020-04-07,1.8646155265410753
2020-04-08,1.9138489423189564
2020-04-09,1.9143946851401263
2020-04-13,1.9180315367417728
2020-04-14,1.9952207340034378
2020-04-15,1.9573715190822092
2020-04-16,1.981037528785914
2020-04-17,2.002840622261024
2020-04-20,1.9778504622230937
2020-04-21,1.909861878215418
2020-04-22,1.9699242645600423
2020-04-23,1.9569640374563346
2020-04-24,1.9973125558360105
2020-04-27,2.011456461062576
2020-04-28,1.9886283136964547
2020-04-29,2.065634561841936
2020-04-30,2.055586944222003
2020-05-01,2.0016098221963974
2020-05-04,2.027306857339722
2020-05-05,2.0539943947559482
2020-05-06,2.0676753965569805
2020-05-07,2.098822021398956
2020-05-08,2.126209623123007
2020-05-11,2.137032672605479
2020-05-12,2.1004884555952064
2020-05-13,2.068128423683413
2020-05-14,2.0942657280189687
2020-05-15,2.104111957457889
2020-05-18,2.1505125878055753
2020-05-19,2.1435433457365773
2020-05-20,2.1883197217876353
2020-05-21,2.1603647155901378
2020-05-22,2.1685116236089623
2020-05-26,2.1646695412744354
2020-05-27,2.1760651579677974
2020-05-28,2.171446672628266
2020-05-29,2.1977130378901766
2020-06-01,2.195583486861816
2020-06-02,2.213715136325958
2020-06-03,2.22590071631582
2020-06-04,2.2060446309840067
2020-06-05,2.2542151500596432
2020-06-08,2.2655750058667836
2020-06-09,2.2776159667716063
2020-06-10,2.314210342426599
2020-06-11,2.20184926411129
2020-06-12,2.223528259805538
2020-06-15,2.242213521313735
2020-06-16,2.278940900416941
2020-06-17,2.279345108837358
2020-06-18,2.29098251393783
2020-06-19,2.2760563977420016
2020-06-22,2.3092331979531417
2020-06-23,2.323482195091004
2020-06-24,2.27555212982093
2020-06-25,2.3025863322192817
2020-06-26,2.261565169410896
2020-06-29,2.2833503187552626
2020-06-30,2.3175706144337047
2020-07-01,2.3210321667735614
2020-07-02,2.3332575938366564
2020-07-06,2.3682171322761953
2020-07-07,2.3496177202971973
2020-07-08,2.3806604460536867
2020-07-09,2.390957109352373
2020-07-10,2.3907491090887496
2020-07-13,2.3512436802434697
2020-07-14,2.3746592754261764
2020-07-15,2.38460244139044
2020-07-16,2.3625629057625157
2020-07-17,2.371869080946916
2020-07-20,2.423503076883556
2020-07-21,2.40283031773755
2020-07-22,2.420647584924267
2020-07-23,2.3691449083466916
2020-07-24,2.342741099008194
2020-07-27,2.376161106363576
2020-07-28,2.3521468361886946
2020-07-29,2.383187999774571
2020-07-30,2.3963689177106695
2020-07-31,2.450481297219787
2020-08-03,2.5006942234112857
2020-08-04,2.509264974042578
2020-08-05,2.512510006234716
2020-08-06,2.5419670203783165
2020-08-07,2.5111356728666747
2020-08-10,2.5038618287879966
2020-08-11,2.4635394998335216
2020-08-12,2.507163381564888
2020-08-13,2.502735432075865
2020-08-14,2.4994887995834643
2020-08-17,2.5135552178024017
2020-08-18,2.5247398852760594
2020-08-19,2.5199571293065124
2020-08-20,2.551840753044029
2020-08-21,2.5820057409624213
2020-08-24,2.601442590526542
2020-08-25,2.6103044497572183
2020-08-26,2.653283567106513
2020-08-27,2.6499780978344103
2020-08-28,2.6707408723216575
2020-08-31,2.679827614997238
2020-09-01,2.726788849859482
2020-09-02,2.751728732206699
2020-09-03,2.626736112099192
2020-09-04,2.5900489170148524
2020-09-08,2.4829111759617835
2020-09-09,2.548194926059167
2020-09-10,2.5054722453361156
2020-09-11,2.4934159062186656
2020-09-14,2.5311312239940675
2020-09-15,2.5469283797915443
2020-09-16,2.5179919442473864
2020-09-17,2.504879034220407
2020-09-18,2.471751205921451
2020-09-21,2.4834278172393844
2020-09-22,2.5106992572089926
2020-09-23,2.456595447397019
2020-09-24,2.469069116706139
2020-09-25,2.5132912697103893
2020-09-28,2.5473676658024274
2020-09-29,2.541461552729622
2020-09-30,2.5514927560584915
2020-10-01,2.571448350846456
2020-10-02,2.521277894157634
2020-10-05,2.5527312511822906
2020-10-06,2.52494583356359
2020-10-07,2.5581510643732037
2020-10-08,2.5718457060007998
2020-10-09,2.6016309138443443
2020-10-12,2.6572990991000016
2020-10-13,2.6439285840902946
2020-10-14,2.6322792139711524
2020-10-15,2.6213215582662936
2020-10-16,2.613881617433753
2020-10-19,2.5705629733573816
2020-10-20,2.576648370420664
2020-10-21,2.572371538166755
2020-10-22,2.559378531673703
2020-10-23,2.5580512389524417
2020-10-26,2.5086570962691925
2020-10-27,2.521450404377307
2020-10-28,2.4300171516758757
2020-10-29,2.465842448971689
2020-10-30,2.41445948412694
2020-11-02,2.421437689035171
2020-11-03,2.458115469395957
2020-11-04,2.548475890731754
2020-11-05,2.6131761465539274
2020-11-06,2.6146071848885764
2020-11-09,2.590584723320987
2020-11-10,2.549905865696198
2020-11-11,2.5985727405569294
2020-11-12,2.589847400213763
2020-11-13,2.6079424050729734
2020-11-16,2.627335969824517
2020-11-17,2.619527876873979
2020-11-18,2.5994648264418467
2020-11-19,2.61843732450175
2020-11-20,2.6026118760059704
2020-11-23,2.6003434256261073
2020-11-24,2.623459062400062
2020-11-25,2.6250628604357202
2020-11-27,2.6416748116559607
2020-11-30,2.651866465915329
2020-12-01,2.6644596896992123
2020-12-02,2.656452147192542
2020-12-03,2.661697711409396
2020-12-04,2.66900532144769
2020-12-07,2.6802709123399775
2020-12-08,2.690068797552654
2020-12-09,2.6544831490797116
2020-12-10,2.6629151328749003
2020-12-11,2.661455819709695
2020-12-14,2.66840377686246
2020-12-15,2.707133668675111
2020-12-16,2.722449404469305
2020-12-17,2.7401092382138046
2020-12-18,2.7303699452878067
2020-12-21,2.7286983734384593
2020-12-22,2.7485680167837914
2020-12-23,2.729657330390628
2020-12-24,2.7452420071541264
2020-12-28,2.7667124862313663
2020-12-29,2.7575612101496962
2020-12-30,2.7584901207813157
2020-12-31,2.763235887826537
2021-01-04,2.7328570976506845
2021-01-05,2.741783407001119
2021-01-06,2.6949880486757927
2021-01-07,2.7459161797421148
2021-01-08,2.7572006707411663
2021-01-11,2.7396251991731937
2021-01-12,2.728986359268154
2021-01-13,2.748620443875964
2021-01-14,2.7247291348382503
2021-01-15,2.7043722040263978
2021-01-19,2.735039208353348
2021-01-20,2.778919202941916
2021-01-21,2.802369462086163
2021-01-22,2.7956616764932734
2021-01-25,2.820455533794225
2021-01-26,2.82095004338754
2021-01-27,2.7777201502411155
2021-01-28,2.7869957349749495
2021-01-29,2.727557433740654
2021-02-01,2.787763610679521
2021-02-02,2.8186917125785635
2021-02-03,2.8071137644924793
2021-02-04,2.842566053249402
2021-02-05,2.8342782776681914
2021-02-08,2.8606591934676757
2021-02-09,2.858282300360773
2021-02-10,2.858053734622814
2021-02-11,2.882007378231546
2021-02-12,2.8902497603536035
2021-02-16,2.8756093361519035
2021-02-17,2.8584221723560646
2021-02-18,2.84491273939002
2021-02-19,2.836053656284977
2021-02-22,2.781986634132249
2021-02-23,2.77477125180923
2021-02-24,2.808320570091617
2021-02-25,2.7196387610112254
2021-02-26,2.749215865884547
2021-03-01,2.816802931480604
2021-03-02,2.7822427178427587
2021-03-03,2.721077014946404
2021-03-04,2.668093404142606
2021-03-05,2.7122488166146606
2021-03-08,2.6557522899123938
2021-03-09,2.7362189381608517
2021-03-10,2.7293988245523804
2021-03-11,2.770256789731722
2021-03-12,2.743652337667772
2021-03-15,2.7694522096950718
2021-03-16,2.7819580203585983
2021-03-17,2.7764577940090978
2021-03-18,2.7121501471476215
2021-03-19,2.7088949228665595
2021-03-22,2.751429873711264
2021-03-23,2.744011170969441
2021-03-24,2.7230785103060455
2021-03-25,2.7178366916516863
2021-03-26,2.76674965457925
2021-03-29,2.751047986915582
2021-03-30,2.7348908582088014
2021-03-31,2.762577191916874
2021-04-01,2.8134242323473027
2021-04-05,2.8523872605132934
2021-04-06,2.845529466302671
2021-04-07,2.8561973521680266
2021-04-08,2.8942110070820566
2021-04-09,2.916733606557318
2021-04-12,2.905387372551851
2021-04-13,2.9308476330048743
2021-04-14,2.9049078240093986
2021-04-15,2.9535639492623273
2021-04-16,2.949278433636841
2021-04-19,2.9286373484171158
2021-04-20,2.9095262214151614
2021-04-21,2.9357777570867523
2021-04-22,2.9082261334816724
2021-04-23,2.9456304873109813
2021-04-26,2.9580079599260265
2021-04-27,2.9490786726739118
2021-04-28,2.925486466907375
2021-04-29,2.9229985691876017
2021-04-30,2.8894949543421036
2021-05-03,2.882455692907063
2021-05-04,2.840652329336259
2021-05-05,2.8352488961606235
2021-05-06,2.8607140800628836
2021-05-07,2.879882164059651
2021-05-10,2.8153815084825458
2021-05-11,2.8043614221038404
2021-05-12,2.7340891683282775
2021-05-13,2.765905193296702
2021-05-14,2.8197989279809654
2021-05-17,2.803156203763975
2021-05-18,2.7838664985784636
2021-05-19,2.790011478595565
2021-05-20,2.8369292266312964
2021-05-21,2.826287789812947
2021-05-24,2.8687566090596524
2021-05-25,2.873774813565308
2021-05-26,2.873002246293554
2021-05-27,2.8595022976813715
2021-05-28,2.866223956301368
2021-06-01,2.8550989072913957
2021-06-02,2.8709300768652595
2021-06-03,2.848865884847032
2021-06-04,2.8985508145867755
2021-06-07,2.895970837530525
2021-06-08,2.900628739854101
2021-06-09,2.9074671489015698
2021-06-10,2.9276227724199764
2021-06-11,2.938673568386764
2021-06-14,2.9533251720190883
2021-06-15,2.939463185239457
2021-06-16,2.9265607155425255
2021-06-17,2.960279052446822
2021-06-18,2.9498090532474412
2021-06-21,2.967968366955437
2021-06-22,2.9912162139539764
2021-06-23,2.9872330918833705
2021-06-24,3.0037162398068475
2021-06-25,2.9960146863180923
2021-06-28,3.025809531466908
2021-06-29,3.044069660292002
2021-06-30,3.0436309740403584
2021-07-01,3.0483139525437575
2021-07-02,3.084630649436873
2021-07-06,3.0989591850255116
2021-07-07,3.1170996268715916
2021-07-08,3.0942042404676964
2021-07-09,3.111373063761446
2021-07-12,3.1131556769095763
2021-07-13,3.117577909052159
2021-07-14,3.1417568514327563
2021-07-15,3.1273511263603457
2021-07-16,3.1006525713736526
2021-07-19,3.0721467609719006
2021-07-20,3.1102987669971007
2021-07-21,3.1323696191126658
2021-07-22,3.1557065796512163
2021-07-23,3.17996306047129
2021-07-26,3.1775144472909074
2021-07-27,3.1578862987445957
2021-07-28,3.1546468054619323
2021-07-29,3.1639355184430227
2021-07-30,3.1642511106774815
2021-08-02,3.1593581935091595
2021-08-03,3.177156167096347
2021-08-04,3.182635302696413
2021-08-05,3.1945159287039604
2021-08-06,3.1831007452533493
2021-08-09,3.173040872261853
2021-08-10,3.1528999264141437
2021-08-11,3.1532800034763944
2021-08-12,3.1665014091762487
2021-08-13,3.1896807523741573
2021-08-16,3.2019158825883656
2021-08-17,3.182158242222986
2021-08-18,3.1483017505741016
2021-08-19,3.1775402133520725
2021-08-20,3.2133390283540377
2021-08-23,3.247010504951358
2021-08-24,3.2394232265630967
2021-08-25,3.2327965926809212
2021-08-26,3.2199294555287734
2021-08-27,3.249037648243032
2021-08-30,3.276874866368523
2021-08-31,3.2592750303934714
2021-09-01,3.2602548281711834
2021-09-02,3.2625181991439516
2021-09-03,3.2632926337808983
2021-09-07,3.2557969661608945
2021-09-08,3.2508282127525168
2021-09-09,3.24986438787531
2021-09-10,3.2188350215287516
2021-09-13,3.2226092384719003
2021-09-14,3.224406206368325
2021-09-15,3.2466252395274333
2021-09-16,3.2455973831847102
2021-09-17,3.2009029348634743
2021-09-20,3.1498949272435013
2021-09-21,3.150758338839514
2021-09-22,3.1915589516642466
2021-09-23,3.2217794495510055
2021-09-24,3.2188317309517704
2021-09-27,3.1924897352534907
2021-09-28,3.1065331626066057
2021-09-29,3.1043871459298056
2021-09-30,3.085654209322699
