date,2021_11_25__15_25_56_daily_lr_0.0001_epoch_30000_metric_sortino
2015-04-02,0.9964779328314477
2015-04-06,1.000014082123291
2015-04-07,1.0067788786236032
2015-04-08,1.0041257579635714
2015-04-09,1.007488020633098
2015-04-10,1.011930973397034
2015-04-13,1.0174329200986398
2015-04-14,1.0128315766015739
2015-04-15,1.0147689806517999
2015-04-16,1.0193225547550095
2015-04-17,1.0190317209807656
2015-04-20,1.0074024666203807
2015-04-21,1.0164285605821337
2015-04-22,1.0151722052033574
2015-04-23,1.0195731107044592
2015-04-24,1.0222427952755957
2015-04-27,1.0250967829405324
2015-04-28,1.0218273144863852
2015-04-29,1.0204688582956571
2015-04-30,1.0135778134042974
2015-05-01,1.0034595881094295
2015-05-04,1.0143251923166388
2015-05-05,1.0172126301485773
2015-05-06,1.0055659511284272
2015-05-07,1.0014255545787083
2015-05-08,1.0054211469695467
2015-05-11,1.0186586581454575
2015-05-12,1.013772709656643
2015-05-13,1.010764050206327
2015-05-14,1.01095674660628
2015-05-15,1.0214990435671105
2015-05-18,1.0226054165729859
2015-05-19,1.0257824668814481
2015-05-20,1.025443285516458
2015-05-21,1.0247217002048352
2015-05-22,1.0277095788248582
2015-05-26,1.0252554600729855
2015-05-27,1.0142326258776
2015-05-28,1.0238651175260423
2015-05-29,1.0227088252073446
2015-06-01,1.0163544906082005
2015-06-02,1.0184159258756906
2015-06-03,1.0174045870565425
2015-06-04,1.0200983629184237
2015-06-05,1.0114816976276901
2015-06-08,1.0097516566554186
2015-06-09,1.003540324646941
2015-06-10,1.0033915196694274
2015-06-11,1.0154260751773079
2015-06-12,1.0186974089118916
2015-06-15,1.0109021030287204
2015-06-16,1.0065692388689642
2015-06-17,1.0120574822926152
2015-06-18,1.0136573533479347
2015-06-19,1.0241965451612842
2015-06-22,1.0147139763680182
2015-06-23,1.019932407935519
2015-06-24,1.0206541614864348
2015-06-25,1.013246854586464
2015-06-26,1.0101671103127539
2015-06-29,1.0099481917982183
2015-06-30,0.9887687287632497
2015-07-01,0.9905641278487581
2015-07-02,0.9982088515328373
2015-07-06,0.997762265153373
2015-07-07,0.9946908610696239
2015-07-08,0.9991488902999698
2015-07-09,0.982500767642639
2015-07-10,0.9827281960559511
2015-07-13,0.9966339270390526
2015-07-14,1.0094007067008244
2015-07-15,1.0134639186758767
2015-07-16,1.0135357198165877
2015-07-17,1.024623812602107
2015-07-20,1.0307055079649994
2015-07-21,1.0334618115893688
2015-07-22,1.02817480423808
2015-07-23,1.016544818498268
2015-07-24,1.014205281100819
2015-07-27,1.0083714939458444
2015-07-28,0.9995834310603857
2015-07-29,1.0086330848816452
2015-07-30,1.0153000431609525
2015-07-31,1.017204658633388
2015-08-03,1.0138716301134088
2015-08-04,1.0083958725056463
2015-08-05,1.0024433067091234
2015-08-06,1.0122053737290986
2015-08-07,1.002205007636034
2015-08-10,1.0029194601459464
2015-08-11,1.0186201292335821
2015-08-12,1.0033885301476324
2015-08-13,1.0049822254956522
2015-08-14,1.0036209253675594
2015-08-17,1.0073437494054749
2015-08-18,1.0129877387226658
2015-08-19,1.0077637398377912
2015-08-20,1.001115093711126
2015-08-21,0.9766576365592604
2015-08-24,0.9393829143486059
2015-08-25,0.902053992545087
2015-08-26,0.8875623052651657
2015-08-27,0.8704292759670368
2015-08-28,0.8709289893215655
2015-08-31,0.8734989437162848
2015-09-01,0.8667885072411843
2015-09-02,0.8711431521877959
2015-09-03,0.8636474518698827
2015-09-04,0.8678593215723395
2015-09-08,0.8757833476227246
2015-09-09,0.8628621880270518
2015-09-10,0.8670026701074334
2015-09-11,0.87132768254352
2015-09-14,0.8767239900488948
2015-09-15,0.878096241124843
2015-09-16,0.861268109509274
2015-09-17,0.8580180411715032
2015-09-18,0.8684904835932092
2015-09-21,0.8818518756484894
2015-09-22,0.8674793512214641
2015-09-23,0.8795407159416369
2015-09-24,0.8794684922007978
2015-09-25,0.8854630626904645
2015-09-28,0.8778073461614938
2015-09-29,0.8928298842560846
2015-09-30,0.8953577151854646
2015-10-01,0.89225209432985
2015-10-02,0.8942021354378318
2015-10-05,0.8996189160467692
2015-10-06,0.8874131038429238
2015-10-07,0.8912409755141874
2015-10-08,0.8985406563123297
2015-10-09,0.9066514562641487
2015-10-12,0.9071921762305768
2015-10-13,0.9080483038614847
2015-10-14,0.9095959878486565
2015-10-15,0.9175555054869987
2015-10-16,0.9130598520064339
2015-10-19,0.913354623923617
2015-10-20,0.913803811559931
2015-10-21,0.9081847378198026
2015-10-22,0.917205216368858
2015-10-23,0.9187579216931663
2015-10-26,0.9109204567265768
2015-10-27,0.9169833557167948
2015-10-28,0.9168570747313454
2015-10-29,0.9131699169908183
2015-10-30,0.912257933751328
2015-11-02,0.9191451592521704
2015-11-03,0.930008767506972
2015-11-04,0.9327052239235141
2015-11-05,0.9298761295156854
2015-11-06,0.9289478179879536
2015-11-09,0.9284615231069454
2015-11-10,0.923136550796272
2015-11-11,0.9256914344422079
2015-11-12,0.9221700395477657
2015-11-13,0.9093144939680687
2015-11-16,0.9145105778554766
2015-11-17,0.9136700350544275
2015-11-18,0.9151982947337218
2015-11-19,0.9171086193294173
2015-11-20,0.9232216580500414
2015-11-23,0.9203943777273359
2015-11-24,0.9232216581093259
2015-11-25,0.9231452451486282
2015-11-27,0.9252848086823949
2015-11-30,0.9243678529047907
2015-12-01,0.928035676099178
2015-12-02,0.9385806677603742
2015-12-03,0.9388863197227723
2015-12-04,0.9133643835293822
2015-12-07,0.9213877469517953
2015-12-08,0.9303280671970962
2015-12-09,0.9307865458179921
2015-12-10,0.9297931779603007
2015-12-11,0.9310158139176768
2015-12-14,0.9456871079516886
2015-12-15,0.9334610357488655
2015-12-16,0.9279593082843763
2015-12-17,0.9259725767042354
2015-12-18,0.9364411646502762
2015-12-21,0.9416372763577568
2015-12-22,0.941408062586295
2015-12-23,0.9346072647661632
2015-12-24,0.9275772628700032
2015-12-28,0.930939434823495
2015-12-29,0.9336902591423993
2015-12-30,0.9181783978572501
2015-12-31,0.9172568866735619
2016-01-04,0.9213831745812918
2016-01-05,0.9099588139429007
2016-01-06,0.9092196042618464
2016-01-07,0.8990008489824758
2016-01-08,0.9002814358857871
2016-01-11,0.8919017697159234
2016-01-12,0.8909529041408637
2016-01-13,0.8981481039687006
2016-01-14,0.8984073359177095
2016-01-15,0.9131052069527372
2016-01-19,0.8939589218672174
2016-01-20,0.8950751252301976
2016-01-21,0.8836166839189652
2016-01-22,0.8885658395437778
2016-01-25,0.9065741306600975
2016-01-26,0.8928787920844009
2016-01-27,0.9050314911602121
2016-01-28,0.8968149267869777
2016-01-29,0.901471551623716
2016-02-01,0.9231544668544871
2016-02-02,0.9228560117305492
2016-02-03,0.9129533816430927
2016-02-04,0.9180331130802517
2016-02-05,0.9194815735403159
2016-02-08,0.9017361454524013
2016-02-09,0.8896678700425209
2016-02-10,0.8893086320076363
2016-02-11,0.8891295135120812
2016-02-12,0.8791315059724966
2016-02-16,0.8964771696272881
2016-02-17,0.9116611215314822
2016-02-18,0.9275265041521477
2016-02-19,0.9238248091387805
2016-02-22,0.9242972276567883
2016-02-23,0.9365910309715302
2016-02-24,0.9247583144750745
2016-02-25,0.9289903154922874
2016-02-26,0.9402420043784139
2016-02-29,0.9378024758667828
2016-03-01,0.9308835359722842
2016-03-02,0.9567788757352841
2016-03-03,0.9600313976388051
2016-03-04,0.9605403788533486
2016-03-07,0.9632364107460738
2016-03-08,0.9595517387875996
2016-03-09,0.9507885115099138
2016-03-10,0.9568953812423581
2016-03-11,0.9573667969576092
2016-03-14,0.9727132274764928
2016-03-15,0.9720652000300897
2016-03-16,0.9717420771020212
2016-03-17,0.9787147375232741
2016-03-18,0.9843198853258569
2016-03-21,0.9823891732169161
2016-03-22,0.9840175098096835
2016-03-23,0.9835583889294361
2016-03-24,0.9770890647747137
2016-03-28,0.9768303787297717
2016-03-29,0.9772182364484752
2016-03-30,0.9867298604097564
2016-03-31,0.9911696969661841
2016-04-01,0.9887836380503164
2016-04-04,0.9955252689404743
2016-04-05,0.9922993742973693
2016-04-06,0.9823962497338536
2016-04-07,0.9930868150643017
2016-04-08,0.9811336946890272
2016-04-11,0.9836714740473831
2016-04-12,0.9813614260537022
2016-04-13,0.9904812723513525
2016-04-14,1.0004910518563932
2016-04-15,1.000532565712644
2016-04-18,0.9993961219764306
2016-04-19,1.0063325753462322
2016-04-20,1.0092248702867859
2016-04-21,1.010218863082085
2016-04-22,1.0048337420017026
2016-04-25,1.0044957926149405
2016-04-26,1.0027679934704343
2016-04-27,1.0041428811020723
2016-04-28,1.0062096956319087
2016-04-29,0.9970161425679366
2016-05-02,0.991596961848575
2016-05-03,0.9994390481307683
2016-05-04,0.9907423415435535
2016-05-05,0.985297048090694
2016-05-06,0.985130447044693
2016-05-09,0.9888280233189992
2016-05-10,0.9896218966414435
2016-05-11,1.0019364408988127
2016-05-12,0.9925994645593207
2016-05-13,0.9927366036928621
2016-05-16,0.9843382494678363
2016-05-17,0.994149863891691
2016-05-18,0.9849046211811672
2016-05-19,0.9851464067640399
2016-05-20,0.9817250023862832
2016-05-23,0.9879815930925001
2016-05-24,0.9866457975071365
2016-05-25,0.9994351602684604
2016-05-26,1.0061678874924391
2016-05-27,1.006476350400756
2016-05-31,1.0108001878447253
2016-06-01,1.0089064211916796
2016-06-02,1.010940498213781
2016-06-03,1.0140128913804527
2016-06-06,1.0109867428511918
2016-06-07,1.0161268087841309
2016-06-08,1.0177149425051943
2016-06-09,1.0210320399224713
2016-06-10,1.0196385352612138
2016-06-13,1.0099757941856546
2016-06-14,1.0021821682727123
2016-06-15,1.0002155950525409
2016-06-16,0.9988212565293699
2016-06-17,1.0018018866797898
2016-06-20,0.9929071514675212
2016-06-21,0.9993014859969931
2016-06-22,1.002138251258352
2016-06-23,1.000503536805423
2016-06-24,1.0135325572720908
2016-06-27,0.9766174656511915
2016-06-28,0.9569835239683022
2016-06-29,0.9759245451099233
2016-06-30,0.9909387708291937
2016-07-01,1.0017952124356662
2016-07-05,1.004105096609369
2016-07-06,0.9967134810857312
2016-07-07,1.0036431251681608
2016-07-08,1.0036431276273652
2016-07-11,1.0193503159432415
2016-07-12,1.0253560056499256
2016-07-13,1.033671575901026
2016-07-14,1.03390256398127
2016-07-15,1.0406012177861885
2016-07-18,1.0396772656802458
2016-07-19,1.046606907581598
2016-07-20,1.044297026993219
2016-07-21,1.0579253226632666
2016-07-22,1.0523816091923999
2016-07-25,1.0586182868662424
2016-07-26,1.0572323585163874
2016-07-27,1.0595422391747842
2016-07-28,1.068319848301689
2016-07-29,1.0690128677221606
2016-08-01,1.0729396723648423
2016-08-02,1.0728842676824264
2016-08-03,1.0648167498331638
2016-08-04,1.068505242730987
2016-08-05,1.0742737336191321
2016-08-08,1.084570557621005
2016-08-09,1.0843692375887741
2016-08-10,1.0877414983233458
2016-08-11,1.0842952165570565
2016-08-12,1.0882514791702784
2016-08-15,1.0969460472608312
2016-08-16,1.0866095913057632
2016-08-17,1.0837121769147704
2016-08-18,1.0902117891950063
2016-08-19,1.0919345797687856
2016-08-22,1.0862180547923002
2016-08-23,1.0953801564728363
2016-08-24,1.0965547848934176
2016-08-25,1.0939706023681384
2016-08-26,1.0898202486154176
2016-08-29,1.0834772551442784
2016-08-30,1.0979643389981157
2016-08-31,1.0937356766840227
2016-09-01,1.0953018479114647
2016-09-02,1.094518762297744
2016-09-06,1.0855915863013252
2016-09-07,1.0935007509999064
2016-09-08,1.0927176653861856
2016-09-09,1.0790136671460695
2016-09-12,1.0612376237146046
2016-09-13,1.061785783644209
2016-09-14,1.049726265192907
2016-09-15,1.0512924364203486
2016-09-16,1.0467505398607673
2016-09-19,1.0552078644889535
2016-09-20,1.0517622877885815
2016-09-21,1.0554427901730699
2016-09-22,1.0639784233626282
2016-09-23,1.0724357479908142
2016-09-26,1.0714177366929771
2016-09-27,1.0782305815323492
2016-09-28,1.0861397462309308
2016-09-29,1.0837904893897685
2016-09-30,1.0865312890377936
2016-10-03,1.0768210274277097
2016-10-04,1.071339428131664
2016-10-05,1.0588100583121298
2016-10-06,1.0538766189456878
2016-10-07,1.0480034768427806
2016-10-10,1.0487082538951293
2016-10-11,1.0425218775467338
2016-10-12,1.040172620705571
2016-10-13,1.0411906320034083
2016-10-14,1.0451060600720135
2016-10-17,1.0304623590954314
2016-10-18,1.0370402782506878
2016-10-19,1.0404075463896882
2016-10-20,1.0412689405647815
2016-10-21,1.042365260423991
2016-10-24,1.0439314316514328
2016-10-25,1.039389535091851
2016-10-26,1.0421303347400028
2016-10-27,1.0350825642165138
2016-10-28,1.0238061313789313
2016-10-31,1.0215351830991402
2016-11-01,1.0277998680089087
2016-11-02,1.0259204625359781
2016-11-03,1.0303840505341884
2016-11-04,1.0224748858356054
2016-11-07,1.0316369875161506
2016-11-08,1.0228664286424745
2016-11-09,1.0187160748897528
2016-11-10,0.9754897490123492
2016-11-11,0.9610809737198815
2016-11-14,0.9556776829852062
2016-11-15,0.9499611580050541
2016-11-16,0.9546596716873805
2016-11-17,0.963273613438313
2016-11-18,0.9490997638299611
2016-11-21,0.9463589641819372
2016-11-22,0.9487082210231006
2016-11-23,0.9483949867776181
2016-11-25,0.944714484393129
2016-11-28,0.9461240384978268
2016-11-29,0.9530935004599446
2016-11-30,0.9570872370899223
2016-12-01,0.9415821419382445
2016-12-02,0.9297575491710561
2016-12-05,0.9365703940104301
2016-12-06,0.9355523827125928
2016-12-07,0.9348476056602514
2016-12-08,0.9428350789202067
2016-12-09,0.9317152632058191
2016-12-12,0.9201255979179681
2016-12-13,0.9218477309143411
2016-12-14,0.9251367472692845
2016-12-15,0.917453807176148
2016-12-16,0.9220874168891773
2016-12-19,0.9158060354338559
2016-12-20,0.9187550877070693
2016-12-21,0.9222992753138414
2016-12-22,0.9197332714454453
2016-12-23,0.9178529713546543
2016-12-27,0.9187910406381965
2016-12-28,0.922543465092311
2016-12-29,0.9142880457879359
2016-12-30,0.9144756786738953
2017-01-03,0.9073459661697685
2017-01-04,0.9154137896389417
2017-01-05,0.918603426180822
2017-01-06,0.9201045160171785
2017-01-09,0.926858594639816
2017-01-10,0.9266711649375419
2017-01-11,0.9268587499409129
2017-01-12,0.9311740507967363
2017-01-13,0.9289226154021277
2017-01-17,0.9317359492466589
2017-01-18,0.9281725627498564
2017-01-19,0.9306084597240498
2017-01-20,0.928662574187646
2017-01-23,0.9337138010322311
2017-01-24,0.9355392928653492
2017-01-25,0.941307948943937
2017-01-26,0.9502591178086405
2017-01-27,0.9476363325181986
2017-01-30,0.9513862876319075
2017-01-31,0.9436989170564271
2017-02-01,0.9390119944770359
2017-02-02,0.9461364861708743
2017-02-03,0.9442614796898965
2017-02-06,0.9504489915721303
2017-02-07,0.9510121276422122
2017-02-08,0.954762652653271
2017-02-09,0.9564513922449368
2017-02-10,0.9594499081597302
2017-02-13,0.9622618715497179
2017-02-14,0.9665733587125397
2017-02-15,0.9697596408457064
2017-02-16,0.9729416985340821
2017-02-17,0.9753139689267989
2017-02-21,0.9787003871001146
2017-02-22,0.983741535857203
2017-02-23,0.984866701297501
2017-02-24,0.9846793265911415
2017-02-27,0.9869299743093084
2017-02-28,0.9863671475062015
2017-03-01,0.981680639525657
2017-03-02,0.9955495256125371
2017-03-03,0.9889863740672149
2017-03-06,0.9912366422152544
2017-03-07,0.9897364359995388
2017-03-08,0.9897363761590998
2017-03-09,0.9908614908519864
2017-03-10,0.9906739319838295
2017-03-13,0.9959244687245861
2017-03-14,0.9925185542366471
2017-03-15,0.9956741613505763
2017-03-16,1.006552536174051
2017-03-17,1.001801624138526
2017-03-20,1.0078393022051726
2017-03-21,1.0120520485168298
2017-03-22,1.0183062897220458
2017-03-23,1.0232914499947205
2017-03-24,1.020944107971528
2017-03-27,1.0223775943069682
2017-03-28,1.0251326309344115
2017-03-29,1.0252368974594461
2017-03-30,1.0294415833350963
2017-03-31,1.0290976646558279
2017-04-03,1.0280691002096831
2017-04-04,1.0321330097975157
2017-04-05,1.0305668698524573
2017-04-06,1.0326940692338014
2017-04-07,1.0312879031565134
2017-04-10,1.0272863165223591
2017-04-11,1.0318501991791862
2017-04-12,1.0416290588914754
2017-04-13,1.0473286931918848
2017-04-17,1.0505596450378036
2017-04-18,1.047334256006918
2017-04-19,1.0610056701591961
2017-04-20,1.0552246555452294
2017-04-21,1.0511547891963824
2017-04-24,1.0510688155010837
2017-04-25,1.047334627613919
2017-04-26,1.0527854398209107
2017-04-27,1.0516174086644348
2017-04-28,1.0559001897061036
2017-05-01,1.058625595913406
2017-05-02,1.0666071423736143
2017-05-03,1.0689432048209313
2017-05-04,1.0669964862485553
2017-05-05,1.0662177988534938
2017-05-08,1.0701112363844267
2017-05-09,1.0747833611443498
2017-05-10,1.0761460647333385
2017-05-11,1.080234173879395
2017-05-12,1.0788714708307094
2017-05-15,1.0815968770790012
2017-05-16,1.0876317065834367
2017-05-17,1.0926931752889453
2017-05-18,1.0629083825024146
2017-05-19,1.0691378821800843
2017-05-22,1.0753673818577552
2017-05-23,1.0839329292023299
2017-05-24,1.085879689520261
2017-05-25,1.0903578483116427
2017-05-26,1.0981373492373299
2017-05-30,1.097555463692799
2017-05-31,1.1022443509059638
2017-06-01,1.100576742014178
2017-06-02,1.1033022309662732
2017-06-05,1.1143202864905313
2017-06-06,1.1077432300206012
2017-06-07,1.1136774654649546
2017-06-08,1.1156342323149941
2017-06-09,1.1180760266493686
2017-06-12,1.1163675600229739
2017-06-13,1.1160086260289575
2017-06-14,1.116188095355597
2017-06-15,1.1334181779420813
2017-06-16,1.1316233762464232
2017-06-19,1.133866881046821
2017-06-20,1.1322516217495902
2017-06-21,1.1423922728998548
2017-06-22,1.14472575716387
2017-06-23,1.147238493522119
2017-06-26,1.146700011253911
2017-06-27,1.1510073932881644
2017-06-28,1.1387012570315895
2017-06-29,1.152953738713525
2017-06-30,1.132922480944536
2017-07-03,1.1318882389513478
2017-07-05,1.124113790475479
2017-07-06,1.1352844554034687
2017-07-07,1.1249411254688548
2017-07-10,1.137973744708839
2017-07-11,1.1462483665416539
2017-07-12,1.1487307028924698
2017-07-13,1.163625075785163
2017-07-14,1.165900526956236
2017-07-17,1.1762439147945631
2017-07-18,1.1764508059926841
2017-07-19,1.18182939611421
2017-07-20,1.1878285340556056
2017-07-21,1.1903109620763537
2017-07-24,1.1888629107521547
2017-07-25,1.1917590445762942
2017-07-26,1.1894835109102757
2017-07-27,1.1940345794166696
2017-07-28,1.1894835125669498
2017-07-31,1.188242313285484
2017-08-01,1.1824500777516802
2017-08-02,1.1884492779089884
2017-08-03,1.1917591454313508
2017-08-04,1.189069880239667
2017-08-07,1.1917591476130158
2017-08-08,1.1989994826986747
2017-08-09,1.1973445490912349
2017-08-10,1.196723998741982
2017-08-11,1.1731412432954764
2017-08-14,1.1812090458857114
2017-08-15,1.2000339185994784
2017-08-16,1.2018957208226473
2017-08-17,1.2054124554410233
2017-08-18,1.1818296479483779
2017-08-21,1.1805883975002034
2017-08-22,1.1801747171501171
2017-08-23,1.1977574024016913
2017-08-24,1.1948612212148333
2017-08-25,1.193826910106317
2017-08-28,1.1936199786659927
2017-08-29,1.195895424992417
2017-08-30,1.2009115007072626
2017-08-31,1.2006291968280935
2017-09-01,1.2075370712438507
2017-09-05,1.197849382827447
2017-09-06,1.194224829636781
2017-09-07,1.1869555101511982
2017-09-08,1.1989654654787418
2017-09-11,1.1962784173335914
2017-09-12,1.2114304554213953
2017-09-13,1.2136061224705657
2017-09-14,1.2118479019549395
2017-09-15,1.2088852210058039
2017-09-18,1.209416755758723
2017-09-19,1.2091599585744432
2017-09-20,1.2062947807173439
2017-09-21,1.2070056817611925
2017-09-22,1.2060913861907834
2017-09-25,1.207791044559146
2017-09-26,1.2137181979785663
2017-09-27,1.2152578045092783
2017-09-28,1.2154239066506007
2017-09-29,1.2167901233521499
2017-10-02,1.2250574630936883
2017-10-03,1.2269229644607764
2017-10-04,1.2298248485754102
2017-10-05,1.2289961226643646
2017-10-06,1.240801924371492
2017-10-09,1.2426671880708633
2017-10-10,1.2457764529093984
2017-10-11,1.247020133454611
2017-10-12,1.2511658717142455
2017-10-13,1.248067939396028
2017-10-16,1.2540796176034552
2017-10-17,1.2586188585780544
2017-10-18,1.2586189421984075
2017-10-19,1.2616883706048612
2017-10-20,1.2580920743577553
2017-10-23,1.266584854667758
2017-10-24,1.2605743907787137
2017-10-25,1.2639864600063655
2017-10-26,1.257146374595963
2017-10-27,1.2623283512268915
2017-10-30,1.2963220691776418
2017-10-31,1.2992241654529126
2017-11-01,1.304816969004748
2017-11-02,1.3050260903345459
2017-11-03,1.3056520958529474
2017-11-06,1.3160153524256237
2017-11-07,1.3189175884460023
2017-11-08,1.3195411387499663
2017-11-09,1.326770373597265
2017-11-10,1.3162083826550846
2017-11-13,1.3161957939015017
2017-11-14,1.3158188728768216
2017-11-15,1.3131243251458093
2017-11-16,1.3033821769165348
2017-11-17,1.321622873043511
2017-11-20,1.3131243607056706
2017-11-21,1.3180991031904612
2017-11-22,1.3319869233255688
2017-11-24,1.3294995537220924
2017-11-27,1.3369616661923676
2017-11-28,1.3369616665201933
2017-11-29,1.3413145652609053
2017-11-30,1.311673399726974
2017-12-01,1.3232811314603072
2017-12-04,1.316440863261569
2017-12-05,1.2952982139211249
2017-12-06,1.2957127756850213
2017-12-07,1.3040040108562976
2017-12-08,1.312087965144044
2017-12-11,1.3183063915194122
2017-12-12,1.329706839873841
2017-12-13,1.3292922781156145
2017-12-14,1.3297068398752476
2017-12-15,1.3280485928560077
2017-12-18,1.3382053564765088
2017-12-19,1.3500203276815375
2017-12-20,1.341729149374271
2017-12-21,1.341314620804966
2017-12-22,1.3386200375490847
2017-12-26,1.3377909543933746
2017-12-27,1.3288778441862759
2017-12-28,1.3303287809968576
2017-12-29,1.332608871374729
2018-01-02,1.3255613480076807
2018-01-03,1.3419360405969818
2018-01-04,1.3530879416329922
2018-01-05,1.3599242657923185
2018-01-08,1.3742223843715016
2018-01-09,1.3794042219760017
2018-01-10,1.375880495204779
2018-01-11,1.3711142974634283
2018-01-12,1.3767107245240595
2018-01-16,1.3847938967441706
2018-01-17,1.3794050583308624
2018-01-18,1.3997838913789693
2018-01-19,1.40223673573507
2018-01-22,1.4048899243571953
2018-01-23,1.4179331845034961
2018-01-24,1.4241466641294667
2018-01-25,1.4131693800611498
2018-01-26,1.4106840414339732
2018-01-29,1.433052879738209
2018-01-30,1.4200044187359544
2018-01-31,1.4071644676442923
2018-02-01,1.4177274675560494
2018-02-02,1.418966770470169
2018-02-05,1.3769223821852765
2018-02-06,1.3899339417428327
2018-02-07,1.429864560136314
2018-02-08,1.4115357606473866
2018-02-09,1.3530581622777007
2018-02-12,1.386224561353045
2018-02-13,1.4110993606595534
2018-02-14,1.414590560562221
2018-02-15,1.440556359838313
2018-02-16,1.4680495590718226
2018-02-20,1.4658675591326553
2018-02-21,1.4671767590961557
2018-02-22,1.4577941593577362
2018-02-23,1.45953975930907
2018-02-26,1.4900877584574137
2018-02-27,1.5134351578065046
2018-02-28,1.498161158232333
2018-03-01,1.4874693585304128
2018-03-02,1.4628127592178215
2018-03-05,1.4767775588284928
2018-03-06,1.4918333584087475
2018-03-07,1.4951063583174986
2018-03-08,1.503397958086335
2018-03-09,1.509943957903837
2018-03-12,1.5385281571069298
2018-03-13,1.543328556973098
2018-03-14,1.5256543574658419
2018-03-15,1.5243451575023412
2018-03-16,1.5252179574780085
2018-03-19,1.5188901576544231
2018-03-20,1.4887785584939133
2018-03-21,1.488123958512163
2018-03-22,1.4791777587615769
2018-03-23,1.4409927598261476
2018-03-26,1.4025895608968013
2018-03-27,1.4558303594124855
2018-03-28,1.4091355607143035
2018-03-29,1.3997529609758839
2018-04-02,1.4274643602033095
2018-04-03,1.3934251611522983
2018-04-04,1.407171760769053
2018-04-05,1.4268097602215597
2018-04-06,1.4327011600573116
2018-04-09,1.3975709610367166
2018-04-10,1.4084809607325537
2018-04-11,1.4431747597653153
2018-04-12,1.4346649600025625
2018-04-13,1.4519027595219853
2018-04-16,1.447102359655817
2018-04-17,1.4582305593455707
2018-04-18,1.4852873585912463
2018-04-19,1.4813597587007452
2018-04-20,1.4649947591569896
2018-04-23,1.4447021597227327
2018-04-24,1.4394653598687313
2018-04-25,1.414372360568306
2018-04-26,1.4145905605622229
2018-04-27,1.4403381598443985
2018-04-30,1.4377197599173974
2018-05-01,1.4283371601789776
2018-05-02,1.4462295596801504
2018-05-03,1.4447021597227332
2018-05-04,1.4479751596314843
2018-05-07,1.4754683588649937
2018-05-08,1.4857237585790806
2018-05-09,1.4889967584878316
2018-05-10,1.5073255579768379
2018-05-11,1.5269635574293445
2018-05-14,1.5247815574901769
2018-05-15,1.5245633574962605
2018-05-16,1.5101621578977553
2018-05-17,1.5169263577091743
2018-05-18,1.5090711579281717
2018-05-21,1.5027433581045864
2018-05-22,1.5158353577395904
2018-05-23,1.5136533578004232
2018-05-24,1.5247815574901769
2018-05-25,1.5230359575388432
2018-05-29,1.5219449575692596
2018-05-30,1.5136533578004234
2018-05-31,1.524781557490177
2018-06-01,1.5252179574780107
2018-06-04,1.551183756754103
2018-06-05,1.5636211564073568
2018-06-06,1.5690761562552753
2018-06-07,1.5793315559693621
2018-06-08,1.5666759563221913
2018-06-11,1.5640575563951908
2018-06-12,1.5658031563465247
2018-06-13,1.5734401561336104
2018-06-14,1.565366756358691
2018-06-15,1.576494956048445
2018-06-18,1.5649303563708576
2018-06-19,1.5666759563221917
2018-06-20,1.5586025565472725
2018-06-21,1.5618755564560234
2018-06-22,1.549874556790603
2018-06-25,1.544855956930518
2018-06-26,1.5127805578247573
2018-06-27,1.518890157654426
2018-06-28,1.4981611582323358
2018-06-29,1.516489957721342
2018-07-02,1.515835357739592
2018-07-03,1.5293637573624301
2018-07-05,1.5112531578673405
2018-07-06,1.5326367572711808
2018-07-09,1.5505291567723536
2018-07-10,1.5623119564438572
2018-07-11,1.5660213563404417
2018-07-12,1.559911756510773
2018-07-13,1.5845683558233647
2018-07-16,1.5828227558720311
2018-07-17,1.5791133559754467
2018-07-18,1.5908961556469505
2018-07-19,1.58827775571995
2018-07-20,1.5826045558781145
2018-07-23,1.5830409558659477
2018-07-24,1.5911143556408673
2018-07-25,1.599842355397537
2018-07-26,1.6199167548378768
2018-07-27,1.5950419555313686
2018-07-30,1.5677669562917762
2018-07-31,1.5433285569731017
2018-08-01,1.5474743568575198
2018-08-02,1.5614391564681909
2018-08-03,1.581077155920697
2018-08-06,1.5867503557625326
2018-08-07,1.5925690299815576
2018-08-08,1.5978262983598193
2018-08-09,1.5971549397056304
2018-08-10,1.5949730567880906
2018-08-13,1.5842864769662002
2018-08-14,1.578356947192409
2018-08-15,1.588427920826508
2018-08-16,1.5765669090431467
2018-08-17,1.5893037378666828
2018-08-20,1.5948969597781355
2018-08-21,1.5983209731280326
2018-08-22,1.5949544193318437
2018-08-23,1.599823259072398
2018-08-24,1.6023159545771608
2018-08-27,1.6054692309941334
2018-08-28,1.5962805556557278
2018-08-29,1.586697468194504
2018-08-30,1.59472938859143
2018-08-31,1.5981555183273908
2018-09-04,1.5944004361627742
2018-09-05,1.5913403519849054
2018-09-06,1.587056921089908
2018-09-07,1.5823227161869289
2018-09-10,1.5792477811423833
2018-09-11,1.5850806829051678
2018-09-12,1.5731412490892998
2018-09-13,1.57685321968339
2018-09-14,1.5792396723237356
2018-09-17,1.5716828526960702
2018-09-18,1.5716828237726432
2018-09-19,1.5552434689695356
2018-09-20,1.5459632658204672
2018-09-21,1.5531222673920986
2018-09-24,1.5524594630702522
2018-09-25,1.5483782097060015
2018-09-26,1.5467847984785161
2018-09-27,1.5429457593269462
2018-09-28,1.5456642490089025
2018-10-01,1.5471447379143186
2018-10-02,1.5515761748449164
2018-10-03,1.5514161793084134
2018-10-04,1.5504362000676395
2018-10-05,1.5224624154768285
2018-10-08,1.5032691684740804
2018-10-09,1.4863211776880902
2018-10-10,1.4916301806145522
2018-10-11,1.4193462813203597
2018-10-12,1.4366050518571658
2018-10-15,1.4316025096725848
2018-10-16,1.4309771918995122
2018-10-17,1.4342288443194902
2018-10-18,1.425724523881244
2018-10-19,1.425224269662395
2018-10-22,1.4220976810930515
2018-10-23,1.420221727771768
2018-10-24,1.4247240157428656
2018-10-25,1.4354794814515985
2018-10-26,1.4294764308234684
2018-10-29,1.4381058161014053
2018-10-30,1.4348541636780932
2018-10-31,1.4277255410571876
2018-11-01,1.420471854881533
2018-11-02,1.4183457744507473
2018-11-05,1.400711813230612
2018-11-06,1.4062146096400459
2018-11-07,1.4053391648436862
2018-11-08,1.4072151181650936
2018-11-09,1.4070900546530092
2018-11-12,1.4175953932914411
2018-11-13,1.4268500963443305
2018-11-14,1.4259745988261585
2018-11-15,1.4267501024078693
2018-11-16,1.426124828964033
2018-11-19,1.4343784035661789
2018-11-20,1.4383801879055558
2018-11-21,1.4388804078298947
2018-11-23,1.4383801955563265
2018-11-26,1.439880760304468
2018-11-27,1.436629980241805
2018-11-28,1.4382557468340091
2018-11-29,1.4312527244754245
2018-11-30,1.4365968486732001
2018-12-03,1.4419774660684448
2018-12-04,1.448930157368586
2018-12-06,1.4704292796844798
2018-12-07,1.4750468217379087
2018-12-10,1.477727074425016
2018-12-11,1.4838394845944687
2018-12-12,1.4841157986463576
2018-12-13,1.4853618507109274
2018-12-14,1.4848028673632465
2018-12-17,1.458550881796383
2018-12-18,1.4540801508544043
2018-12-19,1.4540245299719974
2018-12-20,1.4730978752193065
2018-12-21,1.46088235445169
2018-12-24,1.4586210068241645
2018-12-26,1.4484077335667067
2018-12-27,1.5214396936520052
2018-12-28,1.5216932874180316
2018-12-31,1.5344931780963806
2019-01-02,1.540324458513878
2019-01-03,1.5484374569590533
2019-01-04,1.5660577445099395
2019-01-07,1.56054464498831
2019-01-08,1.555943930885435
2019-01-09,1.551859460456278
2019-01-10,1.5494314750029023
2019-01-11,1.5394755446544344
2019-01-14,1.5454819758115084
2019-01-15,1.5387681658019257
2019-01-16,1.53314858397011
2019-01-17,1.53468212198492
2019-01-18,1.5350682448284365
2019-01-22,1.5270218465088328
2019-01-23,1.5373504150357273
2019-01-24,1.5367123697046958
2019-01-25,1.5443556648695658
2019-01-28,1.536964762145736
2019-01-29,1.5274005523042373
2019-01-30,1.5329246057550239
2019-01-31,1.5317888405284283
2019-02-01,1.545241686758754
2019-02-04,1.5459854494073184
2019-02-05,1.5568622235801408
2019-02-06,1.5633882764159872
2019-02-07,1.5613274397135262
2019-02-08,1.5464434809174705
2019-02-11,1.5483326004919924
2019-02-12,1.5491912913183388
2019-02-13,1.5691129046995007
2019-02-14,1.5742076479321099
2019-02-15,1.5707379753388477
2019-02-19,1.5731884995291576
2019-02-20,1.5771866969619752
2019-02-21,1.572672808294592
2019-02-22,1.5586150682502644
2019-02-25,1.5679010482119746
2019-02-26,1.563258187203503
2019-02-27,1.5709965070405583
2019-02-28,1.553198543108433
2019-03-01,1.54791075489637
2019-03-04,1.5303706865767106
2019-03-05,1.5423650156993391
2019-03-06,1.5403395578640533
2019-03-07,1.545994968624235
2019-03-08,1.556019757507985
2019-03-11,1.5529081350571252
2019-03-12,1.5514647493775726
2019-03-13,1.5623446779342534
2019-03-14,1.5594008024580748
2019-03-15,1.5481370711120683
2019-03-18,1.5583769897491653
2019-03-19,1.5574810460496318
2019-03-20,1.5540251519980028
2019-03-21,1.5702809529978858
2019-03-22,1.5737369442617168
2019-03-25,1.5981844091889947
2019-03-26,1.6007443697788146
2019-03-27,1.599592310595852
2019-03-28,1.6143121007968833
2019-03-29,1.6199439142143788
2019-04-01,1.6184079117779646
2019-04-02,1.5919123808866036
2019-04-03,1.5948554449567456
2019-04-04,1.5810324850186195
2019-04-05,1.585512360152082
2019-04-08,1.5875711287269194
2019-04-09,1.5819391460753536
2019-04-10,1.5869310937914611
2019-04-11,1.590771166572082
2019-04-12,1.5816129951081306
2019-04-15,1.5703478241080857
2019-04-16,1.5743162751328883
2019-04-17,1.5644591971250437
2019-04-18,1.5650992675417426
2019-04-22,1.5732921641088284
2019-04-23,1.5657393376407545
2019-04-24,1.569067693211315
2019-04-25,1.5818690957407215
2019-04-26,1.579564773590704
2019-04-29,1.584941305568674
2019-04-30,1.5748283542871682
2019-05-01,1.5828931704392344
2019-05-02,1.5860934472126946
2019-05-03,1.5785406218730835
2019-05-06,1.5830211450577565
2019-05-07,1.5873736238594698
2019-05-08,1.5995349266727052
2019-05-09,1.593716513766826
2019-05-10,1.5888970138298608
2019-05-13,1.5867772989074092
2019-05-14,1.5992420254084927
2019-05-15,1.5945357536943463
2019-05-16,1.6043298868337248
2019-05-17,1.5989876323941106
2019-05-20,1.6025491353547723
2019-05-21,1.5992420255661834
2019-05-22,1.5966980948811633
2019-05-23,1.6058562453497025
2019-05-24,1.623918153218405
2019-05-28,1.6253173150955416
2019-05-29,1.638164165060115
2019-05-30,1.641980061088688
2019-05-31,1.6560988763943558
2019-06-03,1.676831911482857
2019-06-04,1.6845909000742607
2019-06-05,1.6653842233971836
2019-06-06,1.655971680259529
2019-06-07,1.6613139348011252
2019-06-10,1.675687143179712
2019-06-11,1.6599147729235848
2019-06-12,1.660932345198174
2019-06-13,1.6622043105414102
2019-06-14,1.667928154585974
2019-06-17,1.6721256402186546
2019-06-18,1.6750511605080982
2019-06-19,1.6834461317734586
2019-06-20,1.6858628659256079
2019-06-21,1.6903147446269353
2019-06-24,1.671744050615683
2019-06-25,1.6842093109794003
2019-06-26,1.6894243688866697
2019-06-27,1.67861266346916
2019-06-28,1.6904419477572412
2019-07-01,1.6892971827920553
2019-07-02,1.6820469843988264
2019-07-03,1.695021041223598
2019-07-05,1.7071047186299986
2019-07-08,1.6844639879078778
2019-07-09,1.6784398975773085
2019-07-10,1.6802979859951492
2019-07-11,1.6877733871183016
2019-07-12,1.6851228108055238
2019-07-15,1.6920926556806044
2019-07-16,1.6926555322835009
2019-07-17,1.6868022149783197
2019-07-18,1.6757148427541904
2019-07-19,1.6818495234189441
2019-07-22,1.6725387056251133
2019-07-23,1.6757141991865303
2019-07-24,1.6665697955513845
2019-07-25,1.6738090312992668
2019-07-26,1.6658130692245812
2019-07-29,1.6769734591006875
2019-07-30,1.6739192953828084
2019-07-31,1.669815468826111
2019-08-01,1.6706264186682473
2019-08-02,1.6998924465625895
2019-08-05,1.7153684596690266
2019-08-06,1.7450239044049924
2019-08-07,1.7589720328158729
2019-08-08,1.7596003854093973
2019-08-09,1.763370150020779
2019-08-12,1.751358977137359
2019-08-13,1.730073027531801
2019-08-14,1.7241438191176146
2019-08-15,1.6732066101402245
2019-08-16,1.6918118316226118
2019-08-19,1.678259880247032
2019-08-20,1.6542568478068886
2019-08-21,1.6713690579993967
2019-08-22,1.6602290189404296
2019-08-23,1.6492037025091821
2019-08-26,1.6763075183083591
2019-08-27,1.6695463208943742
2019-08-28,1.695258620167253
2019-08-29,1.6974407276263337
2019-08-30,1.7190136148683322
2019-09-03,1.719480635735028
2019-09-04,1.7186633881766753
2019-09-05,1.721239659105291
2019-09-06,1.6900676463413744
2019-09-09,1.702092801064206
2019-09-10,1.7029492337605572
2019-09-11,1.6730999989834712
2019-09-12,1.670126965457327
2019-09-13,1.6591908767107952
2019-09-16,1.6237523633816338
2019-09-17,1.6444447324821134
2019-09-18,1.6533639131853406
2019-09-19,1.6603532224933806
2019-09-20,1.6617019430380031
2019-09-23,1.6691258693441051
2019-09-24,1.6687344158657706
2019-09-25,1.6556987083801273
2019-09-26,1.6314808978628719
2019-09-27,1.6304176801479948
2019-09-30,1.6333884087636112
2019-10-01,1.6409637730504596
2019-10-02,1.6214449260384207
2019-10-03,1.5928025584127061
2019-10-04,1.605851935513464
2019-10-07,1.6272131447191844
2019-10-08,1.6155100845626078
2019-10-09,1.6198244627154135
2019-10-10,1.635207023595849
2019-10-11,1.646266728208989
2019-10-14,1.6633335060019234
2019-10-15,1.6614810919394725
2019-10-16,1.6413977558624895
2019-10-17,1.6433943693524191
2019-10-18,1.6394015557256674
2019-10-21,1.639391888193719
2019-10-22,1.627297432621179
2019-10-23,1.6219814494746367
2019-10-24,1.6236114587812667
2019-10-25,1.6203531371895599
2019-10-28,1.6124474473617578
2019-10-29,1.6215365702081657
2019-10-30,1.6211772562202507
2019-10-31,1.626150238509826
2019-11-01,1.6480848120657263
2019-11-04,1.6401514265332249
2019-11-05,1.6185646822941595
2019-11-06,1.6003615611335071
2019-11-07,1.6007858618685822
2019-11-08,1.604391954879466
2019-11-11,1.6083488168127553
2019-11-12,1.6052869183913516
2019-11-13,1.6102094044980906
2019-11-14,1.6153539350496633
2019-11-15,1.6177055515571346
2019-11-18,1.6290081787238115
2019-11-19,1.6302101231550852
2019-11-20,1.6321211299524288
2019-11-21,1.6278769993436535
2019-11-22,1.6252430988097508
2019-11-25,1.6288527772622587
2019-11-26,1.633638172655692
2019-11-27,1.6431855086073521
2019-11-29,1.6384118528950538
2019-12-02,1.6349189339897838
2019-12-03,1.6103520706670569
2019-12-04,1.6441169540210894
2019-12-05,1.627700235087311
2019-12-06,1.61978300885743
2019-12-09,1.6108178499561197
2019-12-10,1.6143107691604088
2019-12-11,1.6144272027782682
2019-12-12,1.6271181958021652
2019-12-13,1.6003391497064048
2019-12-16,1.6188516250856564
2019-12-17,1.6042977950607165
2019-12-18,1.6020856129348795
2019-12-19,1.5889289505801742
2019-12-20,1.5889289505867235
2019-12-23,1.591024702122488
2019-12-24,1.5886960893133188
2019-12-26,1.5932368842922138
2019-12-27,1.5970790954282472
2019-12-30,1.5988255550357051
2019-12-31,1.5930040230119302
2020-01-02,1.5774023171882119
2020-01-03,1.5952744205016363
2020-01-06,1.6197830703225349
2020-01-07,1.6105850497294087
2020-01-08,1.60260955202695
2020-01-09,1.5920725922738175
2020-01-10,1.597661298545451
2020-01-13,1.611865817030141
2020-01-14,1.6069756735303937
2020-01-15,1.615242260300415
2020-01-16,1.6259539032050483
2020-01-17,1.6208326575286278
2020-01-21,1.6069903154273775
2020-01-22,1.62384518659322
2020-01-23,1.6295503306554666
2020-01-24,1.6409604445169153
2020-01-27,1.6542334323801453
2020-01-28,1.679964400435177
2020-01-29,1.6668079556215758
2020-01-30,1.6830598804575718
2020-01-31,1.6832927236887114
2020-02-03,1.69866101264846
2020-02-04,1.694469690202683
2020-02-05,1.6716516778012405
2020-02-06,1.6549472001221177
2020-02-07,1.6607531246863405
2020-02-10,1.681447962867721
2020-02-11,1.686108135989635
2020-02-12,1.6776095966870712
2020-02-13,1.6691108929476097
2020-02-14,1.6673436399546115
2020-02-18,1.6700159531658345
2020-02-19,1.6677343646473048
2020-02-20,1.6752172251194122
2020-02-21,1.687447689427512
2020-02-24,1.7032055114776106
2020-02-25,1.7272264778278907
2020-02-26,1.7364230248032821
2020-02-27,1.7272264778332462
2020-02-28,1.7459644422850504
2020-03-02,1.7853946374196155
2020-03-03,1.7696455507332147
2020-03-04,1.7971202348065707
2020-03-05,1.7780373998434866
2020-03-06,1.8222957821373862
2020-03-09,1.9171351727671706
2020-03-10,1.9690956631485796
2020-03-11,1.8681635601510633
2020-03-12,1.799419371549111
2020-03-13,1.8105701847504307
2020-03-16,1.7696455507332147
2020-03-17,1.8842575173488452
2020-03-18,1.7586096943690217
2020-03-19,1.659401943928411
2020-03-20,1.7045799809193265
2020-03-23,1.832756854315944
2020-03-24,1.9082834963083906
2020-03-25,1.8727618336361442
2020-03-26,1.8685084306624449
2020-03-27,1.877704977632606
2020-03-30,1.9278261586199827
2020-03-31,1.9119621150964554
2020-04-01,1.896442942084309
2020-04-02,1.9202390073696003
2020-04-03,1.9324244321050634
2020-04-06,1.937022705590144
2020-04-07,1.9319646047565557
2020-04-08,1.911732201422202
2020-04-09,1.8978224241298336
2020-04-13,1.9012711292436435
2020-04-14,1.8839126468374652
2020-04-15,1.8834528194889573
2020-04-16,1.9333440868020804
2020-04-17,1.9553008426933394
2020-04-20,1.9290906838283808
2020-04-21,1.9446098568405272
2020-04-22,1.9690956631485805
2020-04-23,1.9489782166513538
2020-04-24,1.959324334717967
2020-04-27,1.963922608209443
2020-04-28,1.9897860594053303
2020-04-29,1.9806360242253447
2020-04-30,2.0324862235785996
2020-05-01,2.0135622871836283
2020-05-04,1.9602564004153755
2020-05-05,1.9656632393853672
2020-05-06,1.9838246728486735
2020-05-07,1.9518140152341925
2020-05-08,1.9844217657807328
2020-05-11,1.9586221328561741
2020-05-12,1.9590239839298023
2020-05-13,1.9199773882887592
2020-05-14,1.9334104396903002
2020-05-15,1.9523333789864474
2020-05-18,1.9473106234942605
2020-05-19,1.9045587976770388
2020-05-20,1.911684101979909
2020-05-21,1.917407707075657
2020-05-22,1.9221968460333239
2020-05-26,1.9337608644920807
2020-05-27,1.9078294291603235
2020-05-28,1.9043251811425181
2020-05-29,1.8973166851069083
2020-06-01,1.9108664441090877
2020-06-02,1.8955645610980059
2020-06-03,1.888672873329656
2020-06-04,1.8635590958687203
2020-06-05,1.8365763861316213
2020-06-08,1.823493860198483
2020-06-09,1.830502356234093
2020-06-10,1.8512942278064033
2020-06-11,1.8787441706125427
2020-06-12,1.9142538838596335
2020-06-15,1.8957981776325274
2020-06-16,1.8968494520378685
2020-06-17,1.8677641934900868
2020-06-18,1.875473539129258
2020-06-19,1.8953309445634865
2020-06-22,1.896849452037869
2020-06-23,1.8970830685723894
2020-06-24,1.8841173509065108
2020-06-25,1.9043251811425197
2020-06-26,1.9098151697037478
2020-06-29,1.9302566164742767
2020-06-30,1.924182586576748
2020-07-01,1.9148379251959344
2020-07-02,1.908880703565666
2020-07-06,1.910866444109089
2020-07-07,1.9030402902026577
2020-07-08,1.9297893834052366
2020-07-09,1.9220800377660656
2020-07-10,1.9526838037882295
2020-07-13,1.9428719093383757
2020-07-14,1.9492963640376848
2020-07-15,1.9520997624519287
2020-07-16,1.9429887176056357
2020-07-17,1.952216659651531
2020-07-20,1.9481283701112069
2020-07-21,1.9529175305638435
2020-07-22,1.9540856133222757
2020-07-23,1.959926027015032
2020-07-24,1.9828204486906356
2020-07-27,1.9827036404167806
2020-07-28,1.9753447191639115
2020-07-29,1.98901128720496
2020-07-30,1.9856238472647176
2020-07-31,1.9982180681787531
2020-08-03,1.9969334555752714
2020-08-04,2.0061092556330014
2020-08-05,2.0252319210882996
2020-08-06,2.0075257493704446
2020-08-07,2.0187396581250865
2020-08-10,2.0052829676195163
2020-08-11,1.9963118406380924
2020-08-12,1.9725266520394367
2020-08-13,1.954643485199909
2020-08-14,1.9507914668920416
2020-08-17,1.9431702574010705
2020-08-18,1.9480525947490515
2020-08-19,1.9619851183498604
2020-08-20,1.9497197343252164
2020-08-21,1.9673437812732488
2020-08-24,1.9791328397127126
2020-08-25,1.975917641958667
2020-08-26,1.9607943043765155
2020-08-27,1.9532921762837399
2020-08-28,1.9200692545040607
2020-08-31,1.9186402771377726
2020-09-01,1.9313819789265947
2020-09-02,1.951268580472975
2020-09-03,1.9698452861091142
2020-09-04,1.9754421140892329
2020-09-08,1.9379314584777974
2020-09-09,1.949839603116348
2020-09-10,1.9446000194753859
2020-09-11,1.9544837795253829
2020-09-14,1.9586516301488757
2020-09-15,1.99974581090265
2020-09-16,2.019511876032878
2020-09-17,1.9886586970435953
2020-09-18,1.972284306376902
2020-09-21,1.966153973714922
2020-09-22,1.9761307897458806
2020-09-23,2.007413516156176
2020-09-24,1.9448469535018513
2020-09-25,1.9557393682958064
2020-09-28,2.0005090947316857
2020-09-29,2.036044704053329
2020-09-30,2.0297482160107063
2020-10-01,2.016192428032853
2020-10-02,2.019552842071284
2020-10-05,2.0111167906598566
2020-10-06,2.055209485217569
2020-10-07,2.0233647613703396
2020-10-08,2.060458615522064
2020-10-09,2.0711318471411966
2020-10-12,2.102801599978295
2020-10-13,2.160192091307417
2020-10-14,2.146369381505808
2020-10-15,2.1349962658462887
2020-10-16,2.1253728602881976
2020-10-19,2.11924887493296
2020-10-20,2.0804053106798204
2020-10-21,2.087579122096036
2020-10-22,2.0844296439136656
2020-10-23,2.0746312673452847
2020-10-26,2.0723566442133396
2020-10-27,2.027389094604863
2020-10-28,2.0375374131978727
2020-10-29,1.9511017341839116
2020-10-30,1.9836463424828303
2020-11-02,1.939728620119016
2020-11-03,1.94462780842055
2020-11-04,1.978922126448915
2020-11-05,2.0559093709812637
2020-11-06,2.119773789741844
2020-11-09,2.127297543185238
2020-11-10,2.1119000942791715
2020-11-11,2.0725316169625287
2020-11-12,2.12169847085586
2020-11-13,2.1028016017438356
2020-11-16,2.1206486447941084
2020-11-17,2.1411202529989657
2020-11-18,2.1292222242988816
2020-11-19,2.1064759929603873
2020-11-20,2.1234481809591763
2020-11-23,2.101576804672128
2020-11-24,2.101051891641256
2020-11-25,2.1302720503607997
2020-11-27,2.1348212966285267
2020-11-30,2.146194412297812
2020-12-01,2.1605420351421363
2020-12-02,2.1881874547689995
2020-12-03,2.1848630055733658
2020-12-04,2.183463237491296
2020-12-07,2.2053346137784273
2020-12-08,2.211633570149119
2020-12-09,2.218807381571314
2020-12-10,2.1989065138464023
2020-12-11,2.1981873697206575
2020-12-14,2.195609915453939
2020-12-15,2.1857796429724936
2020-12-16,2.215330181235733
2020-12-17,2.218806761995536
2020-12-18,2.2312145438333686
2020-12-21,2.222560415369961
2020-12-22,2.230179334494074
2020-12-23,2.2416906778112113
2020-12-24,2.226203498358946
2020-12-28,2.235013428063367
2020-12-29,2.236008732224133
2020-12-30,2.2331666002029644
2020-12-31,2.2379979675802417
2021-01-04,2.24126614310212
2021-01-05,2.2385659328016687
2021-01-06,2.221941474302534
2021-01-07,2.176329834787885
2021-01-08,2.1571495967974648
2021-01-11,2.150188875238571
2021-01-12,2.1466362841698006
2021-01-13,2.1449312167367065
2021-01-14,2.150793583691135
2021-01-15,2.1306454620788187
2021-01-19,2.13909884531699
2021-01-20,2.146002808459336
2021-01-21,2.148116563551745
2021-01-22,2.133040705496025
2021-01-25,2.1399444695395267
2021-01-26,2.1651650398271864
2021-01-27,2.1610790838539153
2021-01-28,2.1665741858888454
2021-01-29,2.1754711445229136
2021-02-01,2.1242312531304095
2021-02-02,2.177448246441595
2021-02-03,2.2069400167285993
2021-02-04,2.199361126040319
2021-02-05,2.2344546850969222
2021-02-08,2.2295119303002173
2021-02-09,2.252907636337953
2021-02-10,2.2502715004463774
2021-02-11,2.2469763305819073
2021-02-12,2.2716901045654305
2021-02-16,2.283387957584298
2021-02-17,2.275973825389241
2021-02-18,2.2558732892159754
2021-02-19,2.244834470170002
2021-02-22,2.241539300305533
2021-02-23,2.1921117523384868
2021-02-24,2.186015688089218
2021-02-25,2.2194616622135857
2021-02-26,2.141860411905324
2021-03-01,2.153228747937744
2021-03-02,2.222592073584832
2021-03-03,2.1873337560350063
2021-03-04,2.132304419298362
2021-03-05,2.085183490236445
2021-03-08,2.124560770116858
2021-03-09,2.0731561202311304
2021-03-10,2.143672755330783
2021-03-11,2.1351053136831615
2021-03-12,2.1807434163060675
2021-03-15,2.1650913594498356
2021-03-16,2.188157548501124
2021-03-17,2.2046333978234727
2021-03-18,2.2028210543980142
2021-03-19,2.141695653412101
2021-03-22,2.1352700721763846
2021-03-23,2.1726702501381165
2021-03-24,2.1591600536937907
2021-03-25,2.1329634532712562
2021-03-26,2.1316453853254678
2021-03-29,2.1858509295959947
2021-03-30,2.174482593563574
2021-03-31,2.1538877819106386
2021-04-01,2.1881575485011244
2021-04-05,2.2321480661917947
2021-04-06,2.278280444294371
2021-04-07,2.268559693194186
2021-04-08,2.2805870631995
2021-04-09,2.313538761844198
2021-04-12,2.3357811584293686
2021-04-13,2.3245775808901716
2021-04-14,2.346490460488895
2021-04-15,2.321611928012149
2021-04-16,2.361483483372233
2021-04-19,2.3609892078925627
2021-04-20,2.341382947198968
2021-04-21,2.3206233770528084
2021-04-22,2.3440190830905436
2021-04-23,2.316504414722221
2021-04-26,2.3511036982991533
2021-04-27,2.3631310683044684
2021-04-28,2.3573645210416467
2021-04-29,2.3354516414429227
2021-04-30,2.3334745395242407
2021-05-03,2.3016761503321077
2021-05-04,2.2952505690963925
2021-05-05,2.254060945790521
2021-05-06,2.2486239155141456
2021-05-07,2.2711958290857637
2021-05-10,2.2906373312861352
2021-05-11,2.2328071001646914
2021-05-12,2.226052001942529
2021-05-13,2.163443774517604
2021-05-14,2.1921117523384903
2021-05-17,2.2403859908529715
2021-05-18,2.223910141530623
2021-05-19,2.2061162242624865
2021-05-20,2.2138598734439903
2021-05-21,2.2562028062024266
2021-05-24,2.2438459192106652
2021-05-25,2.283717474570749
2021-05-26,2.284376508543643
2021-05-27,2.284211750050419
2021-05-28,2.272184380045105
2021-06-01,2.2802575462130563
2021-06-02,2.2690539686738593
2021-06-03,2.2847060255300904
2021-06-04,2.263452179904261
2021-06-07,2.3069484221152616
2021-06-08,2.3064541466355912
2021-06-09,2.306618905128815
2021-06-10,2.3082664900610497
2021-06-11,2.3252366148630688
2021-06-14,2.3390763282938414
2021-06-15,2.3628015513180234
2021-06-16,2.348302803914357
2021-06-17,2.3356163999361486
2021-06-18,2.3626367928248
2021-06-21,2.341053430212524
2021-06-22,2.3618130003586826
2021-06-23,2.383231604477736
2021-06-24,2.3805954685861606
2021-06-25,2.3955884914694976
2021-06-28,2.392787597084698
2021-06-29,2.417830888054668
2021-06-30,2.435460046829581
2021-07-01,2.4328239109380054
2021-07-02,2.4369428732685927
2021-07-06,2.469070779447173
2021-07-07,2.478462013560912
2021-07-08,2.4919722100052373
2021-07-09,2.468411745474279
2021-07-12,2.4911484175391196
2021-07-13,2.4931255194578017
2021-07-14,2.503340546037658
2021-07-15,2.521793497278688
2021-07-16,2.501033927132529
2021-07-19,2.4763201531490058
2021-07-20,2.4422151450517435
2021-07-21,2.4784620135609114
2021-07-22,2.5023519950783166
2021-07-23,2.520804946319347
2021-07-26,2.5458482372893174
2021-07-27,2.5445301693435294
2021-07-28,2.5204754293329
2021-07-29,2.517482582693724
2021-07-30,2.5290211570796886
2021-08-02,2.5274192388072843
2021-08-03,2.518552363513482
2021-08-04,2.5346208372634176
2021-08-05,2.5397275883510253
2021-08-06,2.5535180363563343
2021-08-09,2.551177759863912
2021-08-10,2.543319259084809
2021-08-11,2.5251383281449864
2021-08-12,2.525502421944989
2021-08-13,2.5390999071708724
2021-08-16,2.5446885490265596
2021-08-17,2.5561224581055635
2021-08-18,2.537935213796753
2021-08-19,2.509320472580546
2021-08-20,2.5235174559627422
2021-08-23,2.5435571482375723
2021-08-24,2.565921102562483
2021-08-25,2.566380388672684
2021-08-26,2.5717471919084747
2021-08-27,2.5565661154776342
2021-08-30,2.5794280247271257
2021-08-31,2.590794726742972
2021-09-01,2.5869418328206044
2021-09-02,2.5883162631210346
2021-09-03,2.5962614253684717
2021-09-07,2.5956377192861018
2021-09-08,2.586368748957989
2021-09-09,2.5832128760810598
2021-09-10,2.572160731017214
2021-09-13,2.5518712899025657
2021-09-14,2.55839339994875
2021-09-15,2.5446051106060192
2021-09-16,2.565858944621657
2021-09-17,2.561811108889085
2021-09-20,2.528736118153919
2021-09-21,2.486553078427544
2021-09-22,2.4842207776871628
2021-09-23,2.5084841204102393
2021-09-24,2.5389622265010394
2021-09-27,2.5431384548091502
2021-09-28,2.5358419956268037
2021-09-29,2.484716939169901
2021-09-30,2.4888963838099976
