date,2021_11_09__22_32_58_daily_actor_1_lr_0.0001_critic_lr_0.001_epoch_5000_gamma_1.0
2015-01-05,1.0157084570631105
2015-01-06,1.0340088087917667
2015-01-07,1.031966712391462
2015-01-08,1.0183003717529608
2015-01-09,1.0294533471457825
2015-01-12,1.0353440780097176
2015-01-13,1.0353440885030571
2015-01-14,1.0431983190142877
2015-01-15,1.059613653619244
2015-01-16,1.04610438548173
2015-01-20,1.060006369185605
2015-01-21,1.047753785087096
2015-01-22,1.0439837790819257
2015-01-23,1.0585141847289805
2015-01-26,1.055293996854595
2015-01-27,1.0569433430149344
2015-01-28,1.0742226182869756
2015-01-29,1.0671538203896975
2015-01-30,1.0860825356292854
2015-02-02,1.0797991582053685
2015-02-03,1.0569433745138546
2015-02-04,1.0587498304401837
2015-02-05,1.0471256200592618
2015-02-06,1.0285896930903906
2015-02-09,1.026940294169763
2015-02-10,1.0187719340360906
2015-02-11,1.0206569505733978
2015-02-12,1.0172796662207735
2015-02-13,1.006833500529028
2015-02-17,0.9916748620648834
2015-02-18,0.9975654872464685
2015-02-19,0.9909679325607412
2015-02-20,0.9938739627832168
2015-02-23,1.0052625730616749
2015-02-24,1.0184576709770081
2015-02-25,1.0228560350685838
2015-02-26,1.00887557948472
2015-02-27,1.0173581274457129
2015-03-02,0.9964659695083316
2015-03-03,0.9928529871649515
2015-03-04,0.9931671173599809
2015-03-05,0.9919105256814243
2015-03-06,0.969997301797516
2015-03-09,0.9789510935071687
2015-03-10,0.9918319697232066
2015-03-11,0.9990579601800014
2015-03-12,0.9983511499304357
2015-03-13,0.9952879969105645
2015-03-16,1.0048701040636567
2015-03-17,1.013195607163057
2015-03-18,1.032752621685968
2015-03-19,1.0274902138728503
2015-03-20,1.0329096652799366
2015-03-23,1.0316530296880655
2015-03-24,1.0416278623247974
2015-03-25,1.0328310394857356
2015-03-26,1.0167298962021627
2015-03-27,1.0293752270644387
2015-03-30,1.0242699940842237
2015-03-31,1.0264691198642966
2015-04-01,1.0377791969512977
2015-04-02,1.0267832700641732
2015-04-06,1.0210497836049253
2015-04-07,1.0296108534442936
2015-04-08,1.0299249563255686
2015-04-09,1.0165728247972718
2015-04-10,1.0180651136528895
2015-04-13,1.0194789207716526
2015-04-14,1.026704716849733
2015-04-15,1.0258407049631075
2015-04-16,1.0207354639558484
2015-04-17,1.0324380590190236
2015-04-20,1.0233272035512497
2015-04-21,1.0186931771717838
2015-04-22,1.0031419134467108
2015-04-23,1.0074617382693307
2015-04-24,1.0137451562521866
2015-04-27,1.013745157449987
2015-04-28,0.9997647619186499
2015-04-29,0.987512198012136
2015-04-30,0.9892400044077123
2015-05-01,0.973924272865382
2015-05-04,0.9647349100136345
2015-05-05,0.9633996401369644
2015-05-06,0.946905775112895
2015-05-07,0.9596295336114141
2015-05-08,0.9622213622685831
2015-05-11,0.9388159037464743
2015-05-12,0.941250722142163
2015-05-13,0.9337106979202681
2015-05-14,0.9362239904334836
2015-05-15,0.9549954532164199
2015-05-18,0.9389731296193224
2015-05-19,0.9306477476279535
2015-05-20,0.9322185959683226
2015-05-21,0.9452565701539855
2015-05-22,0.9456491951125667
2015-05-26,0.9618285925825776
2015-05-27,0.9640277321116202
2015-05-28,0.96167147243407
2015-05-29,0.9637920203412459
2015-06-01,0.951382370978213
2015-06-02,0.938108754637501
2015-06-03,0.9230286544639912
2015-06-04,0.9350455312888811
2015-06-05,0.9236569366247379
2015-06-08,0.9226358229309018
2015-06-09,0.9153313760556667
2015-06-10,0.9073200877680925
2015-06-11,0.9264057600848086
2015-06-12,0.9264056799155067
2015-06-15,0.9278979280826487
2015-06-16,0.9352023718166182
2015-06-17,0.9279765376040733
2015-06-18,0.9234211207160905
2015-06-19,0.9352808576900893
2015-06-22,0.9161951621931511
2015-06-23,0.9106972671322389
2015-06-24,0.9185512952369934
2015-06-25,0.915331066280757
2015-06-26,0.905042076870074
2015-06-29,0.9289973212577858
2015-06-30,0.9225568897479255
2015-07-01,0.9081051731342944
2015-07-02,0.9110897858535711
2015-07-06,0.9279764309960568
2015-07-07,0.9366946529222696
2015-07-08,0.9447844812211655
2015-07-09,0.9261699861444103
2015-07-10,0.9114825989300513
2015-07-13,0.9086551364336827
2015-07-14,0.9116396949045544
2015-07-15,0.9213004407379615
2015-07-16,0.9276624146285694
2015-07-17,0.9324535431814391
2015-07-20,0.9285264967758977
2015-07-21,0.9335531358281248
2015-07-22,0.9393650966282311
2015-07-23,0.9510677696286669
2015-07-24,0.9534239395747685
2015-07-27,0.9585292105324312
2015-07-28,0.9515390137998605
2015-07-29,0.948004560930523
2015-07-30,0.9553088433952218
2015-07-31,0.962377518681703
2015-08-03,0.9703886028285713
2015-08-04,0.9626915302479946
2015-08-05,0.9554656861727764
2015-08-06,0.9639480741651194
2015-08-07,0.9765933721060098
2015-08-10,0.9644979321084711
2015-08-11,0.9798135073978942
2015-08-12,0.9744726478747744
2015-08-13,0.9713310618025548
2015-08-14,0.9736088146160217
2015-08-17,0.9780071856965669
2015-08-18,0.9703101372743
2015-08-19,0.9798922142915106
2015-08-20,0.9897885698061171
2015-08-21,0.9927731906189087
2015-08-24,0.9924590218901223
2015-08-25,0.9765149587812513
2015-08-26,0.9576648349086949
2015-08-27,0.9582146301883532
2015-08-28,0.9610421487714642
2015-08-31,0.9536591835902862
2015-09-01,0.9584502567415284
2015-09-02,0.9502033275472711
2015-09-03,0.954837316335899
2015-09-04,0.9635554986319246
2015-09-08,0.9493393635452227
2015-09-09,0.953894810158821
2015-09-10,0.9474543511724118
2015-09-11,0.9534235570840199
2015-09-14,0.9549158586058655
2015-09-15,0.9366155300305895
2015-09-16,0.9330811318903764
2015-09-17,0.9444697486489441
2015-09-18,0.9590000527735256
2015-09-21,0.9433701585199658
2015-09-22,0.9564867039593552
2015-09-23,0.956408161891404
2015-09-24,0.9629271632270571
2015-09-25,0.9546016918784724
2015-09-28,0.9709384659738686
2015-09-29,0.9736874423794012
2015-09-30,0.9703101285140446
2015-10-01,0.9724307674783967
2015-10-02,0.9783214313378694
2015-10-05,0.9650478030415279
2015-10-06,0.969210541117292
2015-10-07,0.965990314303529
2015-10-08,0.9579004760550459
2015-10-09,0.9604138417295225
2015-10-12,0.9677182863708468
2015-10-13,0.9693677203247556
2015-10-14,0.9778502899920658
2015-10-15,0.9730592253391728
2015-10-16,0.9733734483910842
2015-10-19,0.9707030314775801
2015-10-20,0.9647338477972248
2015-10-21,0.9743160654594044
2015-10-22,0.9759654833599622
2015-10-23,0.9676399262267512
2015-10-26,0.9740803058157261
2015-10-27,0.9765151233395021
2015-10-28,0.9725880045553839
2015-10-29,0.9571151275305244
2015-10-30,0.9643411059240271
2015-11-02,0.9578221234472485
2015-11-03,0.9499678682272216
2015-11-04,0.9510675586990098
2015-11-05,0.9485541788174934
2015-11-06,0.9346522213809249
2015-11-09,0.9293898972912726
2015-11-10,0.9321389093670523
2015-11-11,0.9301753437852529
2015-11-12,0.9346523000630031
2015-11-13,0.9399931773741328
2015-11-16,0.9391292147677804
2015-11-17,0.9407000691524152
2015-11-18,0.9426636300436142
2015-11-19,0.9489470424882448
2015-11-20,0.9460410096607267
2015-11-23,0.9489470666801111
2015-11-24,0.9488685068268506
2015-11-25,0.9510677595551373
2015-11-27,0.9501252774024642
2015-11-30,0.9538953356132464
2015-12-01,0.9647342235307325
2015-12-02,0.9650484986675741
2015-12-03,0.9388153546005239
2015-12-04,0.9470623005508241
2015-12-07,0.956251636624542
2015-12-08,0.9567228681171
2015-12-09,0.9557018386666323
2015-12-10,0.9569585176594021
2015-12-11,0.9720386296892146
2015-12-14,0.9594718730569106
2015-12-15,0.9538168327847584
2015-12-16,0.9517747359780376
2015-12-17,0.9625350394923662
2015-12-18,0.9678759185404888
2015-12-21,0.9676402936385025
2015-12-22,0.9606500456970134
2015-12-23,0.9534242311678909
2015-12-24,0.9568801536758906
2015-12-28,0.959707698171544
2015-12-29,0.9437636720035182
2015-12-30,0.9428211540038919
2015-12-31,0.9470624704587065
2016-01-04,0.9538956624181517
2016-01-05,0.9500470939094052
2016-01-06,0.9628494868140153
2016-01-07,0.964577418324813
2016-01-08,0.9688972423227531
2016-01-11,0.9582940380727379
2016-01-12,0.972117474812143
2016-01-13,0.9816996301731868
2016-01-14,0.9725101865193387
2016-01-15,0.9876845500773476
2016-01-19,0.9846056937373683
2016-01-20,0.9949732712616297
2016-01-21,0.988218637439761
2016-01-22,0.9844486092699154
2016-01-25,0.9897894831693632
2016-01-26,0.9902607368273687
2016-01-27,0.990025110630295
2016-01-28,0.9914388715437794
2016-01-29,0.9998428933733133
2016-02-01,0.994894736411722
2016-02-02,1.0133521721199237
2016-02-03,1.004948151941396
2016-02-04,1.0098177731940714
2016-02-05,1.0109959081831257
2016-02-08,1.0327521131730006
2016-02-09,1.0338517047767688
2016-02-10,1.0429626063950588
2016-02-11,1.050267036149373
2016-02-12,1.0328306555061715
2016-02-16,1.0219132820948467
2016-02-17,1.0156299018690933
2016-02-18,1.028118121388234
2016-02-19,1.0289428167826467
2016-02-22,1.0284322963785946
2016-02-23,1.0325950487195663
2016-02-24,1.0305529552250081
2016-02-25,1.0342444476764516
2016-02-26,1.024269615565778
2016-02-29,1.0287465423339095
2016-03-01,1.008718275393878
2016-03-02,1.0128810148460292
2016-03-03,1.0165725954436293
2016-03-04,1.0100535210003387
2016-03-07,1.0097392440995852
2016-03-08,1.0208922787620192
2016-03-09,1.0146874897521623
2016-03-10,1.0105248135889715
2016-03-11,1.000314282464748
2016-03-14,1.003455949590905
2016-03-15,1.00439856701824
2016-03-16,1.0073831748324344
2016-03-17,1.011545861416747
2016-03-18,1.013666513546787
2016-03-21,1.0058908493927952
2016-03-22,1.0056553224309346
2016-03-23,1.0170438459288431
2016-03-24,1.0174365530458624
2016-03-28,1.0187718663221093
2016-03-29,1.0294536854101877
2016-03-30,1.0186148965865809
2016-03-31,1.0258407818360558
2016-04-01,1.026390512873282
2016-04-04,1.027018853500989
2016-04-05,1.0382503033439474
2016-04-06,1.030710261362479
2016-04-07,1.043433981730885
2016-04-08,1.0368364743497926
2016-04-11,1.035501216931422
2016-04-12,1.0283538770667189
2016-04-13,1.031966803623815
2016-04-14,1.027018664223923
2016-04-15,1.0358153401054988
2016-04-18,1.0313385295324733
2016-04-19,1.0281183232953224
2016-04-20,1.0168083514987158
2016-04-21,1.0107605910812865
2016-04-22,1.0081686039473967
2016-04-25,1.0040059281703617
2016-04-26,0.9994504324961592
2016-04-27,1.0094253496303338
2016-04-28,1.0135880177171177
2016-04-29,1.0161799062080163
2016-05-02,1.0039273890611828
2016-05-03,1.0165727276895677
2016-05-04,1.0221492297218802
2016-05-05,1.0289824526746512
2016-05-06,1.0245840686413255
2016-05-09,1.0278043328129447
2016-05-10,1.0278828554949688
2016-05-11,1.0336948600610985
2016-05-12,1.028982404486065
2016-05-13,1.0389572384328345
2016-05-16,1.0300034813339742
2016-05-17,1.0317314271541533
2016-05-18,1.017044028726318
2016-05-19,1.0214423443450293
2016-05-20,1.0222277045685775
2016-05-23,1.024505416817433
2016-05-24,1.0199499649628136
2016-05-25,1.0161014539198236
2016-05-26,1.0213637987763602
2016-05-27,1.019871570855487
2016-05-31,1.022306369240852
2016-06-01,1.024348455925465
2016-06-02,1.0317314423856936
2016-06-03,1.0464187859970964
2016-06-06,1.0386431611589777
2016-06-07,1.041156450060142
2016-06-08,1.0467330464078912
2016-06-09,1.0534876583971742
2016-06-10,1.0585928222311658
2016-06-13,1.0633053926775047
2016-06-14,1.0625199746598897
2016-06-15,1.0666041804111068
2016-06-16,1.071787980679979
2016-06-17,1.0651119050522508
2016-06-20,1.05372329116858
2016-06-21,1.0488537120677512
2016-06-22,1.0505816796049747
2016-06-23,1.038564712525605
2016-06-24,1.0664472021130724
2016-06-27,1.0930730381556355
2016-06-28,1.095350764665885
2016-06-29,1.086946752186218
2016-06-30,1.0909524936277164
2016-07-01,1.1040691306097805
2016-07-05,1.117892577216121
2016-07-06,1.1196991240288907
2016-07-07,1.119620513506729
2016-07-08,1.1278673872400584
2016-07-11,1.117971027045959
2016-07-12,1.099592149978627
2016-07-13,1.1125515825458514
2016-07-14,1.0963719062174417
2016-07-15,1.0869467376327493
2016-07-18,1.0859256519821896
2016-07-19,1.0920519146092957
2016-07-20,1.0860827253803211
2016-07-21,1.0882818934356637
2016-07-22,1.0901669383238148
2016-07-25,1.0893815818413934
2016-07-26,1.0911095638541823
2016-07-27,1.104697392448692
2016-07-28,1.10265529319103
2016-07-29,1.111844707053529
2016-08-01,1.097785668873457
2016-08-02,1.0864755699882176
2016-08-03,1.087103831082025
2016-08-04,1.0952721914260324
2016-08-05,1.0838836296102499
2016-08-08,1.085925731943757
2016-08-09,1.0966074989697319
2016-08-10,1.1008487949811454
2016-08-11,1.0910310664459357
2016-08-12,1.1002204956286343
2016-08-15,1.0898530017993264
2016-08-16,1.0869469392895217
2016-08-17,1.0934660220854167
2016-08-18,1.0951938597823778
2016-08-19,1.0894602474305446
2016-08-22,1.098649690783047
2016-08-23,1.0998278876986776
2016-08-24,1.0972360102082253
2016-08-25,1.0930733318735624
2016-08-26,1.0867114529385005
2016-08-29,1.101241814743263
2016-08-30,1.097000593408561
2016-08-31,1.0985714954420154
2016-09-01,1.0977861166700786
2016-09-02,1.0888323326172422
2016-09-06,1.0967650940676268
2016-09-07,1.0959796511290423
2016-09-08,1.0822347320252261
2016-09-09,1.064405679276187
2016-09-12,1.0649554769255019
2016-09-13,1.052859970427172
2016-09-14,1.0544308187671618
2016-09-15,1.0498753647672943
2016-09-16,1.0583579438024646
2016-09-19,1.0549020995648035
2016-09-20,1.058593605227752
2016-09-21,1.0671547303417825
2016-09-22,1.0756372964392131
2016-09-23,1.074616245459533
2016-09-26,1.0814493323328496
2016-09-27,1.089382160676732
2016-09-28,1.087025947656725
2016-09-29,1.089774873160883
2016-09-30,1.0800355896105536
2016-10-03,1.0745376487464693
2016-10-04,1.0619708566510413
2016-10-05,1.057022768706949
2016-10-06,1.0511321053553908
2016-10-07,1.051839009723064
2016-10-10,1.0456341228412438
2016-10-11,1.0432778088517594
2016-10-12,1.0442988792846437
2016-10-13,1.0482260082935007
2016-10-14,1.033538598010216
2016-10-17,1.0401361644724405
2016-10-18,1.0435134948815135
2016-10-19,1.0443774821299978
2016-10-20,1.0454771171171422
2016-10-21,1.0470480384755865
2016-10-24,1.0424925638422964
2016-10-25,1.0452415590654331
2016-10-26,1.0381728272107043
2016-10-27,1.0268627670577917
2016-10-28,1.0245850529892013
2016-10-31,1.0308684476316288
2016-11-01,1.0289834337493104
2016-11-02,1.033460349000193
2016-11-03,1.0255275712842118
2016-11-04,1.0347170272431352
2016-11-07,1.0259202831510676
2016-11-08,1.0217575390935336
2016-11-09,0.9784021582214368
2016-11-10,0.9639503887688983
2016-11-11,0.9585309836528647
2016-11-14,0.9527974154718062
2016-11-15,0.9575099770677572
2016-11-16,0.9661496910653127
2016-11-17,0.9519335615837999
2016-11-18,0.9491846332927085
2016-11-21,0.9515409742688308
2016-11-22,0.9512267938839013
2016-11-23,0.9475352911703097
2016-11-25,0.948949041694003
2016-11-28,0.9559393052790479
2016-11-29,0.9599450232189423
2016-11-30,0.94439369961734
2016-12-01,0.9325338478053558
2016-12-02,0.939367065773194
2016-12-05,0.9383460435399376
2016-12-06,0.93763922058746
2016-12-07,0.9456505497814688
2016-12-08,0.9344975714094679
2016-12-09,0.9228732703812459
2016-12-12,0.9246012805029242
2016-12-13,0.9279000420388425
2016-12-14,0.9175324231369811
2016-12-15,0.922166482486549
2016-12-16,0.9200458048119425
2016-12-19,0.9299421874713512
2016-12-20,0.9253081793521545
2016-12-21,0.929392473561719
2016-12-22,0.925308299417774
2016-12-23,0.9271933180922967
2016-12-27,0.9242087537902546
2016-12-28,0.9309633319950928
2016-12-29,0.9342621179170327
2016-12-30,0.9356758498030593
2017-01-03,0.9396815608128422
2017-01-04,0.9432945415928187
2017-01-05,0.9580604775126106
2017-01-06,0.949263702199142
2017-01-09,0.9568823433946375
2017-01-10,0.9562539997877363
2017-01-11,0.9594742800177047
2017-01-12,0.9573536120894708
2017-01-13,0.9527981644541784
2017-01-17,0.9627730391428427
2017-01-18,0.9504418925357925
2017-01-19,0.9439229592364411
2017-01-20,0.9420378952573925
2017-01-23,0.9514630403895903
2017-01-24,0.9449441100513619
2017-01-25,0.9330842436484647
2017-01-26,0.936225917198455
2017-01-27,0.9396032382482965
2017-01-30,0.9367757536127169
2017-01-31,0.9432947563392529
2017-02-01,0.9354405501586719
2017-02-02,0.9350478044648656
2017-02-03,0.9346551643132439
2017-02-06,0.9403101394127339
2017-02-07,0.947221906568429
2017-02-08,0.9601028770502424
2017-02-09,0.9490283688266776
2017-02-10,0.9484785865408601
2017-02-13,0.9454939333322907
2017-02-14,0.9386608474504415
2017-02-15,0.9343410511891571
2017-02-16,0.9394463517323566
2017-02-17,0.945022862880505
2017-02-21,0.9433734340235151
2017-02-22,0.9449443442820122
2017-02-23,0.9477718748454269
2017-02-24,0.9582964858952655
2017-02-27,0.9526415241255216
2017-02-28,0.9561759233495691
2017-03-01,0.9383468402156016
2017-03-02,0.9349694736986583
2017-03-03,0.9374043253036144
2017-03-06,0.9329274067298081
2017-03-07,0.9300998666074228
2017-03-08,0.9250731513319441
2017-03-09,0.9176901470149488
2017-03-10,0.920910390314341
2017-03-13,0.9150982086022518
2017-03-14,0.9194964766294595
2017-03-15,0.9307280027039779
2017-03-16,0.9260154455663114
2017-03-17,0.9318275212992408
2017-03-20,0.9358332382975916
2017-03-21,0.943608895238033
2017-03-22,0.9473788805559451
2017-03-23,0.9460436177536894
2017-03-24,0.9494209788890787
2017-03-27,0.9537408094025501
2017-03-28,0.947378858220958
2017-03-29,0.953033979711821
2017-03-30,0.9453368423597561
2017-03-31,0.9480857908775907
2017-04-03,0.9556257852213967
2017-04-04,0.9504419110881307
2017-04-05,0.953348052508168
2017-04-06,0.9519342544810263
2017-04-07,0.9480856725696336
2017-04-10,0.9524840140543805
2017-04-11,0.9615163867065477
2017-04-12,0.966778697433956
2017-04-13,0.9697633569376938
2017-04-17,0.966778786441401
2017-04-18,0.9794241460081228
2017-04-19,0.9740833286274094
2017-04-20,0.970313286220178
2017-04-21,0.9703131755738218
2017-04-24,0.9655221284880796
2017-04-25,0.9538979481842321
2017-04-26,0.9591602807608668
2017-04-27,0.9588461553213057
2017-04-28,0.9609667031680676
2017-05-01,0.950991830190078
2017-05-02,0.9558614775039032
2017-05-03,0.9564898636957577
2017-05-04,0.9517773700937068
2017-05-05,0.952641433460352
2017-05-08,0.9474577232192036
2017-05-09,0.9473792236785844
2017-05-10,0.9462796570888736
2017-05-11,0.9462795720474392
2017-05-12,0.9534268518356045
2017-05-15,0.9508350746738476
2017-05-16,0.9543694771179507
2017-05-17,0.9682710633842054
2017-05-18,0.9693706661949595
2017-05-19,0.9716484152715573
2017-05-22,0.9689780820452604
2017-05-23,0.9624590869097235
2017-05-24,0.9678785796090326
2017-05-25,0.9681926795792666
2017-05-26,0.9698420284779354
2017-05-30,0.9746331414769474
2017-05-31,0.9770678909519233
2017-06-01,0.9751043727515035
2017-06-02,0.986650022809663
2017-06-05,0.9805237217280699
2017-06-06,0.9858646065730429
2017-06-07,0.9811521227591055
2017-06-08,0.9785602992971525
2017-06-09,0.9770680378664353
2017-06-12,0.9767538434129123
2017-06-13,0.976910994526808
2017-06-14,0.9919910917189471
2017-06-15,0.9904202259511798
2017-06-16,0.9923836798263799
2017-06-19,0.990969863477718
2017-06-20,0.9998451742092174
2017-06-21,1.0018872327761088
2017-06-22,1.0040863975877672
2017-06-23,1.0036150681157836
2017-06-26,1.0073850780753393
2017-06-27,0.9966248345052926
2017-06-28,0.9933259964030718
2017-06-29,0.9850004427565947
2017-06-30,0.9827227198523292
2017-07-03,0.9775389634629631
2017-07-05,0.9777745594909965
2017-07-06,0.96968466949283
2017-07-07,0.96387262866924
2017-07-10,0.9652863209924765
2017-07-11,0.9669356644220559
2017-07-12,0.9736117569834084
2017-07-13,0.9674854705860974
2017-07-14,0.9686635861687947
2017-07-17,0.9713340822754201
2017-07-18,0.9798166585311732
2017-07-19,0.9802093120893555
2017-07-20,0.9830368700948585
2017-07-21,0.987199571163447
2017-07-24,0.9833509872062557
2017-07-25,0.9705485893477995
2017-07-26,0.9721193545672542
2017-07-27,0.9673282690411766
2017-07-28,0.9730618284466692
2017-07-31,0.974239943784837
2017-08-01,0.9789524814608744
2017-08-02,0.9795022630754509
2017-08-03,0.9896341908339689
2017-08-04,0.9812301948452447
2017-08-07,0.9823298021812409
2017-08-08,0.9787953581047746
2017-08-09,0.9841362591729244
2017-08-10,0.992540226010322
2017-08-11,0.9930114911378354
2017-08-14,0.9879062517129515
2017-08-15,0.9837434561852262
2017-08-16,0.9873563741792926
2017-08-17,0.9947392816875116
2017-08-18,0.9945036849091045
2017-08-21,0.9969384721261592
2017-08-22,0.9930900116579834
2017-08-23,0.9998446396089647
2017-08-24,0.9961532461607306
2017-08-25,1.0000019215388791
2017-08-28,0.9993735869140579
2017-08-29,1.0025938143360869
2017-08-30,1.0022796811344363
2017-08-31,1.0052642724939311
2017-09-01,0.9955250418858719
2017-09-05,1.011312015826653
2017-09-06,1.0051071152313236
2017-09-07,1.0153961152022282
2017-09-08,1.0131969435123935
2017-09-11,1.001101370058989
2017-09-12,0.9958390471601591
2017-09-13,0.9919119519066439
2017-09-14,0.9959961792650865
2017-09-15,0.9963888684222073
2017-09-18,0.9906553369938915
2017-09-19,0.9882205696264437
2017-09-20,0.9889274616944949
2017-09-21,0.9883776521886752
2017-09-22,0.9912051211411737
2017-09-25,0.9974099694308604
2017-09-26,0.9956034697040174
2017-09-27,0.9806020050867836
2017-09-28,0.9776960441518587
2017-09-29,0.979895271445217
2017-10-02,0.9761251822793325
2017-10-03,0.9770677283726926
2017-10-04,0.9771463180160262
2017-10-05,0.9734548781433925
2017-10-06,0.9707058893988896
2017-10-09,0.9737690278366684
2017-10-10,0.9753398204267337
2017-10-11,0.9772247591358464
2017-10-12,0.9813874171557463
2017-10-13,0.9884562630400321
2017-10-16,0.987749427933608
2017-10-17,0.9890061172273287
2017-10-18,0.9824871669021296
2017-10-19,0.984215201039022
2017-10-20,0.9737691416347719
2017-10-23,0.9754970718905147
2017-10-24,0.9694492786909161
2017-10-25,0.9648153197667263
2017-10-26,0.9615951300804271
2017-10-27,0.9679570747789042
2017-10-30,0.9772250954843372
2017-10-31,0.977539253289989
2017-11-01,0.9798170548464297
2017-11-02,0.9841369148563299
2017-11-03,0.9868073052833936
2017-11-06,0.9904987570338039
2017-11-07,0.9946614683685395
2017-11-08,0.9924623586015459
2017-11-09,0.9896348963121986
2017-11-10,0.974711806163616
2017-11-13,0.9767539079157682
2017-11-14,0.9833514239205505
2017-11-15,0.9940331771192422
2017-11-16,0.985393450096261
2017-11-17,0.9926979623202312
2017-11-20,0.992305270329276
2017-11-21,0.9954470640496214
2017-11-22,0.9986671929974897
2017-11-24,0.9959182846148497
2017-11-27,0.9945045205136822
2017-11-28,0.9958397696259601
2017-11-29,0.9860219196897054
2017-11-30,0.9827231290578001
2017-12-01,0.9939546570924307
2017-12-04,0.9944258500929476
2017-12-05,0.9993740744065002
2017-12-06,1.0028299142412824
2017-12-07,0.9949756944331085
2017-12-08,0.9950542882071204
2017-12-11,0.9930123442430594
2017-12-12,0.9926197444542739
2017-12-13,1.0000812504132675
2017-12-14,1.0043224859035838
2017-12-15,1.00809254836059
2017-12-18,0.9989032325914281
2017-12-19,0.9859437468540424
2017-12-20,0.9750264652421607
2017-12-21,0.9786393737854473
2017-12-22,0.979974487058732
2017-12-26,0.9828804957782753
2017-12-27,0.9956828451143577
2017-12-28,0.9948188339772162
2017-12-29,0.9963896954959485
2018-01-02,0.9856293766797053
2018-01-03,0.9903419480325012
2018-01-04,0.9901849124523494
2018-01-05,0.9873573364378755
2018-01-08,0.9867290261859769
2018-01-09,0.9735340121457207
2018-01-10,0.9723558274448734
2018-01-11,0.9763615071938829
2018-01-12,0.9780108561283176
2018-01-16,0.9820950872315617
2018-01-17,0.9807598999749106
2018-01-18,0.9716489322409232
2018-01-19,0.966543705335055
2018-01-22,0.9674862290819276
2018-01-23,0.9716489785490385
2018-01-24,0.9663866404201583
2018-01-25,0.9743193733316687
2018-01-26,0.9707063460377503
2018-01-29,0.9639516040514756
2018-01-30,0.958296466857135
2018-01-31,0.9639515459727203
2018-02-01,0.948007396841984
2018-02-02,0.9392106087270148
2018-02-05,0.948085910342432
2018-02-06,0.9421952266148467
2018-02-07,0.933241387348917
2018-02-08,0.9322203355028024
2018-02-09,0.9263296517752171
2018-02-12,0.9304138591596762
2018-02-13,0.9345766089938368
2018-02-14,0.9242090056332869
2018-02-15,0.9273507036214055
2018-02-16,0.932377420402296
2018-02-20,0.928293213017849
2018-02-21,0.9169045578111891
2018-02-22,0.9196535435507357
2018-02-23,0.9278219583196696
2018-02-26,0.9281361281186172
2018-02-27,0.9268009064739717
2018-02-28,0.9326915902016492
2018-03-01,0.9371685098346655
2018-03-02,0.9295498922136631
2018-03-05,0.9270365338233754
2018-03-06,0.9279005007704161
2018-03-07,0.9268794489245213
2018-03-08,0.9322203355045554
2018-03-09,0.9260940244287884
2018-03-12,0.9314349110143237
2018-03-13,0.9361474579985093
2018-03-14,0.9443944152189044
2018-03-15,0.9443944152199069
2018-03-16,0.9410170898843542
2018-03-19,0.9380324767986085
2018-03-20,0.9342624392134921
2018-03-21,0.9352834910607891
2018-03-22,0.944551500127228
2018-03-23,0.943844618079994
2018-03-26,0.9402316653937123
2018-03-27,0.9502850989571807
2018-03-28,0.9527984573484041
2018-03-29,0.9574324618814591
2018-04-02,0.9572753769887462
2018-04-03,0.9498923867173897
2018-04-04,0.9479288254812973
2018-04-05,0.9408600050233284
2018-04-06,0.9511490659712692
2018-04-09,0.9527199149737661
2018-04-10,0.9509919810868261
2018-04-11,0.9543693064431935
2018-04-12,0.9473790284426334
2018-04-13,0.9495782171320221
2018-04-16,0.9498923871640624
2018-04-17,0.9524842884736674
2018-04-18,0.9448656722650961
2018-04-19,0.937168513222864
2018-04-20,0.930413863347286
2018-04-23,0.9306494911423376
2018-04-24,0.9264081995106718
2018-04-25,0.9202033461523162
2018-04-26,0.9266438273006652
2018-04-27,0.9337911911451399
2018-04-30,0.9354405843124723
2018-05-01,0.9300211562547995
2018-05-02,0.929000105728939
2018-05-03,0.9331628565723179
2018-05-04,0.9345766217313517
2018-05-07,0.9330843179384382
2018-05-08,0.932220353657631
2018-05-09,0.9266438423840128
2018-05-10,0.9341053833593469
2018-05-11,0.9364616666082042
2018-05-14,0.931513506349856
2018-05-15,0.9209102856343107
2018-05-16,0.9173758785144143
2018-05-17,0.9127418826323187
2018-05-18,0.9205961355876231
2018-05-21,0.9210673972305936
2018-05-22,0.9196536419018975
2018-05-23,0.9263297587066139
2018-05-24,0.9337127622996058
2018-05-25,0.9395249174200518
2018-05-29,0.960103050120072
2018-05-30,0.9536625689999059
2018-05-31,0.9520917238747
2018-06-01,0.9448658200527494
2018-06-04,0.9380326396894078
2018-06-05,0.9402318528975888
2018-06-06,0.9326132644528058
2018-06-07,0.9416457037413284
2018-06-08,0.9388182143867498
2018-06-11,0.937090316631183
2018-06-12,0.9373259757146275
2018-06-13,0.9368547524671096
2018-06-14,0.9446304782522654
2018-06-15,0.9454944840419255
2018-06-18,0.9446305600687374
2018-06-19,0.9501285662359181
2018-06-20,0.9418030768258714
2018-06-21,0.9467512761910114
2018-06-22,0.9466727399472492
2018-06-25,0.9487933998181872
2018-06-26,0.9501286236567529
2018-06-27,0.959082472620073
2018-06-28,0.9593181011665464
2018-06-29,0.9560193185559841
2018-07-02,0.9531132500801346
2018-07-03,0.958218517871139
2018-07-05,0.9609675090008982
2018-07-06,0.9641092183440102
2018-07-09,0.9579043957527829
2018-07-10,0.957825913551636
2018-07-11,0.9615174713241812
2018-07-12,0.9614389593594292
2018-07-13,0.96387384933816
2018-07-16,0.959868163936221
2018-07-17,0.9580617371966968
2018-07-18,0.9542131319451942
2018-07-19,0.9602608788395198
2018-07-20,0.9484795493300024
2018-07-23,0.9367767611979647
2018-07-24,0.9399970625758294
2018-07-25,0.9385048215233109
2018-07-26,0.936698303991351
2018-07-27,0.9382691229246068
2018-07-30,0.9350489080629497
2018-07-31,0.9401541841219487
2018-08-01,0.9304149451611877
2018-08-02,0.9317501967066752
2018-08-03,0.9363842386734464
2018-08-06,0.9369341354752242
2018-08-07,0.932064510092442
2018-08-08,0.9330069695239565
2018-08-09,0.9408611452881404
2018-08-10,0.9476941216099728
2018-08-13,0.9457305793749243
2018-08-14,0.9436099737490051
2018-08-15,0.9491078574129581
2018-08-16,0.949029306181984
2018-08-17,0.950207487337377
2018-08-20,0.9565694010252479
2018-08-21,0.9533492006881622
2018-08-22,0.9571192482030373
2018-08-23,0.9586115512915618
2018-08-24,0.9604966289763722
2018-08-27,0.9549987299277954
2018-08-28,0.9492651522779331
2018-08-29,0.9505217986559534
2018-08-30,0.9525639594892623
2018-08-31,0.9503255322309911
2018-09-04,0.9427461637634043
2018-09-05,0.9402328497230946
2018-09-06,0.9436887682265579
2018-09-07,0.9356773812221953
2018-09-10,0.9391332394638651
2018-09-11,0.9319859023488881
2018-09-12,0.934185068967508
2018-09-13,0.9355988166279289
2018-09-14,0.9311219742044027
2018-09-17,0.931121918697025
2018-09-18,0.9213826838751888
2018-09-19,0.9158846335869807
2018-09-20,0.9201259890303304
2018-09-21,0.9197331628621457
2018-09-24,0.9173769347135506
2018-09-25,0.9164344574193973
2018-09-26,0.9228749410931262
2018-09-27,0.9235033157095291
2018-09-28,0.9210685559071989
2018-10-01,0.9122718560644671
2018-10-02,0.9178484148609813
2018-10-03,0.9019044465460142
2018-10-04,0.8955424344871952
2018-10-05,0.8878452495408301
2018-10-08,0.8848606379080678
2018-10-09,0.8938145009966887
2018-10-10,0.891379686504457
2018-10-11,0.9022185619064291
2018-10-12,0.899076858900275
2018-10-15,0.8986841461275158
2018-10-16,0.9007262532054572
2018-10-17,0.8953853614740245
2018-10-18,0.895071194591008
2018-10-19,0.8931076306665683
2018-10-22,0.891929492441987
2018-10-23,0.8947570257078789
2018-10-24,0.9015116874275942
2018-10-25,0.8977416437820231
2018-10-26,0.903161081534315
2018-10-29,0.9011189745688974
2018-10-30,0.8966420477433027
2018-10-31,0.892086578361114
2018-11-01,0.890751354740444
2018-11-02,0.879676852494628
2018-11-05,0.8831327267674636
2018-11-06,0.8825829293244607
2018-11-07,0.8837610685670332
2018-11-08,0.8836825427461817
2018-11-09,0.8902801313566008
2018-11-12,0.8960922892250159
2018-11-13,0.8955424917723672
2018-11-14,0.8960922907016377
2018-11-15,0.8956995781179121
2018-11-16,0.9008833893847639
2018-11-19,0.903396757061601
2018-11-20,0.9037109284744211
2018-11-21,0.9033967583148829
2018-11-23,0.9043392699836997
2018-11-26,0.9022971632978289
2018-11-27,0.9033182210516238
2018-11-28,0.8989198403087872
2018-11-29,0.9024542624364725
2018-11-30,0.9058315980781438
2018-12-03,0.9101514492228179
2018-12-04,0.9253887494666878
2018-12-06,0.9282948259897279
2018-12-07,0.9300227634315632
2018-12-10,0.9338713502681734
2018-12-11,0.9337142652869025
2018-12-12,0.929551508630407
2018-12-13,0.9273523167477693
2018-12-14,0.9305725638332929
2018-12-17,0.9359920028037447
2018-12-18,0.9393693340673172
2018-12-19,0.9517790627455489
2018-12-20,0.9483231889598298
2018-12-21,0.9481661037885936
2018-12-24,0.9528786589767777
2018-12-26,0.942668122736508
2018-12-27,0.9428252079095529
2018-12-28,0.9507580091425546
2018-12-31,0.9543709681206355
2019-01-02,0.9593976936648038
2019-01-03,0.970315113254813
2019-01-04,0.9590835234015956
2019-01-07,0.9562559907748048
2019-01-08,0.953742628476471
2019-01-09,0.9522503204422103
2019-01-10,0.9461240003819411
2019-01-11,0.9498155044578122
2019-01-14,0.9462810961067877
2019-01-15,0.9428252260409699
2019-01-16,0.9437677429886911
2019-01-17,0.944003374768153
2019-01-18,0.9390552014782896
2019-01-22,0.9454171638216134
2019-01-23,0.9450244518291372
2019-01-24,0.9512293195083217
2019-01-25,0.9466738544896006
2019-01-28,0.945731362983871
2019-01-29,0.950522466518294
2019-01-30,0.9498155875130732
2019-01-31,0.9579840340916939
2019-02-01,0.9500512779381812
2019-02-04,0.9458100446647958
2019-02-05,0.9501298719346496
2019-02-06,0.9506011270712335
2019-02-07,0.9568845523126677
2019-02-08,0.9609688254383747
2019-02-11,0.9571987687441142
2019-02-12,0.9547246417676338
2019-02-13,0.9511509690907727
2019-02-14,0.9565703986176435
2019-02-15,0.9580627695799161
2019-02-19,0.9604976755774493
2019-02-20,0.9577487735987297
2019-02-21,0.9491876130515227
2019-02-22,0.954842639515215
2019-02-25,0.952015025331283
2019-02-26,0.9567276864294508
2019-02-27,0.9458888550422891
2019-02-28,0.9426685114593514
2019-03-01,0.9319868291268831
2019-03-04,0.9392912820452218
2019-03-05,0.94125476947347
2019-03-06,0.9447105430886826
2019-03-07,0.9508368509476538
2019-03-08,0.9548425712413792
2019-03-11,0.9520150013378583
2019-03-12,0.9586911605510693
2019-03-13,0.9568847479524076
2019-03-14,0.9499729664585932
2019-03-15,0.9562563882862898
2019-03-18,0.9557066309220698
2019-03-19,0.9535860028060024
2019-03-20,0.9635608501355905
2019-03-21,0.9656814799005594
2019-03-22,0.9806830057218864
2019-03-25,0.9822539211000925
2019-03-26,0.9815471102226976
2019-03-27,0.9905794756949856
2019-03-28,0.9940354491040323
2019-03-29,0.9930928794264444
2019-04-01,0.9768345477920505
2019-04-02,0.9786410447765873
2019-04-03,0.9701584011833715
2019-04-04,0.9729073692558338
2019-04-05,0.9741640569137293
2019-04-08,0.9707081649263242
2019-04-09,0.9737712530185413
2019-04-10,0.9761275298385202
2019-04-11,0.9703938772569303
2019-04-12,0.9634821852918765
2019-04-15,0.9659170247577822
2019-04-16,0.9598693452891041
2019-04-17,0.9602621031877748
2019-04-18,0.9652888846827157
2019-04-22,0.9606548289888867
2019-04-23,0.9626969175248073
2019-04-24,0.9705512045448915
2019-04-25,0.9691374401213976
2019-04-26,0.9724362303890158
2019-04-29,0.9662313871768382
2019-04-30,0.9711795774684159
2019-05-01,0.9731430498029274
2019-05-02,0.9685090815034033
2019-05-03,0.9712581707054686
2019-05-06,0.9739286311723616
2019-05-07,0.9813901432534159
2019-05-08,0.9771488440217441
2019-05-09,0.9811545205650346
2019-05-10,0.979819299127365
2019-05-13,0.9875165184200381
2019-05-14,0.9846104419399703
2019-05-15,0.9906582330745187
2019-05-16,0.9873594735085218
2019-05-17,0.9895586378030271
2019-05-20,0.9875165771282239
2019-05-21,0.9859457590593675
2019-05-22,0.9916008291830006
2019-05-23,1.0027538855989468
2019-05-24,1.0036178715116961
2019-05-28,1.0115507218115865
2019-05-29,1.0139070114969246
2019-05-30,1.0226252517548
2019-05-31,1.035427714302263
2019-06-03,1.0402188186684063
2019-06-04,1.028358881644335
2019-06-05,1.022546742871675
2019-06-06,1.0258455696027116
2019-06-07,1.0347209245154085
2019-06-10,1.0249816626741166
2019-06-11,1.0256100335731315
2019-06-12,1.0263954880677832
2019-06-13,1.029929938172674
2019-06-14,1.0325218784519288
2019-06-17,1.0343284130742725
2019-06-18,1.0395122709874203
2019-06-19,1.0410046242296147
2019-06-20,1.043753580968386
2019-06-21,1.0322864040758812
2019-06-24,1.0399836118309735
2019-06-25,1.043203881592678
2019-06-26,1.036527760235279
2019-06-27,1.043832277984862
2019-06-28,1.0431254615706667
2019-07-01,1.0386485359842537
2019-07-02,1.0466598365071667
2019-07-03,1.054121390670213
2019-07-05,1.0401408749023773
2019-07-08,1.0415546891283436
2019-07-09,1.0411619788349735
2019-07-10,1.0354283764033911
2019-07-11,1.0216049807864311
2019-07-12,1.0227831381188222
2019-07-15,1.0286737834071296
2019-07-16,1.0256104921103848
2019-07-17,1.0366849399674112
2019-07-18,1.036763440063225
2019-07-19,1.0343285697013767
2019-07-22,1.0362921563254932
2019-07-23,1.0306371104012833
2019-07-24,1.0351140551032556
2019-07-25,1.03016587795193
2019-07-26,1.0326006981539795
2019-07-29,1.0329148581488223
2019-07-30,1.0354282310205598
2019-07-31,1.0437537350900865
2019-08-01,1.0623683223054923
2019-08-02,1.0721861797433496
2019-08-05,1.09072228185826
2019-08-06,1.099440520039421
2019-08-07,1.0998332348709754
2019-08-08,1.1021895177583205
2019-08-09,1.0999903483857247
2019-08-12,1.1229248241017746
2019-08-13,1.1190762330949011
2019-08-14,1.1442884558744872
2019-08-15,1.157012372021532
2019-08-16,1.1477443352520802
2019-08-19,1.1313289216073439
2019-08-20,1.1430318195681384
2019-08-21,1.1354132009436655
2019-08-22,1.127873071259648
2019-08-23,1.1464091921379311
2019-08-26,1.1417751762653312
2019-08-27,1.1593687455361616
2019-08-28,1.1608610590585888
2019-08-29,1.1564626734397476
2019-08-30,1.1567768645596574
2019-09-03,1.1562270732156623
2019-09-04,1.157955016816581
2019-09-05,1.1369841497965902
2019-09-06,1.1450741353095741
2019-09-09,1.1247316952249766
2019-09-10,1.105017538678526
2019-09-11,1.1030540471884351
2019-09-12,1.0958280777473561
2019-09-13,1.0724223269767694
2019-09-16,1.0860887213244308
2019-09-17,1.0919793704423002
2019-09-18,1.0966134024209733
2019-09-19,1.0999122706797402
2019-09-20,1.1144427110029727
2019-09-23,1.1142071087774825
2019-09-24,1.1276380013199891
2019-09-25,1.1111440630867542
2019-09-26,1.118291412877799
2019-09-27,1.121040493237971
2019-09-30,1.1237895197424033
2019-10-01,1.1252033626557085
2019-10-02,1.1279523688932254
2019-10-03,1.138241470624567
2019-10-04,1.146645552200718
2019-10-07,1.137141932495192
2019-10-08,1.1402051243849844
2019-10-09,1.1337646220972184
2019-10-10,1.116877945263366
2019-10-11,1.103054458950528
2019-10-14,1.1110659191124805
2019-10-15,1.0976351662303048
2019-10-16,1.098970421266488
2019-10-17,1.0962999717394541
2019-10-18,1.0962999672820517
2019-10-21,1.0880529900321736
2019-10-22,1.0944150044750947
2019-10-23,1.0955146135428477
2019-10-24,1.09331537149661
2019-10-25,1.0879744752093508
2019-10-28,1.0780781653072171
2019-10-29,1.0787850026264802
2019-10-30,1.0945721258931516
2019-10-31,1.1093382154458375
2019-11-01,1.1039973931971225
2019-11-04,1.0894670484298279
2019-11-05,1.0772144188730848
2019-11-06,1.0837334858912526
2019-11-07,1.064097811193305
2019-11-08,1.0596209353430495
2019-11-11,1.0603277741382893
2019-11-12,1.0651974607046115
2019-11-13,1.0721092030220332
2019-11-14,1.0831837191615261
2019-11-15,1.0820055608641421
2019-11-18,1.0839691879056466
2019-11-19,1.093001650116317
2019-11-20,1.1043117582531505
2019-11-21,1.0974001182177113
2019-11-22,1.0988139830133352
2019-11-25,1.1020342334594937
2019-11-26,1.1084747354369933
2019-11-27,1.105254565282784
2019-11-29,1.1028983452000631
2019-12-02,1.0863258327453196
2019-12-03,1.1091033082536825
2019-12-04,1.0980288496716915
2019-12-05,1.0926880232626808
2019-12-06,1.0866401117158118
2019-12-09,1.088996374640751
2019-12-10,1.089074876301264
2019-12-11,1.0976360192457713
2019-12-12,1.0795712358622602
2019-12-13,1.092059534226542
2019-12-16,1.0822417466950307
2019-12-17,1.0807494916027396
2019-12-18,1.071874225467994
2019-12-19,1.0718742340609964
2019-12-20,1.0732881109426884
2019-12-23,1.0717172795018377
2019-12-24,1.0747804634970226
2019-12-26,1.0773723320569795
2019-12-27,1.0785504426601265
2019-12-30,1.074623386873073
2019-12-31,1.0640987015481393
2020-01-02,1.0761549779800597
2020-01-03,1.0926882208375313
2020-01-06,1.0864833597349728
2020-01-07,1.0811031364426842
2020-01-08,1.0739950066085564
2020-01-09,1.0777651167459386
2020-01-10,1.0873473817617325
2020-01-13,1.084048659036432
2020-01-14,1.0896252095900605
2020-01-15,1.0968510780589007
2020-01-16,1.0933951055833802
2020-01-17,1.0840485374140216
2020-01-21,1.0954372277539508
2020-01-22,1.0992859282993943
2020-01-23,1.1069831668932373
2020-01-24,1.1159369704753541
2020-01-27,1.1332949331473257
2020-01-28,1.1244196025157545
2020-01-29,1.1354156759021752
2020-01-30,1.1355728197061261
2020-01-31,1.1459404556894095
2020-02-03,1.1431129192788965
2020-02-04,1.12771854117818
2020-02-05,1.1153873111640074
2020-02-06,1.1204139630552528
2020-02-07,1.1343945177105201
2020-02-10,1.1375363081027015
2020-02-11,1.131802676115112
2020-02-12,1.1260691294733234
2020-02-13,1.1303888933094564
2020-02-14,1.135337127849583
2020-02-18,1.143112883472275
2020-02-19,1.143034280342844
2020-02-20,1.1519881385750033
2020-02-21,1.1627486054103262
2020-02-24,1.1801066454644766
2020-02-25,1.1863900752009444
2020-02-26,1.1801066454753246
2020-02-27,1.1929091335435507
2020-02-28,1.219849338495186
2020-03-02,1.209088965088848
2020-03-03,1.227860711396256
2020-03-04,1.2148225947141233
2020-03-05,1.2450616002720851
2020-03-06,1.3098594693248526
2020-03-09,1.3453608472786112
2020-03-10,1.2764002060321507
2020-03-11,1.2294315688278419
2020-03-12,1.2370502273710156
2020-03-13,1.2090889650888517
2020-03-16,1.2873962080532264
2020-03-17,1.201548849417257
2020-03-18,1.1337663512444833
2020-03-19,1.1646336997750746
2020-03-20,1.2522090015857845
2020-03-23,1.303811668213261
2020-03-24,1.2795419208953154
2020-03-25,1.2766358346468885
2020-03-26,1.2829192643732175
2020-03-27,1.3171639563817101
2020-03-30,1.306325040103793
2020-03-31,1.2957217524406126
2020-04-01,1.3119801268574889
2020-04-02,1.3203056712448746
2020-04-03,1.3234473861080394
2020-04-06,1.3199914997585585
2020-04-07,1.306167954360635
2020-04-08,1.2966642668995625
2020-04-09,1.2990205530469356
2020-04-13,1.28716057943849
2020-04-14,1.2868464079521738
2020-04-15,1.3209340142175083
2020-04-16,1.3359357026891188
2020-04-17,1.3180279279690812
2020-04-20,1.3286312156322613
2020-04-21,1.3453608472786123
2020-04-22,1.3316158447522677
2020-04-23,1.3386847031943878
2020-04-24,1.3418264180575523
2020-04-27,1.3168497848953946
2020-04-28,1.332008559110165
2020-04-29,1.3250967864112044
2020-04-30,1.3096238407101288
2020-05-01,1.319127528171202
2020-05-04,1.312922641316452
2020-05-05,1.3045185540574873
2020-05-06,1.2834690644742863
2020-05-07,1.3049112684153852
2020-05-08,1.2879460081543057
2020-05-11,1.277892520592377
2020-05-12,1.2910091801463663
2020-05-13,1.30004161037797
2020-05-14,1.3127655555737912
2020-05-15,1.3093882120958922
2020-05-18,1.280641521097933
2020-05-19,1.2854326362643345
2020-05-20,1.2892812369717386
2020-05-21,1.2925014947067288
2020-05-22,1.30027723899313
2020-05-26,1.2828407215027706
2020-05-27,1.2804844353556428
2020-05-28,1.2757718630612407
2020-05-29,1.2848828361645794
2020-06-01,1.274593719988092
2020-06-02,1.269959690565121
2020-06-03,1.2530729731762507
2020-06-04,1.2349295698432663
2020-06-05,1.2261327682280165
2020-06-08,1.2308453405280988
2020-06-09,1.244825971671008
2020-06-10,1.2632835464926617
2020-06-11,1.287160579453329
2020-06-12,1.2747508057436865
2020-06-15,1.2754576915879066
2020-06-16,1.2559005165644834
2020-06-17,1.2610843460887668
2020-06-18,1.2744366342573725
2020-06-19,1.2754576915879174
2020-06-22,1.2756147773310782
2020-06-23,1.2668965185857097
2020-06-24,1.2804844353690719
2020-06-25,1.2841759503333352
2020-06-26,1.2979209528598488
2020-06-29,1.2938367235376886
2020-06-30,1.2875532938113035
2020-07-01,1.2835476073607763
2020-07-02,1.2848828361779057
2020-07-06,1.2796204637826507
2020-07-07,1.2976067813749603
2020-07-08,1.2924229518508066
2020-07-09,1.3130011842052354
2020-07-10,1.3064035829926612
2020-07-13,1.310723440930467
2020-07-14,1.3126084698484042
2020-07-15,1.3064821258652812
2020-07-16,1.3126870127207424
2020-07-17,1.3099380122159485
2020-07-20,1.313158269954882
2020-07-21,1.3139436986827258
2020-07-22,1.3178708422705216
2020-07-23,1.333265245114054
2020-07-24,1.3331867022453718
2020-07-27,1.3282385013390872
2020-07-28,1.3374280173231483
2020-07-29,1.3351502740521561
2020-07-30,1.3439470756857226
2020-07-31,1.3430831041068378
2020-08-03,1.3348361026016484
2020-08-04,1.3475600478112482
2020-08-05,1.3357786170935086
2020-08-06,1.3432401899347486
2020-08-07,1.3342863026264962
2020-08-10,1.328317044464163
2020-08-11,1.3124906559195868
2020-08-12,1.3005914108876446
2020-08-13,1.2866893226884901
2020-08-14,1.2816625789904936
2020-08-17,1.284882836816901
2020-08-18,1.2940723529635982
2020-08-19,1.2859824373283149
2020-08-20,1.2976067823867787
2020-08-21,1.3053825267212684
2020-08-24,1.3032618692304605
2020-08-25,1.2932869245811924
2020-08-26,1.2883387237190844
2020-08-27,1.2664252625449464
2020-08-28,1.265482748090131
2020-08-31,1.2738868353729766
2020-09-01,1.2870034949401095
2020-09-02,1.2992561829190465
2020-09-03,1.3029476978872545
2020-09-04,1.2782066933158835
2020-09-08,1.2860609804814045
2020-09-09,1.282605094128581
2020-09-10,1.289124152475978
2020-09-11,1.291873152983914
2020-09-14,1.291794610113101
2020-09-15,1.288652895248641
2020-09-16,1.2848042945392943
2020-09-17,1.28873143812315
2020-09-18,1.284725751670297
2020-09-21,1.2912448100207983
2020-09-22,1.2902237526907594
2020-09-23,1.2919516958703479
2020-09-24,1.2968998967854648
2020-09-25,1.2968998967861964
2020-09-28,1.2932083818226345
2020-09-29,1.2947006963888554
2020-09-30,1.2822909226709134
2020-10-01,1.2830763513906094
2020-10-02,1.278285236221611
2020-10-05,1.2533086030366556
2020-10-06,1.2600632900006516
2020-10-07,1.2508737740171225
2020-10-08,1.2576284609810557
2020-10-09,1.2573928323722952
2020-10-12,1.2613985188459511
2020-10-13,1.2704309491024002
2020-10-14,1.2733370353606366
2020-10-15,1.2711378349590063
2020-10-16,1.2676034057366814
2020-10-19,1.2628122905666563
2020-10-20,1.250795231202799
2020-10-21,1.24647537326168
2020-10-22,1.2335157994380075
2020-10-23,1.2410559151181006
2020-10-26,1.2526017172532644
2020-10-27,1.261005804521031
2020-10-28,1.2621839475959555
2020-10-29,1.2499312596168037
2020-10-30,1.237600028765991
2020-11-02,1.2455328588037753
2020-11-03,1.2383069146109422
2020-11-04,1.265168576719084
2020-11-05,1.267367777125834
2020-11-06,1.2520519171533284
2020-11-09,1.225740055159127
2020-11-10,1.2186711967142572
2020-11-11,1.2230695975384864
2020-11-12,1.243883458565812
2020-11-13,1.2422340582677163
2020-11-16,1.2392494291932348
2020-11-17,1.2473393450549715
2020-11-18,1.2509523172130925
2020-11-19,1.25739283271636
2020-11-20,1.268545920542118
2020-11-23,1.262733748066925
2020-11-24,1.2501668886694381
2020-11-25,1.2463182881338657
2020-11-27,1.258413890622783
2020-11-30,1.256843033541866
2020-12-01,1.2370502303069295
2020-12-02,1.2272323716958593
2020-12-03,1.2371287737679366
2020-12-04,1.2189853705844031
2020-12-07,1.2299813729206068
2020-12-08,1.2357935456174147
2020-12-09,1.2317093192991544
2020-12-10,1.2426267792784538
2020-12-11,1.2470251807360557
2020-12-14,1.2435692946616936
2020-12-15,1.2394065225253315
2020-12-16,1.236107722346292
2020-12-17,1.2315522363621618
2020-12-18,1.2278607223345603
2020-12-21,1.232730381790695
2020-12-22,1.2390923545054584
2020-12-23,1.2305311815379072
2020-12-24,1.2354008398698488
2020-12-28,1.2359506411500016
2020-12-29,1.2343797846754554
2020-12-30,1.2370502426311805
2020-12-31,1.238856729085062
2021-01-04,1.2373644148773981
2021-01-05,1.2281748987928696
2021-01-06,1.2029626367274808
2021-01-07,1.1923593489745679
2021-01-08,1.188510748760418
2021-01-11,1.186547177944971
2021-01-12,1.185604663583029
2021-01-13,1.1989569521589263
2021-01-14,1.1877253219343256
2021-01-15,1.192437894529946
2021-01-19,1.1962864953876922
2021-01-20,1.1974646387269403
2021-01-21,1.1890605524627806
2021-01-22,1.1929091544856938
2021-01-25,1.2069683294831204
2021-01-26,1.2046905864059614
2021-01-27,1.2077537587162923
2021-01-28,1.201077614508002
2021-01-29,1.1938516701885677
2021-02-01,1.1938516701885804
2021-02-02,1.18615446863095
2021-02-03,1.1756297236542572
2021-02-04,1.172488008842009
2021-02-05,1.1626701500017533
2021-02-08,1.1677754373725289
2021-02-09,1.168639409430399
2021-02-10,1.1764151541602152
2021-02-11,1.1699746387669943
2021-02-12,1.1554442076127913
2021-02-16,1.1378506051608168
2021-02-17,1.1450765498351736
2021-02-18,1.140442520637652
2021-02-19,1.1252837462266727
2021-02-22,1.1167225732323043
2021-02-23,1.1135023154911075
2021-02-24,1.1061978283581075
2021-02-25,1.0881329678865304
2021-02-26,1.124105603898039
2021-03-01,1.107925771982237
2021-03-02,1.1080043149608916
2021-03-03,1.0959872553825623
2021-03-04,1.0889183967825296
2021-03-05,1.091039054365407
2021-03-08,1.0825564240780219
2021-03-09,1.0975581129171599
2021-03-10,1.0997573134456882
2021-03-11,1.0918244834923923
2021-03-12,1.0686543362488694
2021-03-15,1.0749377672778049
2021-03-16,1.07061791122833
2021-03-17,1.0626065405487986
2021-03-18,1.0518461705412252
2021-03-19,1.0583652296618378
2021-03-22,1.0702252046213785
2021-03-23,1.079885983639696
2021-03-24,1.0856981580996838
2021-03-25,1.0771369855245636
2021-03-26,1.0733669301586406
2021-03-29,1.0642559623214107
2021-03-30,1.0698325076142514
2021-03-31,1.0638632521782598
2021-04-01,1.0800430882757972
2021-04-05,1.075330539676129
2021-04-06,1.0826350412844024
2021-04-07,1.075094936217599
2021-04-08,1.083970305164557
2021-04-09,1.0800431883788042
2021-04-12,1.0795719640261465
2021-04-13,1.0876619083022574
2021-04-14,1.084206053244014
2021-04-15,1.102349484656313
2021-04-16,1.0937883440593867
2021-04-19,1.0906466722401766
2021-04-20,1.095673436569622
2021-04-21,1.0978726433982209
2021-04-22,1.1026637759126585
2021-04-23,1.100071866411377
2021-04-26,1.098501029105821
2021-04-27,1.0889188109024015
2021-04-28,1.089625710005695
2021-04-29,1.0864054670047898
2021-04-30,1.0889188558083804
2021-05-03,1.087976347987598
2021-05-04,1.0953593897393366
2021-05-05,1.097165879967292
2021-05-06,1.0989723711451473
2021-05-07,1.0935529175553966
2021-05-10,1.0824783954892077
2021-05-11,1.0763520512239086
2021-05-12,1.0650418724960802
2021-05-13,1.0666912736295642
2021-05-14,1.0766662235158393
2021-05-17,1.0743884882165973
2021-05-18,1.0716394902532278
2021-05-19,1.069047575149068
2021-05-20,1.07784438176461
2021-05-21,1.0813002716263413
2021-05-24,1.085305962945798
2021-05-25,1.0953594686065278
2021-05-26,1.0934744476945644
2021-05-27,1.0890368047779206
2021-05-28,1.0873481863905599
2021-06-01,1.0855417514489973
2021-06-02,1.08805514468058
2021-06-03,1.0839709398263218
2021-06-04,1.0988155703531786
2021-06-07,1.0954382997822811
2021-06-08,1.103135580449245
2021-06-09,1.1128749464644507
2021-06-10,1.1195511175353325
2021-06-11,1.1177445943750859
2021-06-14,1.109183424291297
2021-06-15,1.1078482682032196
2021-06-16,1.1069057945878773
2021-06-17,1.1234783725736526
2021-06-18,1.1446064491585404
2021-06-21,1.1254419707437897
2021-06-22,1.128190999364094
2021-06-23,1.1252849797403501
2021-06-24,1.127091427151823
2021-06-25,1.115388520840757
2021-06-28,1.1268558277559888
2021-06-29,1.1287408766144693
2021-06-30,1.1337676099909226
2021-07-01,1.1323538440294107
2021-07-02,1.1391871394237896
2021-07-06,1.1525395384064072
2021-07-07,1.1627502004651404
2021-07-08,1.1673056457053599
2021-07-09,1.1508901730447374
2021-07-12,1.149397826833188
2021-07-13,1.1406009783710909
2021-07-14,1.1535606128128513
2021-07-15,1.1662845249012168
2021-07-16,1.1640853715660984
2021-07-19,1.1896118511751606
2021-07-20,1.1781445777662651
2021-07-21,1.1632214187019303
2021-07-22,1.1742174632342917
2021-07-23,1.1663632005542377
2021-07-26,1.162907362264599
2021-07-27,1.175317190104789
2021-07-28,1.1753957475804973
2021-07-29,1.1688767162636233
2021-07-30,1.1743747844876102
2021-08-02,1.1834072636076183
2021-08-03,1.184035619061386
2021-08-04,1.1864704928857586
2021-08-05,1.1804227250946226
2021-08-06,1.1607085112861735
2021-08-09,1.1565458047148125
2021-08-10,1.151204868734353
2021-08-11,1.1504979619263136
2021-08-12,1.1486129965945469
2021-08-13,1.16675635258633
2021-08-16,1.1695838687940994
2021-08-17,1.1691126812898678
2021-08-18,1.1730398747206234
2021-08-19,1.1816796077694007
2021-08-20,1.1824650394714964
2021-08-23,1.1816796358646466
2021-08-24,1.1724901944057493
2021-08-25,1.1627508330297573
2021-08-26,1.1659711358057483
2021-08-27,1.1739040142391972
2021-08-30,1.1769670687456868
2021-08-31,1.168955591167282
2021-09-01,1.169426947028217
2021-09-02,1.1745321412602394
2021-09-03,1.163850389475932
2021-09-07,1.1540326068114621
2021-09-08,1.1618869584355043
2021-09-09,1.1759462165581045
2021-09-10,1.1655785650247932
2021-09-13,1.1726474420501447
2021-09-14,1.1868637482912174
2021-09-15,1.1827009848861902
2021-09-16,1.1772815691759426
2021-09-17,1.171626503194017
2021-09-20,1.1861569702860622
2021-09-21,1.1851359108466621
2021-09-22,1.1922047845364085
2021-09-23,1.1652645271468738
2021-09-24,1.1538758209912157
2021-09-27,1.1496345700024249
2021-09-28,1.1317267844992525
2021-09-29,1.133690361186595
2021-09-30,1.133533275917381
