date,2021_12_09__19_54_16_lr_1e-05_epoch_300000_metric_sortino_window_180_4
2015-04-02,1.0003018727737314
2015-04-06,0.9902564114556108
2015-04-07,0.9922643731707957
2015-04-08,0.9969832809536249
2015-04-09,1.0000928829255826
2015-04-10,0.9928686765927482
2015-04-13,0.9981976148402617
2015-04-14,0.9995771267840371
2015-04-15,1.0028157542115164
2015-04-16,1.007332676235285
2015-04-17,1.0046893581034764
2015-04-20,1.0160151334676941
2015-04-21,1.0157447748622594
2015-04-22,1.0119276124044643
2015-04-23,0.9966466806994785
2015-04-24,0.9996180697497384
2015-04-27,1.0056151683356918
2015-04-28,1.0052885047315416
2015-04-29,1.000832198188778
2015-04-30,0.9961967047852296
2015-05-01,0.9831931782793967
2015-05-04,0.9830983346464259
2015-05-05,0.9739366577850729
2015-05-06,0.963602381553681
2015-05-07,0.9473940244434309
2015-05-08,0.9598020424104093
2015-05-11,0.9625185330097642
2015-05-12,0.9521570593744103
2015-05-13,0.9538326645762011
2015-05-14,0.9538509301417113
2015-05-15,0.9564185047705491
2015-05-18,0.9755622964805201
2015-05-19,0.9786331075749694
2015-05-20,0.975322873177753
2015-05-21,0.9769437792301925
2015-05-22,0.9809511716075987
2015-05-26,0.9796206603484255
2015-05-27,0.9737922530883231
2015-05-28,0.9810188523448353
2015-05-29,0.9786210167871828
2015-06-01,0.9720647748719791
2015-06-02,0.9677246661095801
2015-06-03,0.9581967373990606
2015-06-04,0.942797579215498
2015-06-05,0.9348306450210647
2015-06-08,0.9329487316498623
2015-06-09,0.9285413794364329
2015-06-10,0.9260647821105848
2015-06-11,0.9342063154942654
2015-06-12,0.937008105273055
2015-06-15,0.9309145133608865
2015-06-16,0.9282395808996945
2015-06-17,0.9351656961364704
2015-06-18,0.9366088788628942
2015-06-19,0.9320343227415572
2015-06-22,0.9268762206486175
2015-06-23,0.9316736884173381
2015-06-24,0.9321680748921903
2015-06-25,0.9347075808278648
2015-06-26,0.9319978241277291
2015-06-29,0.9300529839191998
2015-06-30,0.9110084026303432
2015-07-01,0.9128982543364024
2015-07-02,0.8996852288401989
2015-07-06,0.8993136148802272
2015-07-07,0.9017098313583276
2015-07-08,0.9079302838628763
2015-07-09,0.915744267749997
2015-07-10,0.9165001904074171
2015-07-13,0.9260316982946428
2015-07-14,0.9355508388978864
2015-07-15,0.9388040677296554
2015-07-16,0.9487423978294247
2015-07-17,0.9564488652581455
2015-07-20,0.9581861594803108
2015-07-21,0.9584553940215969
2015-07-22,0.9616139827723129
2015-07-23,0.9673481999898875
2015-07-24,0.9703201208120975
2015-07-27,0.9611905893845392
2015-07-28,0.9555057656765016
2015-07-29,0.9562665000469089
2015-07-30,0.9554473074903725
2015-07-31,0.955867738428238
2015-08-03,0.9544798424520624
2015-08-04,0.9506181910364898
2015-08-05,0.9487531842213044
2015-08-06,0.951862214232371
2015-08-07,0.9529969617849496
2015-08-10,0.9534552264197258
2015-08-11,0.9683406885672534
2015-08-12,0.9718518994284869
2015-08-13,0.9689198227229369
2015-08-14,0.9676355644945395
2015-08-17,0.9711866017221021
2015-08-18,0.9765998427191391
2015-08-19,0.9736405971295514
2015-08-20,0.970312631977846
2015-08-21,0.9502949590591434
2015-08-24,0.9223182948553655
2015-08-25,0.8998836788236159
2015-08-26,0.8895432473715448
2015-08-27,0.8859255452587975
2015-08-28,0.8941288773474019
2015-08-31,0.8958493038071572
2015-09-01,0.8889563347675719
2015-09-02,0.8934198617391332
2015-09-03,0.8878179125180277
2015-09-04,0.8921401920198656
2015-09-08,0.8932292742216803
2015-09-09,0.8903674574443315
2015-09-10,0.8895459295774133
2015-09-11,0.8869361405437032
2015-09-14,0.8914205863334949
2015-09-15,0.8903349716372589
2015-09-16,0.8753635777505522
2015-09-17,0.8768096695863433
2015-09-18,0.8870949833321815
2015-09-21,0.8776246069384932
2015-09-22,0.8761426457321602
2015-09-23,0.8706365990352629
2015-09-24,0.8696256078375163
2015-09-25,0.8706288636710148
2015-09-28,0.8669427554877481
2015-09-29,0.8647594509451374
2015-09-30,0.8672030349342159
2015-10-01,0.8643427502089411
2015-10-02,0.8662744035167657
2015-10-05,0.8751583867588749
2015-10-06,0.8771462303473075
2015-10-07,0.8809298319599621
2015-10-08,0.8798248366797514
2015-10-09,0.8818772236436531
2015-10-12,0.8832729132416122
2015-10-13,0.8866270490558271
2015-10-14,0.8876736312339024
2015-10-15,0.8953202838782078
2015-10-16,0.8984758495797723
2015-10-19,0.899523340873606
2015-10-20,0.8976896319407077
2015-10-21,0.8923879622950934
2015-10-22,0.8999008303919693
2015-10-23,0.90309379940861
2015-10-26,0.8973219933480129
2015-10-27,0.9022929440817463
2015-10-28,0.9044532371165971
2015-10-29,0.9054306251614685
2015-10-30,0.8958460239923947
2015-11-02,0.8986110184569803
2015-11-03,0.9003824767741205
2015-11-04,0.8967109998325381
2015-11-05,0.8971157303236915
2015-11-06,0.894936783316834
2015-11-09,0.8863713446022591
2015-11-10,0.8813036005940202
2015-11-11,0.8839043421996103
2015-11-12,0.8818862917021887
2015-11-13,0.8845935089945206
2015-11-16,0.8896037977775043
2015-11-17,0.8896633549072983
2015-11-18,0.8911424159960752
2015-11-19,0.8931369898516102
2015-11-20,0.8985737429130111
2015-11-23,0.896268409218033
2015-11-24,0.8988245746059799
2015-11-25,0.8989773809697994
2015-11-27,0.9001880317674189
2015-11-30,0.8993322648136716
2015-12-01,0.9028577137680632
2015-12-02,0.9130352768722484
2015-12-03,0.9072704341629977
2015-12-04,0.8826926337912718
2015-12-07,0.8926095217784481
2015-12-08,0.9011048549823776
2015-12-09,0.9015162997462149
2015-12-10,0.9005230319322688
2015-12-11,0.9017226680412197
2015-12-14,0.9158130609179719
2015-12-15,0.9047586888392901
2015-12-16,0.912930220781164
2015-12-17,0.91109379393955
2015-12-18,0.9211908427782144
2015-12-21,0.9260479906812453
2015-12-22,0.9258239260293647
2015-12-23,0.9194825174862522
2015-12-24,0.9131462236642852
2015-12-28,0.9163460472120649
2015-12-29,0.9189959145837264
2015-12-30,0.9040914742348477
2015-12-31,0.9016988434437144
2016-01-04,0.9055699804135956
2016-01-05,0.9116417321723767
2016-01-06,0.9082333096035853
2016-01-07,0.9194808672698886
2016-01-08,0.9203995339378528
2016-01-11,0.9240817475994223
2016-01-12,0.9248825111991722
2016-01-13,0.9380620522928659
2016-01-14,0.9332215281382299
2016-01-15,0.9259301085808307
2016-01-19,0.9403715841010843
2016-01-20,0.9380031041469538
2016-01-21,0.9463318914897335
2016-01-22,0.9401905936608695
2016-01-25,0.9458427857880197
2016-01-26,0.9480210691670412
2016-01-27,0.9598163196149051
2016-01-28,0.9573489108306839
2016-01-29,0.9601795597107152
2016-02-01,0.9776295810326125
2016-02-02,0.9753382050603082
2016-02-03,0.9706971950034207
2016-02-04,0.9727258493332357
2016-02-05,0.9753602462737375
2016-02-08,0.9648523200626794
2016-02-09,0.9659963474777478
2016-02-10,0.9660550385950186
2016-02-11,0.9686987959532267
2016-02-12,0.9600977783659638
2016-02-16,0.969765380899994
2016-02-17,0.980989634994451
2016-02-18,0.994215878412435
2016-02-19,0.9913603352623153
2016-02-22,0.9912977466852116
2016-02-23,1.0006323360505611
2016-02-24,0.9956560463084678
2016-02-25,0.9976665663575944
2016-02-26,1.0097806465289292
2016-02-29,1.0018561006812874
2016-03-01,0.9942697275022558
2016-03-02,1.0197724320314179
2016-03-03,1.023822529018978
2016-03-04,1.0272716044526249
2016-03-07,1.030408132967891
2016-03-08,1.0293846647346787
2016-03-09,1.019529788596047
2016-03-10,1.0248002504895275
2016-03-11,1.0247254604510496
2016-03-14,1.0398242712386445
2016-03-15,1.0397705885026132
2016-03-16,1.0386398421330536
2016-03-17,1.046071305418117
2016-03-18,1.051754520317899
2016-03-21,1.0495922613119586
2016-03-22,1.0490772772003392
2016-03-23,1.0488275984961979
2016-03-24,1.041954252449116
2016-03-28,1.0415171931823524
2016-03-29,1.0409974599491743
2016-03-30,1.0521686669090844
2016-03-31,1.0569872791962296
2016-04-01,1.0544269783479392
2016-04-04,1.0584611490853753
2016-04-05,1.0557025281774366
2016-04-06,1.0531429472597842
2016-04-07,1.0545304819680843
2016-04-08,1.0419049095357253
2016-04-11,1.0423802857754765
2016-04-12,1.0400479483668539
2016-04-13,1.048882305433754
2016-04-14,1.0594816593724283
2016-04-15,1.054660354510538
2016-04-18,1.054092235295677
2016-04-19,1.061081385309707
2016-04-20,1.0606232244982667
2016-04-21,1.0567897543813323
2016-04-22,1.05051608216222
2016-04-25,1.046543688677603
2016-04-26,1.0465895986090032
2016-04-27,1.0476585206853646
2016-04-28,1.055948195245785
2016-04-29,1.0463217079902314
2016-05-02,1.0426119934629356
2016-05-03,1.0444471243613185
2016-05-04,1.0399459025675613
2016-05-05,1.0341626321821449
2016-05-06,1.040220154505131
2016-05-09,1.0452850688396094
2016-05-10,1.0453552961548505
2016-05-11,1.0455978678405509
2016-05-12,1.0478628920662723
2016-05-13,1.0481517470459112
2016-05-16,1.047151076609487
2016-05-17,1.0575108160586588
2016-05-18,1.0559421728174059
2016-05-19,1.044704894313
2016-05-20,1.046990099012386
2016-05-23,1.0536713016055252
2016-05-24,1.052456360412589
2016-05-25,1.051070360426176
2016-05-26,1.0522894862844487
2016-05-27,1.052789431911058
2016-05-31,1.057634069305619
2016-06-01,1.055735699764706
2016-06-02,1.0577446906894112
2016-06-03,1.0642104585224141
2016-06-06,1.0610327296593196
2016-06-07,1.0543560954623845
2016-06-08,1.0568517778295963
2016-06-09,1.0623962266531812
2016-06-10,1.0609514133260545
2016-06-13,1.0642232584396019
2016-06-14,1.0678547212541298
2016-06-15,1.0665108355518367
2016-06-16,1.0704072886289608
2016-06-17,1.0742589261522404
2016-06-20,1.0647089656898912
2016-06-21,1.0714730420590821
2016-06-22,1.0677336389164007
2016-06-23,1.0694767962180156
2016-06-24,1.0625208064963418
2016-06-27,1.041593724453142
2016-06-28,1.0617395686002142
2016-06-29,1.0693817101545806
2016-06-30,1.0744378730398878
2016-07-01,1.079308567238668
2016-07-05,1.0915174910010126
2016-07-06,1.083788465535968
2016-07-07,1.0900580809439278
2016-07-08,1.0898578404865182
2016-07-11,1.1061146752485076
2016-07-12,1.1100491909363386
2016-07-13,1.1048554648750493
2016-07-14,1.1054000036756146
2016-07-15,1.1123794333159445
2016-07-18,1.1096733676844006
2016-07-19,1.1117214310848766
2016-07-20,1.110531111862479
2016-07-21,1.112274565278894
2016-07-22,1.1140909077686896
2016-07-25,1.1200774495228445
2016-07-26,1.1170427781605259
2016-07-27,1.1180562763984347
2016-07-28,1.1228213033413732
2016-07-29,1.1208967823510576
2016-08-01,1.1301914177667993
2016-08-02,1.1267795037497093
2016-08-03,1.1192253746270509
2016-08-04,1.1210529416316666
2016-08-05,1.129247046778953
2016-08-08,1.12828951569739
2016-08-09,1.129510668484531
2016-08-10,1.1374561314668072
2016-08-11,1.141836642226339
2016-08-12,1.1398369599521436
2016-08-15,1.1426630351278297
2016-08-16,1.1362507718936494
2016-08-17,1.1324371112937783
2016-08-18,1.1379412123376387
2016-08-19,1.1396230354853825
2016-08-22,1.1336570452426529
2016-08-23,1.141726175670783
2016-08-24,1.1431003228897367
2016-08-25,1.1404052578386226
2016-08-26,1.1362094175721353
2016-08-29,1.1298081704658869
2016-08-30,1.144914775256506
2016-08-31,1.1406925971213517
2016-09-01,1.1408969194533607
2016-09-02,1.14008182222786
2016-09-06,1.1385365735199833
2016-09-07,1.1462279129596058
2016-09-08,1.1454533832832177
2016-09-09,1.1320112376385854
2016-09-12,1.1099828440008945
2016-09-13,1.1105624208335787
2016-09-14,1.09669263467758
2016-09-15,1.098236899212686
2016-09-16,1.0954893713985958
2016-09-19,1.1043404485631998
2016-09-20,1.101378369796866
2016-09-21,1.1051391928269434
2016-09-22,1.1142512409312741
2016-09-23,1.1227603378605848
2016-09-26,1.1216806241344779
2016-09-27,1.128729504354481
2016-09-28,1.1370003938176447
2016-09-29,1.1348860159812597
2016-09-30,1.137357749194266
2016-10-03,1.127634544747688
2016-10-04,1.1219087697946488
2016-10-05,1.1089430153334678
2016-10-06,1.1040978898578746
2016-10-07,1.097997202649581
2016-10-10,1.0987069982748807
2016-10-11,1.0924376270542147
2016-10-12,1.0898903689819917
2016-10-13,1.0909609859757659
2016-10-14,1.095033482895973
2016-10-17,1.0796902444551486
2016-10-18,1.0865301383133685
2016-10-19,1.0905410596857623
2016-10-20,1.0914510492541092
2016-10-21,1.0926002356111126
2016-10-24,1.0942416608370356
2016-10-25,1.0894809845683124
2016-10-26,1.0923487433149879
2016-10-27,1.0849621839248282
2016-10-28,1.0731434944137637
2016-10-31,1.0707629103973915
2016-11-01,1.077326225040953
2016-11-02,1.0753557787888197
2016-11-03,1.080033561329379
2016-11-04,1.0717434809868305
2016-11-07,1.0813467055325419
2016-11-08,1.0721590211940206
2016-11-09,1.0678107816327236
2016-11-10,1.0225109145770148
2016-11-11,1.008056869431807
2016-11-14,1.0024278397890514
2016-11-15,0.998605533492248
2016-11-16,1.0044586449884985
2016-11-17,1.0131991401534497
2016-11-18,1.0195304020941056
2016-11-21,1.0169915692885738
2016-11-22,1.0195171370760423
2016-11-23,1.0200946028091402
2016-11-25,1.016530852184132
2016-11-28,1.018630590644698
2016-11-29,1.0261315545153606
2016-11-30,1.0302556958091176
2016-12-01,1.014786771946077
2016-12-02,0.9974627468474262
2016-12-05,1.0025316072753978
2016-12-06,1.0041349032837423
2016-12-07,1.005636101047424
2016-12-08,1.014828553571968
2016-12-09,1.0050852857560522
2016-12-12,0.9927917577583476
2016-12-13,0.994357179688217
2016-12-14,0.9982518081007477
2016-12-15,0.9884087768120526
2016-12-16,0.993393183333191
2016-12-19,0.9907170344708578
2016-12-20,0.9985677945793918
2016-12-21,0.9950314954299178
2016-12-22,0.9972066225823485
2016-12-23,0.9951686188569585
2016-12-27,0.9968018002156536
2016-12-28,0.9958218656257499
2016-12-29,0.9889596122019909
2016-12-30,0.9892473533959986
2017-01-03,0.9886853323685723
2017-01-04,0.9934708047561985
2017-01-05,0.9978238650457899
2017-01-06,1.0017334846603267
2017-01-09,1.0088116762834731
2017-01-10,1.016907038453437
2017-01-11,1.0167727470380101
2017-01-12,1.0203798250698748
2017-01-13,1.0179258651277163
2017-01-17,1.020010567694729
2017-01-18,1.0306859589911592
2017-01-19,1.0316051010377152
2017-01-20,1.027545988532459
2017-01-23,1.0319262653144325
2017-01-24,1.0422506642167197
2017-01-25,1.0420673773351683
2017-01-26,1.0327973985527492
2017-01-27,1.0316316940355843
2017-01-30,1.033127296125445
2017-01-31,1.0278437653795676
2017-02-01,1.0349913082303244
2017-02-02,1.039745306271382
2017-02-03,1.0382965907012671
2017-02-06,1.043630942045061
2017-02-07,1.0499449631078723
2017-02-08,1.0576530026958162
2017-02-09,1.0616320452260397
2017-02-10,1.060731329063448
2017-02-13,1.063526858859161
2017-02-14,1.0682837837859953
2017-02-15,1.0616497830155136
2017-02-16,1.0599185004610858
2017-02-17,1.062489331292119
2017-02-21,1.0687949577074238
2017-02-22,1.0671542102709834
2017-02-23,1.0683749380935341
2017-02-24,1.0692739598893573
2017-02-27,1.077020397770575
2017-02-28,1.0756392076312065
2017-03-01,1.0793031987390755
2017-03-02,1.069026121239858
2017-03-03,1.0645714819132508
2017-03-06,1.0666339725659104
2017-03-07,1.0615603675880505
2017-03-08,1.059506532411534
2017-03-09,1.0604226135457622
2017-03-10,1.0549094430797308
2017-03-13,1.0589941572213413
2017-03-14,1.059353315234621
2017-03-15,1.0643806290678826
2017-03-16,1.0773774706105639
2017-03-17,1.0719340106905981
2017-03-20,1.0786442451576155
2017-03-21,1.0832773707080803
2017-03-22,1.0922701873510852
2017-03-23,1.0966717671439854
2017-03-24,1.0951253951827322
2017-03-27,1.0990346906779702
2017-03-28,1.104013435541492
2017-03-29,1.1045688407701875
2017-03-30,1.1108762754214525
2017-03-31,1.1019505327299117
2017-04-03,1.102869231592689
2017-04-04,1.111584495355877
2017-04-05,1.1055613453518698
2017-04-06,1.1088385521720445
2017-04-07,1.1072227432604689
2017-04-10,1.1027467517502472
2017-04-11,1.1078350195377509
2017-04-12,1.1114151768609775
2017-04-13,1.1174379699880284
2017-04-17,1.117241790337572
2017-04-18,1.1186364763353285
2017-04-19,1.1291480235153857
2017-04-20,1.1231263588065075
2017-04-21,1.1229907085344464
2017-04-24,1.1229802600958059
2017-04-25,1.117487998520016
2017-04-26,1.1225865136305664
2017-04-27,1.1283525523348643
2017-04-28,1.130234387614724
2017-05-01,1.1330244986258788
2017-05-02,1.1399901191035222
2017-05-03,1.1426225268474661
2017-05-04,1.1414569508575962
2017-05-05,1.1407176830827779
2017-05-08,1.1438801340520848
2017-05-09,1.1454282788387613
2017-05-10,1.146362997549952
2017-05-11,1.1457719924367076
2017-05-12,1.1439551492770357
2017-05-15,1.149616406667765
2017-05-16,1.1486373826113656
2017-05-17,1.1526196786572223
2017-05-18,1.1690342036020145
2017-05-19,1.1703654856457852
2017-05-22,1.1731156087563996
2017-05-23,1.1698914186011882
2017-05-24,1.1620211714949007
2017-05-25,1.168564242598055
2017-05-26,1.1689435929596739
2017-05-30,1.170935000882187
2017-05-31,1.176719413096307
2017-06-01,1.179658987033431
2017-06-02,1.1772932614334646
2017-06-05,1.1912330124071882
2017-06-06,1.1838364163444761
2017-06-07,1.1902846167901413
2017-06-08,1.1845949892206737
2017-06-09,1.1814656787487694
2017-06-12,1.1796637735905584
2017-06-13,1.1792844884921634
2017-06-14,1.1794741692464203
2017-06-15,1.1976811362827742
2017-06-16,1.1957846285945737
2017-06-19,1.1981552994444296
2017-06-20,1.1964484016635815
2017-06-21,1.2071639712981512
2017-06-22,1.2096295681306377
2017-06-23,1.2122801628784143
2017-06-26,1.2117111645600231
2017-06-27,1.2162629114787185
2017-06-28,1.2032714674650937
2017-06-29,1.2003207795988826
2017-06-30,1.1902604215135069
2017-07-03,1.1875080483504712
2017-07-05,1.1812441518790597
2017-07-06,1.1815289341322721
2017-07-07,1.1717531344199088
2017-07-10,1.1853254081314726
2017-07-11,1.1870639111454597
2017-07-12,1.1890919241758362
2017-07-13,1.1973019139743217
2017-07-14,1.1897681411684744
2017-07-17,1.1912186933730935
2017-07-18,1.1945022580439417
2017-07-19,1.204932978144822
2017-07-20,1.205416912984992
2017-07-21,1.2088935259912896
2017-07-24,1.2140108358729111
2017-07-25,1.209279081635756
2017-07-26,1.1935359111239354
2017-07-27,1.1954675087617594
2017-07-28,1.1895770854729002
2017-07-31,1.1966042238960364
2017-08-01,1.1980529015805752
2017-08-02,1.203847619555499
2017-08-03,1.204523757861659
2017-08-04,1.2169823071262906
2017-08-07,1.2066477952461487
2017-08-08,1.2079999727094333
2017-08-09,1.2036537847902478
2017-08-10,1.2102211960923621
2017-08-11,1.2205558994117938
2017-08-14,1.221136662701333
2017-08-15,1.2149003892927248
2017-08-16,1.2097873474616978
2017-08-17,1.214181424666264
2017-08-18,1.2232132628179346
2017-08-21,1.2229234864996785
2017-08-22,1.2259171744487016
2017-08-23,1.2212720139968398
2017-08-24,1.2295680924402432
2017-08-25,1.2251221329270765
2017-08-28,1.2298551032844929
2017-08-29,1.2290978998589586
2017-08-30,1.23305795232455
2017-08-31,1.2326814233994878
2017-09-01,1.2363521351953255
2017-09-05,1.2243812289905445
2017-09-06,1.2437910547259101
2017-09-07,1.236171161502812
2017-09-08,1.2488253403938592
2017-09-11,1.2461328184660276
2017-09-12,1.231257270057731
2017-09-13,1.2248036334572032
2017-09-14,1.219975734324633
2017-09-15,1.224928395108128
2017-09-18,1.225411422128411
2017-09-19,1.2184262296997015
2017-09-20,1.2154324622113006
2017-09-21,1.216301683279237
2017-09-22,1.2156026293297841
2017-09-25,1.2190710825126785
2017-09-26,1.2267005058209997
2017-09-27,1.2244825779020998
2017-09-28,1.2060398210675134
2017-09-29,1.204836772964479
2017-10-02,1.207600689281654
2017-10-03,1.2029700086552828
2017-10-04,1.204132279148783
2017-10-05,1.2044878015053413
2017-10-06,1.2027650514668133
2017-10-09,1.1999735595053478
2017-10-10,1.2037502851368787
2017-10-11,1.2056976596075304
2017-10-12,1.2080348250299284
2017-10-13,1.207649915278729
2017-10-16,1.2163454346522762
2017-10-17,1.2154780859915515
2017-10-18,1.2170238147761523
2017-10-19,1.2092096081959316
2017-10-20,1.2103694785845571
2017-10-23,1.2119328239259883
2017-10-24,1.2137915516964328
2017-10-25,1.2063367224595825
2017-10-26,1.2003961743796492
2017-10-27,1.2014930988289247
2017-10-30,1.211334386468824
2017-10-31,1.2229318546376102
2017-11-01,1.2234046581577103
2017-11-02,1.2262519645986016
2017-11-03,1.2286876948075836
2017-11-06,1.2323736723467902
2017-11-07,1.2369828639576421
2017-11-08,1.241563830085786
2017-11-09,1.2408847435379977
2017-11-10,1.2372433245533812
2017-11-13,1.232116048757837
2017-11-14,1.234642196678253
2017-11-15,1.2395941140150877
2017-11-16,1.2443231731428215
2017-11-17,1.2462418737099732
2017-11-20,1.2460155905378159
2017-11-21,1.2455305946357142
2017-11-22,1.2519354406564376
2017-11-24,1.254771002739633
2017-11-27,1.2565485610924059
2017-11-28,1.2552139713398547
2017-11-29,1.2603681322251181
2017-11-30,1.249250615009621
2017-12-01,1.2592644790813767
2017-12-04,1.273416517844038
2017-12-05,1.271975519132781
2017-12-06,1.2727813976654812
2017-12-07,1.2763461284371982
2017-12-08,1.267119533081447
2017-12-11,1.2738967143833237
2017-12-12,1.277460238415874
2017-12-13,1.2771030094583382
2017-12-14,1.2770534828427835
2017-12-15,1.2738799251863049
2017-12-18,1.2779846377162773
2017-12-19,1.2663954790738965
2017-12-20,1.260216116142449
2017-12-21,1.2584612223157965
2017-12-22,1.2611077022226214
2017-12-26,1.262793958163814
2017-12-27,1.2659141922494965
2017-12-28,1.2813347440652394
2017-12-29,1.2836122144351474
2018-01-02,1.2856245661048709
2018-01-03,1.273434677145398
2018-01-04,1.2798021072166745
2018-01-05,1.2830365737341352
2018-01-08,1.296474713268153
2018-01-09,1.2957185325481568
2018-01-10,1.2878308515324157
2018-01-11,1.2860815742725242
2018-01-12,1.2932679580677808
2018-01-16,1.2954808028439884
2018-01-17,1.2992319500476257
2018-01-18,1.2975016791461806
2018-01-19,1.2880789483872153
2018-01-22,1.281319149149982
2018-01-23,1.283426510971091
2018-01-24,1.288388282418238
2018-01-25,1.2815708469663225
2018-01-26,1.2904087535821491
2018-01-29,1.2907171850238426
2018-01-30,1.2820450270159687
2018-01-31,1.27446790083188
2018-02-01,1.2818744047352841
2018-02-02,1.2609084606801293
2018-02-05,1.2461460345581588
2018-02-06,1.2371926819674695
2018-02-07,1.272733358544957
2018-02-08,1.256419936106023
2018-02-09,1.2043687553294704
2018-02-12,1.233890419763243
2018-02-13,1.2557006809218905
2018-02-14,1.2588073579768488
2018-02-15,1.2819134764539153
2018-02-16,1.3063789585407692
2018-02-20,1.3044372802375614
2018-02-21,1.3056022764310828
2018-02-22,1.2972530085213319
2018-02-23,1.2988067632868596
2018-02-26,1.325990565433037
2018-02-27,1.3467668683093457
2018-02-28,1.3331749169989686
2018-03-01,1.3236605645284092
2018-03-02,1.301719266244258
2018-03-05,1.3141462347137427
2018-03-06,1.3275439973516896
2018-03-07,1.3304565903866818
2018-03-08,1.3378350418053557
2018-03-09,1.343660333414738
2018-03-12,1.369096700999043
2018-03-13,1.3733674810037384
2018-03-14,1.357654132667055
2018-03-15,1.3564891427404455
2018-03-16,1.3572658032340263
2018-03-19,1.3516347827729807
2018-03-20,1.3248390279068731
2018-03-21,1.3242565892486762
2018-03-22,1.3162991548152145
2018-03-23,1.2823188610299021
2018-03-26,1.2481445482733764
2018-03-27,1.29552054623919
2018-03-28,1.2540012282687083
2018-03-29,1.2456528370393898
2018-04-02,1.2703026958861652
2018-04-03,1.2400129472305828
2018-04-04,1.2522685180591995
2018-04-05,1.2697149308847817
2018-04-06,1.2750140616306598
2018-04-09,1.2437591508462051
2018-04-10,1.2534308699846106
2018-04-11,1.2840273844183625
2018-04-12,1.2766155264268473
2018-04-13,1.2918588139788099
2018-04-16,1.2875988441477357
2018-04-17,1.2981450474640857
2018-04-18,1.3221051593445106
2018-04-19,1.3187431695616332
2018-04-20,1.3044037011976342
2018-04-23,1.286465802547437
2018-04-24,1.281963220134995
2018-04-25,1.2596986863605866
2018-04-26,1.2599698566349204
2018-04-27,1.282361198751744
2018-04-30,1.2803888979795999
2018-05-01,1.2719763206696315
2018-05-02,1.2874627230566502
2018-05-03,1.2861030133353637
2018-05-04,1.2884102657318919
2018-05-07,1.3120400572920758
2018-05-08,1.3206979916346928
2018-05-09,1.3207181801531303
2018-05-10,1.3368048561092623
2018-05-11,1.3537274802716235
2018-05-14,1.3578580461552214
2018-05-15,1.357731317516912
2018-05-16,1.3451752721621797
2018-05-17,1.3511562274560873
2018-05-18,1.345278942737497
2018-05-21,1.3400333189160578
2018-05-22,1.351584641544486
2018-05-23,1.3495178285596454
2018-05-24,1.3590553284254623
2018-05-25,1.3562712657614284
2018-05-29,1.3549205201410794
2018-05-30,1.3461059116491763
2018-05-31,1.3561427287500116
2018-06-01,1.355819495906414
2018-06-04,1.3779052935288032
2018-06-05,1.3844752557591224
2018-06-06,1.388470947694893
2018-06-07,1.3976275079071652
2018-06-08,1.3872877550902598
2018-06-11,1.3913890725117175
2018-06-12,1.392979886499204
2018-06-13,1.399160851040451
2018-06-14,1.392356782688791
2018-06-15,1.3959147451219813
2018-06-18,1.385942891067944
2018-06-19,1.387007443655129
2018-06-20,1.37998751968024
2018-06-21,1.3828723009455617
2018-06-22,1.373554246922476
2018-06-25,1.3760376553792202
2018-06-26,1.3485009252275617
2018-06-27,1.353947045008222
2018-06-28,1.3427252840662969
2018-06-29,1.3508269930374273
2018-07-02,1.3507210580632059
2018-07-03,1.3627430847948057
2018-07-05,1.3579290381429798
2018-07-06,1.376963389900709
2018-07-09,1.3907500053138555
2018-07-10,1.4016598985475952
2018-07-11,1.4066953396763506
2018-07-12,1.4009508743722034
2018-07-13,1.413682797255861
2018-07-16,1.4126375979519266
2018-07-17,1.4097349645744073
2018-07-18,1.4194649270070976
2018-07-19,1.4175194866429524
2018-07-20,1.412412226297458
2018-07-23,1.4126304275608021
2018-07-24,1.4191629682151552
2018-07-25,1.4268627073184805
2018-07-26,1.4390853703429962
2018-07-27,1.4198983456563856
2018-07-30,1.4006831778098023
2018-07-31,1.3805161919885347
2018-08-01,1.3866002940074091
2018-08-02,1.3978010343812854
2018-08-03,1.4054206647823435
2018-08-06,1.4104890937890229
2018-08-07,1.411317609307611
2018-08-08,1.414459197289444
2018-08-09,1.4149196090593166
2018-08-10,1.420644106872814
2018-08-13,1.4202861040265635
2018-08-14,1.4154540211049425
2018-08-15,1.4241856218455933
2018-08-16,1.4324562015737723
2018-08-17,1.4337610946645998
2018-08-20,1.4361422567179267
2018-08-21,1.4410153543369273
2018-08-22,1.4424356177832063
2018-08-23,1.4477097306705
2018-08-24,1.4478695352178448
2018-08-27,1.4565086651462031
2018-08-28,1.4481730287460006
2018-08-29,1.4395873930883842
2018-08-30,1.4419931162479114
2018-08-31,1.4426193262074414
2018-09-04,1.43995584990826
2018-09-05,1.433072501090922
2018-09-06,1.4292175606790463
2018-09-07,1.433313690243169
2018-09-10,1.421301392683026
2018-09-11,1.4240931989126222
2018-09-12,1.4196366296979235
2018-09-13,1.4226104002179252
2018-09-14,1.4252226537749129
2018-09-17,1.4184194151761789
2018-09-18,1.4184189730505012
2018-09-19,1.4036916662616756
2018-09-20,1.3957322226420439
2018-09-21,1.4021956776937403
2018-09-24,1.397852014948104
2018-09-25,1.394019080919742
2018-09-26,1.3927042870731183
2018-09-27,1.3976400285978103
2018-09-28,1.3996773176326507
2018-10-01,1.3968770079438622
2018-10-02,1.3939843382159902
2018-10-03,1.3950532814116876
2018-10-04,1.3836868133855278
2018-10-05,1.3739201966019268
2018-10-08,1.3661806972893904
2018-10-09,1.3648535831368394
2018-10-10,1.3632227736244953
2018-10-11,1.3356555626689042
2018-10-12,1.3518961659380484
2018-10-15,1.347188658347923
2018-10-16,1.346600080112261
2018-10-17,1.3496636911547384
2018-10-18,1.3416672260968192
2018-10-19,1.3411963486014111
2018-10-22,1.3382548463588289
2018-10-23,1.3364888277037397
2018-10-24,1.3407193252163205
2018-10-25,1.350839547457155
2018-10-26,1.3451908925271665
2018-10-29,1.353311417833235
2018-10-30,1.3502512564290536
2018-10-31,1.3435464910046964
2018-11-01,1.3367270018090327
2018-11-02,1.3347330736131962
2018-11-05,1.3181395255507053
2018-11-06,1.3233184472121167
2018-11-07,1.3224947974012793
2018-11-08,1.3242635433446464
2018-11-09,1.3241452607020117
2018-11-12,1.334031400046677
2018-11-13,1.3427195311775912
2018-11-14,1.3418930892481469
2018-11-15,1.342086238009399
2018-11-16,1.3415329047320188
2018-11-19,1.3488262278346532
2018-11-20,1.352505215741651
2018-11-21,1.352807930284229
2018-11-23,1.3524417079890896
2018-11-26,1.3534471083015258
2018-11-27,1.350451480774799
2018-11-28,1.3519906096884253
2018-11-29,1.345774449927423
2018-11-30,1.350726715932081
2018-12-03,1.3557919916274725
2018-12-04,1.3624103286153895
2018-12-06,1.3827914160718056
2018-12-07,1.3868624345576388
2018-12-10,1.3841805833858822
2018-12-11,1.3897223817060271
2018-12-12,1.3895656981560238
2018-12-13,1.3845661240716032
2018-12-14,1.3816171152934063
2018-12-17,1.3829574089003724
2018-12-18,1.3691576876514977
2018-12-19,1.3724768109243644
2018-12-20,1.3750913694925229
2018-12-21,1.361151407209541
2018-12-24,1.3266178806359081
2018-12-26,1.3124346406930023
2018-12-27,1.369192088877916
2018-12-28,1.371325505296013
2018-12-31,1.379090381577887
2019-01-02,1.386361070557757
2019-01-03,1.3934654605464578
2019-01-04,1.3975142481124838
2019-01-07,1.3923536735770536
2019-01-08,1.3909113500999952
2019-01-09,1.388061091704178
2019-01-10,1.3880925110889548
2019-01-11,1.3803160798599163
2019-01-14,1.3847268629224272
2019-01-15,1.3792975568290848
2019-01-16,1.3797311820631
2019-01-17,1.381495732796847
2019-01-18,1.3837294115295355
2019-01-22,1.3793522235163478
2019-01-23,1.3867885851158994
2019-01-24,1.3864475364325095
2019-01-25,1.393708838737563
2019-01-28,1.3877770336099153
2019-01-29,1.385501447713931
2019-01-30,1.3845591157174204
2019-01-31,1.3911770305296058
2019-02-01,1.4029869128387482
2019-02-04,1.3929008273960253
2019-02-05,1.3888729714162895
2019-02-06,1.3951996817898336
2019-02-07,1.395490816624692
2019-02-08,1.4010674989685867
2019-02-11,1.4062649035855463
2019-02-12,1.401593938258954
2019-02-13,1.3994496489121284
2019-02-14,1.398088114894778
2019-02-15,1.4010753348017029
2019-02-19,1.4134986173727508
2019-02-20,1.4139047706424503
2019-02-21,1.4102535849488498
2019-02-22,1.3985022561893898
2019-02-25,1.407229062775343
2019-02-26,1.4034209724643736
2019-02-27,1.4047301562903194
2019-02-28,1.3971387165287898
2019-03-01,1.3935608394042023
2019-03-04,1.3877633028467486
2019-03-05,1.3872026990074098
2019-03-06,1.3898266341064942
2019-03-07,1.3947801948606477
2019-03-08,1.3955819139704435
2019-03-11,1.3978467044030913
2019-03-12,1.4065761827620995
2019-03-13,1.4150239883165492
2019-03-14,1.4136904071568817
2019-03-15,1.4071052483963797
2019-03-18,1.4107963250588824
2019-03-19,1.4118811335839645
2019-03-20,1.4092320768168285
2019-03-21,1.4142804800216806
2019-03-22,1.4197407339203643
2019-03-25,1.415216501732846
2019-03-26,1.4151377321771668
2019-03-27,1.415247410953651
2019-03-28,1.428232771801297
2019-03-29,1.4332215571743292
2019-04-01,1.4387092893813291
2019-04-02,1.4234175748067015
2019-04-03,1.4246957190982237
2019-04-04,1.4239871737852758
2019-04-05,1.4279268951204809
2019-04-08,1.4301374376488962
2019-04-09,1.4288232754608927
2019-04-10,1.433331915186161
2019-04-11,1.4373761341661617
2019-04-12,1.4323713271092606
2019-04-15,1.4223879828602937
2019-04-16,1.4259825814384022
2019-04-17,1.4173759743409549
2019-04-18,1.4179541833532354
2019-04-22,1.4253558997502287
2019-04-23,1.4186983281179424
2019-04-24,1.4218172351951694
2019-04-25,1.4333929437974333
2019-04-26,1.4313051171893487
2019-04-29,1.4362692240221462
2019-04-30,1.4272319898067416
2019-05-01,1.434513874700401
2019-05-02,1.4371397547045333
2019-05-03,1.4303139879285007
2019-05-06,1.434382121661244
2019-05-07,1.4382995163089152
2019-05-08,1.449253398925314
2019-05-09,1.443011534718591
2019-05-10,1.4487440600228019
2019-05-13,1.4468170420028006
2019-05-14,1.4581667424725846
2019-05-15,1.456144184771286
2019-05-16,1.4650874118682171
2019-05-17,1.4628343648295032
2019-05-20,1.466088453837694
2019-05-21,1.4630617155506378
2019-05-22,1.461059940742893
2019-05-23,1.4679285370370552
2019-05-24,1.4843902225168852
2019-05-28,1.4856693050583896
2019-05-29,1.4973949254164571
2019-05-30,1.5008760347821917
2019-05-31,1.5137421607552712
2019-06-03,1.532623654392534
2019-06-04,1.5397044105806004
2019-06-05,1.5221501980414163
2019-06-06,1.5136768311526265
2019-06-07,1.5186053562452226
2019-06-10,1.5317546709462997
2019-06-11,1.517337086481507
2019-06-12,1.5182592561623547
2019-06-13,1.5194080106729846
2019-06-14,1.5246445735625114
2019-06-17,1.5284515838925472
2019-06-18,1.5311250870643847
2019-06-19,1.5388032550761395
2019-06-20,1.5410127003333502
2019-06-21,1.5450872225355672
2019-06-24,1.5281139948481508
2019-06-25,1.5380641639566401
2019-06-26,1.542825857605929
2019-06-27,1.5329530134436178
2019-06-28,1.5437434863711166
2019-07-01,1.542714905975626
2019-07-02,1.5361795351238332
2019-07-03,1.5477766717009311
2019-07-05,1.5588132678861857
2019-07-08,1.538411826070242
2019-07-09,1.5392259559891714
2019-07-10,1.538689443361713
2019-07-11,1.54212463104939
2019-07-12,1.5218205453188087
2019-07-15,1.5242138449773224
2019-07-16,1.5328905694472839
2019-07-17,1.5281815614601564
2019-07-18,1.5408365805398672
2019-07-19,1.5412538089728542
2019-07-22,1.53758587543826
2019-07-23,1.5553066051452542
2019-07-24,1.5658712865056126
2019-07-25,1.5728626033681568
2019-07-26,1.5653441056462658
2019-07-29,1.5690712405008111
2019-07-30,1.5695486315931213
2019-07-31,1.5732872395056523
2019-08-01,1.5858721873099373
2019-08-02,1.6140127200170558
2019-08-05,1.6034971474496722
2019-08-06,1.6309762073299239
2019-08-07,1.6454067940830162
2019-08-08,1.6459950368826428
2019-08-09,1.6495347979381538
2019-08-12,1.6462434010271196
2019-08-13,1.6805188769789074
2019-08-14,1.6751023523984143
2019-08-15,1.7125046331603087
2019-08-16,1.7307690024781672
2019-08-19,1.720575695440176
2019-08-20,1.6963901525064307
2019-08-21,1.7136033100312644
2019-08-22,1.7033875188845131
2019-08-23,1.692202328757669
2019-08-26,1.7199858450925818
2019-08-27,1.713684482810898
2019-08-28,1.7394133824884768
2019-08-29,1.7418342486017475
2019-08-30,1.758918739468362
2019-09-03,1.7593664859912561
2019-09-04,1.758281170048117
2019-09-05,1.761529389145059
2019-09-06,1.7312816557864463
2019-09-09,1.743121842110483
2019-09-10,1.713136306968878
2019-09-11,1.6840984493363405
2019-09-12,1.682699313830065
2019-09-13,1.6725619509994618
2019-09-16,1.6620822441039917
2019-09-17,1.6832594833793078
2019-09-18,1.6920948941856826
2019-09-19,1.6986274105658203
2019-09-20,1.703544608938222
2019-09-23,1.7258181729555953
2019-09-24,1.7254591473431662
2019-09-25,1.7450705615183868
2019-09-26,1.7210668642172482
2019-09-27,1.725049561411144
2019-09-30,1.7288398584841225
2019-10-01,1.7335614751418646
2019-10-02,1.7348248109869435
2019-10-03,1.7374123548770994
2019-10-04,1.7532492358626364
2019-10-07,1.7669022493285322
2019-10-08,1.7528133708035118
2019-10-09,1.7295504222560028
2019-10-10,1.7220905511728122
2019-10-11,1.7006906199462042
2019-10-14,1.6831480852710101
2019-10-15,1.694114545286043
2019-10-16,1.7106006491800063
2019-10-17,1.712071287158789
2019-10-18,1.7089330039663047
2019-10-21,1.7088410098783753
2019-10-22,1.6998265290678567
2019-10-23,1.7076513294378315
2019-10-24,1.7102474831928496
2019-10-25,1.7077665356650737
2019-10-28,1.7042471724432056
2019-10-29,1.6964970482519866
2019-10-30,1.6959868972556522
2019-10-31,1.711181513420048
2019-11-01,1.7161525698591764
2019-11-04,1.712785544913972
2019-11-05,1.705383051704822
2019-11-06,1.6906550753022955
2019-11-07,1.6924568108442388
2019-11-08,1.6951631555003064
2019-11-11,1.6994119522693116
2019-11-12,1.6968125261596592
2019-11-13,1.7045101906536915
2019-11-14,1.7053726977735488
2019-11-15,1.7131082137850369
2019-11-18,1.71627783856078
2019-11-19,1.718088809961745
2019-11-20,1.729974238287341
2019-11-21,1.724793721461763
2019-11-22,1.7217569685400105
2019-11-25,1.7252089861366688
2019-11-26,1.737541990343598
2019-11-27,1.741577049153987
2019-11-29,1.7493664749448814
2019-12-02,1.7431819713310595
2019-12-03,1.7267785113523069
2019-12-04,1.718827136355087
2019-12-05,1.728232197285224
2019-12-06,1.7266154161959624
2019-12-09,1.7397923058336366
2019-12-10,1.734761950369344
2019-12-11,1.7348814160578765
2019-12-12,1.7459930210380976
2019-12-13,1.7418782131495136
2019-12-16,1.7597589232203161
2019-12-17,1.7474929416625302
2019-12-18,1.746090543353403
2019-12-19,1.7444452296036779
2019-12-20,1.750424671648156
2019-12-23,1.749863795611176
2019-12-24,1.7525105040235296
2019-12-26,1.755166729525222
2019-12-27,1.7614102058419925
2019-12-30,1.7623835417119489
2019-12-31,1.7546385440011476
2020-01-02,1.7451873471568642
2020-01-03,1.7632391690638112
2020-01-06,1.781039154148729
2020-01-07,1.7805024118582293
2020-01-08,1.771718116568924
2020-01-09,1.7600731864390147
2020-01-10,1.7691867707430617
2020-01-13,1.7807697422660724
2020-01-14,1.7770208296445313
2020-01-15,1.7797643111691959
2020-01-16,1.7894417605190056
2020-01-17,1.8005620899317416
2020-01-21,1.8030143224435657
2020-01-22,1.8213477479519244
2020-01-23,1.827494008430421
2020-01-24,1.8398999103819706
2020-01-27,1.8307603171650528
2020-01-28,1.856100895020453
2020-01-29,1.865898660590963
2020-01-30,1.8841173513889842
2020-01-31,1.8900964308943564
2020-02-03,1.8577164127823484
2020-02-04,1.8691336366000584
2020-02-05,1.856525691358393
2020-02-06,1.8380332057645201
2020-02-07,1.8446141305617698
2020-02-10,1.8414195427203042
2020-02-11,1.8548778205655354
2020-02-12,1.8579148338856089
2020-02-13,1.8675704147524648
2020-02-14,1.8708151834110192
2020-02-18,1.874416394558953
2020-02-19,1.8707811379462078
2020-02-20,1.8734565680198658
2020-02-21,1.87510875476569
2020-02-24,1.8564166492010625
2020-02-25,1.7993716585832042
2020-02-26,1.7441853176295457
2020-02-27,1.7370102704971466
2020-02-28,1.6583798875149387
2020-03-02,1.6560575916206
2020-03-03,1.741311499394328
2020-03-04,1.7493871437321629
2020-03-05,1.7308197724384307
2020-03-06,1.7061208293588896
2020-03-09,1.7158738745893531
2020-03-10,1.6555200445031641
2020-03-11,1.5706642338337047
2020-03-12,1.5128587448091595
2020-03-13,1.5197907395019052
2020-03-16,1.4854392767354048
2020-03-17,1.5816438403301902
2020-03-18,1.4761753856083264
2020-03-19,1.3932272747929073
2020-03-20,1.4311414465243442
2020-03-23,1.5387293140314942
2020-03-24,1.601800511663246
2020-03-25,1.572080162339205
2020-03-26,1.5690209494698943
2020-03-27,1.5777175598172155
2020-03-30,1.6172335418397463
2020-03-31,1.6039253590661227
2020-04-01,1.5821826477093894
2020-04-02,1.590084488409808
2020-04-03,1.603501168907606
2020-04-06,1.6019890210729995
2020-04-07,1.6415445862749725
2020-04-08,1.6341013224425711
2020-04-09,1.686703232342445
2020-04-13,1.7069699397424032
2020-04-14,1.6931632085464499
2020-04-15,1.7205174641922198
2020-04-16,1.6875650266749278
2020-04-17,1.6996830842335946
2020-04-20,1.6771770442819562
2020-04-21,1.6630521262011158
2020-04-22,1.6421096898802865
2020-04-23,1.6729430166623842
2020-04-24,1.6759663156130067
2020-04-27,1.6927438120403522
2020-04-28,1.6851422469758077
2020-04-29,1.6879594610619018
2020-04-30,1.7072580650708846
2020-05-01,1.6896789141178812
2020-05-04,1.6776839661239178
2020-05-05,1.6762059624105614
2020-05-06,1.6817180452711453
2020-05-07,1.669661861831644
2020-05-08,1.6934203476102045
2020-05-11,1.672857627288101
2020-05-12,1.6674670442219508
2020-05-13,1.6609874597630767
2020-05-14,1.633080937060062
2020-05-15,1.6509007511368798
2020-05-18,1.6515776856285236
2020-05-19,1.6543794922778112
2020-05-20,1.6469827530760002
2020-05-21,1.6618762894343186
2020-05-22,1.6600858006188308
2020-05-26,1.668064504043193
2020-05-27,1.6660480992849889
2020-05-28,1.6743172524746333
2020-05-29,1.6707573155828706
2020-06-01,1.6812755567081719
2020-06-02,1.6755166856329922
2020-06-03,1.676319170325439
2020-06-04,1.6657774978748805
2020-06-05,1.6498046460147882
2020-06-08,1.656916101155272
2020-06-09,1.6682423740452454
2020-06-10,1.674392360274135
2020-06-11,1.6788063724954272
2020-06-12,1.6534685908620332
2020-06-15,1.639723992544813
2020-06-16,1.6487132321454814
2020-06-17,1.6416662747425732
2020-06-18,1.6468098466651158
2020-06-19,1.6563036055898417
2020-06-22,1.655908860987277
2020-06-23,1.6610810190532659
2020-06-24,1.6585207537665005
2020-06-25,1.6543680406609067
2020-06-26,1.6637100362065818
2020-06-29,1.6629164190317265
2020-06-30,1.6685949870197563
2020-07-01,1.67383132060853
2020-07-02,1.6751325021048464
2020-07-06,1.6795603304313915
2020-07-07,1.6853999474840933
2020-07-08,1.7022255524202021
2020-07-09,1.7005927719232004
2020-07-10,1.7132283711855207
2020-07-13,1.713935471455292
2020-07-14,1.7110225238125303
2020-07-15,1.7206128801883753
2020-07-16,1.7273945195246028
2020-07-17,1.7307175217447388
2020-07-20,1.7270931726077214
2020-07-21,1.7355243573822006
2020-07-22,1.737032925612206
2020-07-23,1.7452170616387115
2020-07-24,1.7655816615126856
2020-07-27,1.7607724938130074
2020-07-28,1.763242629029529
2020-07-29,1.766988769759539
2020-07-30,1.7693309960695818
2020-07-31,1.7742435146986342
2020-08-03,1.7780404506253238
2020-08-04,1.7788947044842958
2020-08-05,1.793014558852419
2020-08-06,1.7843207962245002
2020-08-07,1.7955530645478535
2020-08-10,1.789167363433994
2020-08-11,1.7845366363217263
2020-08-12,1.7660927700546762
2020-08-13,1.7659754743730003
2020-08-14,1.7470990529930281
2020-08-17,1.7423167750662787
2020-08-18,1.747166192487479
2020-08-19,1.756772369934671
2020-08-20,1.74673611068008
2020-08-21,1.7594201451242417
2020-08-24,1.7680555623481957
2020-08-25,1.773196791658537
2020-08-26,1.7697094081754063
2020-08-27,1.7749565110783152
2020-08-28,1.7448064520759605
2020-08-31,1.7495652637904633
2020-09-01,1.751316509792725
2020-09-02,1.7685765257648993
2020-09-03,1.7911923406773447
2020-09-04,1.7468316127104635
2020-09-08,1.7233107546971849
2020-09-09,1.7056740767533018
2020-09-10,1.726614435881635
2020-09-11,1.720812019916848
2020-09-14,1.7223719667726036
2020-09-15,1.735480952148201
2020-09-16,1.7516769787716446
2020-09-17,1.7438379964033268
2020-09-18,1.7302550562932328
2020-09-21,1.7206880812758056
2020-09-22,1.7258099802374998
2020-09-23,1.740245638043828
2020-09-24,1.7056933040836504
2020-09-25,1.7122293373096773
2020-09-28,1.7282511393726319
2020-09-29,1.729704530262916
2020-09-30,1.7303836489606088
2020-10-01,1.719722852196551
2020-10-02,1.7230827136084144
2020-10-05,1.71320473723339
2020-10-06,1.744432269202789
2020-10-07,1.7201206918705985
2020-10-08,1.7502566775545465
2020-10-09,1.7646871464908664
2020-10-12,1.7801355766975384
2020-10-13,1.7869591069047943
2020-10-14,1.7754080480856864
2020-10-15,1.764583470915805
2020-10-16,1.7566296909271437
2020-10-19,1.7517703652720227
2020-10-20,1.723081690956424
2020-10-21,1.7294064138251617
2020-10-22,1.7264209438255342
2020-10-23,1.728738789517795
2020-10-26,1.7345332474070487
2020-10-27,1.7003396624357694
2020-10-28,1.703148841912462
2020-10-29,1.638437381309032
2020-10-30,1.6657666603349996
2020-11-02,1.6411739165549912
2020-11-03,1.651911898615221
2020-11-04,1.6810570930240347
2020-11-05,1.7291192912296107
2020-11-06,1.7630998177361832
2020-11-09,1.7438471480961362
2020-11-10,1.7114076206188376
2020-11-11,1.691439026593857
2020-11-12,1.720879229397762
2020-11-13,1.7050316366900669
2020-11-16,1.723276445292701
2020-11-17,1.7419301810844272
2020-11-18,1.7323712969897265
2020-11-19,1.713863021825165
2020-11-20,1.7254152849805913
2020-11-23,1.7099035592681393
2020-11-24,1.7138289426903275
2020-11-25,1.7393488010527582
2020-11-27,1.7401951633598145
2020-11-30,1.7475090455734892
2020-12-01,1.7503274466593284
2020-12-02,1.7716843449561979
2020-12-03,1.7716082903457004
2020-12-04,1.770732657199609
2020-12-07,1.7874798227728175
2020-12-08,1.7884117885202742
2020-12-09,1.7940299165958502
2020-12-10,1.786522043585519
2020-12-11,1.7949179440868692
2020-12-14,1.7976603479441804
2020-12-15,1.7918214279634164
2020-12-16,1.7912340500463522
2020-12-17,1.7888042224663814
2020-12-18,1.7880073512848853
2020-12-21,1.7795499851896521
2020-12-22,1.7826022759429194
2020-12-23,1.787834831669154
2020-12-24,1.7776932708228659
2020-12-28,1.7847306685735955
2020-12-29,1.78770660469766
2020-12-30,1.7844256721023308
2020-12-31,1.788170001083397
2021-01-04,1.7911674670550022
2021-01-05,1.7870062186087052
2021-01-06,1.7739193271760343
2021-01-07,1.7413447890621416
2021-01-08,1.7261053619044355
2021-01-11,1.7244934501667963
2021-01-12,1.7204213520120282
2021-01-13,1.7192256706034679
2021-01-14,1.7370239352442056
2021-01-15,1.7220427482522163
2021-01-19,1.7279046128743152
2021-01-20,1.7348286021051762
2021-01-21,1.7382118995809654
2021-01-22,1.726012812032277
2021-01-25,1.7260084407954694
2021-01-26,1.7456115921575288
2021-01-27,1.7423188919955859
2021-01-28,1.7461455286022223
2021-01-29,1.7581284267402981
2021-02-01,1.7213332771331897
2021-02-02,1.7499863191941598
2021-02-03,1.7747316705740903
2021-02-04,1.7751874124550118
2021-02-05,1.7960885888786227
2021-02-08,1.8015533448560985
2021-02-09,1.8145671037175175
2021-02-10,1.813359060429904
2021-02-11,1.8123954989704416
2021-02-12,1.8026136693720747
2021-02-16,1.8115563044710998
2021-02-17,1.8094761667100594
2021-02-18,1.8098874752063272
2021-02-19,1.802521415771859
2021-02-22,1.7993895413987135
2021-02-23,1.7828504483533134
2021-02-24,1.7849901998737325
2021-02-25,1.8078141234779967
2021-02-26,1.7627793473504274
2021-03-01,1.8210060952003821
2021-03-02,1.8695080614230049
2021-03-03,1.851706865460979
2021-03-04,1.819397321166516
2021-03-05,1.7974894275503104
2021-03-08,1.8309235369068881
2021-03-09,1.821806673441901
2021-03-10,1.873163653992828
2021-03-11,1.8848155107598987
2021-03-12,1.919695111946907
2021-03-15,1.9099478098720364
2021-03-16,1.9302948040106924
2021-03-17,1.9391686652902358
2021-03-18,1.9401245637836038
2021-03-19,1.895868940587467
2021-03-22,1.8901808962296966
2021-03-23,1.915288353968688
2021-03-24,1.9012094478494834
2021-03-25,1.8781425052853868
2021-03-26,1.8829731353098709
2021-03-29,1.9163839418932227
2021-03-30,1.9121400244239752
2021-03-31,1.9011091721496518
2021-04-01,1.9185529107613457
2021-04-05,1.9394413116057727
2021-04-06,1.97180227028439
2021-04-07,1.9680488110781322
2021-04-08,1.974270678539762
2021-04-09,1.9836432930650174
2021-04-12,1.998065595500165
2021-04-13,1.9932406282512698
2021-04-14,2.0056709666597774
2021-04-15,1.9922863803705422
2021-04-16,2.013704078287393
2021-04-19,2.0167655540287353
2021-04-20,2.004663446054497
2021-04-21,1.9887400486056002
2021-04-22,2.0076078717465675
2021-04-23,1.9892714628432508
2021-04-26,2.0189810964872534
2021-04-27,2.0258262931912467
2021-04-28,2.0232952247244023
2021-04-29,2.022713340463395
2021-04-30,2.0356033656704526
2021-05-03,2.0184684594976416
2021-05-04,2.0192748910839975
2021-05-05,1.9951163098900722
2021-05-06,1.9957396261255798
2021-05-07,2.0122028095718254
2021-05-10,2.0286934348241865
2021-05-11,1.9872905785469135
2021-05-12,1.977297001174294
2021-05-13,1.9350599822661088
2021-05-14,1.9583050571388858
2021-05-17,1.987919199245955
2021-05-18,1.9778474499524623
2021-05-19,1.9608067799594449
2021-05-20,1.9556661682384522
2021-05-21,1.9852492377551172
2021-05-24,1.9839356690648047
2021-05-25,2.0119839340230046
2021-05-26,2.0075203456573822
2021-05-27,2.011495112220202
2021-05-28,2.0124138559752938
2021-06-01,2.0175596336287573
2021-06-02,2.0157692257535023
2021-06-03,2.018983763453508
2021-06-04,2.0113849173307137
2021-06-07,2.044860840505325
2021-06-08,2.0432261494852297
2021-06-09,2.0434742503129963
2021-06-10,2.040713100143212
2021-06-11,2.054467756715989
2021-06-14,2.0639540262106726
2021-06-15,2.079354737307315
2021-06-16,2.068383089664984
2021-06-17,2.056834860838396
2021-06-18,2.056777030137768
2021-06-21,2.032949154685245
2021-06-22,2.056733378900712
2021-06-23,2.067747863862394
2021-06-24,2.0654607828101765
2021-06-25,2.0780686557719243
2021-06-28,2.0811429568409756
2021-06-29,2.093795314553281
2021-06-30,2.0958830258387207
2021-07-01,2.097647156723381
2021-07-02,2.1054295707169435
2021-07-06,2.125938135110593
2021-07-07,2.1279309996666598
2021-07-08,2.135943811434605
2021-07-09,2.1170526949077177
2021-07-12,2.138067268083934
2021-07-13,2.1437576525858404
2021-07-14,2.1429759721584367
2021-07-15,2.1470921695182708
2021-07-16,2.1397585691995067
2021-07-19,2.1213726159675312
2021-07-20,2.090863966568773
2021-07-21,2.1210113531666894
2021-07-22,2.14142131440503
2021-07-23,2.1520057626185296
2021-07-26,2.1740187386211813
2021-07-27,2.1783643070838457
2021-07-28,2.181432064281954
2021-07-29,2.1787489310721724
2021-07-30,2.1804261387647452
2021-08-02,2.1770348244759554
2021-08-03,2.177873972959728
2021-08-04,2.1948747141818785
2021-08-05,2.18466536314248
2021-08-06,2.1965955925577507
2021-08-09,2.164361448793062
2021-08-10,2.1609927329541803
2021-08-11,2.1596411098355595
2021-08-12,2.1631186512608993
2021-08-13,2.172160843200063
2021-08-16,2.1869258971608305
2021-08-17,2.192150857052042
2021-08-18,2.1803170021427185
2021-08-19,2.1804744321178764
2021-08-20,2.1933121935117854
2021-08-23,2.203077435015306
2021-08-24,2.2018412780323238
2021-08-25,2.196072728665525
2021-08-26,2.1786342421960896
2021-08-27,2.169022086997978
2021-08-30,2.185450494541521
2021-08-31,2.1912861492734312
2021-09-01,2.177318233251233
2021-09-02,2.1782295073876976
2021-09-03,2.185698216330847
2021-09-07,2.16955132851203
2021-09-08,2.1621613558734145
2021-09-09,2.174016011224753
2021-09-10,2.199959096896402
2021-09-13,2.181787686048385
2021-09-14,2.1900328790511514
2021-09-15,2.2164884087393957
2021-09-16,2.2161904670470185
2021-09-17,2.2110267075550136
2021-09-20,2.1828017405329434
2021-09-21,2.2098183165364174
2021-09-22,2.207915767111986
2021-09-23,2.2229370328867644
2021-09-24,2.1773928948703576
2021-09-27,2.1604376802137524
2021-09-28,2.152496785056742
2021-09-29,2.1089765360068737
2021-09-30,2.1126185277557745
