date,2021_11_12__18_11_53_daily_2_lr_0.0001_crit_lr_0.001_epoch_1000_gamma_1.0_lmbda_0.0
2015-01-06,0.9879429133858271
2015-01-07,0.9963090551181107
2015-01-08,1.0182086614173245
2015-01-09,1.015009842519742
2015-01-12,1.003198818897718
2015-01-13,1.0024606299213406
2015-01-14,0.9968011811024426
2015-01-15,0.9840059055118907
2015-01-16,0.9936023622048048
2015-01-20,1.001968503937089
2015-01-21,1.0036909448819715
2015-01-22,1.0201771653544172
2015-01-23,1.019931102362503
2015-01-26,1.0157480314965002
2015-01-27,0.9864665354344329
2015-01-28,0.9847440944896036
2015-01-29,0.9940944881904046
2015-01-30,0.9817913385840922
2015-02-02,0.9918799212612724
2015-02-03,1.0031988188990857
2015-02-04,1.0051673228361488
2015-02-05,1.0145177165369603
2015-02-06,1.0113188976394425
2015-02-09,1.0098425196867433
2015-02-10,1.0248523622064605
2015-02-11,1.0287893700805482
2015-02-12,1.0428149606318549
2015-02-13,1.0494586614208568
2015-02-17,1.0499507874098997
2015-02-18,1.050935039379168
2015-02-19,1.0546259842624464
2015-02-20,1.0600393700910742
2015-02-23,1.0607775590771884
2015-02-24,1.0639763779813498
2015-02-25,1.0573326772223128
2015-02-26,1.0639763780319411
2015-02-27,1.0602854331694758
2015-03-02,1.0686515749547398
2015-03-03,1.0615157482666011
2015-03-04,1.0573326774210525
2015-03-05,1.0561023624716026
2015-03-06,1.0430610239008182
2015-03-09,1.047982283746868
2015-03-10,1.0265748034287887
2015-03-11,1.0199311026397604
2015-03-12,1.0265748034290965
2015-03-13,1.0209153546101197
2015-03-16,1.0329724412281531
2015-03-17,1.033218504221387
2015-03-18,1.0472440947773871
2015-03-19,1.0442913388885198
2015-03-20,1.0467519688256899
2015-03-23,1.046751968914823
2015-03-24,1.0433070870689003
2015-03-25,1.0164862209470455
2015-03-26,1.0172244099252075
2015-03-27,1.017962598902683
2015-03-30,1.0302657485173472
2015-03-31,1.0196850398573207
2015-04-01,1.0182086619056494
2015-04-02,1.0179625989157342
2015-04-06,1.0278051186103556
2015-04-07,1.0255905516844734
2015-04-08,1.0287893705878586
2015-04-09,1.03149606351818
2015-04-10,1.035433071463072
2015-04-13,1.0324803157270432
2015-04-14,1.0292814968441182
2015-04-15,1.0383858275854405
2015-04-16,1.0346948828064235
2015-04-17,1.0204232294025362
2015-04-20,1.0378937018798164
2015-04-21,1.0374015759426332
2015-04-22,1.047982284667164
2015-04-23,1.052165355664361
2015-04-24,1.061269686564229
2015-04-27,1.0642224427152593
2015-04-28,1.0676673246711832
2015-04-29,1.0625000020301802
2015-04-30,1.0477362225123124
2015-05-01,1.0605314981332425
2015-05-04,1.0615157502299803
2015-05-05,1.0450295298221008
2015-05-06,1.0361712620950885
2015-05-07,1.0437992148697017
2015-05-08,1.0588090574242426
2015-05-11,1.0533956716870112
2015-05-12,1.047736222873908
2015-05-13,1.0521653567608147
2015-05-14,1.0691437032786393
2015-05-15,1.0656988215070078
2015-05-18,1.0708661445875332
2015-05-19,1.0681594517928337
2015-05-20,1.0688976408730841
2015-05-21,1.073572837834401
2015-05-22,1.0728346492200975
2015-05-26,1.0573326810217223
2015-05-27,1.0772637834710643
2015-05-28,1.0750492165879926
2015-05-29,1.0671752008619175
2015-06-01,1.0701279567997564
2015-06-02,1.0679133898783475
2015-06-03,1.070127956826072
2015-06-04,1.0602854371298647
2015-06-05,1.0568405552315774
2015-06-08,1.0450295315749598
2015-06-09,1.0425689016459738
2015-06-10,1.0588090591956152
2015-06-11,1.05930118523944
2015-06-12,1.0499507916129616
2015-06-15,1.0435531538153502
2015-06-16,1.050442917624217
2015-06-17,1.050935043614583
2015-06-18,1.0602854373597888
2015-06-19,1.0467519728024144
2015-06-22,1.0553641775817553
2015-06-23,1.0561023667155613
2015-06-24,1.0511811072966017
2015-06-25,1.0487204774298093
2015-06-26,1.0398622096898553
2015-06-29,1.017716540310697
2015-06-30,1.0187007922839206
2015-07-01,1.0255905560964762
2015-07-02,1.027066934056576
2015-07-06,1.0228838631704678
2015-07-07,1.0243602411303563
2015-07-08,1.0076279575858407
2015-07-09,1.003690949692954
2015-07-10,1.0196850442578091
2015-07-13,1.0351870128361238
2015-07-14,1.0391240207390415
2015-07-15,1.0393700837567896
2015-07-16,1.0526574854263404
2015-07-17,1.0688976431902995
2015-07-20,1.0745570923084502
2015-07-21,1.0674212656664324
2015-07-22,1.0501968562973791
2015-07-23,1.0479822895436925
2015-07-24,1.042322840770892
2015-07-27,1.032972447028173
2015-07-28,1.0423228407845648
2015-07-29,1.049212604624104
2015-07-30,1.0511811086671077
2015-07-31,1.0477362269202992
2015-08-03,1.042076778228343
2015-08-04,1.0359252034617932
2015-08-05,1.046013786237678
2015-08-06,1.035679140578216
2015-08-07,1.0364173295691732
2015-08-10,1.0526574871730243
2015-08-11,1.0369094557057383
2015-08-12,1.0415846525991375
2015-08-13,1.0386318966871844
2015-08-14,1.0437992195723103
2015-08-17,1.0497047314700458
2015-08-18,1.0442913456412033
2015-08-19,1.0374015818249123
2015-08-20,1.0120570934652533
2015-08-21,0.9734252034399579
2015-08-24,0.935039376408453
2015-08-25,0.9276574865947022
2015-08-26,0.9744094554151247
2015-08-27,0.997047250843961
2015-08-28,0.9990157547942946
2015-08-31,0.9899114240240017
2015-09-01,0.9581692978248726
2015-09-02,0.9812992192412923
2015-09-03,0.9820374082226673
2015-09-04,0.9670275656013737
2015-09-08,0.9940944949184606
2015-09-09,0.9810531562475007
2015-09-10,0.9908956759991687
2015-09-11,0.9955708728812109
2015-09-14,0.9931102429432941
2015-09-15,1.0059055186204624
2015-09-16,1.0100885895149212
2015-09-17,1.0031988256887538
2015-09-18,0.9857283531295434
2015-09-21,0.9955708728812113
2015-09-22,0.9788385893033759
2015-09-23,0.9812992192412928
2015-09-24,0.9812992192412928
2015-09-25,0.979576778284751
2015-09-28,0.9571850458497063
2015-09-29,0.9530019749552475
2015-09-30,0.9719488254772084
2015-10-01,0.9724409514647919
2015-10-02,0.986220479117127
2015-10-05,1.0056594556266711
2015-10-06,1.00688977059563
2015-10-07,1.0115649674776723
2015-10-08,1.0162401643597159
2015-10-09,1.0206692982479733
2015-10-12,1.0218996132169438
2015-10-13,1.0196850462728753
2015-10-14,1.0177165423225465
2015-10-15,1.03075788099351
2015-10-16,1.0327263849439174
2015-10-19,1.0366633928449942
2015-10-20,1.033956699913743
2015-10-21,1.0260826841125272
2015-10-22,1.049212605528999
2015-10-23,1.078494101791474
2015-10-26,1.0743110308982387
2015-10-27,1.0681594560537238
2015-10-28,1.0841535506504694
2015-10-29,1.0812007947263165
2015-10-30,1.0740649679071812
2015-11-02,1.0836614246654823
2015-11-03,1.089320873524394
2015-11-04,1.0905511884942356
2015-11-05,1.0873523695750742
2015-11-06,1.091043314482311
2015-11-09,1.080462605750293
2015-11-10,1.0733267789302932
2015-11-11,1.0728346529429493
2015-11-12,1.0634842591788352
2015-11-13,1.042568904706324
2015-11-16,1.0585629993029517
2015-11-17,1.058809062296748
2015-11-18,1.0748031568933765
2015-11-19,1.0797244167692843
2015-11-20,1.0875984325707173
2015-11-23,1.081200794732284
2015-11-24,1.0814468577262457
2015-11-25,1.0780019758132207
2015-11-27,1.0804626057515068
2015-11-30,1.0816929207208592
2015-12-01,1.0912893774789176
2015-12-02,1.0843996136534897
2015-12-03,1.070374023007296
2015-12-04,1.0967027633433406
2015-12-07,1.091289377480646
2015-12-08,1.0885826845490492
2015-12-09,1.0725885899523828
2015-12-10,1.0755413458779228
2015-12-11,1.0531496134425786
2015-12-14,1.0612696922378135
2015-12-15,1.0659448891199186
2015-12-16,1.0804626057538231
2015-12-17,1.0634842591819744
2015-12-18,1.0376476448335008
2015-12-21,1.0482283535666859
2015-12-22,1.0558563063743318
2015-12-23,1.0647145741510062
2015-12-24,1.0642224481637264
2015-12-28,1.0634842591825584
2015-12-29,1.0780019758165018
2015-12-30,1.0688976450462024
2015-12-31,1.0538878024247134
2016-01-04,1.0401082747721875
2016-01-05,1.0374015818404403
2016-01-06,1.0246063061630921
2016-01-07,0.9943405579262861
2016-01-08,0.9864665421248409
2016-01-11,0.9928641799635153
2016-01-12,1.0046752036656834
2016-01-13,0.9776082743482145
2016-01-14,0.9960629988828524
2016-01-15,0.9680118175902032
2016-01-19,0.9689960695653838
2016-01-20,0.9613681167577334
2016-01-21,0.9667815026212271
2016-01-22,0.993602368944901
2016-01-25,0.9820374082365279
2016-01-26,0.9916338649945395
2016-01-27,0.9712106365095404
2016-01-28,0.9837598491930941
2016-01-29,1.0147637864112857
2016-02-01,1.0184547313182135
2016-02-02,1.0002460697773712
2016-02-03,0.9990157548083952
2016-02-04,1.000000006783576
2016-02-05,0.9719488254909264
2016-02-08,0.9579232348446016
2016-02-09,0.9534941009562886
2016-02-10,0.95546260490665
2016-02-11,0.9530019749686983
2016-02-12,0.9662893766336378
2016-02-16,0.9835137861992997
2016-02-17,1.003690951690504
2016-02-18,0.9997539437897812
2016-02-19,1.0004921327711667
2016-02-22,1.0137795344361062
2016-02-23,0.9977854398394206
2016-02-24,1.0054133926470712
2016-02-25,1.0179626053306252
2016-02-26,1.0152559123988811
2016-02-29,1.0081200855788222
2016-03-01,1.0381397708218334
2016-03-02,1.0410925267474074
2016-03-03,1.041092526747499
2016-03-04,1.043799219679419
2016-03-07,1.0374015818408748
2016-03-08,1.0310039440022525
2016-03-09,1.0398622117788887
2016-03-10,1.0388779598037177
2016-03-11,1.0548720544004275
2016-03-14,1.0561023693696274
2016-03-15,1.0600393772704622
2016-03-16,1.0723425269603555
2016-03-17,1.0762795348639436
2016-03-18,1.072588589964228
2016-03-21,1.0762795348856284
2016-03-22,1.0765255978997137
2016-03-23,1.0703740230649343
2016-03-24,1.0733267789935725
2016-03-28,1.070620086065731
2016-03-29,1.0873523696465246
2016-03-30,1.0937500075045339
2016-03-31,1.0915354405905637
2016-04-01,1.0999015823962384
2016-04-04,1.0957185115665353
2016-04-05,1.08513780284305
2016-04-06,1.095718511579559
2016-04-07,1.079970479985996
2016-04-08,1.0799704799863896
2016-04-11,1.0770177240617183
2016-04-12,1.084399613877398
2016-04-13,1.0954724486037863
2016-04-14,1.095226385628942
2016-04-15,1.0910433147569891
2016-04-18,1.0957185116674344
2016-04-19,1.0895669368638854
2016-04-20,1.0917815038589
2016-04-21,1.0878444960031255
2016-04-22,1.0688976454884032
2016-04-25,1.0691437085312983
2016-04-26,1.0639763856705695
2016-04-27,1.0590551258060719
2016-04-28,1.0457677241537846
2016-04-29,1.0366633933804674
2016-05-02,1.0442913461926753
2016-05-03,1.0346948894339263
2016-05-04,1.0314960705138623
2016-05-05,1.031988196502128
2016-05-06,1.0396161493141947
2016-05-09,1.0396161493182747
2016-05-10,1.05314961398907
2016-05-11,1.0455216612015006
2016-05-12,1.042568905278684
2016-05-13,1.0386318973826116
2016-05-16,1.0531496140268928
2016-05-17,1.042568905291899
2016-05-18,1.0445374092442747
2016-05-19,1.0388779603843044
2016-05-20,1.0514271730751263
2016-05-23,1.049458669125363
2016-05-24,1.069143708640612
2016-05-25,1.0765255984649602
2016-05-26,1.0799704803956478
2016-05-27,1.0851378033036252
2016-05-31,1.087352370308655
2016-06-01,1.084645677384963
2016-06-02,1.0836614254184764
2016-06-03,1.081200795502947
2016-06-06,1.08316929948904
2016-06-07,1.0875984334062003
2016-06-08,1.0898130003645026
2016-06-09,1.0900590633699747
2016-06-10,1.0816929215787008
2016-06-13,1.0696358348732873
2016-06-14,1.0720964648131843
2016-06-15,1.069389771879298
2016-06-16,1.0716043388252057
2016-06-17,1.0593011891257216
2016-06-20,1.0637303230175381
2016-06-21,1.0711122128372381
2016-06-22,1.0674212679273993
2016-06-23,1.0819389845727927
2016-06-24,1.0403543385885796
2016-06-27,1.0194389840994524
2016-06-28,1.0396161496066103
2016-06-29,1.0556102442159434
2016-06-30,1.0671752049334837
2016-07-01,1.069635834873508
2016-07-05,1.0617618190663107
2016-07-06,1.069143708886133
2016-07-07,1.06914370888646
2016-07-08,1.0858759924781247
2016-07-11,1.092273630326547
2016-07-12,1.1011318981127332
2016-07-13,1.1013779611091121
2016-07-14,1.1085137879395595
2016-07-15,1.107529535970078
2016-07-18,1.114911425796657
2016-07-19,1.1124507958666714
2016-07-20,1.1269685125327074
2016-07-21,1.1210630007046143
2016-07-22,1.127706701547599
2016-07-25,1.12623032359724
2016-07-26,1.1286909535408378
2016-07-27,1.1380413473158077
2016-07-28,1.1387795363015027
2016-07-29,1.1429626072035497
2016-08-01,1.145177174165993
2016-08-02,1.1365649693806181
2016-08-03,1.1405019772862197
2016-08-04,1.1466535521396704
2016-08-05,1.1577263868759027
2016-08-08,1.1574803239061506
2016-08-09,1.159940953867125
2016-08-10,1.1562500089726262
2016-08-11,1.1604330798784297
2016-08-12,1.1592027649191985
2016-08-15,1.1648622137944797
2016-08-16,1.1562500090101102
2016-08-17,1.1557578830240036
2016-08-18,1.156250009016174
2016-08-19,1.156988198011762
2016-08-22,1.1569881980240102
2016-08-23,1.1611712689260094
2016-08-24,1.1547736310830377
2016-08-25,1.1572342610239752
2016-08-26,1.1577263870123673
2016-08-29,1.1621555209054928
2016-08-30,1.158218513001324
2016-08-31,1.1562500090494112
2016-09-01,1.159940953960496
2016-09-02,1.1651082768358578
2016-09-06,1.1710137886961152
2016-09-07,1.1739665446275172
2016-09-08,1.1643700878626293
2016-09-09,1.1358267805534132
2016-09-12,1.1547736310955743
2016-09-13,1.1464074892977607
2016-09-14,1.1518208751669499
2016-09-15,1.1707677257091111
2016-09-16,1.1616633949291177
2016-09-19,1.1594488279826625
2016-09-20,1.158710639000524
2016-09-21,1.1717519776854
2016-09-22,1.1788878045141242
2016-09-23,1.1685531587742926
2016-09-26,1.1616633949469872
2016-09-27,1.17445867063821
2016-09-28,1.1766732375870796
2016-09-29,1.16953741076686
2016-09-30,1.1756889856189467
2016-10-03,1.1722441037037827
2016-10-04,1.168061032805749
2016-10-05,1.172244103705456
2016-10-06,1.1749507966420831
2016-10-07,1.1717519777216607
2016-10-10,1.1798720565264882
2016-10-11,1.166584654847983
2016-10-12,1.1685531588005242
2016-10-13,1.1611712689786813
2016-10-14,1.1656004028718026
2016-10-17,1.1631397729311954
2016-10-18,1.1695374107768197
2016-10-19,1.1717519777234304
2016-10-20,1.1663385918542908
2016-10-21,1.1695374107777416
2016-10-24,1.1808563085058794
2016-10-25,1.1766732376089493
2016-10-26,1.170029536770143
2016-10-27,1.1685531588060074
2016-10-28,1.1673228438357302
2016-10-31,1.1668307178476132
2016-11-01,1.1567421350910245
2016-11-02,1.1493602452691294
2016-11-03,1.1382874105362861
2016-11-04,1.1363189065837807
2016-11-07,1.160925205990099
2016-11-08,1.1665846548535526
2016-11-09,1.1651082768891738
2016-11-10,1.1464074893405698
2016-11-11,1.149852371257558
2016-11-14,1.1323818986793135
2016-11-15,1.1483759932935673
2016-11-16,1.1589567020392115
2016-11-17,1.1663385918616285
2016-11-18,1.1653543398863366
2016-11-21,1.1771653636034218
2016-11-22,1.180856308518509
2016-11-23,1.1761811116354506
2016-11-25,1.1811023715207771
2016-11-28,1.1820866235013756
2016-11-29,1.182824812484803
2016-11-30,1.1687992218247027
2016-12-01,1.144685048406886
2016-12-02,1.148868119306317
2016-12-05,1.1599409540396473
2016-12-06,1.163385835964167
2016-12-07,1.185531505443915
2016-12-08,1.1884842613783126
2016-12-09,1.1970964661729409
2016-12-12,1.1934055212711838
2016-12-13,1.2084153639121453
2016-12-14,1.2042322930148361
2016-12-15,1.2096456788855163
2016-12-16,1.1956200882249026
2016-12-19,1.204232293022869
2016-12-20,1.2086614269261384
2016-12-21,1.2062007969961974
2016-12-22,1.2037401671624393
2016-12-23,1.2049704822080427
2016-12-27,1.2098917421508342
2016-12-28,1.199064970429841
2016-12-29,1.199311033428396
2016-12-30,1.1899606396532627
2017-01-03,1.200541348401875
2017-01-04,1.2047244193072624
2017-01-05,1.2066929232890968
2017-01-06,1.2155511911115786
2017-01-09,1.215305128176859
2017-01-10,1.2155511912127572
2017-01-11,1.2212106401254734
2017-01-12,1.2182578842588465
2017-01-13,1.221948829211791
2017-01-17,1.2172736323889044
2017-01-18,1.2204724513394658
2017-01-19,1.2187500103896571
2017-01-20,1.2253937112393356
2017-01-23,1.2276082782337996
2017-01-24,1.2352362310870248
2017-01-25,1.2470472549176335
2017-01-26,1.2436023731691586
2017-01-27,1.2485236332899665
2017-01-30,1.2384350507648543
2017-01-31,1.2322834759373757
2017-02-01,1.2416338697496174
2017-02-02,1.2391732398391782
2017-02-03,1.2472933186815083
2017-02-06,1.2480315077870159
2017-02-07,1.2529527677431722
2017-02-08,1.255167334772125
2017-02-09,1.2591043427474915
2017-02-10,1.2627952878300868
2017-02-13,1.2684547368744201
2017-02-14,1.272637807897732
2017-02-15,1.276820878992692
2017-02-16,1.2797736349557156
2017-02-17,1.284202768897627
2017-02-21,1.2908464698135511
2017-02-22,1.2923228478304276
2017-02-23,1.2920767848737196
2017-02-24,1.2950295408454437
2017-02-27,1.29429135191628
2017-02-28,1.288139777069546
2017-03-01,1.306348438679719
2017-03-02,1.2977362338766438
2017-03-03,1.3006889898497116
2017-03-06,1.2987204860510153
2017-03-07,1.29872048614046
2017-03-08,1.300196864170829
2017-03-09,1.2999508012087848
2017-03-10,1.3068405650766366
2017-03-13,1.3080708801820058
2017-03-14,1.305118124442495
2017-03-15,1.313976392294152
2017-03-16,1.314714581408781
2017-03-17,1.3125000147022627
2017-03-20,1.3132529676824929
2017-03-21,1.2945374164843166
2017-03-22,1.3026574953505174
2017-03-23,1.299212613436919
2017-03-24,1.3001968654251683
2017-03-27,1.3001968654362814
2017-03-28,1.3095472592678956
2017-03-29,1.311761826332997
2017-03-30,1.3142224564097849
2017-03-31,1.3117618265532678
2017-04-03,1.310531511600484
2017-04-04,1.3115157636032428
2017-04-05,1.3061023777716152
2017-04-06,1.3063484407764592
2017-04-07,1.3056102518135457
2017-04-10,1.303149621872907
2017-04-11,1.2982283619729327
2017-04-12,1.2937992280619712
2017-04-13,1.2886319051656436
2017-04-17,1.3004429289289152
2017-04-18,1.3001968659343905
2017-04-19,1.2992126139549853
2017-04-20,1.31102363771856
2017-04-21,1.3083169447741076
2017-04-24,1.3238189134639349
2017-04-25,1.3307086774681243
2017-04-26,1.329232299663785
2017-04-27,1.3346456856970519
2017-04-28,1.3380905679532875
2017-05-01,1.348179150897199
2017-05-02,1.3511319073682202
2017-05-03,1.3486712776539336
2017-05-04,1.347687025853473
2017-05-05,1.352608286011166
2017-05-08,1.3585137980609687
2017-05-09,1.3602362396653762
2017-05-10,1.3654035629139987
2017-05-11,1.3636811221767449
2017-05-12,1.367126004483833
2017-05-15,1.374753957879378
2017-05-16,1.3811515962532022
2017-05-17,1.343503958207624
2017-05-18,1.3513779740799055
2017-05-19,1.3592519899521962
2017-05-22,1.3700787617781773
2017-05-23,1.3725393917481405
2017-05-24,1.378198840668527
2017-05-25,1.3880413605459174
2017-05-26,1.3873031715964241
2017-05-30,1.3932086835508672
2017-05-31,1.3909941166086823
2017-06-01,1.3944389985744499
2017-06-02,1.4072342744096706
2017-06-05,1.4084645894312948
2017-06-06,1.40575789650317
2017-06-07,1.4101870304409283
2017-06-08,1.4133858493988583
2017-06-09,1.3784449039682543
2017-06-12,1.3703248251030604
2017-06-13,1.3801673449474863
2017-06-14,1.3735236440614673
2017-06-15,1.367372069165428
2017-06-16,1.359498053294746
2017-06-19,1.3796752189809092
2017-06-20,1.3686023841650152
2017-06-21,1.3762303370477966
2017-06-22,1.3767224630450192
2017-06-23,1.385334667914994
2017-06-26,1.377952778047344
2017-06-27,1.3553149824261619
2017-06-28,1.372293329162379
2017-06-29,1.3476870295804457
2017-06-30,1.3464567146074569
2017-07-03,1.3371063207653746
2017-07-05,1.3503937225611586
2017-07-06,1.3380905727632724
2017-07-07,1.3535925415185486
2017-07-10,1.3634350613768251
2017-07-11,1.3663878173461341
2017-07-12,1.3841043530886987
2017-07-13,1.386811046108944
2017-07-14,1.3991141960282365
2017-07-17,1.3993602592303094
2017-07-18,1.4057578972478681
2017-07-19,1.412893724235234
2017-07-20,1.4158464802984223
2017-07-21,1.4141240394335668
2017-07-24,1.4175689215247866
2017-07-25,1.4148622286800194
2017-07-26,1.4202756147046725
2017-07-27,1.4148622288698756
2017-07-28,1.413385850938876
2017-07-31,1.406496087062672
2017-08-01,1.4136319139781566
2017-08-02,1.417568921947227
2017-08-03,1.4143701030160476
2017-08-04,1.4175689219820151
2017-08-07,1.4261811268772733
2017-08-08,1.4242126229327066
2017-08-09,1.4234744339530019
2017-08-10,1.3954232523746701
2017-08-11,1.4050197092328307
2017-08-14,1.4274114419018722
2017-08-15,1.4296260088715256
2017-08-16,1.4338090798126935
2017-08-17,1.4057578982319858
2017-08-18,1.4042815202538148
2017-08-21,1.4037893942612456
2017-08-22,1.4247047489532534
2017-08-23,1.4212598670318985
2017-08-24,1.4200295520570108
2017-08-25,1.4197834890675687
2017-08-28,1.4224901820607125
2017-08-29,1.4286417570029033
2017-08-30,1.4389764028678103
2017-08-31,1.4475886077779283
2017-09-01,1.4463582929004026
2017-09-05,1.4335630173055285
2017-09-06,1.4347933322983673
2017-09-07,1.439714592255868
2017-09-08,1.4279035684583892
2017-09-11,1.448080734180758
2017-09-12,1.4515256162612504
2017-09-13,1.4495571124486195
2017-09-14,1.444635852696973
2017-09-15,1.4453740418733145
2017-09-18,1.4466043571548888
2017-09-19,1.453001995307306
2017-09-20,1.4470964836115772
2017-09-21,1.4392224681371977
2017-09-22,1.4399606576375812
2017-09-25,1.4229823114242894
2017-09-26,1.428149634569572
2017-09-27,1.4426673516138218
2017-09-28,1.4443897929477827
2017-09-29,1.454232313369827
2017-10-02,1.4564468809130784
2017-10-03,1.4598917634922468
2017-10-04,1.458907511973842
2017-10-05,1.4729331032189792
2017-10-06,1.4751476709781022
2017-10-09,1.4788386162951224
2017-10-10,1.4803149943993237
2017-10-11,1.4852362545100193
2017-10-12,1.481545309747682
2017-10-13,1.4886811368497332
2017-10-16,1.4940945230625615
2017-10-17,1.4940945232223444
2017-10-18,1.4977854682693137
2017-10-19,1.4933563344151664
2017-10-20,1.5034449173902695
2017-10-23,1.496309090517174
2017-10-24,1.5004921614977718
2017-10-25,1.4923720825785576
2017-10-26,1.4985236575391658
2017-10-27,1.53887798921356
2017-10-30,1.5423228713278436
2017-10-31,1.5489665723299313
2017-11-01,1.5492126354231137
2017-11-02,1.5499508245094393
2017-11-03,1.562253974542919
2017-11-06,1.565698857002691
2017-11-07,1.566437046321344
2017-11-08,1.5750492514084007
2017-11-09,1.5625000386786538
2017-11-10,1.562500038742511
2017-11-13,1.562007912765298
2017-11-14,1.5588090938143417
2017-11-15,1.547244132919674
2017-11-16,1.5688976767662401
2017-11-17,1.5588090938554693
2017-11-20,1.564714605843942
2017-11-21,1.5812008268417856
2017-11-22,1.5782480714619076
2017-11-24,1.5871063398798297
2017-11-27,1.587106340507118
2017-11-28,1.5922736639460247
2017-11-29,1.5570866554907767
2017-11-30,1.5708661835331406
2017-12-01,1.5627461046234785
2017-12-04,1.537647678793904
2017-12-05,1.5381398048151844
2017-12-06,1.5479823248077307
2017-12-07,1.5575787818280558
2017-12-08,1.5649606720854914
2017-12-11,1.5784941377445567
2017-12-12,1.5780020128213017
2017-12-13,1.5784941392483107
2017-12-14,1.576525635525674
2017-12-15,1.5885827226504816
2017-12-18,1.6026083146141321
2017-12-19,1.5927657955157692
2017-12-20,1.5922736699305597
2017-12-21,1.5890748516390993
2017-12-22,1.5880906004670206
2017-12-26,1.577509891874881
2017-12-27,1.579232333069771
2017-12-28,1.5819390261546957
2017-12-29,1.57357288429703
2018-01-02,1.5930118613304451
2018-01-03,1.6062992637417939
2018-01-04,1.6144193435302545
2018-01-05,1.6313976911023969
2018-01-08,1.6375492667043294
2018-01-09,1.6333661960784076
2018-01-10,1.6277067472223945
2018-01-11,1.6343504484645868
2018-01-12,1.643946905692647
2018-01-16,1.637549267824089
2018-01-17,1.6621555678838829
2018-01-18,1.6651083239006434
2018-01-19,1.6683071429135332
2018-01-22,1.684547300980717
2018-01-23,1.6919291910529246
2018-01-24,1.67888785208229
2018-01-25,1.675935096106038
2018-01-26,1.7025099001783202
2018-01-29,1.6870079312040098
2018-01-30,1.6717520251759885
2018-01-31,1.6843012382000508
2018-02-01,1.6857776162047526
2018-02-02,1.6358268271118603
2018-02-05,1.5674213129817345
2018-02-06,1.6124508420673949
2018-02-07,1.5917815500280754
2018-02-08,1.5258366659026272
2018-02-09,1.563238241973777
2018-02-12,1.5912894240271394
2018-02-13,1.5952264320346288
2018-02-14,1.6245079290903315
2018-02-15,1.655511867149311
2018-02-16,1.6530512371446304
2018-02-20,1.6545276151474388
2018-02-21,1.6439469061273113
2018-02-22,1.645915410131056
2018-02-23,1.6803642301965886
2018-02-26,1.7066929712466743
2018-02-27,1.689468561213908
2018-02-28,1.6774114741909718
2018-03-01,1.6496063551380775
2018-03-02,1.6653543871680354
2018-03-05,1.6823327342003334
2018-03-06,1.6860236792073544
2018-03-07,1.6953740732251423
2018-03-08,1.7027559632391849
2018-03-09,1.7349902163005049
2018-03-12,1.7404036023108027
2018-03-13,1.7204724992728873
2018-03-14,1.7189961212700788
2018-03-15,1.7199803732719514
2018-03-16,1.7128445462583768
2018-03-19,1.6788878521937804
2018-03-20,1.6781496631923762
2018-03-21,1.6680610801731846
2018-03-22,1.6250000550912689
2018-03-23,1.5816929670088848
2018-03-26,1.6417323391230987
2018-03-27,1.5890748570229276
2018-03-28,1.5784941480027999
2018-03-29,1.609744149062247
2018-04-02,1.5713583209892252
2018-04-03,1.586860290018715
2018-04-04,1.6090059600608433
2018-04-05,1.6156496610734816
2018-04-06,1.576033517998119
2018-04-09,1.5883366680215236
2018-04-10,1.62746068509595
2018-04-11,1.617864228077695
2018-04-12,1.6373032051146743
2018-04-13,1.6318898191043762
2018-04-16,1.644439032128249
2018-04-17,1.674950844186292
2018-04-18,1.6705217101778667
2018-04-19,1.6520669851427596
2018-04-20,1.629183126099227
2018-04-23,1.6232776140879932
2018-04-24,1.5949803690341626
2018-04-25,1.5952264320346308
2018-04-26,1.6242618660898658
2018-04-27,1.6213091100842485
2018-04-30,1.6107284010641207
2018-05-01,1.6309055671025041
2018-05-02,1.6291831260992276
2018-05-03,1.632874071106249
2018-05-04,1.6638780091652285
2018-05-07,1.675442970187229
2018-05-08,1.6791339151942501
2018-05-09,1.69980320723357
2018-05-10,1.721948877275699
2018-05-11,1.719488247271019
2018-05-14,1.7192421842705525
2018-05-15,1.7030020262396592
2018-05-16,1.7106299792541702
2018-05-17,1.7017717112373196
2018-05-18,1.6946358842237457
2018-05-21,1.7093996642518312
2018-05-22,1.706939034247151
2018-05-23,1.7194882472710238
2018-05-24,1.7175197432672804
2018-05-25,1.7162894282649412
2018-05-29,1.7069390342471544
2018-05-30,1.719488247271027
2018-05-31,1.7199803732719638
2018-06-01,1.7492618703276668
2018-06-04,1.7632874613543499
2018-06-05,1.7694390363660588
2018-06-06,1.78100399738807
2018-06-07,1.7667323433609499
2018-06-08,1.7637795873553497
2018-06-11,1.7657480913591084
2018-06-12,1.7743602963755023
2018-06-13,1.7652559653581936
2018-06-14,1.7778051783820716
2018-06-15,1.7647638393572767
2018-06-18,1.7667323433610387
2018-06-19,1.757628012343729
2018-06-20,1.761318957350753
2018-06-21,1.7477854923250127
2018-06-22,1.742126043314247
2018-06-25,1.7059547822454366
2018-06-26,1.712844546258544
2018-06-27,1.6894685612140734
2018-06-28,1.710137853253395
2018-06-29,1.7093996642519909
2018-07-02,1.7246555702810145
2018-07-03,1.7042323412421612
2018-07-05,1.7283465152880364
2018-07-06,1.7485236813264236
2018-07-09,1.7618110833517175
2018-07-10,1.7659941543597182
2018-07-11,1.7591043903466517
2018-07-12,1.786909509399563
2018-07-13,1.784941005395876
2018-07-16,1.7807579343880153
2018-07-17,1.7940453364133246
2018-07-18,1.7910925804077904
2018-07-19,1.784694942395694
2018-07-20,1.7851870683966578
2018-07-23,1.7942913994140088
2018-07-24,1.804133919432775
2018-07-25,1.8267717154758973
2018-07-26,1.7987205334225795
2018-07-27,1.7679626583641213
2018-07-30,1.7404036023116898
2018-07-31,1.7450787993205876
2018-08-01,1.7608268313505648
2018-08-02,1.782972501392712
2018-08-03,1.7893701394048935
2018-08-06,1.7989665969394837
2018-08-07,1.8058563618856092
2018-08-08,1.8107776235072197
2018-08-09,1.8115158146714785
2018-08-10,1.7969980986342147
2018-08-13,1.7945374686653754
2018-08-14,1.8056103037280502
2018-08-15,1.789370145679543
2018-08-16,1.7972441617265202
2018-08-17,1.7999508547737533
2018-08-20,1.797244161885093
2018-08-21,1.8001969180625434
2018-08-22,1.8056103041773983
2018-08-23,1.8095473124311394
2018-08-24,1.8277559747141559
2018-08-27,1.844488259136447
2018-08-28,1.8476870783762953
2018-08-29,1.8644193625928451
2018-08-30,1.8587599137233322
2018-08-31,1.8602362917529653
2018-09-04,1.8531004647712506
2018-09-05,1.8299705426624282
2018-09-06,1.8166831405883663
2018-09-07,1.8105315655520176
2018-09-10,1.8161910145900013
2018-09-11,1.831692983695175
2018-09-12,1.8240650306766313
2018-09-13,1.8454725118483992
2018-09-14,1.8439961339668136
2018-09-17,1.8208662120024357
2018-09-18,1.8324311730922136
2018-09-19,1.8277559761214204
2018-09-20,1.849409520716366
2018-09-21,1.835876056023219
2018-09-24,1.8449803876129904
2018-09-25,1.842765820803153
2018-09-26,1.8358760568949715
2018-09-27,1.8467028290401353
2018-09-28,1.8535925932331636
2018-10-01,1.862450861517656
2018-10-02,1.8626969247828977
2018-10-03,1.8683563740668336
2018-10-04,1.8346457433510193
2018-10-05,1.811515821164476
2018-10-08,1.7910925919960903
2018-10-09,1.7974902300502464
2018-10-10,1.71038392732128
2018-10-11,1.6887303831399718
2018-10-12,1.7428642435932422
2018-10-15,1.7143209353542452
2018-10-16,1.7659941657869123
2018-10-17,1.7578740867189253
2018-10-18,1.7234252664304857
2018-10-19,1.7226870774243048
2018-10-22,1.736958731543803
2018-10-23,1.7303150304881747
2018-10-24,1.6528051848391738
2018-10-25,1.709645738315108
2018-10-26,1.6754429810287237
2018-10-29,1.647145735791787
2018-10-30,1.6656004609463109
2018-10-31,1.7052166042780226
2018-11-01,1.7251477074449086
2018-11-02,1.691437076162645
2018-11-05,1.689714635148223
2018-11-06,1.7002953442368167
2018-11-07,1.7502461336550617
2018-11-08,1.7487697556427488
2018-11-09,1.7185040063893564
2018-11-12,1.6579725078825236
2018-11-13,1.659941011899006
2018-11-14,1.6400099087321196
2018-11-15,1.6811024300761948
2018-11-16,1.6783957370535312
2018-11-19,1.6144193565178477
2018-11-20,1.579724473227341
2018-11-21,1.5912894343241768
2018-11-23,1.576771717202617
2018-11-26,1.6124508525013652
2018-11-27,1.6156496715281508
2018-11-28,1.6722441620020283
2018-11-29,1.656004003866048
2018-11-30,1.6717520359979106
2018-12-03,1.7086614863069645
2018-12-04,1.643946916765158
2018-12-06,1.6476378617960628
2018-12-07,1.5895669933098218
2018-12-10,1.6114666004931926
2018-12-11,1.6134351045096753
2018-12-12,1.6259843176147528
2018-12-13,1.6286910106374164
2018-12-14,1.5888288043036407
2018-12-17,1.555118173021374
2018-12-18,1.567421323124391
2018-12-19,1.5364173848647877
2018-12-20,1.5088583286340296
2018-12-21,1.4566929721972368
2018-12-24,1.4178150178717024
2018-12-26,1.5034449425887022
2018-12-27,1.5142717146793574
2018-12-28,1.5108268326505128
2018-12-31,1.5250984867700126
2019-01-02,1.5260827387782543
2019-01-03,1.4490650191333667
2019-01-04,1.5132874626711164
2019-01-07,1.5268209277844351
2019-01-08,1.5396162038915733
2019-01-09,1.5595473070584611
2019-01-10,1.5664370711161508
2019-01-11,1.563484315091427
2019-01-14,1.5489665979698704
2019-01-15,1.5723425831656037
2019-01-16,1.5738189611779674
2019-01-17,1.5839075442624422
2019-01-18,1.60802171846436
2019-01-22,1.5809547882377286
2019-01-23,1.5863681742830562
2019-01-24,1.5996555763943154
2019-01-25,1.6222933725838684
2019-01-28,1.6006398284025727
2019-01-29,1.5834154182583497
2019-01-30,1.6326280186704203
2019-01-31,1.630905577656008
2019-02-01,1.6405020347364259
2019-02-04,1.6668307759570176
2019-02-05,1.6808563670747219
2019-02-06,1.6865158161224587
2019-02-07,1.663385893929254
2019-02-08,1.6729823510097093
2019-02-11,1.672244162003805
2019-02-12,1.6943898321894206
2019-02-13,1.6966043992083375
2019-02-14,1.6995571552333113
2019-02-15,1.7130906203467409
2019-02-19,1.7135827463516862
2019-02-20,1.7155512503689945
2019-02-21,1.7162894393786847
2019-02-22,1.7381890465638588
2019-02-25,1.7465551886426147
2019-02-26,1.7502461336745112
2019-02-27,1.7485236926606307
2019-02-28,1.7436024326205959
2019-03-01,1.7554134567206963
2019-03-04,1.748769755673503
2019-03-05,1.7436024326315496
2019-03-06,1.7344981015562857
2019-03-07,1.7180118804181466
2019-03-08,1.7177658174161348
2019-03-11,1.7546752677260224
2019-03-12,1.7650099138153168
2019-03-13,1.7765748749192625
2019-03-14,1.7802658199626302
2019-03-15,1.796013852105836
2019-03-18,1.80364180520151
2019-03-19,1.8073327502546637
2019-03-20,1.802411490222579
2019-03-21,1.847687082610312
2019-03-22,1.8041339312506115
2019-03-25,1.7962599151841334
2019-03-26,1.8061024352674353
2019-03-27,1.7957677891817534
2019-03-28,1.8031496792449542
2019-03-29,1.8208662153973938
2019-04-01,1.8457185786166406
2019-04-02,1.8521162166864071
2019-04-03,1.8671260598310921
2019-04-04,1.859252043773753
2019-04-05,1.8681103118612723
2019-04-08,1.8752461389602784
2019-04-09,1.8663878709054131
2019-04-10,1.8794292100198637
2019-04-11,1.876968580016392
2019-04-12,1.890009919192942
2019-04-15,1.8892717305284772
2019-04-16,1.8988681878116822
2019-04-17,1.9094488971566403
2019-04-18,1.9148622833274835
2019-04-22,1.9192914176591822
2019-04-23,1.9402067730075487
2019-04-24,1.9409449622121406
2019-04-25,1.9404528362561
2019-04-26,1.9330709462261533
2019-04-29,1.9335630723177446
2019-04-30,1.9367618913926379
2019-05-01,1.9318406313875873
2019-05-02,1.9217520482943145
2019-05-03,1.939960710472634
2019-05-06,1.9249508673949942
2019-05-07,1.88361228300083
2019-05-08,1.8813977159796675
2019-05-09,1.8686024398573902
2019-05-10,1.8745079519138286
2019-05-13,1.8038878702392347
2019-05-14,1.8329233045167177
2019-05-15,1.852854407707203
2019-05-16,1.8698327548695988
2019-05-17,1.8548229117271364
2019-05-20,1.8225886584193831
2019-05-21,1.8449803916335643
2019-05-22,1.8353839345435032
2019-05-23,1.8031496812374315
2019-05-24,1.8036418072421898
2019-05-28,1.7984744841931086
2019-05-29,1.7878937750919803
2019-05-30,1.7989666101978452
2019-05-31,1.7689469239108904
2019-06-03,1.7379429856144997
2019-06-04,1.7960138541696515
2019-06-05,1.8193898393931767
2019-06-06,1.8405512575957141
2019-06-07,1.8747540149229918
2019-06-10,1.8939469291066462
2019-06-11,1.893946929106913
2019-06-12,1.8833662200060075
2019-06-13,1.8890256690604037
2019-06-14,1.872539447903115
2019-06-17,1.874015825918042
2019-06-18,1.9079725202433613
2019-06-19,1.9148622843100078
2019-06-20,1.9429134665812915
2019-06-21,1.926919371429768
2019-06-24,1.9306103164655106
2019-06-25,1.8951772441270758
2019-06-26,1.9156004733224923
2019-06-27,1.9205217333697686
2019-06-28,1.9202756703678125
2019-07-01,1.9507874826610219
2019-07-02,1.9559548057176843
2019-07-03,1.970964648910349
2019-07-05,1.9672737039533545
2019-07-08,1.9522638608366596
2019-07-09,1.959153624912206
2019-07-10,1.9746555940689283
2019-07-11,1.982037484184373
2019-07-12,1.9965552013772525
2019-07-15,2.003198902571022
2019-07-16,1.984498114464189
2019-07-17,1.9793307914698668
2019-07-18,1.9940945716244598
2019-07-19,1.9854823665589265
2019-07-22,2.0083662257886337
2019-07-23,2.0194390609154844
2019-07-24,2.0361713451647634
2019-07-25,2.0278052032946694
2019-07-26,2.0322343374093155
2019-07-29,2.031004022568299
2019-07-30,2.017962683492062
2019-07-31,1.9874508711907717
2019-08-01,1.977362288088516
2019-08-02,1.9451280347610536
2019-08-05,1.8639272439361345
2019-08-06,1.8949311822511117
2019-08-07,1.9067422063711028
2019-08-08,1.9534941768460692
2019-08-09,1.931348506621116
2019-08-12,1.90600401736364
2019-08-13,1.9537402398486063
2019-08-14,1.8937008672386637
2019-08-15,1.8902559852036662
2019-08-16,1.926181183568641
2019-08-19,1.955462680866124
2019-08-20,1.9456201607661812
2019-08-21,1.9685040199986839
2019-08-22,1.9638288229515204
2019-08-23,1.8988681902916256
2019-08-26,1.9251969315591135
2019-08-27,1.9222441755291162
2019-08-28,1.9239666165466154
2019-08-29,1.9574311848866008
2019-08-30,1.9569390588816118
2019-09-03,1.9330709476391243
2019-09-04,1.9660433899741097
2019-09-05,2.007135911391619
2019-09-06,2.005413470374292
2019-09-09,1.9904036272232661
2019-09-10,1.980315044121668
2019-09-11,2.0009843363327016
2019-09-12,2.0118111084454515
2019-09-13,1.9970473283006909
2019-09-16,1.9921260682624478
2019-09-17,2.0002461473475157
2019-09-18,2.0000000843486014
2019-09-19,2.0044292184018726
2019-09-20,1.9749016581071346
2019-09-23,1.9810532331704978
2019-09-24,1.9618603189764718
2019-09-25,1.985236304214536
2019-09-26,1.987450871237348
2019-09-27,1.9608760669669694
2019-09-30,1.98154535917747
2019-10-01,1.9630906339897174
2019-10-02,1.9261811836138802
2019-10-03,1.9498032318544183
2019-10-04,1.982037485182654
2019-10-07,1.9736713430975177
2019-10-08,1.937500081729206
2019-10-09,1.9662894530223634
2019-10-10,1.979822918160176
2019-10-11,2.007135911438323
2019-10-14,2.005905596426532
2019-10-15,2.0280512666560426
2019-10-16,2.0140256755362596
2019-10-17,2.010088667514547
2019-10-18,1.9908957533335423
2019-10-21,2.012303234559029
2019-10-22,1.9852363042925814
2019-10-23,1.9869587453148776
2019-10-24,2.0159941796213436
2019-10-25,2.0403544168865886
2019-10-28,2.066191032251227
2019-10-29,2.047490244102264
2019-10-30,2.0600394572692524
2019-10-31,2.058809142418799
2019-11-01,2.0834154427088523
2019-11-04,2.0942422149652735
2019-11-05,2.091781584999211
2019-11-06,2.0907973330278837
2019-11-07,2.107283554284303
2019-11-08,2.119094578471987
2019-11-11,2.1200788306662166
2019-11-12,2.1272146578102533
2019-11-13,2.1318898549279615
2019-11-14,2.1294292249415196
2019-11-15,2.146653635163604
2019-11-18,2.1530512734306066
2019-11-19,2.157234344575374
2019-11-20,2.1441930054773906
2019-11-21,2.133366233409016
2019-11-22,2.130659540404351
2019-11-25,2.1616634788391
2019-11-26,2.1636319830686017
2019-11-27,2.175689070533839
2019-11-29,2.16929143269426
2019-12-02,2.1382874943930568
2019-12-03,2.1193406431780955
2019-12-04,2.1279528482765566
2019-12-05,2.135826864367878
2019-12-06,2.159448912639796
2019-12-09,2.1481300145219584
2019-12-10,2.1498524555419083
2019-12-11,2.1643701727080353
2019-12-12,2.1875000949733976
2019-12-13,2.202017812147194
2019-12-16,2.221702852450692
2019-12-17,2.216535529573554
2019-12-18,2.216289466711416
2019-12-19,2.232283561980719
2019-12-20,2.2379430111419194
2019-12-23,2.244340649305704
2019-12-24,2.245078838390904
2019-12-26,2.261811122657432
2019-12-27,2.2615650597261743
2019-12-30,2.2485237205915185
2019-12-31,2.2556595476778596
2020-01-02,2.2979823841896603
2020-01-03,2.2721457689906632
2020-01-06,2.277559155063515
2020-01-07,2.2765749030631377
2020-01-08,2.300935140365424
2020-01-09,2.327017818698257
2020-01-10,2.3216044327431
2020-01-13,2.3506398671984687
2020-01-14,2.339567032224495
2020-01-15,2.342273725389971
2020-01-16,2.373769789898628
2020-01-17,2.389763885235825
2020-01-21,2.38877963343091
2020-01-22,2.397391838596654
2020-01-23,2.408710736791201
2020-01-24,2.397391838698733
2020-01-27,2.3403052219952403
2020-01-28,2.3850886885500944
2020-01-29,2.3912402636265297
2020-01-30,2.41190955588278
2020-01-31,2.345718608063392
2020-02-03,2.3767225464475326
2020-02-04,2.4389764862188783
2020-02-05,2.453248140396271
2020-02-06,2.475639873676403
2020-02-07,2.453002077399472
2020-02-10,2.48622058281265
2020-02-11,2.477854440711694
2020-02-12,2.5046753080462394
2020-02-13,2.4980316069969177
2020-02-14,2.508858379148069
2020-02-18,2.4995079850676154
2020-02-19,2.5292816084429792
2020-02-20,2.5029528671264716
2020-02-21,2.446850502430274
2020-02-24,2.345718608172662
2020-02-25,2.270669392239309
2020-02-26,2.2810040383678363
2020-02-27,2.157972536837748
2020-02-28,2.1744587580427797
2020-03-02,2.30019695260653
2020-03-03,2.2128445865201676
2020-03-04,2.3078249057013958
2020-03-05,2.2349902567955833
2020-03-06,2.1877461602080297
2020-03-09,2.0216536331424106
2020-03-10,2.1564961588193876
2020-03-11,2.0546260755524743
2020-03-12,1.8540847280584305
2020-03-13,2.0716044227636266
2020-03-16,1.7854331502046414
2020-03-17,1.9069882737163684
2020-03-18,1.835137876822797
2020-03-19,1.8417815779054216
2020-03-20,1.7573819678557814
2020-03-23,1.732283541543644
2020-03-24,1.909694966750031
2020-03-25,1.9072343367194295
2020-03-26,2.0253445781883146
2020-03-27,1.933809141049929
2020-03-30,2.0152559950628475
2020-03-31,1.9776083555946404
2020-04-01,1.883366225422593
2020-04-02,1.9274115029703642
2020-04-03,1.8976378796000828
2020-04-06,2.059547335613679
2020-04-07,2.041092610384166
2020-04-08,2.0959646600665853
2020-04-09,2.0964567860727055
2020-04-13,2.1011319831308484
2020-04-14,2.189222538226392
2020-04-15,2.141486315632718
2020-04-16,2.167568993957097
2020-04-17,2.1963583653151377
2020-04-20,2.1611713558775327
2020-04-21,2.0706201707513876
2020-04-22,2.1503445837428847
2020-04-23,2.1355808035592743
2020-04-24,2.1808563961223464
2020-04-27,2.19955718435492
2020-04-28,2.1702756869907596
2020-04-29,2.2593504940985434
2020-04-30,2.2492619109730763
2020-05-01,2.1875000972049725
2020-05-04,2.2165355315660733
2020-05-05,2.247047343945535
2020-05-06,2.2645178171628078
2020-05-07,2.2984745115851117
2020-05-08,2.3321851430043563
2020-05-11,2.347687112197147
2020-05-12,2.299212700594292
2020-05-13,2.259596557101604
2020-05-14,2.2883859284596446
2020-05-15,2.299950889603473
2020-05-18,2.3562993173042535
2020-05-19,2.3476871121971477
2020-05-20,2.399114279836725
2020-05-21,2.3656497114205406
2020-05-22,2.374261916527647
2020-05-26,2.3718012864970452
2020-05-27,2.385334751665355
2020-05-28,2.380659554607212
2020-05-29,2.4106792409805533
2020-06-01,2.409941051971373
2020-06-02,2.4325788482529087
2020-06-03,2.4515256994885424
2020-06-04,2.4313485332376077
2020-06-05,2.495324914033254
2020-06-08,2.5078741271893232
2020-06-09,2.519685151336212
2020-06-10,2.561761924859502
2020-06-11,2.4148623120325765
2020-06-12,2.446112313421219
2020-06-15,2.469734361714996
2020-06-16,2.5223918443698743
2020-06-17,2.5218997183637537
2020-06-18,2.5332186165045223
2020-06-19,2.5157481432872495
2020-06-22,2.5561024757891184
2020-06-23,2.5745572010186315
2020-06-24,2.51648633229643
2020-06-25,2.5487205856973127
2020-06-26,2.498523733073037
2020-06-29,2.525836726412716
2020-06-30,2.5711123189757883
2020-07-01,2.5752953900278115
2020-07-02,2.5903052332144823
2020-07-06,2.6355808257775553
2020-07-07,2.6080217694348153
2020-07-08,2.6505906689642256
2020-07-09,2.6601871260835726
2020-07-10,2.6594489370743917
2020-07-13,2.6043308243889123
2020-07-14,2.634350510762254
2020-07-15,2.6486221649397437
2020-07-16,2.6158957855327403
2020-07-17,2.6286910616918693
2020-07-20,2.6958662615272972
2020-07-21,2.668799331190678
2020-07-22,2.690206812456913
2020-07-23,2.620324919587823
2020-07-24,2.5885827921930606
2020-07-27,2.6294292507010497
2020-07-28,2.5986713753185273
2020-07-29,2.6363190147867344
2020-07-30,2.6510827949703453
2020-07-31,2.7172737427935325
2020-08-03,2.7842028796259006
2020-08-04,2.7913387067146456
2020-08-05,2.801673352843173
2020-08-06,2.841043433332801
2020-08-07,2.7987205968064512
2020-08-10,2.790846580708526
2020-08-11,2.7406497280842492
2020-08-12,2.802903667858475
2020-08-13,2.8041339828737755
2020-08-14,2.8021654788492945
2020-08-17,2.8208662670818683
2020-08-18,2.8314469762134555
2020-08-19,2.8280020941706137
2020-08-20,2.8656497336388207
2020-08-21,2.9020670580917267
2020-08-24,2.9271654844038646
2020-08-25,2.941929264587475
2020-08-26,3.001722574331098
2020-08-27,3.0041832043617003
2020-08-28,3.030511945689139
2020-08-31,3.040108402808486
2020-09-01,3.098179271530688
2020-09-02,3.1257383278734285
2020-09-03,2.9475887136578605
2020-09-04,2.906496192146811
2020-09-08,2.7750985485126773
2020-09-09,2.8656497336388225
2020-09-10,2.8009351638339965
2020-09-11,2.7795276825677613
2020-09-14,2.8378446142930236
2020-09-15,2.865895796641884
2020-09-16,2.8216044560910523
2020-09-17,2.7982284708003355
2020-09-18,2.7500001222005412
2020-09-21,2.7667324064086336
2020-09-22,2.810531620953345
2020-09-23,2.7229331918639215
2020-09-24,2.738189098053653
2020-09-25,2.8036418568676598
2020-09-28,2.857283591534779
2020-09-29,2.847687134415432
2020-09-30,2.8715552457122695
2020-10-01,2.9018209950886713
2020-10-02,2.828248157173679
2020-10-05,2.8902560339448433
2020-10-06,2.8454725673878905
2020-10-07,2.8976379240366485
2020-10-08,2.9126477672233193
2020-10-09,2.9571851707772114
2020-10-12,3.037893835780949
2020-10-13,3.018454858539195
2020-10-14,3.0024607633402836
2020-10-15,2.9889272981719746
2020-10-16,2.9803150930648683
2020-10-19,2.9256891063855095
2020-10-20,2.935777689510977
2020-10-21,2.931348555455894
2020-10-22,2.9175690272845243
2020-10-23,2.9143702082447422
2020-10-26,2.8511320164582767
2020-10-27,2.865403670635767
2020-10-28,2.7438485471240397
2020-10-29,2.789616265693233
2020-10-30,2.727854451925128
2020-11-02,2.7347442160108133
2020-11-03,2.782972564610608
2020-11-04,2.8912402859570863
2020-11-05,2.9810532820740514
2020-11-06,2.991633991205639
2020-11-09,2.969980446936344
2020-11-10,2.9146162712478043
2020-11-11,2.983759975107714
2020-11-12,2.9571851707772145
2020-11-13,2.9822835970893524
2020-11-16,3.011072968447394
2020-11-17,2.994340684239302
2020-11-18,2.9623524938414785
2020-11-19,2.9862206051383153
2020-11-20,2.9554627297557934
2020-11-23,2.9547245407466134
2020-11-24,2.9958170622576628
2020-11-25,3.002214700337227
2020-11-27,3.0182087955361387
2020-11-30,3.038385961787074
2020-12-01,3.0772639162705815
2020-12-02,3.0725887192124377
2020-12-03,3.0706202151879567
2020-12-04,3.1013780905704786
2020-12-07,3.110236358680645
2020-12-08,3.120324941806112
2020-12-09,3.060531632062489
2020-12-10,3.0649607661175726
2020-12-11,3.0585631280380077
2020-12-14,3.069635963175716
2020-12-15,3.1208170678122333
2020-12-16,3.1419784860754083
2020-12-17,3.166830849384486
2020-12-18,3.155758014246778
2020-12-21,3.1515749431947553
2020-12-22,3.178887936534435
2020-12-23,3.1547737622345378
2020-12-24,3.175689117494653
2020-12-28,3.211614315941439
2020-12-29,3.196358409751708
2020-12-30,3.1946359687302874
2020-12-31,3.1993111657884308
2021-01-04,3.1471458091396736
2021-01-05,3.167569038393668
2021-01-06,3.1129430517143097
2021-01-07,3.1968505357578305
2021-01-08,3.217519828014886
2021-01-11,3.190945023684387
2021-01-12,3.1756891174946564
2021-01-13,3.195866283745591
2021-01-14,3.1678151013967306
2021-01-15,3.1353347849927875
2021-01-19,3.176181243500777
2021-01-20,3.2391733722841822
2021-01-21,3.281004082804413
2021-01-22,3.268454869648344
2021-01-25,3.2957678629880234
2021-01-26,3.2979824300155647
2021-01-27,3.23572849024134
2021-01-28,3.2490158924065895
2021-01-29,3.1724902984548744
2021-02-01,3.251968648443312
2021-02-02,3.2960139259910837
2021-02-03,3.2846950278503164
2021-02-04,3.337106447502134
2021-02-05,3.3297245574103287
2021-02-08,3.3646655038448743
2021-02-09,3.360728495795912
2021-02-10,3.355807235734708
2021-02-11,3.392716686193735
2021-02-12,3.4101871594110076
2021-02-16,3.399114324273299
2021-02-17,3.369094637899957
2021-02-18,3.3526084166949253
2021-02-19,3.347687156633722
2021-02-22,3.2738682557156684
2021-02-23,3.264763924602442
2021-02-24,3.314714714223659
2021-02-25,3.198819039782315
2021-02-26,3.2157973869934673
2021-03-01,3.3193899112818026
2021-03-02,3.266732428626924
2021-03-03,3.184547385604825
2021-03-04,3.1141733667296148
2021-03-05,3.1729824244609963
2021-03-08,3.096210767506222
2021-03-09,3.2015257328159783
2021-03-10,3.188730456656849
2021-03-11,3.2568899085045184
2021-03-12,3.233513923213801
2021-03-15,3.2679627436422263
2021-03-16,3.292569043948244
2021-03-17,3.289862350914582
2021-03-18,3.1985729767792566
2021-03-19,3.1889765196599096
2021-03-22,3.2448328213545703
2021-03-23,3.224655655103636
2021-03-24,3.185531637617068
2021-03-25,3.1835631335925862
2021-03-26,3.2645178615993853
2021-03-29,3.2475395143882326
2021-03-30,3.216781639005711
2021-03-31,3.2679627436422285
2021-04-01,3.3336615654592956
2021-04-05,3.402559206316148
2021-04-06,3.3880414891355985
2021-04-07,3.406004088358992
2021-04-08,3.45521668897103
2021-04-09,3.4884351943841585
2021-04-12,3.4717029101760715
2021-04-13,3.5044292895830784
2021-04-14,3.4672737761209977
2021-04-15,3.526821022861564
2021-04-16,3.52608283385239
2021-04-19,3.496801336488239
2021-04-20,3.4657973981026577
2021-04-21,3.5007383445372042
2021-04-22,3.4596458230261544
2021-04-23,3.511319053668793
2021-04-26,3.5292816528921893
2021-04-27,3.5206694477850844
2021-04-28,3.487943068378081
2021-04-29,3.4849903123413606
2021-04-30,3.4375001527507467
2021-05-03,3.4279036956314
2021-05-04,3.366387944866355
2021-05-05,3.358267865765369
2021-05-06,3.3919784971846143
2021-05-07,3.421013931545716
2021-05-10,3.3346458174715945
2021-05-11,3.324557234346128
2021-05-12,3.231053293183258
2021-05-13,3.2738682557157297
2021-05-14,3.345964715612362
2021-05-17,3.3213584153063445
2021-05-18,3.294783610975845
2021-05-19,3.3063485721196737
2021-05-20,3.3695867639061405
2021-05-21,3.3511320386766275
2021-05-24,3.410679285417192
2021-05-25,3.4116635374294333
2021-05-26,3.4114174744263726
2021-05-27,3.393454875202984
2021-05-28,3.4055119623529446
2021-06-01,3.388779678144863
2021-06-02,3.412155663435582
2021-06-03,3.3804135360408214
2021-06-04,3.4453741688487116
2021-06-07,3.444635979839552
2021-06-08,3.4448820428426337
2021-06-09,3.447342672873243
2021-06-10,3.472687162188444
2021-06-11,3.493356454445539
2021-06-14,3.528789526886289
2021-06-15,3.5071359826170156
2021-06-16,3.488189131381388
2021-06-17,3.5285434638832625
2021-06-18,3.4963092104823796
2021-06-21,3.527313148867965
2021-06-22,3.559301339265794
2021-06-23,3.5553643312168512
2021-06-24,3.577756064495366
2021-06-25,3.5735729934434057
2021-06-28,3.61097456990867
2021-06-29,3.6373033112362045
2021-06-30,3.6333663031872994
2021-07-01,3.6395178782638853
2021-07-02,3.687500163860776
2021-07-06,3.701525755035425
2021-07-07,3.721702921286391
2021-07-08,3.6865159118488116
2021-07-09,3.7204726062711266
2021-07-12,3.723425362307903
2021-07-13,3.7386812684976864
2021-07-14,3.7662403248404455
2021-07-15,3.735236386454891
2021-07-16,3.698326935995863
2021-07-19,3.647391894362388
2021-07-20,3.701525755035648
2021-07-21,3.7372048904793873
2021-07-22,3.764763946822142
2021-07-23,3.8021655232873095
2021-07-26,3.8001970192628423
2021-07-27,3.7642718208160497
2021-07-28,3.7595966237579077
2021-07-29,3.7770670969752023
2021-07-30,3.77460646694464
2021-08-02,3.761073001776341
2021-08-03,3.78518717607625
2021-08-04,3.7928151291711387
2021-08-05,3.8137304844312867
2021-08-06,3.8105316653915784
2021-08-09,3.7982285152390785
2021-08-10,3.770915521899575
2021-08-11,3.771407647905862
2021-08-12,3.793061192175642
2021-08-13,3.813730484433957
2021-08-16,3.830954894649743
2021-08-17,3.799212767255442
2021-08-18,3.7468013476035638
2021-08-19,3.7834647350595905
2021-08-20,3.8321852096655866
2021-08-23,3.8816438732807748
2021-08-24,3.877214739225789
2021-08-25,3.875000172198381
2021-08-26,3.850639934895712
2021-08-27,3.887795448357877
2021-08-30,3.929626158878905
2021-08-31,3.908956866622743
2021-09-01,3.9099411186355417
2021-09-02,3.9057580475844986
2021-09-03,3.9212600167779073
2021-09-07,3.9222442687907035
2021-09-08,3.907234425604019
2021-09-09,3.8924706454204068
2021-09-10,3.8540848169429163
2021-09-13,3.8553151319582213
2021-09-14,3.850393871897007
2021-09-15,3.884104503316354
2021-09-16,3.886319070343933
2021-09-17,3.825787571590964
2021-09-20,3.7495080406420835
2021-09-21,3.7509844186604493
2021-09-22,3.8024115863001793
2021-09-23,3.8533466279337865
2021-09-24,3.856053320967471
2021-09-27,3.8186517445022736
2021-09-28,3.705462763094266
2021-09-29,3.7007875660361087
2021-09-30,3.674212761705531
