date,2021_11_07__18_28_36_daily_actor_lr_0.0001_critic_lr_0.001_epoch_10000_sum_loss_True
2015-01-05,0.9847346740974073
2015-01-06,0.9728616428398352
2015-01-07,0.9811000726920283
2015-01-08,1.0026653743639449
2015-01-09,0.999515386479283
2015-01-12,0.9878846619820697
2015-01-13,0.9871577417009938
2015-01-14,0.9815846862127457
2015-01-15,0.968984734674098
2015-01-16,0.9784346983280839
2015-01-20,0.9866731281802767
2015-01-21,0.9883692755027872
2015-01-22,1.0046038284468142
2015-01-23,1.0043615216864556
2015-01-26,1.0002423067603592
2015-01-27,0.9714078022776842
2015-01-28,0.9697116549551739
2015-01-29,0.9789193118488011
2015-01-30,0.9668039738308704
2015-02-02,0.9767385510055737
2015-02-03,0.98788466198207
2015-02-04,0.9898231160649388
2015-02-05,0.9990307729585661
2015-02-06,0.9958807850739042
2015-02-09,0.9944269445117526
2015-02-10,1.0092076568936281
2015-02-11,1.013084565059366
2015-02-12,1.026896050399807
2015-02-13,1.0334383329294896
2015-02-17,1.0339229464502069
2015-02-18,1.0348921734916414
2015-02-19,1.0385267748970204
2015-02-20,1.04385752362491
2015-02-23,1.0445844439059857
2015-02-24,1.0477344317906478
2015-02-25,1.0411921492609653
2015-02-26,1.0477344317906478
2015-02-27,1.0440998303852689
2015-03-02,1.0523382602374616
2015-03-03,1.0453113641870617
2015-03-04,1.0411921492609653
2015-03-05,1.0399806154591724
2015-03-06,1.027138357160166
2015-03-09,1.0319844923673382
2015-03-10,1.0109038042161387
2015-03-11,1.0043615216864563
2015-03-12,1.0109038042161387
2015-03-13,1.0053307487278906
2015-03-16,1.0172037799854625
2015-03-17,1.0174460867458213
2015-03-18,1.0312575720862622
2015-03-19,1.0283498909619586
2015-03-20,1.0307729585655447
2015-03-23,1.0307729585655447
2015-03-24,1.027380663920524
2015-03-25,1.0009692270414352
2015-03-26,1.0016961473225112
2015-03-27,1.002423067603587
2015-03-30,1.0145384056215176
2015-03-31,1.0041192149260973
2015-04-01,1.002665374363946
2015-04-02,1.0024230676035872
2015-04-06,1.012115338017932
2015-04-07,1.0099345771747044
2015-04-08,1.0130845650593663
2015-04-09,1.0157499394233112
2015-04-10,1.0196268475890489
2015-04-13,1.0167191664647457
2015-04-14,1.0135691785800838
2015-04-15,1.0225345287133527
2015-04-16,1.0188999273079735
2015-04-17,1.0048461352071738
2015-04-20,1.0220499151926357
2015-04-21,1.0215653016719182
2015-04-22,1.031984492367339
2015-04-23,1.0361037072934351
2015-04-24,1.0450690574267039
2015-04-27,1.0479767385510073
2015-04-28,1.051369033196028
2015-04-29,1.0462805912284971
2015-04-30,1.0317421856069802
2015-05-01,1.0443421371456283
2015-05-04,1.0453113641870626
2015-05-05,1.0290768112430355
2015-05-06,1.0203537678701255
2015-05-07,1.0278652774412425
2015-05-08,1.042645989823118
2015-05-11,1.0373152410952284
2015-05-12,1.0317421856069802
2015-05-13,1.0361037072934354
2015-05-14,1.05282287375818
2015-05-15,1.0494305791131593
2015-05-18,1.0545190210806903
2015-05-19,1.0518536467167454
2015-05-20,1.0525805669978212
2015-05-21,1.057184395444635
2015-05-22,1.0564574751635591
2015-05-26,1.0411921492609664
2015-05-27,1.0608189968500141
2015-05-28,1.0586382360067867
2015-05-29,1.050884419675311
2015-06-01,1.0537921007996145
2015-06-02,1.051611339956387
2015-06-03,1.0537921007996145
2015-06-04,1.04409983038527
2015-06-05,1.0407075357402493
2015-06-08,1.0290768112430357
2015-06-09,1.0266537436394496
2015-06-10,1.0426459898231182
2015-06-11,1.0431306033438352
2015-06-12,1.033922946450208
2015-06-15,1.0276229706808842
2015-06-16,1.0344075599709253
2015-06-17,1.0348921734916425
2015-06-18,1.04409983038527
2015-06-19,1.030772958565546
2015-06-22,1.0392536951780977
2015-06-23,1.0399806154591735
2015-06-24,1.0351344802520013
2015-06-25,1.0327114126484152
2015-06-26,1.0239883692755052
2015-06-29,1.00218076084323
2015-06-30,1.0031499878846644
2015-07-01,1.0099345771747057
2015-07-02,1.0113884177368573
2015-07-06,1.007269202810761
2015-07-07,1.0087230433729126
2015-07-08,0.992246183668527
2015-07-09,0.9883692755027891
2015-07-10,1.0041192149260991
2015-07-13,1.019384540828692
2015-07-14,1.0232614489944296
2015-07-15,1.0235037557547884
2015-07-16,1.0365883208141533
2015-07-17,1.0525805669978219
2015-07-20,1.0581536224860701
2015-07-21,1.0511267264356705
2015-07-22,1.0341652532105674
2015-07-23,1.03198449236734
2015-07-24,1.0264114368790918
2015-07-27,1.0172037799854643
2015-07-28,1.0264114368790918
2015-07-29,1.033196026169133
2015-07-30,1.0351344802520022
2015-07-31,1.0317421856069815
2015-08-03,1.0261691301187335
2015-08-04,1.0201114611097681
2015-08-05,1.0300460382844714
2015-08-06,1.0198691543494098
2015-08-07,1.0205960746304854
2015-08-10,1.036588320814154
2015-08-11,1.0210806881512027
2015-08-12,1.0256845165980162
2015-08-13,1.022776835473713
2015-08-14,1.027865277441244
2015-08-17,1.0336806396898508
2015-08-18,1.0283498909619613
2015-08-19,1.02156530167192
2015-08-20,0.9966077053549828
2015-08-21,0.9585655439786803
2015-08-24,0.9207656893627364
2015-08-25,0.913496486551978
2015-08-26,0.9595347710201148
2015-08-27,0.9818269929731074
2015-08-28,0.9837654470559763
2015-08-31,0.9748000969227074
2015-09-01,0.9435425248364462
2015-09-02,0.966319360310156
2015-09-03,0.9670462805912318
2015-09-04,0.9522655682093564
2015-09-08,0.978919311848804
2015-09-09,0.9660770535497974
2015-09-10,0.9757693239641422
2015-09-11,0.9803731524109559
2015-09-14,0.9779500848073698
2015-09-15,0.9905500363460179
2015-09-16,0.9946692512721143
2015-09-17,0.9878846619820733
2015-09-18,0.9706808819966116
2015-09-21,0.9803731524109561
2015-09-22,0.9638962927065704
2015-09-23,0.9663193603101565
2015-09-24,0.9663193603101565
2015-09-25,0.9646232129876463
2015-09-28,0.9425732977950122
2015-09-29,0.9384540828689159
2015-09-30,0.9571117034165293
2015-10-01,0.9575963169372467
2015-10-02,0.971165495517329
2015-10-05,0.9903077295856595
2015-10-06,0.9915192633874527
2015-10-07,0.9961230918342664
2015-10-08,1.00072692028108
2015-10-09,1.005088441967535
2015-10-12,1.0062999757693283
2015-10-13,1.0041192149261007
2015-10-14,1.0021807608432318
2015-10-15,1.0150230191422382
2015-10-16,1.016961473225107
2015-10-19,1.020838381390845
2015-10-20,1.0181730070269002
2015-10-21,1.0104191906954247
2015-10-22,1.0331960261691344
2015-10-23,1.0620305306518096
2015-10-26,1.0579113157257134
2015-10-27,1.051853646716748
2015-10-28,1.0676035861400581
2015-10-29,1.0646959050157545
2015-10-30,1.0576690089653547
2015-11-02,1.0671189726193406
2015-11-03,1.072692028107589
2015-11-04,1.073903561909382
2015-11-05,1.07075357402472
2015-11-06,1.0743881754300995
2015-11-09,1.0639689847346787
2015-11-10,1.056942088684279
2015-11-11,1.056457475163562
2015-11-12,1.0472498182699348
2015-11-13,1.0266537436394525
2015-11-16,1.0424036830627628
2015-11-17,1.042645989823121
2015-11-18,1.058395929246431
2015-11-19,1.0632420644536034
2015-11-20,1.0709958807850792
2015-11-23,1.0646959050157552
2015-11-24,1.064938211776114
2015-11-25,1.0615459171310933
2015-11-27,1.0639689847346792
2015-11-30,1.0651805185364724
2015-12-01,1.0746304821904584
2015-12-02,1.067845892900417
2015-12-03,1.0540344075599761
2015-12-04,1.0799612309183482
2015-12-07,1.0746304821904586
2015-12-08,1.071965107826514
2015-12-09,1.056215168403204
2015-12-10,1.0591228495275073
2015-12-11,1.0370729343348735
2015-12-14,1.0450690574267076
2015-12-15,1.0496728858735214
2015-12-16,1.0639689847346796
2015-12-17,1.0472498182699352
2015-12-18,1.021807608432281
2015-12-21,1.0322267991277012
2015-12-22,1.0397383086988181
2015-12-23,1.0484613520717283
2015-12-24,1.047976738551011
2015-12-28,1.0472498182699352
2015-12-29,1.0615459171310937
2015-12-30,1.0525805669978248
2015-12-31,1.0377998546159493
2016-01-04,1.024230676035867
2016-01-05,1.021565301671922
2016-01-06,1.008965350133274
2016-01-07,0.9791616186091644
2016-01-08,0.971407802277689
2016-01-11,0.9777077780470129
2016-01-12,0.9893385025442264
2016-01-13,0.9626847589047787
2016-01-14,0.980857765931675
2016-01-15,0.953234795250793
2016-01-19,0.9542040222922273
2016-01-20,0.9466925127211102
2016-01-21,0.9520232614489997
2016-01-22,0.9784346983280889
2016-01-25,0.967046280591234
2016-01-26,0.97649624424522
2016-01-27,0.9563847831354549
2016-01-28,0.9687424279137444
2016-01-29,0.99927307971893
2016-02-01,1.0029076811243092
2016-02-02,0.9849769808577716
2016-02-03,0.9837654470559786
2016-02-04,0.9847346740974131
2016-02-05,0.957111703416531
2016-02-08,0.9433002180760898
2016-02-09,0.9389386963896348
2016-02-10,0.9408771504725038
2016-02-11,0.9384540828689176
2016-02-12,0.951538647928283
2016-02-16,0.9685001211533861
2016-02-17,0.9883692755027926
2016-02-18,0.9844923673370549
2016-02-19,0.9852192876181307
2016-02-22,0.9983038526774961
2016-02-23,0.982553913254186
2016-02-24,0.9900654228253031
2016-02-25,1.0024230676035923
2016-02-26,0.9997576932396477
2016-02-29,0.9927307971892478
2016-03-01,1.0222922219529988
2016-03-02,1.0251999030773025
2016-03-03,1.0251999030773025
2016-03-04,1.0278652774412471
2016-03-07,1.021565301671923
2016-03-08,1.0152653259025992
2016-03-09,1.0239883692755094
2016-03-10,1.0230191422340749
2016-03-11,1.038769081657385
2016-03-14,1.0399806154591782
2016-03-15,1.043857523624916
2016-03-16,1.0559728616428465
2016-03-17,1.0598497698085845
2016-03-18,1.0562151684032053
2016-03-21,1.0598497698085847
2016-03-22,1.060092076568943
2016-03-23,1.054034407559978
2016-03-24,1.056942088684281
2016-03-28,1.0542767143203364
2016-03-29,1.0707535740247223
2016-03-30,1.0770535497940463
2016-03-31,1.0748727889508187
2016-04-01,1.0831112188030116
2016-04-04,1.0789920038769152
2016-04-05,1.0685728131814947
2016-04-06,1.0789920038769154
2016-04-07,1.063484371213964
2016-04-08,1.063484371213964
2016-04-11,1.060576690089661
2016-04-12,1.0678458929004193
2016-04-13,1.078749697116557
2016-04-14,1.0785073903561984
2016-04-15,1.0743881754301021
2016-04-18,1.0789920038769156
2016-04-19,1.07293433486795
2016-04-20,1.0751150957111775
2016-04-21,1.0712381875454398
2016-04-22,1.0525805669978265
2016-04-25,1.0528228737581853
2016-04-26,1.0477344317906543
2016-04-27,1.042888296583482
2016-04-28,1.0298037315241166
2016-04-29,1.020838381390848
2016-05-02,1.028349890961965
2016-05-03,1.018899927307979
2016-05-04,1.0157499394233171
2016-05-05,1.0162345529440342
2016-05-06,1.0237460625151513
2016-05-09,1.0237460625151513
2016-05-10,1.0370729343348752
2016-05-11,1.0295614247637583
2016-05-12,1.026653743639455
2016-05-13,1.022776835473717
2016-05-16,1.0370729343348752
2016-05-17,1.026653743639455
2016-05-18,1.028592197722324
2016-05-19,1.0230191422340758
2016-05-20,1.0353767870123651
2016-05-23,1.0334383329294965
2016-05-24,1.052822873758186
2016-05-25,1.0600920765689443
2016-05-26,1.063484371213965
2016-05-27,1.0685728131814958
2016-05-31,1.0707535740247234
2016-06-01,1.068088199660779
2016-06-02,1.0671189726193446
2016-06-03,1.0646959050157585
2016-06-06,1.0666343590986276
2016-06-07,1.0709958807850826
2016-06-08,1.0731766416283102
2016-06-09,1.0734189483886687
2016-06-10,1.065180518536476
2016-06-13,1.0533074872789039
2016-06-14,1.05573055488249
2016-06-15,1.0530651805185454
2016-06-16,1.0552459413617727
2016-06-17,1.0431306033438421
2016-06-20,1.0474921250302973
2016-06-21,1.054761327841056
2016-06-22,1.051126726435677
2016-06-23,1.0654228252968352
2016-06-24,1.0244729827962291
2016-06-27,1.0038769081657468
2016-06-28,1.0237460625151533
2016-06-29,1.0394960019384634
2016-06-30,1.0508844196753184
2016-07-01,1.0533074872789046
2016-07-05,1.045553670947429
2016-07-06,1.0528228737581875
2016-07-07,1.0528228737581875
2016-07-08,1.0692997334625733
2016-07-11,1.0755997092318972
2016-07-12,1.0843227526048071
2016-07-13,1.0845650593651657
2016-07-14,1.0915919554155658
2016-07-15,1.0906227283741312
2016-07-18,1.0978919311848898
2016-07-19,1.0954688635813035
2016-07-20,1.109764962442462
2016-07-21,1.1039496001938554
2016-07-22,1.110491882723538
2016-07-25,1.1090380421613864
2016-07-26,1.1114611097649723
2016-07-27,1.1206687666585997
2016-07-28,1.1213956869396757
2016-07-29,1.125514901865772
2016-08-01,1.1276956627089996
2016-08-02,1.119214926096448
2016-08-03,1.1230918342621858
2016-08-04,1.1291495032711512
2016-08-05,1.1400533074872887
2016-08-08,1.1398110007269302
2016-08-09,1.1422340683305163
2016-08-10,1.138599466925137
2016-08-11,1.1427186818512334
2016-08-12,1.1415071480494405
2016-08-15,1.1470802035376886
2016-08-16,1.1385994669251371
2016-08-17,1.1381148534044199
2016-08-18,1.138599466925137
2016-08-19,1.139326387206213
2016-08-22,1.139326387206213
2016-08-23,1.1434456021323094
2016-08-24,1.1371456263629853
2016-08-25,1.1395686939665717
2016-08-26,1.1400533074872885
2016-08-29,1.1444148291737435
2016-08-30,1.1405379210080058
2016-08-31,1.138599466925137
2016-09-01,1.1422340683305163
2016-09-02,1.147322510298047
2016-09-06,1.153137872546654
2016-09-07,1.1560455536709573
2016-09-08,1.1465955900169713
2016-09-09,1.1184880058153717
2016-09-12,1.137145626362985
2016-09-13,1.1289071965107922
2016-09-14,1.1342379452386817
2016-09-15,1.1528955657862952
2016-09-16,1.1439302156530267
2016-09-19,1.1417494548097988
2016-09-20,1.1410225345287233
2016-09-21,1.1538647928277297
2016-09-22,1.1608916888781295
2016-09-23,1.150714804943068
2016-09-26,1.1439302156530267
2016-09-27,1.1565301671916748
2016-09-28,1.1587109280349024
2016-09-29,1.1516840319845025
2016-09-30,1.1577417009934678
2016-10-03,1.1543494063484474
2016-10-04,1.150230191422351
2016-10-05,1.1543494063484474
2016-10-06,1.1570147807123923
2016-10-07,1.1538647928277304
2016-10-10,1.1618609159195648
2016-10-11,1.1487763508601994
2016-10-12,1.1507148049430684
2016-10-13,1.1434456021323098
2016-10-14,1.147807123818765
2016-10-17,1.1453840562151791
2016-10-18,1.1516840319845032
2016-10-19,1.1538647928277308
2016-10-20,1.1485340440998413
2016-10-21,1.1516840319845034
2016-10-24,1.162830142961
2016-10-25,1.1587109280349033
2016-10-26,1.152168645505221
2016-10-27,1.1507148049430693
2016-10-28,1.1495032711412763
2016-10-31,1.149018657620559
2016-11-01,1.1390840804458557
2016-11-02,1.1318148776350974
2016-11-03,1.1209110734189596
2016-11-04,1.1189726193360905
2016-11-07,1.1432032953719522
2016-11-08,1.1487763508602005
2016-11-09,1.147322510298049
2016-11-10,1.1289071965107942
2016-11-11,1.1322994911558146
2016-11-14,1.115095711170353
2016-11-15,1.130845650593663
2016-11-16,1.1412648412890836
2016-11-17,1.1485340440998422
2016-11-18,1.1475648170584076
2016-11-21,1.1591955415556214
2016-11-22,1.1628301429610006
2016-11-23,1.158226314514187
2016-11-25,1.1630724497213591
2016-11-28,1.1640416767627937
2016-11-29,1.1647685970438695
2016-11-30,1.1509571117034283
2016-12-01,1.127211049188284
2016-12-02,1.1313302641143805
2016-12-05,1.1422340683305183
2016-12-06,1.145626362975539
2016-12-07,1.1674339714078144
2016-12-08,1.1703416525321177
2016-12-09,1.1788223891446694
2016-12-12,1.1751877877392902
2016-12-13,1.189968500121166
2016-12-14,1.1858492851950695
2016-12-15,1.191180033922959
2016-12-16,1.177368548582518
2016-12-19,1.1858492851950695
2016-12-20,1.1902108068815245
2016-12-21,1.1877877392779386
2016-12-22,1.1853646716743522
2016-12-23,1.1865762054761453
2016-12-27,1.1914223406833178
2016-12-28,1.1807608432275385
2016-12-29,1.1810031499878972
2016-12-30,1.1717954930942698
2017-01-03,1.18221468378969
2017-01-04,1.1863338987157865
2017-01-05,1.1882723527986556
2017-01-06,1.1969953961715656
2017-01-09,1.1967530894112073
2017-01-10,1.1969953961715658
2017-01-11,1.2025684516598139
2017-01-12,1.1996607705355105
2017-01-13,1.2032953719408894
2017-01-17,1.1986915434940757
2017-01-18,1.2018415313787378
2017-01-19,1.2001453840562275
2017-01-20,1.20668766658591
2017-01-23,1.2088684274291377
2017-01-24,1.216379937000255
2017-01-25,1.2280106614974686
2017-01-26,1.2246183668524482
2017-01-27,1.2294645020596207
2017-01-30,1.2195299248849176
2017-01-31,1.2134722558759523
2017-02-01,1.2226799127695798
2017-02-02,1.2202568451659939
2017-02-03,1.2282529682578283
2017-02-06,1.228979888538904
2017-02-07,1.2338260237460763
2017-02-08,1.2360067845893037
2017-02-09,1.2398836927550416
2017-02-10,1.243518294160421
2017-02-13,1.249091349648669
2017-02-14,1.2532105645747655
2017-02-15,1.257329779500862
2017-02-16,1.2602374606251654
2017-02-17,1.2645989823116204
2017-02-21,1.2711412648413032
2017-02-22,1.272595105403455
2017-02-23,1.2723527986430962
2017-02-24,1.2752604797673999
2017-02-27,1.274533559486324
2017-02-28,1.268475890477359
2017-03-01,1.2864065907438964
2017-03-02,1.2779258541313447
2017-03-03,1.2808335352556481
2017-03-06,1.2788950811727793
2017-03-07,1.2788950811727793
2017-03-08,1.280348921734931
2017-03-09,1.2801066149745726
2017-03-10,1.2868912042646137
2017-03-13,1.2881027380664067
2017-03-14,1.2851950569421036
2017-03-15,1.2939181003150138
2017-03-16,1.2946450205960895
2017-03-17,1.2924642597528622
2017-03-20,1.2932057184395596
2017-03-21,1.2747758662466833
2017-03-22,1.2827719893385174
2017-03-23,1.2793796946934968
2017-03-24,1.2803489217349315
2017-03-27,1.2803489217349315
2017-03-28,1.2895565786285588
2017-03-29,1.2917373394717866
2017-03-30,1.2941604070753725
2017-03-31,1.2917373394717864
2017-04-03,1.2905258056699933
2017-04-04,1.2914950327114278
2017-04-05,1.2861642839835385
2017-04-06,1.2864065907438973
2017-04-07,1.2856796704628215
2017-04-10,1.2832566028592354
2017-04-11,1.278410467652063
2017-04-12,1.2740489459656077
2017-04-13,1.2689605039980767
2017-04-17,1.2805912284952905
2017-04-18,1.280348921734932
2017-04-19,1.2793796946934974
2017-04-20,1.2910104191907112
2017-04-21,1.2883450448267664
2017-04-24,1.3036103707293591
2017-04-25,1.3103949600194005
2017-04-26,1.308941119457249
2017-04-27,1.3142718681851386
2017-04-28,1.3176641628301593
2017-05-01,1.3275987400048623
2017-05-02,1.3305064211291657
2017-05-03,1.3280833535255798
2017-05-04,1.3271141264841455
2017-05-05,1.3319602616913178
2017-05-08,1.3377756239399246
2017-05-09,1.339471771262435
2017-05-10,1.3445602132299663
2017-05-11,1.342864065907456
2017-05-12,1.3462563605524769
2017-05-15,1.3537678701235938
2017-05-16,1.3600678458929178
2017-05-17,1.3229949115580495
2017-05-18,1.3307487278895251
2017-05-19,1.338502544221001
2017-05-22,1.34916404167678
2017-05-23,1.3515871092803664
2017-05-24,1.3571601647686147
2017-05-25,1.366852435182959
2017-05-26,1.3661255149018834
2017-05-30,1.3719408771504902
2017-05-31,1.3697601163072628
2017-06-01,1.3731524109522835
2017-06-02,1.3857523624909314
2017-06-05,1.3869638962927244
2017-06-06,1.3842985219287798
2017-06-07,1.388660043615235
2017-06-08,1.391810031499897
2017-06-09,1.3574024715289734
2017-06-12,1.3494063484371388
2017-06-13,1.3590986188514835
2017-06-14,1.3525563363218007
2017-06-15,1.3464986673128356
2017-06-16,1.3387448509813598
2017-06-19,1.3586140053307665
2017-06-20,1.3477102011146287
2017-06-21,1.3552217106857458
2017-06-22,1.3557063242064633
2017-06-23,1.3641870608190148
2017-06-26,1.3569178580082564
2017-06-27,1.3346256360552637
2017-06-28,1.3513448025200085
2017-06-29,1.3271141264841473
2017-06-30,1.3259025926823544
2017-07-03,1.316694935788727
2017-07-05,1.3297795008480926
2017-07-06,1.3176641628301617
2017-07-07,1.3329294887327545
2017-07-10,1.3426217591470992
2017-07-11,1.3455294402714029
2017-07-12,1.3629755270172232
2017-07-13,1.3656409013811688
2017-07-14,1.3777562393991025
2017-07-17,1.377998546159471
2017-07-18,1.3842985219287989
2017-07-19,1.391325417979202
2017-07-20,1.3942330991035092
2017-07-21,1.3925369517810051
2017-07-24,1.3959292464260362
2017-07-25,1.3932638720620985
2017-07-26,1.398594620789994
2017-07-27,1.3932638720621071
2017-07-28,1.3918100314999557
2017-07-31,1.3850254422099144
2017-08-01,1.392052338260315
2017-08-02,1.3959292464260538
2017-08-03,1.3927792585413918
2017-08-04,1.395929246426054
2017-08-07,1.4044099830386063
2017-08-08,1.4024715289557377
2017-08-09,1.4017446086746617
2017-08-10,1.3741216379937782
2017-08-11,1.3835716016477646
2017-08-14,1.4056215168403996
2017-08-15,1.4078022776836274
2017-08-16,1.411921492609724
2017-08-17,1.3842985219288406
2017-08-18,1.382844681366689
2017-08-21,1.3823600678459718
2017-08-22,1.402956142476455
2017-08-23,1.3995638478314343
2017-08-24,1.3983523140296412
2017-08-25,1.398110007269283
2017-08-28,1.4007753816332276
2017-08-29,1.4068330506421933
2017-08-30,1.4170099345772555
2017-08-31,1.4254906711898074
2017-09-01,1.4242791373880146
2017-09-05,1.4116791858493658
2017-09-06,1.412890719651159
2017-09-07,1.4177368548583316
2017-09-08,1.4061061303611175
2017-09-11,1.4259752847105251
2017-09-12,1.4293675793555458
2017-09-13,1.4274291252726767
2017-09-14,1.4225829900655043
2017-09-15,1.4233099103465803
2017-09-18,1.4245214441483733
2017-09-19,1.4308214199176974
2017-09-20,1.4250060576690906
2017-09-21,1.4172522413376145
2017-09-22,1.417979161618691
2017-09-25,1.4012599951539457
2017-09-26,1.4063484371214772
2017-09-27,1.4206445359826365
2017-09-28,1.4223406833051475
2017-09-29,1.4320329537194936
2017-10-02,1.4342137145627218
2017-10-03,1.4376060092077436
2017-10-04,1.4366367821663097
2017-10-05,1.450448267506752
2017-10-06,1.4526290283499814
2017-10-09,1.4562636297553613
2017-10-10,1.457717470317513
2017-10-11,1.4625636055246856
2017-10-12,1.4589290041193068
2017-10-13,1.4659559001697073
2017-10-16,1.4712866488975986
2017-10-17,1.4712866488975989
2017-10-18,1.4749212503029787
2017-10-19,1.4705597286165242
2017-10-20,1.480494305791229
2017-10-23,1.4734674097408298
2017-10-24,1.4775866246669263
2017-10-25,1.4695905015750916
2017-10-26,1.4756481705840572
2017-10-27,1.5153864792828726
2017-10-30,1.5187787739278935
2017-10-31,1.5253210564575765
2017-11-01,1.525563363217935
2017-11-02,1.526290283499011
2017-11-03,1.5384056215169424
2017-11-06,1.5417979161619635
2017-11-07,1.542524836443039
2017-11-08,1.5510055730555912
2017-11-09,1.5386479282773011
2017-11-10,1.5386479282773011
2017-11-13,1.5381633147565839
2017-11-14,1.535013326871922
2017-11-15,1.5236249091350667
2017-11-16,1.5449479040466256
2017-11-17,1.535013326871922
2017-11-20,1.5408286891205292
2017-11-21,1.5570632420645576
2017-11-22,1.5541555609402544
2017-11-24,1.5628786043131655
2017-11-27,1.5628786043131662
2017-11-28,1.5679670462806976
2017-11-29,1.5333171795494138
2017-11-30,1.5468863581294972
2017-12-01,1.5388902350376623
2017-12-04,1.5141749454810824
2017-12-05,1.5146595590017997
2017-12-06,1.5243518294161447
2017-12-07,1.5338017930701313
2017-12-08,1.5410709958808908
2017-12-11,1.554397867700619
2017-12-12,1.553913254179909
2017-12-13,1.5543978677006274
2017-12-14,1.5524594136177585
2017-12-15,1.5643324448753322
2017-12-18,1.5781439302157805
2017-12-19,1.5684516598014384
2017-12-20,1.5679670462807218
2017-12-21,1.5648170583960617
2017-12-22,1.5638478313546302
2017-12-26,1.5534286406592097
2017-12-27,1.5551247879817207
2017-12-28,1.5577901623456656
2017-12-29,1.5495517324934722
2018-01-02,1.5686939665618043
2018-01-03,1.5817785316211719
2018-01-04,1.5897746547130158
2018-01-05,1.6064938211777688
2018-01-08,1.6125514901867433
2018-01-09,1.6084322752606526
2018-01-10,1.602859219772405
2018-01-11,1.6094015023020904
2018-01-12,1.6188514659560826
2018-01-16,1.6125514901867601
2018-01-17,1.6367821662226245
2018-01-18,1.6396898473469281
2018-01-19,1.6428398352315903
2018-01-22,1.6588320814152606
2018-01-23,1.6661012842260199
2018-01-24,1.6532590259270121
2018-01-25,1.6503513448027083
2018-01-26,1.6765204749214415
2018-01-29,1.6612551490188474
2018-01-30,1.6462321298766116
2018-01-31,1.6585897746549025
2018-02-01,1.6600436152170543
2018-02-02,1.6108553428642503
2018-02-05,1.543494063484548
2018-02-06,1.5878362006301792
2018-02-07,1.5674824327600534
2018-02-08,1.5025442209839375
2018-02-09,1.539374848558451
2018-02-12,1.5669978192393363
2018-02-13,1.5708747274050745
2018-02-14,1.5997092318877528
2018-02-15,1.630239883692942
2018-02-16,1.6278168160893558
2018-02-20,1.6292706566515076
2018-02-21,1.6188514659560864
2018-02-22,1.6207899200389553
2018-02-23,1.6547128664891655
2018-02-26,1.68063968984754
2018-02-27,1.663678216622435
2018-02-28,1.6518051853648619
2018-03-01,1.6244245214443354
2018-03-02,1.6399321541072884
2018-03-05,1.6566513205720346
2018-03-06,1.6602859219774142
2018-03-07,1.669493578871043
2018-03-08,1.676762781681802
2018-03-09,1.7085049672887842
2018-03-12,1.7138357160166742
2018-03-13,1.6942088684276242
2018-03-14,1.6927550278654724
2018-03-15,1.6937242549069071
2018-03-16,1.6866973588565064
2018-03-19,1.6532590259270141
2018-03-20,1.652532105645938
2018-03-21,1.6425975284712337
2018-03-22,1.6001938454084716
2018-03-23,1.5575478555853506
2018-03-26,1.616670705112859
2018-03-27,1.5648170583961099
2018-03-28,1.5543978677006884
2018-03-29,1.5851708262662356
2018-04-02,1.5473709716502877
2018-04-03,1.5626362975528822
2018-04-04,1.5844439059851603
2018-04-05,1.5909861885148433
2018-04-06,1.551974800097102
2018-04-09,1.5640901381150343
2018-04-10,1.6026169130120584
2018-04-11,1.5931669493580716
2018-04-12,1.6123091834264047
2018-04-13,1.6069784346985145
2018-04-16,1.6193360794768052
2018-04-17,1.6493821177612769
2018-04-18,1.6450205960748217
2018-04-19,1.6268475890479235
2018-04-20,1.6043130603345697
2018-04-23,1.5984976980859624
2018-04-24,1.5706324206447184
2018-04-25,1.5708747274050772
2018-04-26,1.5994669251273972
2018-04-27,1.5965592440030933
2018-04-30,1.5861400533076717
2018-05-01,1.6060092076570804
2018-05-02,1.6043130603345699
2018-05-03,1.6079476617399497
2018-05-04,1.6384783135451388
2018-05-07,1.649866731281995
2018-05-08,1.6535013326873744
2018-05-09,1.6738551005575006
2018-05-10,1.6956627089897787
2018-05-11,1.693239641386192
2018-05-14,1.6929973346258336
2018-05-15,1.6770050884421628
2018-05-16,1.6845165980132808
2018-05-17,1.6757935546403697
2018-05-18,1.6687666585899692
2018-05-21,1.6833050642114875
2018-05-22,1.6808819966079012
2018-05-23,1.6932396413861919
2018-05-24,1.691301187303323
2018-05-25,1.69008965350153
2018-05-29,1.6808819966079016
2018-05-30,1.693239641386192
2018-05-31,1.6937242549069098
2018-06-01,1.7225587593895881
2018-06-04,1.7363702447300304
2018-06-05,1.7424279137389966
2018-06-06,1.7538163314758528
2018-06-07,1.7397625393750518
2018-06-08,1.7368548582507486
2018-06-11,1.7387933123336177
2018-06-12,1.74727404894617
2018-06-13,1.7383086988129004
2018-06-14,1.750666343591191
2018-06-15,1.7378240852921834
2018-06-18,1.7397625393750524
2018-06-19,1.730797189241783
2018-06-20,1.7344317906471625
2018-06-21,1.7211049188274374
2018-06-22,1.7155318633391885
2018-06-25,1.6799127695664682
2018-06-26,1.6866973588565104
2018-06-27,1.6636782166224393
2018-06-28,1.6840319844925655
2018-06-29,1.6833050642114895
2018-07-02,1.6983280833537255
2018-07-03,1.678216622243958
2018-07-05,1.7019626847591047
2018-07-06,1.7218318391085135
2018-07-09,1.7349164041678797
2018-07-10,1.7390356190939766
2018-07-11,1.7322510298039346
2018-07-12,1.7596316937244616
2018-07-13,1.7576932396415927
2018-07-16,1.7535740247154958
2018-07-17,1.7666585897748623
2018-07-18,1.763750908650559
2018-07-19,1.757450932881234
2018-07-20,1.757935546401951
2018-07-23,1.7669008965352213
2018-07-24,1.7765931669495667
2018-07-25,1.7988853889025618
2018-07-26,1.7712624182216767
2018-07-27,1.7409740731768466
2018-07-30,1.7138357160166788
2018-07-31,1.7184395444634932
2018-08-01,1.733947177126446
2018-08-02,1.7557547855587237
2018-08-03,1.7620547613280486
2018-08-06,1.7715047249820357
2018-08-07,1.7782893142720775
2018-08-08,1.7831354494792504
2018-08-09,1.7838623697603266
2018-08-10,1.7695662708991666
2018-08-13,1.7671432032955805
2018-08-14,1.778047007511719
2018-08-15,1.7620547613280486
2018-08-16,1.7698085776595254
2018-08-17,1.7724739520234707
2018-08-20,1.7698085776595256
2018-08-21,1.7727162587838292
2018-08-22,1.7780470075117196
2018-08-23,1.7819239156774582
2018-08-24,1.7998546159439976
2018-08-27,1.816331475648385
2018-08-28,1.8194814635330476
2018-08-29,1.835958323237435
2018-08-30,1.8303852677491868
2018-08-31,1.8318391083113381
2018-09-04,1.8248122122609378
2018-09-05,1.8020353767872257
2018-09-06,1.7889508117278587
2018-09-07,1.7828931427188928
2018-09-10,1.7884661982071417
2018-09-11,1.803731524109736
2018-09-12,1.7962200145386182
2018-09-13,1.8173007026898202
2018-09-14,1.8158468621276684
2018-09-17,1.7930700266539563
2018-09-18,1.8044584443908127
2018-09-19,1.7998546159439988
2018-09-20,1.821177610855559
2018-09-21,1.807850739035834
2018-09-24,1.8168160891691036
2018-09-25,1.814635328325876
2018-09-26,1.807850739035834
2018-09-27,1.8185122364916142
2018-09-28,1.8252968257816562
2018-10-01,1.8340198691545673
2018-10-02,1.8342621759149262
2018-10-03,1.8398352314031747
2018-10-04,1.8066392052340405
2018-10-05,1.7838623697603282
2018-10-08,1.7637509086505612
2018-10-09,1.7700508844198855
2018-10-10,1.6842742912529263
2018-10-11,1.6629512963413655
2018-10-12,1.716258783620267
2018-10-15,1.6881511994186646
2018-10-16,1.7390356190939795
2018-10-17,1.7310394960021442
2018-10-18,1.6971165495519345
2018-10-19,1.6963896292708587
2018-10-22,1.7104434213716597
2018-10-23,1.7039011388419762
2018-10-24,1.627574509329004
2018-10-25,1.6835473709718505
2018-10-26,1.6498667312819995
2018-10-29,1.6220014538407554
2018-10-30,1.6401744608676538
2018-10-31,1.6791858492853953
2018-11-01,1.6988126968744455
2018-11-02,1.665616670705311
2018-11-05,1.663920523382801
2018-11-06,1.6743397140782224
2018-11-07,1.7235279864310267
2018-11-08,1.7220741458688749
2018-11-09,1.692270414344762
2018-11-12,1.6326629512965356
2018-11-13,1.6346014053794047
2018-11-14,1.614974557790355
2018-11-15,1.655439786770248
2018-11-16,1.6527744124063029
2018-11-19,1.5897746547130558
2018-11-20,1.5556094015024873
2018-11-21,1.5669978192393437
2018-11-23,1.5527017203781834
2018-11-26,1.5878362006301867
2018-11-27,1.590986188514849
2018-11-28,1.646716743397337
2018-11-29,1.6307244972136665
2018-11-30,1.6462321298766196
2018-12-03,1.6825781439304162
2018-12-04,1.6188514659560933
2018-12-06,1.6224860673614727
2018-12-07,1.5653016719168331
2018-12-10,1.5868669735887526
2018-12-11,1.5888054276716215
2018-12-12,1.6011630724499124
2018-12-13,1.6038284468138573
2018-12-14,1.564574751635757
2018-12-17,1.5313787254666233
2018-12-18,1.5434940634845555
2018-12-19,1.5129634116793667
2018-12-20,1.4858250545191989
2018-12-21,1.4344560213231665
2018-12-24,1.396171553186501
2018-12-26,1.480494305791309
2018-12-27,1.4911558032470893
2018-12-28,1.4877635086020684
2018-12-31,1.5018173007028697
2019-01-02,1.5027865277443044
2019-01-03,1.4269445117520492
2019-01-04,1.4901865762056552
2019-01-07,1.5035134480253802
2019-01-08,1.51611339956403
2019-01-09,1.53574024715308
2019-01-10,1.542524836443122
2019-01-11,1.5396171553188185
2019-01-14,1.5253210564576587
2019-01-15,1.5483401986917296
2019-01-16,1.5497940392538814
2019-01-17,1.5597286164285857
2019-01-18,1.5834746789437324
2019-01-22,1.556820935304282
2019-01-23,1.5621516840321719
2019-01-24,1.5752362490915388
2019-01-25,1.5975284710445339
2019-01-28,1.5762054761329731
2019-01-29,1.5592440029078682
2019-01-30,1.6077053549795968
2019-01-31,1.6060092076570867
2019-02-01,1.6154591713110737
2019-02-04,1.6413859946694485
2019-02-05,1.6551974800098912
2019-02-06,1.6607705354981401
2019-02-07,1.6379937000244273
2019-02-08,1.6474436636784144
2019-02-11,1.6467167433973389
2019-02-12,1.6685243518296167
2019-02-13,1.6707051126728445
2019-02-14,1.673612793797148
2019-02-15,1.6869396656168738
2019-02-19,1.687424279137591
2019-02-20,1.6893627332204604
2019-02-21,1.6900896535015362
2019-02-22,1.7116549551734555
2019-02-25,1.7198933850256495
2019-02-26,1.7235279864310287
2019-02-27,1.7218318391085183
2019-02-28,1.7169857039013454
2019-03-01,1.7286164283985603
2019-03-04,1.7220741458688766
2019-03-05,1.7169857039013456
2019-03-06,1.7080203537680758
2019-03-07,1.6917858008240465
2019-03-08,1.6915434940636884
2019-03-11,1.7278895081174848
2019-03-12,1.7380663920525479
2019-03-13,1.7494548097894043
2019-03-14,1.7530894111947837
2019-03-15,1.7685970438577368
2019-03-18,1.7761085534288548
2019-03-19,1.7797431548342346
2019-03-20,1.774897019627062
2019-03-21,1.8194814635330523
2019-03-22,1.7765931669495723
2019-03-25,1.768839350618096
2019-03-26,1.7785316210324416
2019-03-27,1.7683547370973787
2019-03-28,1.775623939908138
2019-03-29,1.79307002665396
2019-04-01,1.8175430094501832
2019-04-02,1.823842985219508
2019-04-03,1.8386236976013852
2019-04-04,1.830869881269909
2019-04-05,1.83959292464282
2019-04-08,1.8466198206932205
2019-04-09,1.8378967773203096
2019-04-10,1.8507390356193179
2019-04-11,1.8483159680157317
2019-04-12,1.8611582263147397
2019-04-15,1.8604313060336637
2019-04-16,1.8698812696876508
2019-04-17,1.8803004603830724
2019-04-18,1.8856312091109626
2019-04-22,1.8899927307974185
2019-04-23,1.9105888054279032
2019-04-24,1.911315725708979
2019-04-25,1.910831112188262
2019-04-26,1.903561909377503
2019-04-29,1.9040465228982204
2019-04-30,1.9071965107828825
2019-05-01,1.9023503755757099
2019-05-02,1.8924157984010055
2019-05-03,1.9103464986675456
2019-05-06,1.8955657862856685
2019-05-07,1.8548582505454163
2019-05-08,1.8526774897021883
2019-05-09,1.8400775381635393
2019-05-10,1.845892900412147
2019-05-13,1.7763508601892162
2019-05-14,1.804943057911536
2019-05-15,1.824569905500586
2019-05-16,1.8412890719653325
2019-05-17,1.8265083595834553
2019-05-20,1.7947661739764729
2019-05-21,1.8168160891691096
2019-05-22,1.8073661255151228
2019-05-23,1.7756239399081404
2019-05-24,1.7761085534288577
2019-05-28,1.7710201114613262
2019-05-29,1.7606009207659044
2019-05-30,1.7715047249820433
2019-05-31,1.741943300218289
2019-06-03,1.7114126484130998
2019-06-04,1.7685970438577396
2019-06-05,1.791616186091811
2019-06-06,1.812454567482654
2019-06-07,1.8461352071725055
2019-06-10,1.8650351344804799
2019-06-11,1.8650351344804799
2019-06-12,1.8546159437850585
2019-06-13,1.8601889992733072
2019-06-14,1.8439544463292779
2019-06-17,1.8454082868914299
2019-06-18,1.8788466198209226
2019-06-19,1.8856312091109644
2019-06-20,1.9132541797918496
2019-06-21,1.897504240368538
2019-06-24,1.9011388417739175
2019-06-25,1.8662466682822731
2019-06-26,1.8863581293920404
2019-06-27,1.8912042645992133
2019-06-28,1.8909619578388548
2019-07-01,1.9210079961233264
2019-07-02,1.926096438090858
2019-07-03,1.9408771504727353
2019-07-05,1.937242549067356
2019-07-08,1.9224618366854787
2019-07-09,1.9292464259755209
2019-07-10,1.9445117518781152
2019-07-11,1.9517809546888747
2019-07-12,1.9660770535500345
2019-07-15,1.9726193360797177
2019-07-16,1.954204022292461
2019-07-17,1.9491155803249294
2019-07-18,1.9636539859464484
2019-07-19,1.9551732493338958
2019-07-22,1.9777077780472498
2019-07-23,1.9886115822633883
2019-07-24,2.0050884419677764
2019-07-25,1.9968500121155826
2019-07-26,2.0012115338020386
2019-07-29,2.0000000000002456
2019-07-30,1.9871577417012376
2019-07-31,1.9571117034167658
2019-08-01,1.9471771262420619
2019-08-02,1.9154349406350795
2019-08-05,1.835473709716727
2019-08-06,1.8660043615219162
2019-08-07,1.8776350860191309
2019-08-08,1.9236733704872733
2019-08-09,1.9018657620549955
2019-08-12,1.8769081657380553
2019-08-13,1.9239156772476327
2019-08-14,1.8647928277201233
2019-08-15,1.8614005330751022
2019-08-16,1.8967773200874645
2019-08-19,1.9256118245701432
2019-08-20,1.9159195541557974
2019-08-21,1.9384540828691514
2019-08-22,1.933850254422337
2019-08-23,1.869881269687655
2019-08-26,1.8958080930460295
2019-08-27,1.8929004119217263
2019-08-28,1.8945965592442366
2019-08-29,1.927550278653012
2019-08-30,1.927065665132295
2019-09-03,1.9035619093775067
2019-09-04,1.9360310152655646
2019-09-05,1.9764962442454581
2019-09-06,1.9748000969229478
2019-09-09,1.9600193845410707
2019-09-10,1.9500848073663664
2019-09-11,1.9704385752364921
2019-09-12,1.981100072692273
2019-09-13,1.966561667070754
2019-09-16,1.9617155318635808
2019-09-17,1.9697116549554168
2019-09-18,1.969469348195058
2019-09-19,1.9738308698815135
2019-09-20,1.9447540586384764
2019-09-23,1.9508117276474426
2019-09-24,1.9319118003394686
2019-09-25,1.9549309425735397
2019-09-26,1.9571117034167673
2019-09-27,1.930942573298034
2019-09-30,1.95129634116816
2019-10-01,1.933123334141262
2019-10-02,1.8967773200874656
2019-10-03,1.9200387690818952
2019-10-04,1.9517809546888774
2019-10-07,1.9435425248366838
2019-10-08,1.9079234310639632
2019-10-09,1.9362733220259247
2019-10-10,1.9496001938456502
2019-10-11,1.9764962442454597
2019-10-14,1.9752847104436668
2019-10-15,1.9970923188759446
2019-10-16,1.9832808335355019
2019-10-17,1.9794039253697637
2019-10-18,1.9605039980617898
2019-10-21,1.9815846862129918
2019-10-22,1.9549309425735413
2019-10-23,1.9566270898960516
2019-10-24,1.9852192876183716
2019-10-25,2.0092076568938775
2019-10-28,2.0346498667315354
2019-10-29,2.0162345529442782
2019-10-30,2.0285921977225687
2019-10-31,2.0273806639207756
2019-11-01,2.0516113399566405
2019-11-04,2.0622728374124204
2019-11-05,2.0598497698088343
2019-11-06,2.0588805427673993
2019-11-07,2.075115095711429
2019-11-08,2.0867458202086437
2019-11-11,2.087715047250078
2019-11-12,2.0947419433004786
2019-11-13,2.0993457717472928
2019-11-14,2.0969227041437066
2019-11-15,2.1138841773688117
2019-11-18,2.1201841531381365
2019-11-19,2.1243033680642336
2019-11-20,2.1114611097652256
2019-11-21,2.1007996123094457
2019-11-22,2.0981342379455006
2019-11-25,2.1286648897506897
2019-11-26,2.130603343833559
2019-11-27,2.142476375091132
2019-11-29,2.1361763993218075
2019-12-02,2.105645747516619
2019-12-03,2.086988126969003
2019-12-04,2.0954688635815555
2019-12-05,2.103222679913032
2019-12-06,2.1264841289074616
2019-12-09,2.1153380179309638
2019-12-10,2.1170341652534743
2019-12-11,2.1313302641146343
2019-12-12,2.154107099588347
2019-12-13,2.1684031984495067
2019-12-16,2.1877877392781984
2019-12-17,2.1826992973106663
2019-12-18,2.1824569905503077
2019-12-19,2.1982069299736198
2019-12-20,2.203779985461869
2019-12-23,2.210079961231193
2019-12-24,2.2108068815122692
2019-12-26,2.2272837412166573
2019-12-27,2.2270414344562988
2019-12-30,2.214199176157291
2019-12-31,2.221226072207691
2020-01-02,2.262902834989378
2020-01-03,2.23746062515172
2020-01-06,2.2427913738796104
2020-01-07,2.241822146838176
2020-01-08,2.265810516113682
2020-01-09,2.2914950327116976
2020-01-10,2.286164283983808
2020-01-13,2.3147564817061284
2020-01-14,2.3038526774899895
2020-01-15,2.306518051853935
2020-01-16,2.3375333171798416
2020-01-17,2.353283256603153
2020-01-21,2.3523140295617186
2020-01-22,2.3607947661742714
2020-01-23,2.371940877150769
2020-01-24,2.3607947661742714
2020-01-27,2.304579597771066
2020-01-28,2.3486794281563395
2020-01-29,2.3547370971653057
2020-01-30,2.375090865035432
2020-01-31,2.309910346498957
2020-02-03,2.340440998304146
2020-02-04,2.4017446086748833
2020-02-05,2.4157984007756848
2020-02-06,2.437848315968321
2020-02-07,2.4155560940153262
2020-02-10,2.4482675066637434
2020-02-11,2.4400290768115496
2020-02-12,2.466440513690642
2020-02-13,2.4598982311609587
2020-02-14,2.470559728616739
2020-02-18,2.4613520717231108
2020-02-19,2.490671189726507
2020-02-20,2.4647443663681314
2020-02-21,2.409498425006361
2020-02-24,2.3099103464989583
2020-02-25,2.236006784589572
2020-02-26,2.246183668524635
2020-02-27,2.125030288345313
2020-02-28,2.1412648412893422
2020-03-02,2.265083595832609
2020-03-03,2.179064695905291
2020-03-04,2.272595105403728
2020-03-05,2.200872304337569
2020-03-06,2.1543494063487096
2020-03-09,1.9907923431066246
2020-03-10,2.1235764477831616
2020-03-11,2.023261448994683
2020-03-12,1.8257814393023872
2020-03-13,2.039980615459429
2020-03-16,1.7581778531623258
2020-03-17,1.8778773927794958
2020-03-18,1.807123818754772
2020-03-19,1.8136661012844553
2020-03-20,1.7305548824814403
2020-03-23,1.705839592924859
2020-03-24,1.8805427671434416
2020-03-25,1.8781196995398555
2020-03-26,1.994426944512005
2020-03-27,1.9042888296585894
2020-03-30,1.984492367337301
2020-03-31,1.9474194330024281
2020-04-01,1.8546159437850676
2020-04-02,1.8979888538892644
2020-04-03,1.8686697358858686
2020-04-06,2.0281075842018566
2020-04-07,2.0099345771749584
2020-04-08,2.0639689847349363
2020-04-09,2.0644535982556533
2020-04-13,2.069057426702467
2020-04-14,2.155803246910862
2020-04-15,2.108795735401286
2020-04-16,2.1344802519993022
2020-04-17,2.1628301429612637
2020-04-20,2.1281802762299775
2020-04-21,2.0390113884179963
2020-04-22,2.117518778774197
2020-04-23,2.1029803731526786
2020-04-24,2.1475648170586688
2020-04-27,2.1659801308459263
2020-04-28,2.137145626363248
2020-04-29,2.224860673613077
2020-04-30,2.214926096438373
2020-05-01,2.1541070995883533
2020-05-04,2.182699297310674
2020-05-05,2.2127453355951454
2020-05-06,2.2299491155806095
2020-05-07,2.263387448510102
2020-05-08,2.2965834746792364
2020-05-11,2.311848800581831
2020-05-12,2.264114368791178
2020-05-13,2.2251029803734363
2020-05-14,2.2534528713353974
2020-05-15,2.264841289072254
2020-05-18,2.3203295371943837
2020-05-19,2.3118488005818314
2020-05-20,2.3624909134967886
2020-05-21,2.3295371940880125
2020-05-22,2.338017930700565
2020-05-26,2.3355948630969787
2020-05-27,2.3489217349167046
2020-05-28,2.34431790646989
2020-05-29,2.3738793312336446
2020-06-01,2.373152410952569
2020-06-02,2.3954446329055643
2020-06-03,2.4141022534531795
2020-06-04,2.394233099103771
2020-06-05,2.4572328567970185
2020-06-08,2.46959050157531
2020-06-09,2.481221226072525
2020-06-10,2.5226556820938533
2020-06-11,2.377998546159742
2020-06-12,2.4087715047252902
2020-06-15,2.43203295371972
2020-06-16,2.4838866004364704
2020-06-17,2.483401986915753
2020-06-18,2.4945480978922507
2020-06-19,2.4773443179067867
2020-06-22,2.5170826266056046
2020-06-23,2.5352556336325027
2020-06-24,2.4780712381878627
2020-06-25,2.509813423794845
2020-06-26,2.4603828446816816
2020-06-29,2.487278895081491
2020-06-30,2.531863338987481
2020-07-01,2.535982553913578
2020-07-02,2.550763266295456
2020-07-06,2.595347710201447
2020-07-07,2.568209353041278
2020-07-08,2.6101284225833234
2020-07-09,2.6195783862373108
2020-07-10,2.6188514659562347
2020-07-13,2.5645747516358983
2020-07-14,2.594136176399653
2020-07-15,2.608189968500454
2020-07-16,2.5759631693727543
2020-07-17,2.5885631209114037
2020-07-20,2.6547128664893136
2020-07-21,2.628059122849862
2020-07-22,2.6491398110010644
2020-07-23,2.5803246910592095
2020-07-24,2.5490671189729444
2020-07-27,2.5892900411924793
2020-07-28,2.5590016961476487
2020-07-29,2.596074630482521
2020-07-30,2.61061303610404
2020-07-31,2.6757935546405154
2020-08-03,2.7417009934580667
2020-08-04,2.748727889508467
2020-08-05,2.7589047734435304
2020-08-06,2.7976738551009137
2020-08-07,2.7559970923192267
2020-08-10,2.7482432759877504
2020-08-11,2.6988126968745867
2020-08-12,2.7601163072453243
2020-08-13,2.7613278410471174
2020-08-14,2.7593893869642487
2020-08-17,2.7778047007515063
2020-08-18,2.7882238914469277
2020-08-19,2.784831596801907
2020-08-20,2.8219045311367794
2020-08-21,2.8577659316698587
2020-08-24,2.8824812212264406
2020-08-25,2.897019626847959
2020-08-26,2.9559001696151097
2020-08-27,2.9583232372186967
2020-08-28,2.9842500605770717
2020-08-31,2.993700024231059
2020-09-01,3.0508844196756995
2020-09-02,3.0780227768358683
2020-09-03,2.902592682336209
2020-09-04,2.8621274533563157
2020-09-08,2.732735643324799
2020-09-09,2.8219045311367807
2020-09-10,2.758177853162458
2020-09-11,2.7370971650112557
2020-09-14,2.7945238672162547
2020-09-15,2.8221468378971406
2020-09-16,2.778531621032585
2020-09-17,2.7555124787985137
2020-09-18,2.7080203537682195
2020-09-21,2.7244972134726075
2020-09-22,2.767627816816446
2020-09-23,2.6813666101287685
2020-09-24,2.6963896292710046
2020-09-25,2.7608432275264043
2020-09-28,2.8136661012845896
2020-09-29,2.8042161376306023
2020-09-30,2.827719893385391
2020-10-01,2.8575236249095046
2020-10-02,2.78507390356227
2020-10-05,2.8461352071726482
2020-10-06,2.8020353767873747
2020-10-07,2.8534044099834075
2020-10-08,2.868185122365285
2020-10-09,2.9120426459902
2020-10-12,2.991519263387835
2020-10-13,2.9723770293195018
2020-10-14,2.95662708989619
2020-10-15,2.943300218076465
2020-10-16,2.934819481463913
2020-10-19,2.8810273806642943
2020-10-20,2.8909619578389987
2020-10-21,2.886600436152543
2020-10-22,2.873031257572459
2020-10-23,2.8698812696877973
2020-10-26,2.807608432275625
2020-10-27,2.821662224376427
2020-10-28,2.7019626847592564
2020-10-29,2.7470317421859645
2020-10-30,2.686212745335945
2020-11-02,2.692997334625987
2020-11-03,2.7404894596562817
2020-11-04,2.847104434214086
2020-11-05,2.935546401744992
2020-11-06,2.945965592440414
2020-11-09,2.924642597528853
2020-11-10,2.870123576448158
2020-11-11,2.9382117761089375
2020-11-12,2.9120426459902036
2020-11-13,2.9367579355467854
2020-11-16,2.9651078265087474
2020-11-17,2.9486309668043598
2020-11-18,2.9171310879577357
2020-11-19,2.9406348437125236
2020-11-20,2.9103464986676935
2020-11-23,2.909619578386618
2020-11-24,2.950084807366511
2020-11-25,2.9563847831358356
2020-11-27,2.9721347225591477
2020-11-30,2.9920038769085573
2020-12-01,3.030288345045223
2020-12-02,3.0256845165984085
2020-12-03,3.0237460625155395
2020-12-04,3.05403440756037
2020-12-07,3.0627574509332813
2020-12-08,3.0726920281079853
2020-12-09,3.013811485340835
2020-12-10,3.0181730070272903
2020-12-11,3.0118730312579656
2020-12-14,3.022776835474105
2020-12-15,3.0731766416287036
2020-12-16,3.094015023019547
2020-12-17,3.11848800581577
2020-12-18,3.1075842015996304
2020-12-21,3.103464986673534
2020-12-22,3.1303610370733437
2020-12-23,3.106614974558197
2020-12-24,3.1272110491886815
2020-12-28,3.1625878362010442
2020-12-29,3.147564817058808
2020-12-30,3.145868669736298
2020-12-31,3.1504724981831123
2021-01-04,3.09910346498708
2021-01-05,3.1192149260968476
2021-01-06,3.065422825297229
2021-01-07,3.1480494305795275
2021-01-08,3.168403198449654
2021-01-11,3.1422340683309207
2021-01-12,3.127211049188685
2021-01-13,3.147080203538094
2021-01-14,3.1194572328572083
2021-01-15,3.087472740489867
2021-01-19,3.1276956627094026
2021-01-20,3.1897261933612153
2021-01-21,3.2309183426221857
2021-01-22,3.218560697843895
2021-01-25,3.2454567482437042
2021-01-26,3.247637509086932
2021-01-27,3.1863338987161947
2021-01-28,3.1994184637755616
2021-01-29,3.124061061304023
2021-02-01,3.2023261448998657
2021-02-02,3.2456990550040627
2021-02-03,3.234552944027566
2021-02-04,3.2861642839839575
2021-02-05,3.2788950811731983
2021-02-08,3.3133026411441264
2021-02-09,3.3094257329783883
2021-02-10,3.3045795977712156
2021-02-11,3.340925611825012
2021-02-12,3.358129391810476
2021-02-16,3.347225587594336
2021-02-17,3.317664162830581
2021-02-18,3.3014296098865525
2021-02-19,3.29658347467938
2021-02-22,3.223891446571786
2021-02-23,3.214926096438516
2021-02-24,3.2641143687913217
2021-02-25,3.1499878846623997
2021-02-26,3.166707051127146
2021-03-01,3.2687181972381363
2021-03-02,3.2168645505213855
2021-03-03,3.1359340925615986
2021-03-04,3.066634359099026
2021-03-05,3.1245456748247418
2021-03-08,3.048945965592845
2021-03-09,3.1526532590263456
2021-03-10,3.140053307487696
2021-03-11,3.2071722801070415
2021-03-12,3.1841531378729697
2021-03-15,3.2180760843231804
2021-03-16,3.242306760359045
2021-03-17,3.2396413859951
2021-03-18,3.149745577902043
2021-03-19,3.140295614248055
2021-03-22,3.1952992488494685
2021-03-23,3.1754300945000598
2021-03-24,3.1369033196030354
2021-03-25,3.134964865520166
2021-03-26,3.2146837896781606
2021-03-29,3.1979646232134136
2021-03-30,3.167676278168584
2021-03-31,3.2180760843231826
2021-04-01,3.2827719893389404
2021-04-05,3.3506178822393617
2021-04-06,3.336321783378202
2021-04-07,3.3540101768843824
2021-04-08,3.4024715289561125
2021-04-09,3.43518294160453
2021-04-12,3.4187060819001416
2021-04-13,3.450932881027841
2021-04-14,3.4143445602136864
2021-04-15,3.4729827962204785
2021-04-16,3.4722558759394024
2021-04-19,3.443421371456724
2021-04-20,3.412890719651534
2021-04-21,3.4472982796224625
2021-04-22,3.4068330506425677
2021-04-23,3.4577174703178835
2021-04-26,3.4754058638240655
2021-04-27,3.4669251272115136
2021-04-28,3.434698328083814
2021-04-29,3.4317906469595103
2021-04-30,3.3850254422102917
2021-05-03,3.375575478556305
2021-05-04,3.314998788466643
2021-05-05,3.3070026653748075
2021-05-06,3.340198691543943
2021-05-07,3.368790889266263
2021-05-10,3.2837412163803785
2021-05-11,3.2738066392056746
2021-05-12,3.1817300702693885
2021-05-13,3.223891446571793
2021-05-14,3.2948873273568755
2021-05-17,3.2706566513210116
2021-05-18,3.2444875212022777
2021-05-19,3.255875938939134
2021-05-20,3.3181487763513062
2021-05-21,3.2999757693244085
2021-05-24,3.3586140053312015
2021-05-25,3.359583232372636
2021-05-26,3.3593409256122766
2021-05-27,3.3416525321060964
2021-05-28,3.3535255633636702
2021-06-01,3.3370487036592826
2021-06-02,3.360067845893354
2021-06-03,3.328810273807089
2021-06-04,3.3927792585417715
2021-06-07,3.392052338260696
2021-06-08,3.392294645021055
2021-06-09,3.3947177126246415
2021-06-10,3.4196753089415814
2021-06-11,3.4400290768117077
2021-06-14,3.474921250303352
2021-06-15,3.4535982553917917
2021-06-16,3.434940634844176
2021-06-17,3.4746789435429943
2021-06-18,3.4429367579360117
2021-06-21,3.473467409741201
2021-06-22,3.5049672885878254
2021-06-23,3.5010903804220868
2021-06-24,3.523140295614723
2021-06-25,3.5190210806886255
2021-06-28,3.5558517082631402
2021-06-29,3.5817785316215156
2021-06-30,3.5779016234557774
2021-07-01,3.5839592924647437
2021-07-02,3.6312091107346807
2021-07-06,3.645020596075123
2021-07-07,3.6648897504245324
2021-07-08,3.6302398836932457
2021-07-09,3.6636782166227384
2021-07-12,3.6665858977470425
2021-07-13,3.681608916889278
2021-07-14,3.708747274049446
2021-07-15,3.6782166222442565
2021-07-16,3.6418706081904597
2021-07-19,3.591713108796219
2021-07-20,3.645020596075122
2021-07-21,3.6801550763271256
2021-07-22,3.707293433487294
2021-07-23,3.744124061061809
2021-07-26,3.7421856069789405
2021-07-27,3.706808819966578
2021-07-28,3.702204991519764
2021-07-29,3.719408771505228
2021-07-30,3.716985703901642
2021-08-02,3.7036588320819166
2021-08-03,3.727404894597064
2021-08-04,3.734916404168182
2021-08-05,3.755512478798668
2021-08-06,3.752362490914006
2021-08-09,3.740247152896074
2021-08-10,3.713351102496264
2021-08-11,3.7138357160169817
2021-08-12,3.7351587109285425
2021-08-13,3.7555124787986687
2021-08-16,3.772473952023774
2021-08-17,3.741216379937509
2021-08-18,3.6896050399811173
2021-08-19,3.725708747274555
2021-08-20,3.7736854858255673
2021-08-23,3.8223891446576554
2021-08-24,3.8180276229712
2021-08-25,3.815846862127972
2021-08-26,3.7918584928524672
2021-08-27,3.8284468136666225
2021-08-30,3.869638962927592
2021-08-31,3.849285195057466
2021-09-01,3.8502544220988995
2021-09-02,3.8461352071728023
2021-09-03,3.8614005330753978
2021-09-07,3.8623697601168323
2021-09-08,3.8475890477349544
2021-09-09,3.8330506421134363
2021-09-10,3.7952507874974875
2021-09-13,3.796462321299281
2021-09-14,3.7916161860921074
2021-09-15,3.824812212261242
2021-09-16,3.8269929731044705
2021-09-17,3.767385510056243
2021-09-20,3.692270414345063
2021-09-21,3.6937242549072153
2021-09-22,3.744366367822173
2021-09-23,3.7945238672164128
2021-09-24,3.7971892415803588
2021-09-27,3.760358614005845
2021-09-28,3.648897504240867
2021-09-29,3.6442936757940534
2021-09-30,3.61812454567532
