date,2021_12_09__19_54_16_lr_1e-05_epoch_300000_metric_sharpe_window_180_0
2015-04-02,0.9982536736740752
2015-04-06,0.9989880001063158
2015-04-07,1.0061432401443815
2015-04-08,1.0039136786588057
2015-04-09,1.007062158919563
2015-04-10,1.0099714752935272
2015-04-13,1.015482176276521
2015-04-14,1.0122614330230366
2015-04-15,1.0092143778374407
2015-04-16,1.0083658052431148
2015-04-17,1.0033475630259736
2015-04-20,0.9903054498780796
2015-04-21,0.9998451373455008
2015-04-22,0.9991686589868165
2015-04-23,1.0085627910961286
2015-04-24,1.0125245971810186
2015-04-27,1.0148849062895386
2015-04-28,1.0117006681016996
2015-04-29,1.014958897458976
2015-04-30,1.0107802067604719
2015-05-01,1.01246478784875
2015-05-04,1.0245811305175119
2015-05-05,1.026293838385445
2015-05-06,1.0248734473662797
2015-05-07,1.0162848873048287
2015-05-08,1.0299410047354343
2015-05-11,1.0435336855613095
2015-05-12,1.0382363127031309
2015-05-13,1.0329070765907813
2015-05-14,1.036378186114791
2015-05-15,1.0526423686341935
2015-05-18,1.0537780893337543
2015-05-19,1.0380153660075238
2015-05-20,1.0354765900867289
2015-05-21,1.0372243778816599
2015-05-22,1.049771623689699
2015-05-26,1.0480523086461953
2015-05-27,1.0459716630293563
2015-05-28,1.0649831257733409
2015-05-29,1.0628375278839888
2015-06-01,1.055116875884693
2015-06-02,1.0415352023882158
2015-06-03,1.0405014420067007
2015-06-04,1.0426620690827901
2015-06-05,1.0561294193890007
2015-06-08,1.0528137830558322
2015-06-09,1.0516499810659852
2015-06-10,1.047950302149086
2015-06-11,1.0387782641518997
2015-06-12,1.0393257253508847
2015-06-15,1.0302221648834595
2015-06-16,1.0240571151916038
2015-06-17,1.0297626346000683
2015-06-18,1.030293256533841
2015-06-19,1.0252355344679749
2015-06-22,1.012515187631009
2015-06-23,1.0190090465232788
2015-06-24,1.0197301522449111
2015-06-25,1.0270730373801678
2015-06-26,1.02464034431475
2015-06-29,1.01636678093526
2015-06-30,1.0432687915388572
2015-07-01,1.0454106949755386
2015-07-02,1.0300145125289981
2015-07-06,1.0312766011579104
2015-07-07,1.0275694865958607
2015-07-08,1.0316813451740054
2015-07-09,1.014386165694205
2015-07-10,1.0154009749001027
2015-07-13,1.0301060329328655
2015-07-14,1.026910529513898
2015-07-15,1.031043497924277
2015-07-16,1.0310276950900086
2015-07-17,1.0393986267021704
2015-07-20,1.0447667926659163
2015-07-21,1.0408228862615845
2015-07-22,1.0343739123784417
2015-07-23,1.0321379553662788
2015-07-24,1.0293474934366023
2015-07-27,1.023204704364394
2015-07-28,1.01423668533713
2015-07-29,1.0231499172294627
2015-07-30,1.0301345650062557
2015-07-31,1.0305918775270664
2015-08-03,1.027233016047923
2015-08-04,1.0335614952919128
2015-08-05,1.0274966997363095
2015-08-06,1.0290298706700738
2015-08-07,1.0189018765295152
2015-08-10,1.019550576102286
2015-08-11,1.006923143322958
2015-08-12,0.9918753290858852
2015-08-13,0.9963375230667978
2015-08-14,0.9941143518472525
2015-08-17,0.99774947241911
2015-08-18,1.0033941818177166
2015-08-19,0.9982794772132013
2015-08-20,0.9916910640569684
2015-08-21,0.9674967970803321
2015-08-24,0.9307107785339241
2015-08-25,0.8944378508600173
2015-08-26,0.8873554133853427
2015-08-27,0.8702263557637039
2015-08-28,0.8707259526217656
2015-08-31,0.8732953078917969
2015-09-01,0.86658643582484
2015-09-02,0.8709400655880846
2015-09-03,0.8918634150310749
2015-09-04,0.8962128894476157
2015-09-08,0.9043957989664669
2015-09-09,0.89105249666918
2015-09-10,0.8953282512197658
2015-09-11,0.8892832190975668
2015-09-14,0.894885932058883
2015-09-15,0.8962866102697113
2015-09-16,0.8791098787203563
2015-09-17,0.8828289843090822
2015-09-18,0.8936042539291735
2015-09-21,0.9073520216836741
2015-09-22,0.8925639042931158
2015-09-23,0.8775849063592618
2015-09-24,0.8775172991778485
2015-09-25,0.8834641265201144
2015-09-28,0.8758257020572496
2015-09-29,0.8908143269466245
2015-09-30,0.8933364913867855
2015-10-01,0.8902727626374053
2015-10-02,0.8922184951276803
2015-10-05,0.8976232206876746
2015-10-06,0.8854445631750751
2015-10-07,0.8865239250981521
2015-10-08,0.8905737609497547
2015-10-09,0.8831166860638209
2015-10-12,0.885520059351002
2015-10-13,0.8922526234066203
2015-10-14,0.8937716633914544
2015-10-15,0.8920230391358837
2015-10-16,0.8876525264033652
2015-10-19,0.8879392500048526
2015-10-20,0.8855032028356721
2015-10-21,0.8842532113831927
2015-10-22,0.8930343615646804
2015-10-23,0.8980325062924012
2015-10-26,0.8903764803767276
2015-10-27,0.8963020425828344
2015-10-28,0.8984857984638324
2015-10-29,0.9117136902369801
2015-10-30,0.8974850611181938
2015-11-02,0.9042607933974796
2015-11-03,0.9085244129271746
2015-11-04,0.9012173503473866
2015-11-05,0.9022602363328914
2015-11-06,0.8998758449806421
2015-11-09,0.9028382421394661
2015-11-10,0.8977439348414744
2015-11-11,0.9003861280374907
2015-11-12,0.8999445156212389
2015-11-13,0.904274755902724
2015-11-16,0.9094418932719707
2015-11-17,0.9086060111531128
2015-11-18,0.9101257811820139
2015-11-19,0.9120555760757305
2015-11-20,0.9163814420543792
2015-11-23,0.9225000294455075
2015-11-24,0.9253337843414822
2015-11-25,0.9252572194552431
2015-11-27,0.9223413376170106
2015-11-30,0.9244329888688472
2015-12-01,0.9280952159328458
2015-12-02,0.9363413075620468
2015-12-03,0.9303179571568869
2015-12-04,0.905028936436601
2015-12-07,0.9129823977895346
2015-12-08,0.9084342377141225
2015-12-09,0.9088819389747388
2015-12-10,0.9079119156164841
2015-12-11,0.9103996725720964
2015-12-14,0.9247452147784563
2015-12-15,0.9139770664127196
2015-12-16,0.9086488649492155
2015-12-17,0.9215160464775134
2015-12-18,0.9318837203382728
2015-12-21,0.9366838167223962
2015-12-22,0.9461626614216588
2015-12-23,0.9515206372923235
2015-12-24,0.9443634221316355
2015-12-28,0.9443790813241449
2015-12-29,0.9470455924054043
2015-12-30,0.9348371282390288
2015-12-31,0.9269824467552399
2016-01-04,0.9145207413836213
2016-01-05,0.9210970768767133
2016-01-06,0.9190040261891144
2016-01-07,0.9076411378070232
2016-01-08,0.9092699929493888
2016-01-11,0.9125079182178621
2016-01-12,0.9180680913056939
2016-01-13,0.9275313011561565
2016-01-14,0.9033931304600313
2016-01-15,0.9203491675805759
2016-01-19,0.8959897674778172
2016-01-20,0.8938950144560343
2016-01-21,0.8860799303197382
2016-01-22,0.8910671954330805
2016-01-25,0.9094305972573233
2016-01-26,0.8978713450236694
2016-01-27,0.9069046980012365
2016-01-28,0.8887159264715048
2016-01-29,0.8981630754796901
2016-02-01,0.9202581028755616
2016-02-02,0.9233717839520111
2016-02-03,0.906855394004578
2016-02-04,0.9062266543408499
2016-02-05,0.9073865558623724
2016-02-08,0.8895958370668933
2016-02-09,0.9087395635171365
2016-02-10,0.904898053752785
2016-02-11,0.90665899545528
2016-02-12,0.895444302858775
2016-02-16,0.911361315407815
2016-02-17,0.9275225253022434
2016-02-18,0.9461374128827148
2016-02-19,0.9422692612449952
2016-02-22,0.9428445141281055
2016-02-23,0.9554378526888457
2016-02-24,0.9425172487384287
2016-02-25,0.9471006701236215
2016-02-26,0.9585740910494912
2016-02-29,0.9560255889069942
2016-03-01,0.9485318481352332
2016-03-02,0.9713913758558164
2016-03-03,0.9754000776040443
2016-03-04,0.9790501486271855
2016-03-07,0.9822598156285182
2016-03-08,0.98269734335313
2016-03-09,0.9735691065451005
2016-03-10,0.9789571895988411
2016-03-11,0.9749412868155517
2016-03-14,0.9906739886444208
2016-03-15,0.9896280637688721
2016-03-16,0.9880158525413189
2016-03-17,0.9938390801330633
2016-03-18,1.0001440739178598
2016-03-21,0.9989221326568846
2016-03-22,1.0003490251382081
2016-03-23,0.9998119787035573
2016-03-24,1.0110364695280856
2016-03-28,1.010607472501452
2016-03-29,1.008065932452484
2016-03-30,1.0223224259223056
2016-03-31,1.0278283302778133
2016-04-01,1.0256379619240372
2016-04-04,1.0261876331127568
2016-04-05,1.0268158471522846
2016-04-06,1.0165973564434874
2016-04-07,1.0265164719035775
2016-04-08,1.0120820080189032
2016-04-11,1.014805472871385
2016-04-12,1.0124279897121393
2016-04-13,1.019959003166262
2016-04-14,1.0302655485888086
2016-04-15,1.0300343436779327
2016-04-18,1.0261367364331897
2016-04-19,1.0306323337183434
2016-04-20,1.033668479385618
2016-04-21,1.0357681352182324
2016-04-22,1.029630502324054
2016-04-25,1.0296305371379662
2016-04-26,1.029862048138394
2016-04-27,1.0253372855268958
2016-04-28,1.0209923570857953
2016-04-29,1.0083165104209895
2016-05-02,1.0012153246808158
2016-05-03,1.008688230025758
2016-05-04,0.999905506190821
2016-05-05,0.9968075680776352
2016-05-06,0.9972824443314804
2016-05-09,1.0046421558952507
2016-05-10,1.0054658362515816
2016-05-11,1.0185529076591717
2016-05-12,1.0090308905508143
2016-05-13,1.007559961188092
2016-05-16,1.008093784003278
2016-05-17,1.018038877548892
2016-05-18,1.0078149967704695
2016-05-19,1.008107112396346
2016-05-20,1.0078125440506003
2016-05-23,1.019904588379469
2016-05-24,1.018514413140704
2016-05-25,1.037462781888769
2016-05-26,1.044500353225419
2016-05-27,1.0470844945163524
2016-05-31,1.0520880366045477
2016-06-01,1.050652271442807
2016-06-02,1.0481489420052807
2016-06-03,1.0557034610489948
2016-06-06,1.0532847176639253
2016-06-07,1.0552719231171344
2016-06-08,1.0569201818067078
2016-06-09,1.0603628319498646
2016-06-10,1.0603905687372301
2016-06-13,1.0525725630258957
2016-06-14,1.0444440743299745
2016-06-15,1.042401005993656
2016-06-16,1.0409464576755272
2016-06-17,1.0460055036773859
2016-06-20,1.0341012533626588
2016-06-21,1.0405361308034669
2016-06-22,1.0470836803586483
2016-06-23,1.0453618254245223
2016-06-24,1.0334045635256865
2016-06-27,0.995595200882069
2016-06-28,0.9972306709984718
2016-06-29,1.0159997410166572
2016-06-30,1.0325443898278452
2016-07-01,1.0439414772847342
2016-07-05,1.046339631850024
2016-07-06,1.038796479447429
2016-07-07,1.0452243965031183
2016-07-08,1.044626009929765
2016-07-11,1.0607164976219838
2016-07-12,1.0668957843775648
2016-07-13,1.07473436679079
2016-07-14,1.0746057908538278
2016-07-15,1.0808588218010615
2016-07-18,1.0798987993008438
2016-07-19,1.0820047949658897
2016-07-20,1.0808647112682275
2016-07-21,1.0900398524265789
2016-07-22,1.0844576345107764
2016-07-25,1.0908816392710454
2016-07-26,1.089445432235449
2016-07-27,1.091824463763266
2016-07-28,1.100858412887075
2016-07-29,1.1017066496905816
2016-08-01,1.1058749663001854
2016-08-02,1.0963816623033606
2016-08-03,1.088138834064808
2016-08-04,1.091584864836122
2016-08-05,1.097464373607531
2016-08-08,1.108058364195654
2016-08-09,1.1101458963481627
2016-08-10,1.1210658927631891
2016-08-11,1.1179422507294523
2016-08-12,1.1220855207031373
2016-08-15,1.1208983437677913
2016-08-16,1.1212917228736736
2016-08-17,1.1182981993776413
2016-08-18,1.1178224780959372
2016-08-19,1.119588934796118
2016-08-22,1.1137276606181774
2016-08-23,1.1231218616192171
2016-08-24,1.124326238794245
2016-08-25,1.121676623677323
2016-08-26,1.1174213013929346
2016-08-29,1.110917663733529
2016-08-30,1.1257716510540174
2016-08-31,1.1214358936504236
2016-09-01,1.1219714748683969
2016-09-02,1.121169327960631
2016-09-06,1.1261639439217224
2016-09-07,1.131871971221916
2016-09-08,1.1310629017956622
2016-09-09,1.1168780080150862
2016-09-12,1.0984781743682812
2016-09-13,1.0990455701196646
2016-09-14,1.0865628641219434
2016-09-15,1.0881862686489077
2016-09-16,1.0834850192020338
2016-09-19,1.0922391502736186
2016-09-20,1.088672690723094
2016-09-21,1.0924823561585861
2016-09-22,1.1013174826818748
2016-09-23,1.1100716080675845
2016-09-26,1.1003414617368583
2016-09-27,1.1000346858091288
2016-09-28,1.1081037905565958
2016-09-29,1.1057070817541506
2016-09-30,1.1079856814992037
2016-10-03,1.0980836833374823
2016-10-04,1.0924938456821012
2016-10-05,1.079717073886266
2016-10-06,1.0746862199811202
2016-10-07,1.0686970747516495
2016-10-10,1.0657868240541633
2016-10-11,1.0594997004657551
2016-10-12,1.0571121851789418
2016-10-13,1.058147011790216
2016-10-14,1.0621262061053391
2016-10-17,1.0472440241379675
2016-10-18,1.0538431174433385
2016-10-19,1.057264944374785
2016-10-20,1.0581402954502122
2016-10-21,1.0592543786371345
2016-10-24,1.0608487991451956
2016-10-25,1.0562332991564163
2016-10-26,1.0590185146668882
2016-10-27,1.0518565319256785
2016-10-28,1.0403973595734297
2016-10-31,1.0380896095789651
2016-11-01,1.0444558173279705
2016-11-02,1.0425459552619993
2016-11-03,1.047081877668681
2016-11-04,1.0369990957963913
2016-11-07,1.0450318696361192
2016-11-08,1.0361474329123264
2016-11-09,1.031943190534103
2016-11-10,0.9881556164060973
2016-11-11,0.9735597559727088
2016-11-14,0.9680863083101882
2016-11-15,0.962295559333898
2016-11-16,0.9670550790404377
2016-11-17,0.9757808651690941
2016-11-18,0.9614229807210324
2016-11-21,0.9586465942255509
2016-11-22,0.9610263540788208
2016-11-23,0.9607090527650515
2016-11-25,0.9569808017237259
2016-11-28,0.9584086576944675
2016-11-29,0.9654686122164678
2016-11-30,0.9695142041335691
2016-12-01,0.9538077884554111
2016-12-02,0.9341292403585156
2016-12-05,0.9409741189832264
2016-12-06,0.93995132102781
2016-12-07,0.9392432301355986
2016-12-08,0.9472682602473286
2016-12-09,0.9360961595035477
2016-12-12,0.9244519981649594
2016-12-13,0.9261828870125873
2016-12-14,0.9294873111762408
2016-12-15,0.9191115127522178
2016-12-16,0.9237534900893501
2016-12-19,0.9216291426570994
2016-12-20,0.931542517420186
2016-12-21,0.926900540348582
2016-12-22,0.9309917743777923
2016-12-23,0.9290925711202327
2016-12-27,0.9300424330524343
2016-12-28,0.9270486497016515
2016-12-29,0.9338240541271318
2016-12-30,0.937132972567471
2017-01-03,0.9385510804704735
2017-01-04,0.9425690528623138
2017-01-05,0.9461931063922091
2017-01-06,0.9610044556013463
2017-01-09,0.9680590720848748
2017-01-10,0.9678630004047111
2017-01-11,0.9680589150154749
2017-01-12,0.9713189080763074
2017-01-13,0.9691720833777105
2017-01-17,0.9645603858770209
2017-01-18,0.9746584131630139
2017-01-19,0.9621750251008021
2017-01-20,0.9555755269532635
2017-01-23,0.9536672383322883
2017-01-24,0.9632086814371635
2017-01-25,0.9566092158704331
2017-01-26,0.9446745997264173
2017-01-27,0.9478553222844188
2017-01-30,0.9512745990361723
2017-01-31,0.9435879516848393
2017-02-01,0.9501543809724569
2017-02-02,0.94224302287355
2017-02-03,0.9418474548538718
2017-02-06,0.9414518868341936
2017-02-07,0.94714806631756
2017-02-08,0.950882123024597
2017-02-09,0.9638128857450962
2017-02-10,0.9526956068764725
2017-02-13,0.9521436852305124
2017-02-14,0.9491475391524435
2017-02-15,0.9522775634575578
2017-02-16,0.947895062747143
2017-02-17,0.9500920442093004
2017-02-21,0.9557317511852103
2017-02-22,0.954063668840223
2017-02-23,0.9556523186953121
2017-02-24,0.9555135388301189
2017-02-27,0.9661241971723605
2017-02-28,0.9604229479143974
2017-03-01,0.9639862287006346
2017-03-02,0.9460114567345558
2017-03-03,0.9426064254955457
2017-03-06,0.945030609439287
2017-03-07,0.9405172667716676
2017-03-08,0.9376667345605396
2017-03-09,0.9387325332931884
2017-03-10,0.9313269004880856
2017-03-13,0.934594993856796
2017-03-14,0.9286964838742456
2017-03-15,0.9331602211583377
2017-03-16,0.9445586931516446
2017-03-17,0.9397761174901174
2017-03-20,0.9456746274726676
2017-03-21,0.9497398167849659
2017-03-22,0.957631066626486
2017-03-23,0.9636274371341749
2017-03-24,0.9622693152280829
2017-03-27,0.9657045647552567
2017-03-28,0.9700984885690835
2017-03-29,0.963627437134175
2017-03-30,0.9693794828541159
2017-03-31,0.9615503095140986
2017-04-03,0.9643464428501731
2017-04-04,0.9720158371434063
2017-04-05,0.9667431285668086
2017-04-06,0.9696990409506588
2017-04-07,0.9682610511474251
2017-04-10,0.9643464643894859
2017-04-11,0.9635379584078699
2017-04-12,0.9726751617736576
2017-04-13,0.9779985542026054
2017-04-17,0.9810178039434209
2017-04-18,0.9779985542026054
2017-04-19,0.9907906386307976
2017-04-20,0.9853877706735485
2017-04-21,0.9815739815272555
2017-04-24,0.9815739815272555
2017-04-25,0.9767272911538409
2017-04-26,0.9649681079527758
2017-04-27,0.963909179974388
2017-04-28,0.9635934547270987
2017-05-01,0.9625441215806243
2017-05-02,0.9533447482357172
2017-05-03,0.9582264276674918
2017-05-04,0.956481424004081
2017-05-05,0.9517689190551948
2017-05-08,0.9552444527263355
2017-05-09,0.9541960801057793
2017-05-10,0.9541169790467448
2017-05-11,0.9530096122286157
2017-05-12,0.9530096122293045
2017-05-15,0.9534275625956454
2017-05-16,0.9587373325094021
2017-05-17,0.9631799672558177
2017-05-18,0.9370351138908801
2017-05-19,0.9425117490472378
2017-05-22,0.9480063585793672
2017-05-23,0.9552899149330787
2017-05-24,0.957014889040727
2017-05-25,0.9608015731756974
2017-05-26,0.9669579952070824
2017-05-30,0.966509021737112
2017-05-31,0.9656827004858692
2017-06-01,0.9680942753397942
2017-06-02,0.9661487700679554
2017-06-05,0.9702543417630044
2017-06-06,0.9642323383332725
2017-06-07,0.9618892258007234
2017-06-08,0.9647306645424151
2017-06-09,0.9621821445359673
2017-06-12,0.9607096215342829
2017-06-13,0.9587703945607513
2017-06-14,0.9634727730308361
2017-06-15,0.9611094227045612
2017-06-16,0.9595874758758022
2017-06-19,0.9550796891158263
2017-06-20,0.9651758098204654
2017-06-21,0.9738197056431992
2017-06-22,0.9765623091752197
2017-06-23,0.9786964372492772
2017-06-26,0.9782371559411238
2017-06-27,0.9784772030256349
2017-06-28,0.968018545632615
2017-06-29,0.979745482635944
2017-06-30,0.9715338102984152
2017-07-03,0.972905907029735
2017-07-05,0.9730661897450238
2017-07-06,0.9733059783110493
2017-07-07,0.964423643529978
2017-07-10,0.9747106784371259
2017-07-11,0.9814586730857482
2017-07-12,0.9834945107134332
2017-07-13,0.9956709196751317
2017-07-14,0.9976029405612491
2017-07-17,1.0064285319048405
2017-07-18,1.0065859849748544
2017-07-19,1.0071334448890377
2017-07-20,1.011957801884752
2017-07-21,1.0138736445926508
2017-07-24,1.0126733762791051
2017-07-25,1.0150991234727549
2017-07-26,1.0090333426398075
2017-07-27,1.0116996009091466
2017-07-28,1.0067144177925376
2017-07-31,1.0056634194257268
2017-08-01,1.0007860100358337
2017-08-02,1.0057994437251876
2017-08-03,1.0079924427673483
2017-08-04,1.0057204772131878
2017-08-07,1.0078369746914648
2017-08-08,1.0139235514299196
2017-08-09,1.01251746936875
2017-08-10,1.0120131028318748
2017-08-11,0.992108313553389
2017-08-14,0.9985516025198524
2017-08-15,1.0144539991824861
2017-08-16,1.0160238938770876
2017-08-17,1.018995656224178
2017-08-18,0.9990728457654279
2017-08-21,0.9979942988732868
2017-08-22,0.9976483318231484
2017-08-23,1.012496767619041
2017-08-24,1.0100340643756216
2017-08-25,1.0089611757042543
2017-08-28,1.0112657400161948
2017-08-29,1.0131820822769102
2017-08-30,1.0175098986985605
2017-08-31,1.01719595118288
2017-09-01,1.0202249947050208
2017-09-05,1.0193859233116984
2017-09-06,1.0104114457512152
2017-09-07,1.011901748598928
2017-09-08,1.0222603053864956
2017-09-11,1.0140311824696395
2017-09-12,1.02831723327715
2017-09-13,1.0314962754357042
2017-09-14,1.0302538605178237
2017-09-15,1.03449594278776
2017-09-18,1.034939532616938
2017-09-19,1.0358216434652479
2017-09-20,1.036972698415336
2017-09-21,1.0360753344643576
2017-09-22,1.035499325658056
2017-09-25,1.0384616568899647
2017-09-26,1.044962265501802
2017-09-27,1.0486473059548564
2017-09-28,1.0592689503122008
2017-09-29,1.0605335836809493
2017-10-02,1.0677494826399487
2017-10-03,1.0693794852135943
2017-10-04,1.0719047517430014
2017-10-05,1.071182753117849
2017-10-06,1.0671372098635739
2017-10-09,1.0687353632009395
2017-10-10,1.0714084051810289
2017-10-11,1.0741258198028765
2017-10-12,1.0762090624175427
2017-10-13,1.0807934439286464
2017-10-16,1.088332600607314
2017-10-17,1.0922873677912788
2017-10-18,1.092289979360178
2017-10-19,1.0949877159089336
2017-10-20,1.0946218513037382
2017-10-23,1.0830039483066283
2017-10-24,1.0778904604036923
2017-10-25,1.0809037114114821
2017-10-26,1.0756729170549058
2017-10-27,1.072515413237356
2017-10-30,1.0801578653602502
2017-10-31,1.0825729363141903
2017-11-01,1.087235750800598
2017-11-02,1.0896956634943424
2017-11-03,1.0902148291095466
2017-11-06,1.0931761556319284
2017-11-07,1.0960008279254687
2017-11-08,1.0962573624569343
2017-11-09,1.1022815819897838
2017-11-10,1.0935556113833225
2017-11-13,1.0770654694477093
2017-11-14,1.0793220566886605
2017-11-15,1.077087298598346
2017-11-16,1.0887785933065328
2017-11-17,1.1040097511924654
2017-11-20,1.1079796890465954
2017-11-21,1.1075990728377734
2017-11-22,1.119110221129443
2017-11-24,1.1171751594479027
2017-11-27,1.120200825012424
2017-11-28,1.120200012435983
2017-11-29,1.1238417933957603
2017-11-30,1.099008515895489
2017-12-01,1.1087341218117452
2017-12-04,1.1102499966437298
2017-12-05,1.0926458073518686
2017-12-06,1.0930695220898656
2017-12-07,1.0996077746097812
2017-12-08,1.1064240971087933
2017-12-11,1.1116680115273363
2017-12-12,1.1212796637701912
2017-12-13,1.1209335363413546
2017-12-14,1.1212808299616794
2017-12-15,1.1198764830357326
2017-12-18,1.127239291939715
2017-12-19,1.1371910664908145
2017-12-20,1.1302075938926692
2017-12-21,1.1198338149986728
2017-12-22,1.1175889101372083
2017-12-26,1.119113580822908
2017-12-27,1.1116688864160371
2017-12-28,1.1131756796055612
2017-12-29,1.1137932158892452
2018-01-02,1.1154006074858847
2018-01-03,1.12916753678548
2018-01-04,1.1385824878611832
2018-01-05,1.1443312035217157
2018-01-08,1.1563644952907837
2018-01-09,1.1569298335315437
2018-01-10,1.154048966396437
2018-01-11,1.1500505788241193
2018-01-12,1.1547470060200742
2018-01-16,1.1567029215521636
2018-01-17,1.1614952260770752
2018-01-18,1.1651681760389276
2018-01-19,1.1543482873352184
2018-01-22,1.1566506024796226
2018-01-23,1.167907329347288
2018-01-24,1.1728480501016936
2018-01-25,1.1638164487406157
2018-01-26,1.1618899727944154
2018-01-29,1.1762304571458477
2018-01-30,1.1662249873970993
2018-01-31,1.1556784096663
2018-02-01,1.162832132854772
2018-02-02,1.1436094202620146
2018-02-05,1.1130640895024595
2018-02-06,1.1235822565967781
2018-02-07,1.1558561453671001
2018-02-08,1.141039738303888
2018-02-09,1.0937683439827246
2018-02-12,1.1205789855381902
2018-02-13,1.1406869667047816
2018-02-14,1.1435091395001056
2018-02-15,1.1644990496654175
2018-02-16,1.1867236604288194
2018-02-20,1.1849598024317498
2018-02-21,1.186018117229992
2018-02-22,1.1784335278425904
2018-02-23,1.1798446142402466
2018-02-26,1.2045386261992292
2018-02-27,1.2234119067678801
2018-02-28,1.2110649007883891
2018-03-01,1.2024219966032985
2018-03-02,1.1824904012364077
2018-03-05,1.1937790924178433
2018-03-06,1.2059497125976877
2018-03-07,1.2085954995935098
2018-03-08,1.2152981599834736
2018-03-09,1.2205897341644587
2018-03-12,1.2436962739301296
2018-03-13,1.247576761524566
2018-03-14,1.2332895117462788
2018-03-15,1.2322311969480328
2018-03-16,1.232936740147595
2018-03-19,1.2278215521169042
2018-03-20,1.20348031175116
2018-03-21,1.202951154355628
2018-03-22,1.1957193365692507
2018-03-23,1.1648518227548683
2018-03-26,1.1338079220717856
2018-03-27,1.1768460574717312
2018-03-28,1.1390995536875796
2018-03-29,1.1315149644305904
2018-04-02,1.1539159631514557
2018-04-03,1.1263997835321886
2018-04-04,1.1375120930886042
2018-04-05,1.1533868326777545
2018-04-06,1.1581492564496132
2018-04-09,1.1297513346586792
2018-04-10,1.138570642835176
2018-04-11,1.1666160081310517
2018-04-12,1.159736994880316
2018-04-13,1.1736714903122467
2018-04-16,1.1697910176840631
2018-04-17,1.1787949771586728
2018-04-18,1.200666868126432
2018-04-19,1.1974919006552713
2018-04-20,1.18426283230222
2018-04-23,1.16785885182689
2018-04-24,1.1636255697293556
2018-04-25,1.143341138730417
2018-04-26,1.143517523584987
2018-04-27,1.164331203018095
2018-04-30,1.1622145800458359
2018-05-01,1.1546295096929282
2018-05-02,1.1690932662224756
2018-05-03,1.167858588809552
2018-05-04,1.1705044053143274
2018-05-07,1.192729191617677
2018-05-08,1.2010194040647177
2018-05-09,1.2036640237412712
2018-05-10,1.2184805658785762
2018-05-11,1.2343553852670701
2018-05-14,1.2325914958156434
2018-05-15,1.2324151611437701
2018-05-16,1.2207736973587715
2018-05-17,1.226241719083961
2018-05-18,1.2198918551378357
2018-05-21,1.2147766473766535
2018-05-22,1.2253598741928449
2018-05-23,1.223596036883716
2018-05-24,1.232591780574827
2018-05-25,1.231180685910768
2018-05-29,1.2302986916027097
2018-05-30,1.2235959017809421
2018-05-31,1.232591653002616
2018-06-01,1.232944468873371
2018-06-04,1.253934454233836
2018-06-05,1.26398847213067
2018-06-06,1.2683980528364507
2018-06-07,1.2766882455197843
2018-06-08,1.2664577993276662
2018-06-11,1.2643411919111665
2018-06-12,1.2657522554977383
2018-06-13,1.2719258149917045
2018-06-14,1.2654023204043827
2018-06-15,1.2743980739946918
2018-06-18,1.265049476803835
2018-06-19,1.2664605940096911
2018-06-20,1.2599342978862313
2018-06-21,1.2625166512529782
2018-06-22,1.2528158935158968
2018-06-25,1.2487592098281386
2018-06-26,1.2228316303425633
2018-06-27,1.2277701894945634
2018-06-28,1.2110317858983788
2018-06-29,1.2258477634632123
2018-07-02,1.225318696401902
2018-07-03,1.236254321749273
2018-07-05,1.2216148073414892
2018-07-06,1.2389001683450647
2018-07-09,1.2533578484304468
2018-07-10,1.2628826210287216
2018-07-11,1.265881076647016
2018-07-12,1.260942411009179
2018-07-13,1.280872672919977
2018-07-16,1.2794617045539227
2018-07-17,1.2764632727504597
2018-07-18,1.2859877804578146
2018-07-19,1.2838712850136627
2018-07-20,1.279285444564759
2018-07-23,1.2796382402858109
2018-07-24,1.2861643721738774
2018-07-25,1.29321959209787
2018-07-26,1.3094464951647
2018-07-27,1.2893390868750703
2018-07-30,1.2672936361130904
2018-07-31,1.2475394101374926
2018-08-01,1.2508914014418167
2018-08-02,1.2621797688785232
2018-08-03,1.2780540614823779
2018-08-06,1.2826399812087306
2018-08-07,1.2833936667090784
2018-08-08,1.2880787437961543
2018-08-09,1.2893812082460423
2018-08-10,1.300070676938234
2018-08-13,1.2912016844737624
2018-08-14,1.2885270367048174
2018-08-15,1.2965494723649076
2018-08-16,1.3040973216417207
2018-08-17,1.3099091789557211
2018-08-20,1.3139818653606286
2018-08-21,1.3121925968552905
2018-08-22,1.3143969970689873
2018-08-23,1.3195948472354957
2018-08-24,1.3216527853407631
2018-08-27,1.3348067004995703
2018-08-28,1.3457367060653724
2018-08-29,1.3479922070983614
2018-08-30,1.3497767807309444
2018-08-31,1.352676065018848
2018-09-04,1.353748555943547
2018-09-05,1.3487476989559595
2018-09-06,1.332055166007513
2018-09-07,1.3280302502185963
2018-09-10,1.317154545350213
2018-09-11,1.3220194786478499
2018-09-12,1.3332569625104382
2018-09-13,1.3364025337765528
2018-09-14,1.3384249632180492
2018-09-17,1.3373100796383068
2018-09-18,1.3205996172296146
2018-09-19,1.3289719739053512
2018-09-20,1.325589795752187
2018-09-21,1.3317283671208087
2018-09-24,1.3310968988432055
2018-09-25,1.327686744561533
2018-09-26,1.326093620818705
2018-09-27,1.321137479946135
2018-09-28,1.3220370609272145
2018-10-01,1.3269438383246184
2018-10-02,1.333106453094629
2018-10-03,1.3330181127235454
2018-10-04,1.3370601608143735
2018-10-05,1.3274197289324856
2018-10-08,1.3145807732034327
2018-10-09,1.3005724367009541
2018-10-10,1.301015173478625
2018-10-11,1.2974711075403278
2018-10-12,1.3132479172011409
2018-10-15,1.308674928893659
2018-10-16,1.3081033053556532
2018-10-17,1.3110757477555175
2018-10-18,1.3033418918920194
2018-10-19,1.3028845789474957
2018-10-22,1.3000263730442239
2018-10-23,1.298311449502266
2018-10-24,1.3024271823959999
2018-10-25,1.312259410072095
2018-10-26,1.3067716550900894
2018-10-29,1.3146603028767236
2018-10-30,1.3116877689281417
2018-10-31,1.3051710598870099
2018-11-01,1.2985400226619095
2018-11-02,1.2965964427723822
2018-11-05,1.2804761625121843
2018-11-06,1.2855066045791965
2018-11-07,1.2847063069776266
2018-11-08,1.2864212304095624
2018-11-09,1.2857439521359415
2018-11-12,1.2844670767184998
2018-11-13,1.2928480231720694
2018-11-14,1.2920547955000903
2018-11-15,1.292848023317016
2018-11-16,1.2922815111073485
2018-11-19,1.2997605166972057
2018-11-20,1.3033865426542486
2018-11-21,1.3038398157033482
2018-11-23,1.3033865447852229
2018-11-26,1.30474636382098
2018-11-27,1.333784016678372
2018-11-28,1.3364406493639984
2018-11-29,1.383130565174782
2018-11-30,1.388546766811086
2018-12-03,1.4016394403146906
2018-12-04,1.432533400083882
2018-12-06,1.3783562004438688
2018-12-07,1.382682289435297
2018-12-10,1.3852560275153374
2018-12-11,1.4042471304131323
2018-12-12,1.404016241827435
2018-12-13,1.4146219971615748
2018-12-14,1.4154339893251486
2018-12-17,1.3808744314644654
2018-12-18,1.3516295920736858
2018-12-19,1.3565070091791733
2018-12-20,1.3300403820236926
2018-12-21,1.3064244684329696
2018-12-24,1.2617933532844057
2018-12-26,1.228247312300015
2018-12-27,1.3024128359574374
2018-12-28,1.3096334569681285
2018-12-31,1.306654699568648
2019-01-02,1.3189975337803541
2019-01-03,1.319849283783845
2019-01-04,1.2559374330304374
2019-01-07,1.3115853750155166
2019-01-08,1.3233139603913842
2019-01-09,1.3344057970322047
2019-01-10,1.3516553894303427
2019-01-11,1.3574205137737305
2019-01-14,1.3627052848342276
2019-01-15,1.3500546721136895
2019-01-16,1.370426706651479
2019-01-17,1.3717144336111402
2019-01-18,1.3805227015965698
2019-01-22,1.4015335258846626
2019-01-23,1.3779822402121782
2019-01-24,1.3826931108164113
2019-01-25,1.3939161409660745
2019-01-28,1.413636480605484
2019-01-29,1.394822978080709
2019-01-30,1.3798342189728454
2019-01-31,1.4221133219554176
2019-02-01,1.420628706478964
2019-02-04,1.4289351557271945
2019-02-05,1.4518466684219486
2019-02-06,1.4640604470043252
2019-02-07,1.468973652455191
2019-02-08,1.478683467558588
2019-02-11,1.4870884002897042
2019-02-12,1.4864600091932625
2019-02-13,1.5061414941664368
2019-02-14,1.5081285243419171
2019-02-15,1.5153515775163275
2019-02-19,1.5260115886807557
2019-02-20,1.5264865429149481
2019-02-21,1.5282703142462497
2019-02-22,1.528620428482603
2019-02-25,1.5463948776766774
2019-02-26,1.5534310245674254
2019-02-27,1.5566745329477574
2019-02-28,1.5544088232889162
2019-03-01,1.5495607238471298
2019-03-04,1.5581085756492146
2019-03-05,1.5522120597610725
2019-03-06,1.5476973239128402
2019-03-07,1.5395553406605724
2019-03-08,1.5361178396283142
2019-03-11,1.5388397164222671
2019-03-12,1.5718389264830974
2019-03-13,1.5810876187895229
2019-03-14,1.591447559205271
2019-03-15,1.5945539566870899
2019-03-18,1.6082002110507425
2019-03-19,1.607278699949052
2019-03-20,1.6104830734605002
2019-03-21,1.6060977234420621
2019-03-22,1.6096324781023714
2019-03-25,1.571720639614237
2019-03-26,1.5652168685820755
2019-03-27,1.5737956861860305
2019-03-28,1.5647944459664687
2019-03-29,1.571180694591618
2019-04-01,1.5697810208473217
2019-04-02,1.591170913557528
2019-04-03,1.5964472507664236
2019-04-04,1.6090504423662224
2019-04-05,1.6022712537777128
2019-04-08,1.6043554024606852
2019-04-09,1.6103139754754459
2019-04-10,1.6153954268988693
2019-04-11,1.6266087720974074
2019-04-12,1.6245306782985978
2019-04-15,1.6358178455880454
2019-04-16,1.6399517448063516
2019-04-17,1.629689681505923
2019-04-18,1.630356490870171
2019-04-22,1.6388910170822648
2019-04-23,1.642676449057547
2019-04-24,1.6461724297419082
2019-04-25,1.659547748068585
2019-04-26,1.6571303442232077
2019-04-29,1.6627709404188777
2019-04-30,1.6526527564874853
2019-05-01,1.661116187941835
2019-05-02,1.6588864461802986
2019-05-03,1.6509869869449847
2019-05-06,1.6556731068495494
2019-05-07,1.660225337613975
2019-05-08,1.6729448060274483
2019-05-09,1.670977490778353
2019-05-10,1.677827410562122
2019-05-13,1.6755441305897396
2019-05-14,1.6887067217558953
2019-05-15,1.6837372660281902
2019-05-16,1.6940793092563127
2019-05-17,1.688438198419187
2019-05-20,1.692198938977276
2019-05-21,1.6887068227447655
2019-05-22,1.686020625293816
2019-05-23,1.6956911012773384
2019-05-24,1.7147634289115072
2019-05-28,1.7162408627423302
2019-05-29,1.7298063950414506
2019-05-30,1.733835760042712
2019-05-31,1.748744410547391
2019-06-03,1.7706372941957378
2019-06-04,1.778830336367166
2019-06-05,1.7585491991887703
2019-06-06,1.7486100988496602
2019-06-07,1.754251209852939
2019-06-10,1.7694284846950936
2019-06-11,1.752773776018747
2019-06-12,1.7538482733527048
2019-06-13,1.755191395020152
2019-06-14,1.7612354425236647
2019-06-17,1.765667744026241
2019-06-18,1.7687569238613696
2019-06-19,1.7776215268665216
2019-06-20,1.7801734580346715
2019-06-21,1.784874383870737
2019-06-24,1.7652648075260065
2019-06-25,1.7784273998669897
2019-06-26,1.7839341987035238
2019-06-27,1.7725176645302219
2019-06-28,1.785008696037483
2019-07-01,1.7837999135666893
2019-07-02,1.7761441200236519
2019-07-03,1.7898440782817018
2019-07-05,1.8040032956142393
2019-07-08,1.7800772251462988
2019-07-09,1.7824187270773484
2019-07-10,1.7855800967845
2019-07-11,1.794334202069317
2019-07-12,1.799224502617683
2019-07-15,1.811576673664181
2019-07-16,1.8175156182806622
2019-07-17,1.812056861066293
2019-07-18,1.8008394724859609
2019-07-19,1.8135269463778199
2019-07-22,1.8073190319533208
2019-07-23,1.8107500582613312
2019-07-24,1.8214091346589372
2019-07-25,1.8343298557132899
2019-07-26,1.826543991328212
2019-07-29,1.8312653717508325
2019-07-30,1.831822495978683
2019-07-31,1.8204691453743516
2019-08-01,1.7953464546527562
2019-08-02,1.7812190213107206
2019-08-05,1.7540912487501767
2019-08-06,1.6888347375919914
2019-08-07,1.7023337406965786
2019-08-08,1.7029418040418134
2019-08-09,1.7065901894784492
2019-08-12,1.703185074799893
2019-08-13,1.6812412509362527
2019-08-14,1.6754791475508157
2019-08-15,1.6241424442916312
2019-08-16,1.6390828299387568
2019-08-19,1.6700632974058942
2019-08-20,1.6953394753492852
2019-08-21,1.712341393794051
2019-08-22,1.7324069797944963
2019-08-23,1.7285361514691704
2019-08-26,1.7569438489094937
2019-08-27,1.7498434885999357
2019-08-28,1.7471287208371822
2019-08-29,1.7493774213322675
2019-08-30,1.7427823057740939
2019-09-03,1.7431751174245587
2019-09-04,1.7256437442198822
2019-09-05,1.7282225979974377
2019-09-06,1.7642305164928267
2019-09-09,1.7627624665696862
2019-09-10,1.7314464948662378
2019-09-11,1.7228207375171058
2019-09-12,1.7197593500343726
2019-09-13,1.7286996849284262
2019-09-16,1.6917764837700007
2019-09-17,1.6875024518505044
2019-09-18,1.6943479393243388
2019-09-19,1.7015337743026218
2019-09-20,1.705189087520994
2019-09-23,1.7277154794905838
2019-09-24,1.7325815196933296
2019-09-25,1.7534652416906213
2019-09-26,1.7742424607832756
2019-09-27,1.7856551579223985
2019-09-30,1.7900446740446159
2019-10-01,1.808846330302038
2019-10-02,1.8111216891495505
2019-10-03,1.8155451381128407
2019-10-04,1.8321113240676845
2019-10-07,1.860631145056773
2019-10-08,1.8452097516683028
2019-10-09,1.8292433538749504
2019-10-10,1.8257983782869551
2019-10-11,1.8073031128046126
2019-10-14,1.8322204935976034
2019-10-15,1.8310649924304714
2019-10-16,1.8510338751834923
2019-10-17,1.8417257399375588
2019-10-18,1.8380088557797436
2019-10-21,1.8341410886620433
2019-10-22,1.8203436381455627
2019-10-23,1.7959197327518717
2019-10-24,1.7976789248950285
2019-10-25,1.8224760458083114
2019-10-28,1.8139352266772892
2019-10-29,1.832761930965226
2019-10-30,1.8161964918053397
2019-10-31,1.8312314847861468
2019-11-01,1.830073746678554
2019-11-04,1.851933600348298
2019-11-05,1.8604872803841332
2019-11-06,1.8583017935915649
2019-11-07,1.8574868469959374
2019-11-08,1.8718654195829532
2019-11-11,1.8823148787352584
2019-11-12,1.8831885031666258
2019-11-13,1.8918369365423804
2019-11-14,1.8966633287214414
2019-11-15,1.8945027626891888
2019-11-18,1.9081266877948033
2019-11-19,1.9115945234255718
2019-11-20,1.9275226567996144
2019-11-21,1.947462051699609
2019-11-22,1.9376503923081516
2019-11-25,1.9352490489918075
2019-11-26,1.940959479875451
2019-11-27,1.9502570814880746
2019-11-29,1.944591465941618
2019-12-02,1.9404458544439622
2019-12-03,1.9112879667035343
2019-12-04,1.8943883121682978
2019-12-05,1.8754728298542753
2019-12-06,1.8663510092387439
2019-12-09,1.8560213049097163
2019-12-10,1.8462935153582385
2019-12-11,1.8477714408240449
2019-12-12,1.862291652522505
2019-12-13,1.831642158098614
2019-12-16,1.8528302282196245
2019-12-17,1.8361729261913273
2019-12-18,1.833640540991325
2019-12-19,1.818587930072221
2019-12-20,1.8185879303430665
2019-12-23,1.82098660494668
2019-12-24,1.8261910281179212
2019-12-26,1.8314106303420339
2019-12-27,1.8450565375726413
2019-12-30,1.8470741707267575
2019-12-31,1.8403487273238184
2020-01-02,1.8223244895937076
2020-01-03,1.8429715822486048
2020-01-06,1.8653133360507062
2020-01-07,1.8693775224039897
2020-01-08,1.8683383599690038
2020-01-09,1.8560548820917095
2020-01-10,1.862570213097574
2020-01-13,1.8791300126125874
2020-01-14,1.9025751967058266
2020-01-15,1.912362418951512
2020-01-16,1.9250444404218443
2020-01-17,1.9189791910285776
2020-01-21,1.9097585434927478
2020-01-22,1.9298218183819815
2020-01-23,1.9367677112588437
2020-01-24,1.95032182677293
2020-01-27,1.9660970882681699
2020-01-28,1.9966783437341453
2020-01-29,2.0348252917320795
2020-01-30,2.0547243006443443
2020-01-31,2.0550624201575003
2020-02-03,2.0737709655219128
2020-02-04,2.068654191253526
2020-02-05,2.1228324811964616
2020-02-06,2.135254166775429
2020-02-07,2.1448772670057994
2020-02-10,2.1711101606146954
2020-02-11,2.1771232340524187
2020-02-12,2.169423525108552
2020-02-13,2.1929038706738146
2020-02-14,2.201315227278822
2020-02-18,2.2109492413262415
2020-02-19,2.2218374563365533
2020-02-20,2.248280218349125
2020-02-21,2.2624272480331733
2020-02-24,2.2835591240468194
2020-02-25,2.1891865344220878
2020-02-26,2.2000461605949893
2020-02-27,2.2100578099610844
2020-02-28,2.2230531634773447
2020-03-02,2.2732577483517673
2020-03-03,2.2532051882124207
2020-03-04,2.2881873916671935
2020-03-05,2.263890129016598
2020-03-06,2.3202422140797254
2020-03-09,2.440996682072141
2020-03-10,2.5071554936267733
2020-03-11,2.3786434658724205
2020-03-12,2.2911147727094336
2020-03-13,2.305312570764299
2020-03-16,2.25320518821242
2020-03-17,2.3991351331681035
2020-03-18,2.2391537592096666
2020-03-19,2.112837267236994
2020-03-20,2.170360304717018
2020-03-23,2.333561797821919
2020-03-24,2.4297262650595153
2020-03-25,2.3844982279569016
2020-03-26,2.3790825730287573
2020-03-27,2.390792097197719
2020-03-30,2.454609003918559
2020-03-31,2.4344100747271007
2020-04-01,2.3889329017879257
2020-04-02,2.418908601046585
2020-04-03,2.43425847602928
2020-04-06,2.4400508816831272
2020-04-07,2.4336792354638956
2020-04-08,2.408273821946779
2020-04-09,2.3907512042404915
2020-04-13,2.3950956549114713
2020-04-14,2.373228586534204
2020-04-15,2.37264932644474
2020-04-16,2.4354990461515893
2020-04-17,2.465162588862452
2020-04-20,2.4321179025046042
2020-04-21,2.4516838352164876
2020-04-22,2.482554529050793
2020-04-23,2.4571912829427953
2020-04-24,2.4403230186935447
2020-04-27,2.446050132091089
2020-04-28,2.400519580580613
2020-04-29,2.4281529027237636
2020-04-30,2.4155532532491666
2020-05-01,2.392577773816878
2020-05-04,2.4099402489657225
2020-05-05,2.398604418083419
2020-05-06,2.3832508243567547
2020-05-07,2.401734921459173
2020-05-08,2.4377491191252307
2020-05-11,2.406055739461631
2020-05-12,2.387274477438757
2020-05-13,2.4117781774058655
2020-05-14,2.4286519676634466
2020-05-15,2.4524383687861717
2020-05-18,2.4461289964122455
2020-05-19,2.3924259664388257
2020-05-20,2.401376471434395
2020-05-21,2.408566221348869
2020-05-22,2.4145821345426133
2020-05-26,2.429108363961653
2020-05-27,2.4265913642232855
2020-05-28,2.440437455569564
2020-05-29,2.4314559032580774
2020-06-01,2.448820237726952
2020-06-02,2.4292105151802055
2020-06-03,2.4203786554072435
2020-06-04,2.392147667247971
2020-06-05,2.3575114561953017
2020-06-08,2.3407181417455236
2020-06-09,2.3497145602007623
2020-06-10,2.3764039349513038
2020-06-11,2.411639907234322
2020-06-12,2.4572217607408646
2020-06-15,2.43353119214207
2020-06-16,2.434880654911303
2020-06-17,2.3975455183220484
2020-06-18,2.407441578622815
2020-06-19,2.4329314309126677
2020-06-22,2.434880654911304
2020-06-23,2.4351805355264786
2020-06-24,2.423856723452799
2020-06-25,2.3705998851097223
2020-06-26,2.3774340993402414
2020-06-29,2.40288064168792
2020-06-30,2.3953193833903237
2020-07-01,2.3836866783170994
2020-07-02,2.3762708288329186
2020-07-06,2.3787427786609787
2020-07-07,2.3690003881621533
2020-07-08,2.4022990064342586
2020-07-09,2.4406588028513303
2020-07-10,2.4795194899584128
2020-07-13,2.4670603383668293
2020-07-14,2.475218116194652
2020-07-15,2.502569459027844
2020-07-16,2.4908892042694823
2020-07-17,2.5027192059009167
2020-07-20,2.497478065937623
2020-07-21,2.5036176870374813
2020-07-22,2.478488701812745
2020-07-23,2.4858964628917484
2020-07-24,2.514934886321439
2020-07-27,2.5147867310998597
2020-07-28,2.5054529521403164
2020-07-29,2.4761523092189854
2020-07-30,2.47808487247525
2020-07-31,2.4944120391154776
2020-08-03,2.492808478106169
2020-08-04,2.477501759380956
2020-08-05,2.5011178396998566
2020-08-06,2.479251098663838
2020-08-07,2.493100034653317
2020-08-10,2.4764813114661783
2020-08-11,2.4654021626745943
2020-08-12,2.421098116421357
2020-08-13,2.39914806318311
2020-08-14,2.373503446528517
2020-08-17,2.364230816777704
2020-08-18,2.3701710952128288
2020-08-19,2.3871226217331394
2020-08-20,2.3825975829867736
2020-08-21,2.4041345305395767
2020-08-24,2.418541002213411
2020-08-25,2.414611964484295
2020-08-26,2.3961309351653357
2020-08-27,2.3869631804638063
2020-08-28,2.3463632314765706
2020-08-31,2.3446170769696972
2020-09-01,2.360187709246001
2020-09-02,2.3844895371912913
2020-09-03,2.4071906459305707
2020-09-04,2.4140300825379173
2020-09-08,2.3681913052759103
2020-09-09,2.382743353199358
2020-09-10,2.3763404762272824
2020-09-11,2.388418630515516
2020-09-14,2.39351182810694
2020-09-15,2.3933663081757564
2020-09-16,2.387545510934509
2020-09-17,2.3804150343064974
2020-09-18,2.387691030865693
2020-09-21,2.3788814769476896
2020-09-22,2.39095258892318
2020-09-23,2.4287967828265
2020-09-24,2.3531059177910643
2020-09-25,2.363218608828048
2020-09-28,2.4169141490531225
2020-09-29,2.463153450135515
2020-09-30,2.454879463261937
2020-10-01,2.475452610232081
2020-10-02,2.501388412119357
2020-10-05,2.4381866095204034
2020-10-06,2.4916413491799565
2020-10-07,2.4530537085946276
2020-10-08,2.4980237523483835
2020-10-09,2.510968680830021
2020-10-12,2.5491066392136887
2020-10-13,2.570691851582326
2020-10-14,2.554242150312252
2020-10-15,2.540707024525987
2020-10-16,2.529257570255645
2020-10-19,2.5219742556219362
2020-10-20,2.4757664285259438
2020-10-21,2.4843051115504644
2020-10-22,2.480390312063452
2020-10-23,2.468732752150133
2020-10-26,2.466534445753937
2020-10-27,2.4130154221524314
2020-10-28,2.425093182154927
2020-10-29,2.3222185443381895
2020-10-30,2.360953082353911
2020-11-02,2.3086864398906313
2020-11-03,2.3145174518940044
2020-11-04,2.3553377787899765
2020-11-05,2.446963395509859
2020-11-06,2.522970733375434
2020-11-09,2.5319165292957067
2020-11-10,2.5151093409054384
2020-11-11,2.474157139679914
2020-11-12,2.532851792730029
2020-11-13,2.510292159148146
2020-11-16,2.531597985581995
2020-11-17,2.556036963483574
2020-11-18,2.5418333285098016
2020-11-19,2.5146791135445468
2020-11-20,2.534940210505697
2020-11-23,2.5088329209205398
2020-11-24,2.5082251885753255
2020-11-25,2.543108252366056
2020-11-27,2.5485387146464777
2020-11-30,2.56208346803058
2020-12-01,2.579209953144451
2020-12-02,2.6122122632003757
2020-12-03,2.608244126323176
2020-12-04,2.606573294782591
2020-12-07,2.6326828260769872
2020-12-08,2.6402020275714353
2020-12-09,2.6487660568791167
2020-12-10,2.598965476962608
2020-12-11,2.6220008226548988
2020-12-14,2.6166228420030344
2020-12-15,2.619551161154994
2020-12-16,2.655123656282134
2020-12-17,2.6619754261612347
2020-12-18,2.682776895530436
2020-12-21,2.673074016641423
2020-12-22,2.6836753470478474
2020-12-23,2.7012027540255437
2020-12-24,2.6825367161702998
2020-12-28,2.7001566156520624
2020-12-29,2.7013608922748147
2020-12-30,2.688661031194411
2020-12-31,2.6895233558343015
2021-01-04,2.6936276200526024
2021-01-05,2.6498432117649067
2021-01-06,2.6338932856096577
2021-01-07,2.6485061956378506
2021-01-08,2.6886697403009774
2021-01-11,2.7050586674189367
2021-01-12,2.7002195957134085
2021-01-13,2.6980748161457173
2021-01-14,2.7284544416105887
2021-01-15,2.7028949846047827
2021-01-19,2.676594307026772
2021-01-20,2.6852348667759354
2021-01-21,2.7342456501064376
2021-01-22,2.7689593294452046
2021-01-25,2.7584222064248105
2021-01-26,2.781195624355367
2021-01-27,2.7827890616614708
2021-01-28,2.729313228131376
2021-01-29,2.740530883044593
2021-02-01,2.6784748110768066
2021-02-02,2.7455765043884197
2021-02-03,2.7827631830843758
2021-02-04,2.773208297310999
2021-02-05,2.817456937858458
2021-02-08,2.8112247746018184
2021-02-09,2.8407235031177946
2021-02-10,2.8373997059096228
2021-02-11,2.8332450150803625
2021-02-12,2.8586298430815633
2021-02-16,2.8732142884986667
2021-02-17,2.863886043762055
2021-02-18,2.8385933853772283
2021-02-19,2.82470308816704
2021-02-22,2.820425509078896
2021-02-23,2.7582373335531147
2021-02-24,2.7505687240690597
2021-02-25,2.7926518176434265
2021-02-26,2.695014820474064
2021-03-01,2.709306556361514
2021-03-02,2.7965543760912825
2021-03-03,2.7521912546885057
2021-03-04,2.6829559226834134
2021-03-05,2.648858237344108
2021-03-08,2.6976259006224863
2021-03-09,2.6407564511912005
2021-03-10,2.7305792598671896
2021-03-11,2.719666321257746
2021-03-12,2.777799321819806
2021-03-15,2.7578619726275586
2021-03-16,2.7865332521548747
2021-03-17,2.807514447827304
2021-03-18,2.805206568415343
2021-03-19,2.727365652623088
2021-03-22,2.7191826869481317
2021-03-23,2.766481249643201
2021-03-24,2.7492785742307784
2021-03-25,2.7159303038139786
2021-03-26,2.7142520235771523
2021-03-29,2.7832722005270005
2021-03-30,2.768797096976705
2021-03-31,2.742912851994626
2021-04-01,2.786553595773208
2021-04-05,2.8425734994035685
2021-04-06,2.901321122169799
2021-04-07,2.888942276149484
2021-04-08,2.9019736019073807
2021-04-09,2.9439022742230714
2021-04-12,2.9677589370210247
2021-04-13,2.953524158039696
2021-04-14,2.981364823202325
2021-04-15,2.949755247630147
2021-04-16,3.0004142738240116
2021-04-19,2.999794461725614
2021-04-20,2.9748839030599474
2021-04-21,2.9485080928902656
2021-04-22,2.978233639599147
2021-04-23,2.9432769426252334
2021-04-26,2.987236994563644
2021-04-27,3.00251790415369
2021-04-28,2.995191533976121
2021-04-29,2.968400094263787
2021-04-30,2.965887330522816
2021-05-03,2.9390060210562208
2021-05-04,2.930814150745393
2021-05-05,2.878219093220521
2021-05-06,2.871276434959381
2021-05-07,2.900098459654182
2021-05-10,2.9223797923540467
2021-05-11,2.848603741308295
2021-05-12,2.8293019291097656
2021-05-13,2.7497272388138914
2021-05-14,2.7861642178132238
2021-05-17,2.8475202486894564
2021-05-18,2.826579722800014
2021-05-19,2.8039634792234613
2021-05-20,2.813805406421981
2021-05-21,2.867599989224079
2021-05-24,2.8518949720916376
2021-05-25,2.8886750804133343
2021-05-26,2.8895084586913935
2021-05-27,2.889300248710117
2021-05-28,2.8740871511872603
2021-06-01,2.8840335153826517
2021-06-02,2.8701001348454604
2021-06-03,2.8896471230311302
2021-06-04,2.8627666748382574
2021-06-07,2.9177797268232952
2021-06-08,2.9171546293280635
2021-06-09,2.9173630290557275
2021-06-10,2.9194474709166323
2021-06-11,2.940910618751415
2021-06-14,2.953417489161551
2021-06-15,2.9820276840395064
2021-06-16,2.965175537380462
2021-06-17,2.9491565625897564
2021-06-18,2.983274718764136
2021-06-21,2.956021174218742
2021-06-22,2.9824138870227364
2021-06-23,3.0090830357213147
2021-06-24,3.0057546429465405
2021-06-25,3.0246849225549846
2021-06-28,3.0211758687047596
2021-06-29,3.0527949060385686
2021-06-30,3.0750412867763806
2021-07-01,3.0717128471285178
2021-07-02,3.076914407088882
2021-07-06,3.10538709273291
2021-07-07,3.1094041475565772
2021-07-08,3.126245744656438
2021-07-09,3.096688723004976
2021-07-12,3.1252128365259675
2021-07-13,3.131162595201318
2021-07-14,3.1439056319636185
2021-07-15,3.167047014514306
2021-07-16,3.140976910406762
2021-07-19,3.1099400574613463
2021-07-20,3.0671076616407755
2021-07-21,3.112619051560757
2021-07-22,3.1421424737253556
2021-07-23,3.1653027670764504
2021-07-26,3.1967488894188683
2021-07-27,3.195355170474285
2021-07-28,3.16808653630463
2021-07-29,3.165234656474939
2021-07-30,3.1478465371066786
2021-08-02,3.1439854532969758
2021-08-03,3.1504754283753846
2021-08-04,3.1725629249446645
2021-08-05,3.175614540685489
2021-08-06,3.159429788254167
2021-08-09,3.156832482184662
2021-08-10,3.1521118474307235
2021-08-11,3.1352030648861375
2021-08-12,3.1356297121708985
2021-08-13,3.1305531406522675
2021-08-16,3.1475944321586797
2021-08-17,3.161775961839535
2021-08-18,3.160480149771618
2021-08-19,3.1253016791192216
2021-08-20,3.1483253810586453
2021-08-23,3.150418760516525
2021-08-24,3.190556594577107
2021-08-25,3.165799593497638
2021-08-26,3.1395116942146677
2021-08-27,3.1200555260678455
2021-08-30,3.141283281358101
2021-08-31,3.149480217723389
2021-09-01,3.1436869130829517
2021-09-02,3.145295531918651
2021-09-03,3.142165622861907
2021-09-07,3.1543936382424422
2021-09-08,3.144590235480076
2021-09-09,3.1659921971998366
2021-09-10,3.1539782843856035
2021-09-13,3.1242037565747784
2021-09-14,3.1252426828541906
2021-09-15,3.1631292779662186
2021-09-16,3.1908104988348875
2021-09-17,3.185803568382808
2021-09-20,3.1362182621115067
2021-09-21,3.073776706100471
2021-09-22,3.0711310187965064
2021-09-23,3.0894491175658025
2021-09-24,3.1308219921077085
2021-09-27,3.133126572702005
2021-09-28,3.103311081031706
2021-09-29,3.0177316017264375
2021-09-30,3.0139957578112133
