date,2021_11_09__14_17_01_daily_actor_lr_1e-06_critic_lr_9.999999999999999e-06_epoch_50_gamma_0.25
2015-01-05,0.9949909836426151
2015-01-06,0.9956751405568337
2015-01-07,1.0023419159769893
2015-01-08,1.0089015261340817
2015-01-09,1.0086170772191063
2015-01-12,1.0053978865052138
2015-01-13,1.003826778356445
2015-01-14,1.0028482603117328
2015-01-15,1.0024866125953422
2015-01-16,1.0059123471398543
2015-01-20,1.012725332301535
2015-01-21,1.011353166076033
2015-01-22,1.019677599121267
2015-01-23,1.0220341483363498
2015-01-26,1.0216184971633506
2015-01-27,1.0116820232354482
2015-01-28,1.0108378109608076
2015-01-29,1.0144255061261307
2015-01-30,1.0129005112137626
2015-02-02,1.018681325688531
2015-02-03,1.0200485413842595
2015-02-04,1.0188712941801936
2015-02-05,1.0212918536161135
2015-02-06,1.0128700691832382
2015-02-09,1.009735614239778
2015-02-10,1.0141179297840197
2015-02-11,1.0155435350527977
2015-02-12,1.0209871348986308
2015-02-13,1.0201135450035552
2015-02-17,1.0153676202528592
2015-02-18,1.0177351939888932
2015-02-19,1.0153490189528522
2015-02-20,1.0201879283792474
2015-02-23,1.0244968119888846
2015-02-24,1.0312866936425429
2015-02-25,1.031594075193527
2015-02-26,1.0267208327672641
2015-02-27,1.0276454157886865
2015-03-02,1.0242906619130852
2015-03-03,1.019887160312754
2015-03-04,1.0173101302526426
2015-03-05,1.0172422909636496
2015-03-06,1.0001934159360588
2015-03-09,1.006253731438365
2015-03-10,1.000121665653509
2015-03-11,1.0007540011396945
2015-03-12,1.0079637216094979
2015-03-13,1.0029617325751032
2015-03-16,1.0148416088365055
2015-03-17,1.016318223818962
2015-03-18,1.0313867553546956
2015-03-19,1.026727544959123
2015-03-20,1.0312554468780908
2015-03-23,1.0298052084095508
2015-03-24,1.0300283991389985
2015-03-25,1.0156592816938101
2015-03-26,1.0088359431286122
2015-03-27,1.0146373083235318
2015-03-30,1.0207169111279468
2015-03-31,1.0156075451000222
2015-04-01,1.0175851366901518
2015-04-02,1.0155198195610269
2015-04-06,1.0182308708006402
2015-04-07,1.0196656529963066
2015-04-08,1.021931648476632
2015-04-09,1.0197452810565424
2015-04-10,1.0235782255990764
2015-04-13,1.0214269281858381
2015-04-14,1.0246271806562064
2015-04-15,1.0278266211344878
2015-04-16,1.0252645084233183
2015-04-17,1.0218435830827803
2015-04-20,1.0255585869533652
2015-04-21,1.0231826739862806
2015-04-22,1.0213747662676789
2015-04-23,1.0248439243235894
2015-04-24,1.029684880482241
2015-04-27,1.0280854534358161
2015-04-28,1.0248468499036454
2015-04-29,1.017411646358977
2015-04-30,1.0111334496160167
2015-05-01,1.0124077756196326
2015-05-04,1.0103953100699146
2015-05-05,1.0020046690414086
2015-05-06,0.9924996147530103
2015-05-07,1.000319377322385
2015-05-08,1.009804489884802
2015-05-11,0.997686813292908
2015-05-12,0.9964326364505505
2015-05-13,0.9941788509069174
2015-05-14,1.0025088546431247
2015-05-15,1.0099114646719394
2015-05-18,1.0059820951509815
2015-05-19,1.0021898969547076
2015-05-20,1.0025627861646595
2015-05-21,1.009754144747826
2015-05-22,1.0086375397691734
2015-05-26,1.0075088026630974
2015-05-27,1.0157048492112137
2015-05-28,1.0139421447005377
2015-05-29,1.0105723949655296
2015-06-01,1.0072915095346016
2015-06-02,1.001421679435624
2015-06-03,0.9971970613517078
2015-06-04,0.9964557147962191
2015-06-05,0.990787141232451
2015-06-08,0.9858385865535736
2015-06-09,0.9826728009694811
2015-06-10,0.9875597749643822
2015-06-11,0.9966976623756117
2015-06-12,0.9916564580515987
2015-06-15,0.9892685183876644
2015-06-16,0.9956630836176709
2015-06-17,0.9937741473913568
2015-06-18,0.998389176634558
2015-06-19,0.9966825346224182
2015-06-22,0.9931764902492878
2015-06-23,0.9915137589353176
2015-06-24,0.9903005259878621
2015-06-25,0.9872213580748413
2015-06-26,0.9821090592041407
2015-06-29,0.9779218701542242
2015-06-30,0.976708290904558
2015-07-01,0.976099291620405
2015-07-02,0.9769787341823176
2015-07-06,0.9816162413960148
2015-07-07,0.9883334668007797
2015-07-08,0.9809907724535749
2015-07-09,0.9746260405638195
2015-07-10,0.9772457773988327
2015-07-13,0.9834928617928688
2015-07-14,0.9873042395919867
2015-07-15,0.9910150344393545
2015-07-16,0.9992641392775328
2015-07-17,1.0040130842732182
2015-07-20,1.00357097873039
2015-07-21,1.0026213780519764
2015-07-22,1.0014694827756523
2015-07-23,1.0030182352921186
2015-07-24,0.9981190201984207
2015-07-27,0.9959399568967813
2015-07-28,1.0007243470626523
2015-07-29,1.003728875392316
2015-07-30,1.0069423037442913
2015-07-31,1.008384762285541
2015-08-03,1.0089359029289473
2015-08-04,1.0041320655546122
2015-08-05,1.004490914446581
2015-08-06,1.002241853186864
2015-08-07,1.0062132160417192
2015-08-10,1.010183999780522
2015-08-11,1.0092296671002776
2015-08-12,1.0084941021521465
2015-08-13,1.006269850188234
2015-08-14,1.0096611880988349
2015-08-17,1.014920539159462
2015-08-18,1.0097875344232454
2015-08-19,1.0085375975634328
2015-08-20,0.9983270146029996
2015-08-21,0.97936018768345
2015-08-24,0.9539102389451385
2015-08-25,0.9411546500145985
2015-08-26,0.9554514787297822
2015-08-27,0.9689200861816691
2015-08-28,0.9703120206387242
2015-08-31,0.9625604650642305
2015-09-01,0.9481395948954283
2015-09-02,0.9553610348383732
2015-09-03,0.9577305572469517
2015-09-04,0.9530332861490208
2015-09-08,0.961066669061265
2015-09-09,0.9555738354434254
2015-09-10,0.9562222860164604
2015-09-11,0.9612831455656872
2015-09-14,0.9599325949360602
2015-09-15,0.959249360399855
2015-09-16,0.9622082166150325
2015-09-17,0.9653180284318312
2015-09-18,0.9595730454317412
2015-09-21,0.9565355032645119
2015-09-22,0.9541522831958869
2015-09-23,0.9535867690181169
2015-09-24,0.9545527305516359
2015-09-25,0.9508648549068764
2015-09-28,0.9438404257294661
2015-09-29,0.9449513219018385
2015-09-30,0.9540044999177558
2015-10-01,0.956162295030684
2015-10-02,0.9668917732129307
2015-10-05,0.9719670040308525
2015-10-06,0.9721545805243091
2015-10-07,0.9752437445414929
2015-10-08,0.976784099484405
2015-10-09,0.978608852572183
2015-10-12,0.9821304684221532
2015-10-13,0.979556671972652
2015-10-14,0.9804502367236111
2015-10-15,0.9873223386306311
2015-10-16,0.9898283915373711
2015-10-19,0.9895455601064203
2015-10-20,0.9862199228313118
2015-10-21,0.9861316564484238
2015-10-22,0.9976071692958521
2015-10-23,1.0035351816648221
2015-10-26,1.004389027495434
2015-10-27,1.0036358320597603
2015-10-28,1.0095528886622192
2015-10-29,1.0026729101999474
2015-10-30,1.0026027905401196
2015-11-02,1.0068169724509732
2015-11-03,1.0057953378909301
2015-11-04,1.0050032897466818
2015-11-05,1.0030770828788298
2015-11-06,0.9976253456229632
2015-11-09,0.9896833538737022
2015-11-10,0.9910437430527756
2015-11-11,0.9883413592594098
2015-11-12,0.9825200816729318
2015-11-13,0.9771464555561994
2015-11-16,0.9856680462534418
2015-11-17,0.9860041733764556
2015-11-18,0.9961240317608413
2015-11-19,0.998921315776406
2015-11-20,1.0003907383262467
2015-11-23,1.0002205999153866
2015-11-24,1.0008495342909476
2015-11-25,1.0012537642032493
2015-11-27,1.0017294615391565
2015-11-30,1.001517489544894
2015-12-01,1.0117010736858922
2015-12-02,1.0061323184482631
2015-12-03,0.9869520686020845
2015-12-04,1.0025577608942267
2015-12-07,1.002864094757779
2015-12-08,0.9995817615074426
2015-12-09,0.9936305948851805
2015-12-10,0.9957083310569832
2015-12-11,0.9903252358685778
2015-12-14,0.9884578656017227
2015-12-15,0.9917894302866401
2015-12-16,0.9995179049682651
2015-12-17,0.9948106108394519
2015-12-18,0.9827670793959105
2015-12-21,0.9877672608094242
2015-12-22,0.9901717690988793
2015-12-23,0.9941947714967246
2015-12-24,0.9947615236064196
2015-12-28,0.994746857327106
2015-12-29,0.9950604874548892
2015-12-30,0.9902017387065293
2015-12-31,0.9854374458856463
2016-01-04,0.979974442603231
2016-01-05,0.9790024141404424
2016-01-06,0.9767645286151079
2016-01-07,0.962696100324419
2016-01-08,0.9580514122326447
2016-01-11,0.9550288193984842
2016-01-12,0.965371706545113
2016-01-13,0.9541415670161472
2016-01-14,0.9607059195648969
2016-01-15,0.9530697043068926
2016-01-19,0.9527639630546076
2016-01-20,0.9491136898737964
2016-01-21,0.9501446935498487
2016-01-22,0.9616074012146058
2016-01-25,0.9547911779564765
2016-01-26,0.9628726217230515
2016-01-27,0.9553904042993987
2016-01-28,0.9596607369916474
2016-01-29,0.9779945182822765
2016-02-01,0.9763667916146369
2016-02-02,0.9721389684786942
2016-02-03,0.9722208163734118
2016-02-04,0.9748672637168219
2016-02-05,0.9627558828670031
2016-02-08,0.9619271163557362
2016-02-09,0.96200706610315
2016-02-10,0.9646903061278566
2016-02-11,0.959748220091751
2016-02-12,0.966593558578712
2016-02-16,0.9734910133893858
2016-02-17,0.9818640026007469
2016-02-18,0.9836745458038213
2016-02-19,0.9837784093590026
2016-02-22,0.9924763515717004
2016-02-23,0.985689220991074
2016-02-24,0.9882192617202525
2016-02-25,0.9972717301104803
2016-02-26,0.9924435183014241
2016-02-29,0.9888665918713793
2016-03-01,0.998303364776753
2016-03-02,1.0024837369162831
2016-03-03,1.0058621984804186
2016-03-04,1.0057194491058272
2016-03-07,1.0053394657005004
2016-03-08,1.0025318381902175
2016-03-09,1.0040647648635506
2016-03-10,1.0029825286846317
2016-03-11,1.0099680302208702
2016-03-14,1.010518770483997
2016-03-15,1.0103954663262222
2016-03-16,1.0159330054444742
2016-03-17,1.0212380773303065
2016-03-18,1.0208758611724886
2016-03-21,1.0193368987441984
2016-03-22,1.0190085444539767
2016-03-23,1.0188941930488147
2016-03-24,1.0191726184115086
2016-03-28,1.0196114050662548
2016-03-29,1.0303359604566698
2016-03-30,1.0296141762452709
2016-03-31,1.0306573813573106
2016-04-01,1.0354964837868263
2016-04-04,1.0334793450213329
2016-04-05,1.030926252156656
2016-04-06,1.0353516584116198
2016-04-07,1.0316118059866566
2016-04-08,1.0307632921927243
2016-04-11,1.0286827473812707
2016-04-12,1.0320401425093244
2016-04-13,1.0400604180128645
2016-04-14,1.0382736111161095
2016-04-15,1.0403051555943008
2016-04-18,1.0429824304844533
2016-04-19,1.0426053005419929
2016-04-20,1.039303923792766
2016-04-21,1.0337706037947108
2016-04-22,1.0303020215436658
2016-04-25,1.0279307367819555
2016-04-26,1.026323698898353
2016-04-27,1.0304039229460111
2016-04-28,1.025439172657048
2016-04-29,1.0224000316413029
2016-05-02,1.0231294344441697
2016-05-03,1.0219767644904236
2016-05-04,1.0206388849432066
2016-05-05,1.023029147335641
2016-05-06,1.0243468273257343
2016-05-09,1.025928605373663
2016-05-10,1.0342228687412447
2016-05-11,1.0304362050893376
2016-05-12,1.0285225898933887
2016-05-13,1.0270197703365587
2016-05-16,1.0309225044169885
2016-05-17,1.0252800375701316
2016-05-18,1.0204485928310747
2016-05-19,1.0195148528105349
2016-05-20,1.0246353377917397
2016-05-23,1.0244961727225597
2016-05-24,1.032104126637992
2016-05-25,1.0352009939894853
2016-05-26,1.0377440625883436
2016-05-27,1.0401262042653456
2016-05-31,1.0403583651110133
2016-06-01,1.0418196646026163
2016-06-02,1.045983442785561
2016-06-03,1.049476785827689
2016-06-06,1.0495792248242843
2016-06-07,1.0519164079332948
2016-06-08,1.0559711692075544
2016-06-09,1.0577698071048294
2016-06-10,1.0535376928526634
2016-06-13,1.04962754730117
2016-06-14,1.0484192500609317
2016-06-15,1.0488061028778297
2016-06-16,1.0525502497063133
2016-06-17,1.0439404326793877
2016-06-20,1.0439535437651952
2016-06-21,1.0445282884897422
2016-06-22,1.0438772488669683
2016-06-23,1.0482851899894343
2016-06-24,1.0343662748381561
2016-06-27,1.032994374668949
2016-06-28,1.0454827321445108
2016-06-29,1.0531793797861657
2016-06-30,1.0631575483350868
2016-07-01,1.0694240206818513
2016-07-05,1.0696371063796215
2016-07-06,1.074435172549214
2016-07-07,1.0740865477376997
2016-07-08,1.0871752146519396
2016-07-11,1.0864682168356352
2016-07-12,1.084881417037164
2016-07-13,1.0896490863136719
2016-07-14,1.087712053716408
2016-07-15,1.0833920312687373
2016-07-18,1.08563291371204
2016-07-19,1.0869952547443165
2016-07-20,1.0894719781246998
2016-07-21,1.0874090110015877
2016-07-22,1.0914613225658654
2016-07-25,1.0896223057574939
2016-07-26,1.0909460903942285
2016-07-27,1.0973260839582666
2016-07-28,1.0972328643132314
2016-07-29,1.1022545514279138
2016-08-01,1.0970032593869081
2016-08-02,1.088096437092555
2016-08-03,1.0904018536817877
2016-08-04,1.0951633790615956
2016-08-05,1.0965875700006453
2016-08-08,1.0970663326978878
2016-08-09,1.1019622167964966
2016-08-10,1.101769336652338
2016-08-11,1.1008587605331157
2016-08-12,1.1038657618350478
2016-08-15,1.1021312829261363
2016-08-16,1.0970575726042844
2016-08-17,1.1004315521981234
2016-08-18,1.10222098777564
2016-08-19,1.0993932081495215
2016-08-22,1.103153062131574
2016-08-23,1.1052842621650132
2016-08-24,1.1008040344401475
2016-08-25,1.099207229301389
2016-08-26,1.0958000213929302
2016-08-29,1.1048914370784653
2016-08-30,1.1016939193296311
2016-08-31,1.1007743798341947
2016-09-01,1.1010935103639161
2016-09-02,1.1001697999420936
2016-09-06,1.105912609028888
2016-09-07,1.106044884444696
2016-09-08,1.0974739406150158
2016-09-09,1.0746500380205095
2016-09-12,1.0840085016783845
2016-09-13,1.0711330205752623
2016-09-14,1.072374536424551
2016-09-15,1.077518876060631
2016-09-16,1.0758524175067523
2016-09-19,1.0741343730681883
2016-09-20,1.075610414179604
2016-09-21,1.0862810593350036
2016-09-22,1.0938169662358117
2016-09-23,1.0891381717796318
2016-09-26,1.0871477348356322
2016-09-27,1.0952856140927503
2016-09-28,1.0969156166267695
2016-09-29,1.092771311023141
2016-09-30,1.0931864419634867
2016-10-03,1.0892466207072289
2016-10-04,1.0810186600868466
2016-10-05,1.081556719798435
2016-10-06,1.0798312108449581
2016-10-07,1.0780937562709894
2016-10-10,1.0790674848915782
2016-10-11,1.0703691766388193
2016-10-12,1.0716888214828968
2016-10-13,1.0708490508698836
2016-10-14,1.0653444632231608
2016-10-17,1.0663050464004324
2016-10-18,1.0714996822230665
2016-10-19,1.073392812955502
2016-10-20,1.0722031324961645
2016-10-21,1.0735988907996108
2016-10-24,1.075372311270067
2016-10-25,1.0744000162646623
2016-10-26,1.0694117505313012
2016-10-27,1.063103710229535
2016-10-28,1.0606257074672705
2016-10-31,1.0633938583232894
2016-11-01,1.0579822062609743
2016-11-02,1.056361884340215
2016-11-03,1.0494052270715044
2016-11-04,1.0528241455397036
2016-11-07,1.0617471790395947
2016-11-08,1.062629199239479
2016-11-09,1.0477475319350618
2016-11-10,1.0387426912075741
2016-11-11,1.0357870062781507
2016-11-14,1.0304492274219534
2016-11-15,1.0383496665322636
2016-11-16,1.0436124575804706
2016-11-17,1.0399690573103828
2016-11-18,1.0376140176982624
2016-11-21,1.043600659214103
2016-11-22,1.0448145134718645
2016-11-23,1.042414210621672
2016-11-25,1.0453484678434593
2016-11-28,1.0471707927971028
2016-11-29,1.0500010193998717
2016-11-30,1.0391201223893458
2016-12-01,1.0278669914975196
2016-12-02,1.0320978401387972
2016-12-05,1.035743219130111
2016-12-06,1.0372040375557918
2016-12-07,1.0499556617837853
2016-12-08,1.0460022310022214
2016-12-09,1.0440711749739682
2016-12-12,1.0438344359036662
2016-12-13,1.0505794886188569
2016-12-14,1.0415460828032492
2016-12-15,1.046337862980184
2016-12-16,1.0399399842707227
2016-12-19,1.0471257089389374
2016-12-20,1.0471393744355908
2016-12-21,1.047641405684893
2016-12-22,1.0446835421392322
2016-12-23,1.0463444693740303
2016-12-27,1.0469913300699387
2016-12-28,1.0446114545312204
2016-12-29,1.0460386986486503
2016-12-30,1.0435086064596575
2017-01-03,1.0503282749865845
2017-01-04,1.055157506316114
2017-01-05,1.0617262639192455
2017-01-06,1.0610249397836493
2017-01-09,1.0629910657534516
2017-01-10,1.0627618579448068
2017-01-11,1.0664258122495835
2017-01-12,1.063897275989935
2017-01-13,1.0635480255760776
2017-01-17,1.0655888957784587
2017-01-18,1.0616827156429693
2017-01-19,1.056922629621126
2017-01-20,1.0587817574071139
2017-01-23,1.0623738705092902
2017-01-24,1.0635117074197669
2017-01-25,1.0640348294055657
2017-01-26,1.0643452842166325
2017-01-27,1.0661577642334592
2017-01-30,1.0604098881876685
2017-01-31,1.062137166024181
2017-02-01,1.0605594484511247
2017-02-02,1.0601863441665622
2017-02-03,1.0643429741983848
2017-02-06,1.0662804234928276
2017-02-07,1.0703291653048757
2017-02-08,1.0770117912953143
2017-02-09,1.0753021433770025
2017-02-10,1.0773948450758148
2017-02-13,1.0794106241018813
2017-02-14,1.0788138348369278
2017-02-15,1.0798379595368393
2017-02-16,1.08237867589292
2017-02-17,1.0864054001455279
2017-02-21,1.089377455741248
2017-02-22,1.089998205881978
2017-02-23,1.0915244875561343
2017-02-24,1.0973954384539628
2017-02-27,1.095364506850606
2017-02-28,1.094718637248121
2017-03-01,1.0957027413001363
2017-03-02,1.0899103609842513
2017-03-03,1.0918359170722955
2017-03-06,1.0881838027245347
2017-03-07,1.085647603424021
2017-03-08,1.0828598891909407
2017-03-09,1.0799558379016903
2017-03-10,1.084159980022454
2017-03-13,1.0820062470581997
2017-03-14,1.0817824135573686
2017-03-15,1.0922139608599364
2017-03-16,1.089346778016075
2017-03-17,1.088873426549542
2017-03-20,1.0903120135410753
2017-03-21,1.0848144095056609
2017-03-22,1.0888841512818026
2017-03-23,1.0872419034942618
2017-03-24,1.0885759446484171
2017-03-27,1.0900420809721194
2017-03-28,1.0920175057646784
2017-03-29,1.0953490139535234
2017-03-30,1.0937349584832388
2017-03-31,1.093533229497668
2017-04-03,1.0960023660005127
2017-04-04,1.094099334862282
2017-04-05,1.0931753051653619
2017-04-06,1.093794836923423
2017-04-07,1.0914720900613744
2017-04-10,1.093331814554613
2017-04-11,1.0961958331344142
2017-04-12,1.0959870506468141
2017-04-13,1.0936115914363544
2017-04-17,1.0980585138233894
2017-04-18,1.102407962143067
2017-04-19,1.0990056933934864
2017-04-20,1.1028213693608717
2017-04-21,1.1009419527421673
2017-04-24,1.1062108704437685
2017-04-25,1.1051166569837263
2017-04-26,1.106837410635456
2017-04-27,1.108097146101964
2017-04-28,1.1086998173058535
2017-05-01,1.107425302177382
2017-05-02,1.1102516157081437
2017-05-03,1.109524044288082
2017-05-04,1.1078132792972537
2017-05-05,1.1108471851643171
2017-05-08,1.1096047348077456
2017-05-09,1.1094831142738162
2017-05-10,1.110828460969618
2017-05-11,1.1095551465134488
2017-05-12,1.1122839420841906
2017-05-15,1.1151642944451439
2017-05-16,1.1172299486883774
2017-05-17,1.1082322944443272
2017-05-18,1.1118042180482879
2017-05-19,1.117125701956766
2017-05-22,1.120081197503325
2017-05-23,1.118700369977725
2017-05-24,1.1230822612674025
2017-05-25,1.127106816193077
2017-05-26,1.1276029613677896
2017-05-30,1.1301987032098557
2017-05-31,1.1307922269419608
2017-06-01,1.1343521770975762
2017-06-02,1.1430041502618757
2017-06-05,1.1402053057563422
2017-06-06,1.1405074487491482
2017-06-07,1.1400871090828602
2017-06-08,1.139706988007296
2017-06-09,1.1329461201860518
2017-06-12,1.1314880088685695
2017-06-13,1.1354502906685533
2017-06-14,1.1403073169555749
2017-06-15,1.1377284856104213
2017-06-16,1.1350775566041196
2017-06-19,1.1417637971423993
2017-06-20,1.1405106303962387
2017-06-21,1.1424293710046356
2017-06-22,1.1432209700780018
2017-06-23,1.1449560216875803
2017-06-26,1.145721494780398
2017-06-27,1.1335251116922704
2017-06-28,1.1391710356665339
2017-06-29,1.1273108949499426
2017-06-30,1.1270601856425022
2017-07-03,1.124202716786326
2017-07-05,1.127528976757162
2017-07-06,1.1175975404423988
2017-07-07,1.120656270589901
2017-07-10,1.1233622464459072
2017-07-11,1.124191056583967
2017-07-12,1.133572966347044
2017-07-13,1.132169491019659
2017-07-14,1.1369534709033142
2017-07-17,1.138099464909474
2017-07-18,1.1431165432489692
2017-07-19,1.1470872800490228
2017-07-20,1.1490238875337173
2017-07-21,1.1501084996537572
2017-07-24,1.1489074623120858
2017-07-25,1.144098577518315
2017-07-26,1.1457013969470693
2017-07-27,1.1422558293359457
2017-07-28,1.1440013261294206
2017-07-31,1.1431537305835875
2017-08-01,1.1474656132570908
2017-08-02,1.1485774621492875
2017-08-03,1.1516092659641535
2017-08-04,1.1493134664471452
2017-08-07,1.152090436694656
2017-08-08,1.1490109561263906
2017-08-09,1.1512664536134214
2017-08-10,1.1437716858025424
2017-08-11,1.1460381051262731
2017-08-14,1.1518753572336276
2017-08-15,1.1503085989323523
2017-08-16,1.153429197268958
2017-08-17,1.1447519898753842
2017-08-18,1.1436453193910223
2017-08-21,1.145040275557177
2017-08-22,1.1517124866999446
2017-08-23,1.15234730185938
2017-08-24,1.149396839371518
2017-08-25,1.1521845084235285
2017-08-28,1.1523751237694237
2017-08-29,1.155315835544424
2017-08-30,1.159160738831231
2017-08-31,1.1648052003451916
2017-09-01,1.1610678797223453
2017-09-05,1.1623649389830595
2017-09-06,1.1616167716365144
2017-09-07,1.1667649061335188
2017-09-08,1.1633614353516744
2017-09-11,1.1667160790622073
2017-09-12,1.1666811347933423
2017-09-13,1.1648820671227607
2017-09-14,1.1656932903445516
2017-09-15,1.1642273485177208
2017-09-18,1.1629733216807387
2017-09-19,1.163439423795168
2017-09-20,1.162962533171981
2017-09-21,1.1601102823959142
2017-09-22,1.1615765031198373
2017-09-25,1.1604604869232662
2017-09-26,1.1608309311259923
2017-09-27,1.1585533739849196
2017-09-28,1.158119121374486
2017-09-29,1.1624461392244243
2017-10-02,1.1631899130708099
2017-10-03,1.165218041308098
2017-10-04,1.1656503231895041
2017-10-05,1.1691685534770164
2017-10-06,1.1677541973305803
2017-10-09,1.1689905652427728
2017-10-10,1.1712195687722409
2017-10-11,1.1736509304207388
2017-10-12,1.1742526505507105
2017-10-13,1.179277739386802
2017-10-16,1.1804875273949405
2017-10-17,1.181405881841902
2017-10-18,1.1794396273534078
2017-10-19,1.1796600060117028
2017-10-20,1.1787894721453174
2017-10-23,1.1766349572760582
2017-10-24,1.1752545311370441
2017-10-25,1.1694073599437282
2017-10-26,1.1694519068587765
2017-10-27,1.182682922539009
2017-10-30,1.1858906543710412
2017-10-31,1.18783348650138
2017-11-01,1.189584495831066
2017-11-02,1.1919284099814162
2017-11-03,1.1967558976805335
2017-11-06,1.199794857552158
2017-11-07,1.2015431430057484
2017-11-08,1.202706230823732
2017-11-09,1.1976178820241632
2017-11-10,1.1904273770864366
2017-11-13,1.1917807285583337
2017-11-14,1.193216724951295
2017-11-15,1.193897340713324
2017-11-16,1.197381702499349
2017-11-17,1.1977445687463757
2017-11-20,1.1993438283079028
2017-11-21,1.2066674563966882
2017-11-22,1.2072194161228544
2017-11-24,1.2085642917730566
2017-11-27,1.2076717812051079
2017-11-28,1.2141080084248608
2017-11-29,1.203502684830791
2017-11-30,1.208576972442574
2017-12-01,1.2114538132865957
2017-12-04,1.2070907047150408
2017-12-05,1.2076168823427147
2017-12-06,1.210868234436643
2017-12-07,1.2104520715633376
2017-12-08,1.2144298451259012
2017-12-11,1.2173032169482838
2017-12-12,1.217909174195799
2017-12-13,1.221360556644516
2017-12-14,1.2209342725573091
2017-12-15,1.2262497753372037
2017-12-18,1.2275624157339249
2017-12-19,1.218030383833728
2017-12-20,1.2126433617616872
2017-12-21,1.2148157602838858
2017-12-22,1.2151400424976664
2017-12-26,1.2141761682562977
2017-12-27,1.220694195883254
2017-12-28,1.2217506338532436
2017-12-29,1.219259036181022
2018-01-02,1.2208937881145625
2018-01-03,1.2284236230055237
2018-01-04,1.2317771918724396
2018-01-05,1.2365091184936023
2018-01-08,1.2381225941186729
2018-01-09,1.23227267637594
2018-01-10,1.2300442568973236
2018-01-11,1.2366957366120936
2018-01-12,1.2423105025598873
2018-01-16,1.2415364192690987
2018-01-17,1.2495863978987296
2018-01-18,1.2447312573181162
2018-01-19,1.2451159086918733
2018-01-22,1.252281380868919
2018-01-23,1.256546917103646
2018-01-24,1.2517960586589558
2018-01-25,1.2554427054638266
2018-01-26,1.2638256278500704
2018-01-29,1.2546438454516535
2018-01-30,1.244134923505521
2018-01-31,1.248752580490668
2018-02-01,1.2405153572381993
2018-02-02,1.2176338699594527
2018-02-05,1.1924870429865335
2018-02-06,1.1982335481967714
2018-02-07,1.1881248599543626
2018-02-08,1.1675920219747367
2018-02-09,1.17193588307191
2018-02-12,1.1828984322698939
2018-02-13,1.1870685520856503
2018-02-14,1.1884795312634033
2018-02-15,1.199105270951661
2018-02-16,1.2020813151063534
2018-02-20,1.1964470220975614
2018-02-21,1.186203713936396
2018-02-22,1.1886614254092662
2018-02-23,1.2045038695779815
2018-02-26,1.2134607713519103
2018-02-27,1.2039173151175475
2018-02-28,1.2009692304517166
2018-03-01,1.193835050988775
2018-03-02,1.1931135544691565
2018-03-05,1.1989381476266587
2018-03-06,1.2010705813160667
2018-03-07,1.2010707386658968
2018-03-08,1.2072825366948052
2018-03-09,1.2167751096705985
2018-03-12,1.2191744465918017
2018-03-13,1.2160770924726894
2018-03-14,1.2172848708312642
2018-03-15,1.2167586490899167
2018-03-16,1.2127005590156676
2018-03-19,1.200289196465645
2018-03-20,1.1989555661703333
2018-03-21,1.1976094206686427
2018-03-22,1.1856424162703203
2018-03-23,1.1706437884899732
2018-03-26,1.1879073701793674
2018-03-27,1.179555949830247
2018-03-28,1.1783380978209745
2018-03-29,1.1904690883603515
2018-04-02,1.1752639439266446
2018-04-03,1.1793815349953478
2018-04-04,1.1861584117838453
2018-04-05,1.1871395543603829
2018-04-06,1.1767788901803984
2018-04-09,1.1814616635428719
2018-04-10,1.1929163280774162
2018-04-11,1.190934196960546
2018-04-12,1.1937215785901156
2018-04-13,1.1927344879293853
2018-04-16,1.1985987373526046
2018-04-17,1.2091708807632389
2018-04-18,1.2051815106023365
2018-04-19,1.1961102197154727
2018-04-20,1.1854682513210864
2018-04-23,1.1847793022083566
2018-04-24,1.1722397581045145
2018-04-25,1.1703064015407154
2018-04-26,1.1822851323415873
2018-04-27,1.186020483188839
2018-04-30,1.1815580491920623
2018-05-01,1.182338092689681
2018-05-02,1.178169770877311
2018-05-03,1.179598398546957
2018-05-04,1.1908008068542657
2018-05-07,1.1932942186473499
2018-05-08,1.1933342663462512
2018-05-09,1.1982455681428836
2018-05-10,1.2096608283139247
2018-05-11,1.212129810441686
2018-05-14,1.210001079133565
2018-05-15,1.1990967288471512
2018-05-16,1.2004883492949763
2018-05-17,1.1966237475696455
2018-05-18,1.19825134388466
2018-05-21,1.2043858041013031
2018-05-22,1.2018832796196217
2018-05-23,1.2081914988482083
2018-05-24,1.2103115205564579
2018-05-25,1.2115679507456687
2018-05-29,1.2139527893810886
2018-05-30,1.2192326195249845
2018-05-31,1.2153289942383338
2018-06-01,1.220599298604696
2018-06-04,1.2216000303839127
2018-06-05,1.2238727949573125
2018-06-06,1.2261691009175446
2018-06-07,1.2285801899165218
2018-06-08,1.2283993959329558
2018-06-11,1.2285364517405624
2018-06-12,1.2304904669058452
2018-06-13,1.2273389528859289
2018-06-14,1.2341645502353982
2018-06-15,1.2297453659394704
2018-06-18,1.2284834925899928
2018-06-19,1.2278541912155208
2018-06-20,1.2251850016106658
2018-06-21,1.2224568614727023
2018-06-22,1.2226246646664394
2018-06-25,1.2117235033233635
2018-06-26,1.2144025252120465
2018-06-27,1.211582099178617
2018-06-28,1.2171919792971284
2018-06-29,1.2162134992400022
2018-07-02,1.217863022062405
2018-07-03,1.2159097521050835
2018-07-05,1.2246482421560725
2018-07-06,1.233288179089203
2018-07-09,1.2367710290648661
2018-07-10,1.239202524440408
2018-07-11,1.2361855807672983
2018-07-12,1.24469869602798
2018-07-13,1.2460266627641874
2018-07-16,1.2430304027717949
2018-07-17,1.246124065861056
2018-07-18,1.244970030483959
2018-07-19,1.2450118032418687
2018-07-20,1.2387162252081467
2018-07-23,1.2351704049782541
2018-07-24,1.240755303984528
2018-07-25,1.247616287180074
2018-07-26,1.2416408897966231
2018-07-27,1.2345839608016171
2018-07-30,1.2264795615715742
2018-07-31,1.2322484283828996
2018-08-01,1.2287616087784565
2018-08-02,1.2352985260787015
2018-08-03,1.2407367242266576
2018-08-06,1.2441834611446154
2018-08-07,1.2443609262089725
2018-08-08,1.2452263699738668
2018-08-09,1.2484301176165662
2018-08-10,1.2462558668415453
2018-08-13,1.2428421608047273
2018-08-14,1.2466672002676191
2018-08-15,1.2433591549355911
2018-08-16,1.2488840965269132
2018-08-17,1.2518115844754358
2018-08-20,1.255920958260237
2018-08-21,1.2560019535223497
2018-08-22,1.2581472630425725
2018-08-23,1.25858746879199
2018-08-24,1.2650491647883368
2018-08-27,1.268738297548194
2018-08-28,1.2664694884270544
2018-08-29,1.2720788009323263
2018-08-30,1.270179297377254
2018-08-31,1.2691994891069571
2018-09-04,1.2635047984604149
2018-09-05,1.25813621603407
2018-09-06,1.2567968001770087
2018-09-07,1.250867213191613
2018-09-10,1.2542521135953388
2018-09-11,1.254031976786127
2018-09-12,1.2544808255755735
2018-09-13,1.2609305287104404
2018-09-14,1.2585175468917145
2018-09-17,1.252860278197618
2018-09-18,1.2520468503338325
2018-09-19,1.2491968482224582
2018-09-20,1.2584397361042832
2018-09-21,1.2536531487047493
2018-09-24,1.25163863747172
2018-09-25,1.2503728688138438
2018-09-26,1.2511965243438257
2018-09-27,1.2543263811392256
2018-09-28,1.2539418870800103
2018-10-01,1.2524979935148624
2018-10-02,1.2550546520175865
2018-10-03,1.2478748710249736
2018-10-04,1.2362228750625517
2018-10-05,1.2266798890993909
2018-10-08,1.2232437825364244
2018-10-09,1.2273069728949098
2018-10-10,1.1983343080556899
2018-10-11,1.1912210455555283
2018-10-12,1.2005097477949942
2018-10-15,1.1950920651529968
2018-10-16,1.2121313199891564
2018-10-17,1.2084057737361182
2018-10-18,1.1974169300499313
2018-10-19,1.1959366232195496
2018-10-22,1.1940042379310896
2018-10-23,1.19237577234841
2018-10-24,1.174011539963172
2018-10-25,1.1850404477822587
2018-10-26,1.176420220520399
2018-10-29,1.1704048441607717
2018-10-30,1.177207878531232
2018-10-31,1.1831507085820705
2018-11-01,1.1896842914721897
2018-11-02,1.1774071493548053
2018-11-05,1.1822066671175793
2018-11-06,1.1861868946475456
2018-11-07,1.2025227860920153
2018-11-08,1.2013712804768741
2018-11-09,1.1970103910650525
2018-11-12,1.1845402221105468
2018-11-13,1.1833484969950008
2018-11-14,1.1782575014842707
2018-11-15,1.1869990590997548
2018-11-16,1.1910932150083782
2018-11-19,1.1774446231522302
2018-11-20,1.164405012303378
2018-11-21,1.1670250499315014
2018-11-23,1.1626102181720934
2018-11-26,1.1734029152382044
2018-11-27,1.1761009614478435
2018-11-28,1.1915340835205088
2018-11-29,1.190783776604455
2018-11-30,1.1973956691505299
2018-12-03,1.2104938297025067
2018-12-04,1.1939297734460492
2018-12-06,1.1948451833757128
2018-12-07,1.177732959416606
2018-12-10,1.1823108505912894
2018-12-11,1.1825040106641325
2018-12-12,1.184278163154226
2018-12-13,1.183157618788447
2018-12-14,1.1709530605183922
2018-12-17,1.1596380646687352
2018-12-18,1.1613671756303114
2018-12-19,1.156222773744261
2018-12-20,1.1428755076818258
2018-12-21,1.1234299938160366
2018-12-24,1.1066797936407329
2018-12-26,1.1398003169170003
2018-12-27,1.145068529733234
2018-12-28,1.1480045919319217
2018-12-31,1.155793412904863
2019-01-02,1.1589672126553647
2019-01-03,1.1452262134291231
2019-01-04,1.1635339275122065
2019-01-07,1.1677187043295891
2019-01-08,1.1728816607163945
2019-01-09,1.1764522665851447
2019-01-10,1.1759942162187016
2019-01-11,1.1778103497366519
2019-01-14,1.1712886322611347
2019-01-15,1.1780858129738305
2019-01-16,1.1800546843682924
2019-01-17,1.1853650046939803
2019-01-18,1.1926180036548664
2019-01-22,1.1856584677976791
2019-01-23,1.1871144563990743
2019-01-24,1.191678002849861
2019-01-25,1.196238952403609
2019-01-28,1.189412731579559
2019-01-29,1.1895531848372818
2019-01-30,1.2026016421823111
2019-01-31,1.2115711429275806
2019-02-01,1.20884565397902
2019-02-04,1.2133714434795642
2019-02-05,1.2193651031198207
2019-02-06,1.2194462319465957
2019-02-07,1.2148245607301582
2019-02-08,1.2185207084217555
2019-02-11,1.2168780555029157
2019-02-12,1.2252004693388634
2019-02-13,1.2254789602371927
2019-02-14,1.227263080591545
2019-02-15,1.235628817336206
2019-02-19,1.2378871302054266
2019-02-20,1.2378686565480916
2019-02-21,1.2316771955122807
2019-02-22,1.2404545462720753
2019-02-25,1.240781880365356
2019-02-26,1.243167155361146
2019-02-27,1.2372305011055384
2019-02-28,1.2340029015201408
2019-03-01,1.233341261427521
2019-03-04,1.234291513357596
2019-03-05,1.2339706771894798
2019-03-06,1.2313400066794284
2019-03-07,1.2280322612907388
2019-03-08,1.2288961687768503
2019-03-11,1.2394735188419406
2019-03-12,1.2461166933116536
2019-03-13,1.2502600442949345
2019-03-14,1.2468447712017148
2019-03-15,1.252113665485614
2019-03-18,1.2547689677460678
2019-03-19,1.2542656014795925
2019-03-20,1.2570571438071794
2019-03-21,1.2696108657402103
2019-03-22,1.2612890763110618
2019-03-25,1.2608746363096024
2019-03-26,1.2658997003096935
2019-03-27,1.26627608276303
2019-03-28,1.2709871097018393
2019-03-29,1.2761178594071616
2019-04-01,1.2777130702106556
2019-04-02,1.279629958231571
2019-04-03,1.2779716904960983
2019-04-04,1.280038327012906
2019-04-05,1.2844671081250638
2019-04-08,1.2839956658816214
2019-04-09,1.2815845994961326
2019-04-10,1.2861809990616937
2019-04-11,1.2828236465150633
2019-04-12,1.2845563627554193
2019-04-15,1.2853715768496656
2019-04-16,1.2836721965410582
2019-04-17,1.2837055153364219
2019-04-18,1.288078241647724
2019-04-22,1.2866264814484598
2019-04-23,1.2951046455416408
2019-04-24,1.2981158164309605
2019-04-25,1.2969564994273461
2019-04-26,1.300604765055874
2019-04-29,1.2982481057685304
2019-04-30,1.3015454019489636
2019-05-01,1.2977877506349835
2019-05-02,1.2930299390288125
2019-05-03,1.3019607155983803
2019-05-06,1.2994405949243302
2019-05-07,1.2899588968533
2019-05-08,1.2866141255097057
2019-05-09,1.286024264404743
2019-05-10,1.288778034242171
2019-05-13,1.2718854822687562
2019-05-14,1.2779554593110312
2019-05-15,1.2863570964621445
2019-05-16,1.2915471413852178
2019-05-17,1.2875132385103152
2019-05-20,1.2795409500834578
2019-05-21,1.2860342832331826
2019-05-22,1.2863082974896194
2019-05-23,1.2818995590016642
2019-05-24,1.2837362599696216
2019-05-28,1.2819901828549172
2019-05-29,1.278336743957046
2019-05-30,1.2854916548468878
2019-05-31,1.281551675795042
2019-06-03,1.2799891784297448
2019-06-04,1.2916844868754982
2019-06-05,1.2959465676445168
2019-06-06,1.303506037454074
2019-06-07,1.3172983904470819
2019-06-10,1.3167345395120595
2019-06-11,1.316919472493322
2019-06-12,1.315303177949735
2019-06-13,1.320168445997412
2019-06-14,1.31933712089792
2019-06-17,1.3206495683064103
2019-06-18,1.332899387061195
2019-06-19,1.3357084087934974
2019-06-20,1.345674758510771
2019-06-21,1.3342240595500159
2019-06-24,1.3380001771217738
2019-06-25,1.3306376124770705
2019-06-26,1.3282675384139269
2019-06-27,1.3346787660852084
2019-06-28,1.3375057397292496
2019-07-01,1.3437821481652918
2019-07-02,1.3499986337958352
2019-07-03,1.3602684809303789
2019-07-05,1.3522124680612169
2019-07-08,1.3478587227889203
2019-07-09,1.349163804937468
2019-07-10,1.3509065963235727
2019-07-11,1.346288291255506
2019-07-12,1.3512230943259527
2019-07-15,1.3551212824344843
2019-07-16,1.3493862566854642
2019-07-17,1.3503303194514182
2019-07-18,1.3541785588635398
2019-07-19,1.3485836904542425
2019-07-22,1.3533928190360323
2019-07-23,1.3561241410456684
2019-07-24,1.3631111428374338
2019-07-25,1.3567521165303014
2019-07-26,1.3625858014147778
2019-07-29,1.3614910131600682
2019-07-30,1.359838545759694
2019-07-31,1.3541800866786782
2019-08-01,1.35732183318788
2019-08-02,1.3547474167067566
2019-08-05,1.337540519183965
2019-08-06,1.3532493751361168
2019-08-07,1.3547557378575035
2019-08-08,1.3723964077480788
2019-08-09,1.364878165113757
2019-08-12,1.366291392448777
2019-08-13,1.3782806533877712
2019-08-14,1.3663110964146101
2019-08-15,1.3740586843471998
2019-08-16,1.382110757596473
2019-08-19,1.3845002453720738
2019-08-20,1.384411046702419
2019-08-21,1.388076316961317
2019-08-22,1.3837307105438523
2019-08-23,1.3701785645492504
2019-08-26,1.377455312959193
2019-08-27,1.3830908934906079
2019-08-28,1.3887395648013836
2019-08-29,1.3979960910192313
2019-08-30,1.3978066406427765
2019-09-03,1.391606001985442
2019-09-04,1.4028111299232724
2019-09-05,1.4050194721720228
2019-09-06,1.4093135549372253
2019-09-09,1.398221220044119
2019-09-10,1.3873757018850046
2019-09-11,1.3930448533140436
2019-09-12,1.3927875635721625
2019-09-13,1.3791163826090063
2019-09-16,1.3835402122798903
2019-09-17,1.388934938117023
2019-09-18,1.3916043030566825
2019-09-19,1.3936892812256705
2019-09-20,1.3919470460419818
2019-09-23,1.3923078554396213
2019-09-24,1.3919976848020186
2019-09-25,1.3898783794663718
2019-09-26,1.3923163555977516
2019-09-27,1.387642201938195
2019-09-30,1.3939195556724648
2019-10-01,1.3851493957679193
2019-10-02,1.3716372492554934
2019-10-03,1.3839643097927528
2019-10-04,1.3997845481701396
2019-10-07,1.3915711612878212
2019-10-08,1.3794914524494233
2019-10-09,1.3852238717178753
2019-10-10,1.3828730445698596
2019-10-11,1.3854831064000774
2019-10-14,1.3885417286931807
2019-10-15,1.3907153656036555
2019-10-16,1.3888436655874523
2019-10-17,1.389022364510406
2019-10-18,1.3841806284839562
2019-10-21,1.386759335844907
2019-10-22,1.384952989032475
2019-10-23,1.3875538750310048
2019-10-24,1.3905996465797101
2019-10-25,1.3932216508705493
2019-10-28,1.3948598063294084
2019-10-29,1.3929975452693824
2019-10-30,1.404098775180906
2019-10-31,1.409468474913952
2019-11-01,1.4155523417255416
2019-11-04,1.4122529929581524
2019-11-05,1.4051899101411824
2019-11-06,1.4084889694851734
2019-11-07,1.402838169509756
2019-11-08,1.4034483253181351
2019-11-11,1.40271230714644
2019-11-12,1.407294318153627
2019-11-13,1.4115057677745273
2019-11-14,1.417765782434787
2019-11-15,1.423688451089673
2019-11-18,1.4258714690962433
2019-11-19,1.430701450518631
2019-11-20,1.4325831670377798
2019-11-21,1.426898551976557
2019-11-22,1.4287390157776438
2019-11-25,1.438840529482392
2019-11-26,1.4437201539732758
2019-11-27,1.4463890258490528
2019-11-29,1.4420981911376691
2019-12-02,1.4247618024736224
2019-12-03,1.4303906857786293
2019-12-04,1.4295671391136073
2019-12-05,1.4287694604419765
2019-12-06,1.4339471904932075
2019-12-09,1.4319479743276373
2019-12-10,1.4314102922385665
2019-12-11,1.4391267619255999
2019-12-12,1.437636386200474
2019-12-13,1.4460166420032088
2019-12-16,1.4475507970496697
2019-12-17,1.4463553072494086
2019-12-18,1.441781056012009
2019-12-19,1.4461368493796884
2019-12-20,1.4471454955895828
2019-12-23,1.44798950891765
2019-12-24,1.4497069889550727
2019-12-26,1.4562824607332672
2019-12-27,1.4567187774676023
2019-12-30,1.4497051510331544
2019-12-31,1.4462985770373662
2020-01-02,1.4630635569060713
2020-01-03,1.464220960650245
2020-01-06,1.4639914063890909
2020-01-07,1.4591685664076182
2020-01-08,1.4612937955789294
2020-01-09,1.470362175632316
2020-01-10,1.4730165937573958
2020-01-13,1.4788211785268994
2020-01-14,1.4796216526646573
2020-01-15,1.4852147953381731
2020-01-16,1.492198293059766
2020-01-17,1.4909719661107086
2020-01-21,1.4956622308574241
2020-01-22,1.4986774016476216
2020-01-23,1.5047085348042069
2020-01-24,1.5023876797964337
2020-01-27,1.49547130589867
2020-01-28,1.501635821460185
2020-01-29,1.5074387771193558
2020-01-30,1.5115216018914426
2020-01-31,1.4985953445612135
2020-02-03,1.5047165176100346
2020-02-04,1.5125785322713003
2020-02-05,1.5155712059816795
2020-02-06,1.5225379970395743
2020-02-07,1.5242317322680554
2020-02-10,1.5340458702981936
2020-02-11,1.531530472877382
2020-02-12,1.5353562637913063
2020-02-13,1.5362534363889258
2020-02-14,1.5409507299142027
2020-02-18,1.5423093656777414
2020-02-19,1.5482938759359517
2020-02-20,1.5477262880094282
2020-02-21,1.5411375996593262
2020-02-24,1.5171349452067147
2020-02-25,1.4936155818071377
2020-02-26,1.4879901042582924
2020-02-27,1.455509124301075
2020-02-28,1.4678724094762141
2020-03-02,1.4968599762741026
2020-03-03,1.4840087593203763
2020-03-04,1.5107042764917489
2020-03-05,1.5003949133561683
2020-03-06,1.520718843758037
2020-03-09,1.4738691754475985
2020-03-10,1.470348520632399
2020-03-11,1.408107692641199
2020-03-12,1.3435074114368764
2020-03-13,1.3898270250611846
2020-03-16,1.3668095073178355
2020-03-17,1.3612315576067087
2020-03-18,1.2885227798315837
2020-03-19,1.3060474160767956
2020-03-20,1.3198537777294257
2020-03-23,1.3287892171917195
2020-03-24,1.3772159535104105
2020-03-25,1.3864678403099784
2020-03-26,1.4336386753447121
2020-03-27,1.4272250940095434
2020-03-30,1.4494740087161706
2020-03-31,1.4322249005583816
2020-04-01,1.4057743848710589
2020-04-02,1.4279785669387024
2020-04-03,1.418329593269531
2020-04-06,1.467818241129461
2020-04-07,1.4611540798296363
2020-04-08,1.4828365575801268
2020-04-09,1.4955210828360992
2020-04-13,1.4824782663360498
2020-04-14,1.50636890511753
2020-04-15,1.5081144045698047
2020-04-16,1.5203243799062711
2020-04-17,1.5322275969108812
2020-04-20,1.5236085918197708
2020-04-21,1.506092359169136
2020-04-22,1.518863450501859
2020-04-23,1.5220397716633676
2020-04-24,1.5357837916577932
2020-04-27,1.5342271124270166
2020-04-28,1.5378207262364387
2020-04-29,1.557143760918653
2020-04-30,1.5414576319845077
2020-05-01,1.5243406803961896
2020-05-04,1.5242019387094623
2020-05-05,1.527893728018067
2020-05-06,1.5123369654995331
2020-05-07,1.5340228628776644
2020-05-08,1.5384385458419059
2020-05-11,1.5338985693964995
2020-05-12,1.5245719289368946
2020-05-13,1.5146765252492278
2020-05-14,1.5313883797667858
2020-05-15,1.5335102509207312
2020-05-18,1.543243345009351
2020-05-19,1.5380059894415368
2020-05-20,1.5549252397377071
2020-05-21,1.5499432930295263
2020-05-22,1.5559748329441039
2020-05-26,1.5552879125542078
2020-05-27,1.5654779930847669
2020-05-28,1.561270618977012
2020-05-29,1.571126028862187
2020-06-01,1.5683130357645683
2020-06-02,1.5729546804220762
2020-06-03,1.5740587627972138
2020-06-04,1.5605662966615692
2020-06-05,1.577341596316271
2020-06-08,1.5893500164095593
2020-06-09,1.592915232195581
2020-06-10,1.601755676808668
2020-06-11,1.5649557914371037
2020-06-12,1.5696166771505022
2020-06-15,1.5783573111091356
2020-06-16,1.5852222162901273
2020-06-17,1.5847178783016447
2020-06-18,1.5927509192717086
2020-06-19,1.5846026510216555
2020-06-22,1.5912274297799585
2020-06-23,1.590805573228771
2020-06-24,1.5759481013620833
2020-06-25,1.587677924265877
2020-06-26,1.5742415368506735
2020-06-29,1.5850007298997626
2020-06-30,1.5936236212412394
2020-07-01,1.5971417130728134
2020-07-02,1.6028360967548767
2020-07-06,1.614017530496083
2020-07-07,1.6147054902127451
2020-07-08,1.619848118463853
2020-07-09,1.6272604031702003
2020-07-10,1.6317350492514382
2020-07-13,1.6245771044506938
2020-07-14,1.6373541383422554
2020-07-15,1.6419881533400182
2020-07-16,1.641196275620672
2020-07-17,1.6426094038653916
2020-07-20,1.654439445653975
2020-07-21,1.6548266051469294
2020-07-22,1.6626389488708206
2020-07-23,1.6578878171787879
2020-07-24,1.6510120364123484
2020-07-27,1.6563153467223537
2020-07-28,1.6546936571097446
2020-07-29,1.665132587775705
2020-07-30,1.6682974277903708
2020-07-31,1.6779864811573304
2020-08-03,1.6829040178903552
2020-08-04,1.6934334439065502
2020-08-05,1.6921949046462847
2020-08-06,1.7040787554352534
2020-08-07,1.6966255915756665
2020-08-10,1.694892911575055
2020-08-11,1.6761841035193659
2020-08-12,1.6839155327076478
2020-08-13,1.6746510579595768
2020-08-14,1.6716225214364895
2020-08-17,1.6771328611026954
2020-08-18,1.6848109879742708
2020-08-19,1.6768384912777856
2020-08-20,1.6884741491364266
2020-08-21,1.698104953996331
2020-08-24,1.705969194162681
2020-08-25,1.7036212831948816
2020-08-26,1.7119821920486753
2020-08-27,1.7002976667894902
2020-08-28,1.7059943615596178
2020-08-31,1.70938828921526
2020-09-01,1.7277667133968968
2020-09-02,1.747723744571553
2020-09-03,1.715070501455871
2020-09-04,1.691482448356451
2020-09-08,1.6709019028216412
2020-09-09,1.6868288771695965
2020-09-10,1.6760650485599198
2020-09-11,1.6771210779787544
2020-09-14,1.6912252170827238
2020-09-15,1.6952378726394168
2020-09-16,1.686876996261225
2020-09-17,1.6809659414320606
2020-09-18,1.6636614576050106
2020-09-21,1.6589853984696374
2020-09-22,1.6692336092607944
2020-09-23,1.646030628734185
2020-09-24,1.6515436039040805
2020-09-25,1.6683292471950428
2020-09-28,1.6831227410851892
2020-09-29,1.6788070799859516
2020-09-30,1.6798191074174038
2020-10-01,1.6871871297617593
2020-10-02,1.6729145886100834
2020-10-05,1.6784702268828233
2020-10-06,1.6674756929254373
2020-10-07,1.6803456501182692
2020-10-08,1.6924502082409314
2020-10-09,1.7023854871005535
2020-10-12,1.7228458254207089
2020-10-13,1.7210265645473677
2020-10-14,1.7162372715706082
2020-10-15,1.7132912493163246
2020-10-16,1.7104242350467644
2020-10-19,1.6919077160237852
2020-10-20,1.6893430701943137
2020-10-21,1.6851226400009336
2020-10-22,1.682145467729376
2020-10-23,1.689092865619334
2020-10-26,1.676431549062622
2020-10-27,1.6784090978849429
2020-10-28,1.6441537014433742
2020-10-29,1.648406695129442
2020-10-30,1.6307552521851156
2020-11-02,1.6453254782859124
2020-11-03,1.6589110796216393
2020-11-04,1.696916627617206
2020-11-05,1.7192212781733014
2020-11-06,1.711130568358255
2020-11-09,1.7061180378690417
2020-11-10,1.6978653652104867
2020-11-11,1.710633774781895
2020-11-12,1.7126810169973128
2020-11-13,1.7249565733595933
2020-11-16,1.7355391493709889
2020-11-17,1.734539980299116
2020-11-18,1.724427228329489
2020-11-19,1.7330470285961757
2020-11-20,1.7315533217916006
2020-11-23,1.7333604751427387
2020-11-24,1.7425947601044258
2020-11-25,1.7396105677676097
2020-11-27,1.7498386938470438
2020-11-30,1.7468068056507007
2020-12-01,1.7475987772873354
2020-12-02,1.7434013684017693
2020-12-03,1.7487181977692925
2020-12-04,1.7476352565939894
2020-12-07,1.7530181016422735
2020-12-08,1.7594980527071051
2020-12-09,1.745669117441235
2020-12-10,1.7514661455213099
2020-12-11,1.7523893581364436
2020-12-14,1.7469264614940785
2020-12-15,1.7599359690380134
2020-12-16,1.7607079636792557
2020-12-17,1.7647100152312836
2020-12-18,1.7545418419059269
2020-12-21,1.7537153126089158
2020-12-22,1.7567259006846296
2020-12-23,1.7518419388688669
2020-12-24,1.7591334281958855
2020-12-28,1.769140758573844
2020-12-29,1.7657043696891923
2020-12-30,1.7684129641712458
2020-12-31,1.7743053079054325
2021-01-04,1.7583238605796834
2021-01-05,1.7608367799248381
2021-01-06,1.7502299463223563
2021-01-07,1.7620064131006918
2021-01-08,1.7660613033623287
2021-01-11,1.7574100063885019
2021-01-12,1.7563459800175305
2021-01-13,1.7675163326432524
2021-01-14,1.756363200635477
2021-01-15,1.750789913042346
2021-01-19,1.7621669648367821
2021-01-20,1.7786774162108614
2021-01-21,1.7769077795838515
2021-01-22,1.7753166982490483
2021-01-25,1.7885852572653596
2021-01-26,1.7859238162835545
2021-01-27,1.7622360171863678
2021-01-28,1.7672972385901313
2021-01-29,1.7412433886040761
2021-02-01,1.7599773040355642
2021-02-02,1.7705753538067615
2021-02-03,1.764481151921265
2021-02-04,1.7758374947050197
2021-02-05,1.7729268827944287
2021-02-08,1.7845629478140395
2021-02-09,1.7842313443589688
2021-02-10,1.7881502432024852
2021-02-11,1.7882232473151478
2021-02-12,1.7849757892170044
2021-02-16,1.7728501066104099
2021-02-17,1.7754081543741222
2021-02-18,1.767850349916066
2021-02-19,1.7568068195007873
2021-02-22,1.7401795031300544
2021-02-23,1.738696259751421
2021-02-24,1.7467575954556245
2021-02-25,1.7074879777948677
2021-02-26,1.72511887578257
2021-03-01,1.7425174128353174
2021-03-02,1.7326416858037725
2021-03-03,1.7089949877590227
2021-03-04,1.6901129362643297
2021-03-05,1.7109065392842022
2021-03-08,1.6970430422623548
2021-03-09,1.7244894028536135
2021-03-10,1.7305436953924778
2021-03-11,1.7392952071926522
2021-03-12,1.7249713885733924
2021-03-15,1.7363312754298923
2021-03-16,1.734561719921814
2021-03-17,1.7323586975211083
2021-03-18,1.7065485861271643
2021-03-19,1.7055312495461548
2021-03-22,1.7234030003915606
2021-03-23,1.7211368803493516
2021-03-24,1.7174749764941941
2021-03-25,1.7169852890389543
2021-03-26,1.7342597731462177
2021-03-29,1.7269771274059005
2021-03-30,1.7259782974554885
2021-03-31,1.7296150514313777
2021-04-01,1.7534828331194114
2021-04-05,1.7682102510726694
2021-04-06,1.7710487923504448
2021-04-07,1.768820826225518
2021-04-08,1.7823434371971705
2021-04-09,1.7886841274333265
2021-04-12,1.7872476448135037
2021-04-13,1.7975101520964072
2021-04-14,1.7893608009714077
2021-04-15,1.8145465692323166
2021-04-16,1.811902947455631
2021-04-19,1.8033432981101958
2021-04-20,1.797825322974376
2021-04-21,1.8098765386091955
2021-04-22,1.8018953876633266
2021-04-23,1.8134685406754665
2021-04-26,1.8157135414106464
2021-04-27,1.8088331410912022
2021-04-28,1.8063198965054073
2021-04-29,1.809258958808203
2021-04-30,1.801241050363013
2021-05-03,1.8017562805750957
2021-05-04,1.7959705741195464
2021-05-05,1.7967010600696753
2021-05-06,1.8073683229745026
2021-05-07,1.8126866624177111
2021-05-10,1.7898505121818185
2021-05-11,1.7775934839862753
2021-05-12,1.7454040305440166
2021-05-13,1.7599885240862891
2021-05-14,1.7844558177047252
2021-05-17,1.7789684070533631
2021-05-18,1.7677713974712796
2021-05-19,1.7646032144980495
2021-05-20,1.7836917299448316
2021-05-21,1.7838113810690541
2021-05-24,1.7995166831002847
2021-05-25,1.8038616141325472
2021-05-26,1.804438478054081
2021-05-27,1.8006878277397749
2021-05-28,1.8021928753384624
2021-06-01,1.7989078231750517
2021-06-02,1.8036761931973062
2021-06-03,1.7953871450991539
2021-06-04,1.8175606526664114
2021-06-07,1.814605647588661
2021-06-08,1.8195308291550705
2021-06-09,1.8244195963870335
2021-06-10,1.8345530354734585
2021-06-11,1.836672323798264
2021-06-14,1.836532825465877
2021-06-15,1.8322912606602266
2021-06-16,1.8253505801192234
2021-06-17,1.838393148326461
2021-06-18,1.834149825593537
2021-06-21,1.838339832136983
2021-06-22,1.847192042909186
2021-06-23,1.8440544419420133
2021-06-24,1.8521268047637909
2021-06-25,1.8477040936486
2021-06-28,1.859693397303188
2021-06-29,1.8635532777664667
2021-06-30,1.8670326466343914
2021-07-01,1.8714893900074654
2021-07-02,1.886427443017401
2021-07-06,1.89431623907477
2021-07-07,1.9053611874771126
2021-07-08,1.898015241471042
2021-07-09,1.9003188615195306
2021-07-12,1.902817669644996
2021-07-13,1.895618333562769
2021-07-14,1.9071531249684328
2021-07-15,1.909487867227619
2021-07-16,1.8981716068474803
2021-07-19,1.896459127528455
2021-07-20,1.9070542595856594
2021-07-21,1.908188703107252
2021-07-22,1.918829586113818
2021-07-23,1.9263608342568914
2021-07-26,1.9263682235641486
2021-07-27,1.9271326892095484
2021-07-28,1.926501424697145
2021-07-29,1.9277407693126305
2021-07-30,1.9262092771537342
2021-08-02,1.9288341892901624
2021-08-03,1.9387014921969734
2021-08-04,1.9358573667872232
2021-08-05,1.9396368932716048
2021-08-06,1.9288655297961714
2021-08-09,1.924648468280186
2021-08-10,1.92065530541358
2021-08-11,1.9225951785950037
2021-08-12,1.9257268984796447
2021-08-13,1.9403346104948491
2021-08-16,1.9455540289551223
2021-08-17,1.9368440457221472
2021-08-18,1.9253782833309039
2021-08-19,1.9340142294745097
2021-08-20,1.9451030022993596
2021-08-23,1.9562685358950822
2021-08-24,1.9518164666347606
2021-08-25,1.9478345742627132
2021-08-26,1.9424466854896767
2021-08-27,1.9584687623106645
2021-08-30,1.9673482045754378
2021-08-31,1.95966143212289
2021-09-01,1.960542156216928
2021-09-02,1.966470660663815
2021-09-03,1.9605831796813864
2021-09-07,1.9510001721761157
2021-09-08,1.9538031779238856
2021-09-09,1.9573548216375471
2021-09-10,1.9408371016465764
2021-09-13,1.947857586078403
2021-09-14,1.950586406190461
2021-09-15,1.9585635431694266
2021-09-16,1.9537894537231066
2021-09-17,1.9337804000445518
2021-09-20,1.9211419809073236
2021-09-21,1.9195596101809855
2021-09-22,1.9362855508211319
2021-09-23,1.935863760176964
2021-09-24,1.9308263363818925
2021-09-27,1.9232043550187308
2021-09-28,1.885666482294121
2021-09-29,1.8884244746440324
2021-09-30,1.874452183751597
