epoch,actor loss,delta,critic loss
0,0.03162229895591736,0.0007947469502687455,-0.00043861706371899344
1,0.3648221718519926,0.0007086838036775588,-6.219252855771629e-05
2,0.36434673100709913,-0.0001709166169166565,-0.00024337473160812806
3,0.3878116860985756,0.0005402436852455139,8.246673769463086e-07
4,0.19492184333503246,8.228521794080734e-05,-0.00010549360915319994
5,1.6222720356285572,0.006556349545717239,-0.05249683156658648
6,1.1558743101358413,-0.0021288216114044188,-0.004382805881905369
7,1.6704680144786834,-0.0031259214878082277,-0.009282890820613829
8,0.8683948385715484,-0.0033839613199234007,-0.004867317355528939
9,1.4699178063869476,0.005350257754325866,-0.0049945554789155725
10,0.640572492480278,-0.0032565641403198243,-0.0034840008290359494
11,0.5660791832208634,0.0007662972807884216,0.00014003572926412744
12,0.49518280267715453,-0.00059609055519104,-0.0004380538487021113
13,0.5657794070243836,-0.00023682773113250732,-0.00039568811967910733
14,0.48542874097824096,0.00064414381980896,0.00015330726018873974
15,0.5563639011979103,0.0005457630753517151,0.00011618908676609863
16,0.8538440322875976,0.0036006814241409304,0.000605076878273394
17,0.6723956283926964,-0.0019063153862953187,-0.002084870423714165
18,0.5571308165788651,-0.0006579640507698059,-0.0005437827189234668
19,0.4667897233366966,0.0004977425932884217,8.031947694689734e-05
20,0.4315309551358223,0.0007097974419593811,0.0002782896419194003
21,0.5655396017432213,0.001977427303791046,-4.416449573909631e-06
22,0.5471178472042084,-0.00048549860715866086,-0.0004133403534433455
23,0.4766364699602127,-0.00038115561008453367,-0.00034739837759843793
24,0.41398230731487273,0.0001406976580619812,-1.596427224285435e-05
25,0.37139451891183856,0.00027121156454086305,8.682716970724869e-05
26,0.4106921949982643,5.804210901260376e-05,-6.548579746848304e-05
27,0.5420164078474045,0.00020104825496673585,-1.7549916992720683e-05
28,0.494662144780159,-0.0008934667706489563,-0.0005141844209811098
29,0.47720095694065096,-4.400551319122314e-05,-9.068726867553779e-05
30,0.6478513777256012,-0.0015193206071853638,-0.001124107805044332
31,0.43007237881422045,-0.00037793099880218507,-0.0005955755296599819
32,0.27093312740325926,0.0005131509900093079,0.00013872779823714154
33,0.27785834431648254,0.0005947890877723694,0.0001598395358723792
34,0.3528137817978859,0.0007378345727920532,0.0002201505049606567
35,0.4514788541197777,-0.0006916543841361999,-0.00034009996052191126
36,0.31481352001428603,0.00017462849617004396,2.5653446409705794e-05
37,0.4068358510732651,-0.000339958667755127,-0.00017210321962920716
38,0.419803346991539,-0.0003849273920059204,-0.00018682986192288808
39,0.31550097674131394,-8.564084768295288e-05,-7.972549923579208e-05
40,0.34922844886779786,0.0006525751948356629,0.00021915615201578475
41,0.31980371177196504,0.0007054355740547181,0.00022127796524728182
42,0.3635291597247124,0.00021467089653015136,2.7773473993875088e-05
43,0.3514852577447891,0.00019046515226364135,3.635706030763686e-05
44,0.3665511080622673,0.0006683143973350525,0.00023567769639157632
45,0.42207463443279264,-0.0012264525890350341,-0.0006370419615939226
46,0.3951639825105667,-0.0027973581850528717,-0.0012062082061675028
47,0.14467728674411773,-4.3753236532211304e-05,-8.959093338489766e-06
48,0.14306651994585992,-0.001092866361141205,-0.00016808731204946527
49,0.27043469831347466,0.0019099211692810059,0.0004312011290357987
50,0.2876922161877155,0.0016655690968036651,0.00036819845825448284
51,0.33191349014639854,0.00608495831489563,0.00048062002464575925
52,0.4148796245455742,0.00033640742301940915,9.109383627219359e-05
53,0.37105839043855665,4.056692123413086e-05,8.854417737893527e-06
54,0.3883132919669151,0.0006050366163253784,0.00022377689099812415
55,0.43022634476423266,0.0003870522975921631,0.00011594049832638121
56,0.4145633864402771,0.00039931654930114747,0.00014808048181293997
57,0.5291153717041016,-0.0006094136834144592,-0.0005471332069282653
58,0.30908069491386414,0.0002276366949081421,-0.0002628525638647261
59,0.26344685345888136,-0.00026188597083091734,-7.346715117819258e-05
60,0.30573767215013503,-0.0035251329839229586,-0.0009349793584988219
61,0.13943705305457116,-6.19477778673172e-05,-1.2563913749090716e-05
62,0.12636990137398244,-0.00019688405096530916,-4.462985187274171e-05
63,0.13686679378151895,0.00029276639223098757,3.3445676896235456e-05
64,0.13171211436390876,0.00024154067039489747,2.699742444747244e-05
65,0.11952275320887566,-0.0017894933745265006,-0.0002245955726749571
66,0.10877459704875946,0.00015176810324192048,1.0101083371409913e-05
67,0.11207368038594723,0.0010979578644037247,0.00011847712913549913
68,0.13542194217443465,0.00021015278995037079,2.3886748160180104e-05
69,0.13991332933306694,0.0010590177029371262,0.0001435194854366273
70,0.15119169682264327,-0.00012026883661746978,-1.9834173863273462e-05
71,0.14721746772527694,-0.0003890886902809143,-5.688729273970239e-05
72,0.1679183165729046,-0.00020783916115760804,-5.208681017393246e-05
73,0.14844414681196214,-0.0004277262091636658,-6.413117345118735e-05
74,0.1293523618578911,-0.0011580712348222733,-0.00018387608994089533
75,0.16140829637646675,0.002213710770010948,0.0003458837128914638
76,0.19100561007857322,0.0005784823000431061,0.00010879694780669525
77,0.180852969288826,-0.0004952551424503327,-9.639392711505934e-05
78,0.18828897461295127,0.00047243207693099977,7.373304892098531e-05
79,0.17872562721371651,0.0007028542459011078,0.00012876249964620002
80,0.18659475147724153,-0.0002523308992385864,-4.7272115339183073e-05
81,0.20890616223216057,0.0009588085114955903,0.0001999505676667468
82,0.23373479574918746,-0.0003507949411869049,-9.476011966739861e-05
83,0.22902581259608268,0.001154775768518448,0.000267609607653867
84,0.44169839829206464,0.0017252999544143676,0.0005382605893873915
85,0.3898223242163658,0.0006748560070991516,0.00017659407390965498
86,0.4070552349090576,-0.00042042016983032224,-0.000882144640131628
87,0.2796515953540802,0.0006232073903083801,0.0001673518991151468
88,0.30409410685300825,0.0009964063763618469,0.0003003969393466832
89,0.44118331164121627,1.8411874771118163e-05,-8.971337003458757e-05
90,0.41529357016086577,6.110996007919312e-05,-4.297688769952401e-05
91,0.3964108237624168,-0.0016183382272720336,-0.0007118163958512014
92,0.22758651062846183,-0.000129082053899765,-3.0185875348252013e-05
93,0.2727075645327568,0.0008236010372638702,0.00021931469860646756
94,0.24933756306767463,0.000728110522031784,0.00018168826423789141
95,0.2929865711927414,0.0004081588983535767,0.00011847646720525518
96,0.2815833905339241,0.0004005351662635803,0.00010273623402099475
97,0.3031707227230072,-0.00034322381019592286,-0.0001671407619051024
98,0.26264632642269137,0.000563884824514389,0.00014816973307461013
99,0.27942692041397094,0.0005040934681892395,0.00013116634401512782
100,0.3329600059986115,0.0012462562322616577,0.0003278772650855899
101,0.4549968820810318,0.0011637529730796814,0.00025595147355488734
102,0.5067878007888794,0.001167140305042267,0.0004869148692523595
103,0.6869925594329834,-0.000319792628288269,-0.0017298712618412538
104,0.3593654215335846,0.0008265000581741333,0.00029384257049969165
105,0.3910020026564598,-0.00026544630527496337,-0.00011634846887318418
106,0.39407031148672106,-0.0002620643377304077,-0.00015277984224667306
107,0.44566286355257034,-0.0018160313367843628,-0.0008239297831778459
108,0.3270370188355446,0.0005742478370666504,0.0001677013939297467
109,0.32244837641716,0.00023888468742370606,7.139957892832172e-05
110,0.31643234252929686,0.00036008596420288085,0.0001088224044542585
111,0.33833767235279083,0.0005074518918991088,0.00017320451208433952
112,0.38776885598897937,0.001577341854572296,0.0006028321695612248
113,0.42874120056629184,0.0007762444019317627,0.0003344550078327302
114,0.5064639419317245,0.000779595971107483,0.0003656219186814269
115,0.6392743164300918,0.00022522687911987304,-9.04409463328193e-05
116,0.6457658344507218,0.0002580404281616211,-0.00011138896826196288
117,0.5612410432100297,0.0004341721534729004,0.00019654606649055495
118,0.5806165087223053,0.0003806173801422119,0.00017970569715544115
119,0.8218387740850449,0.0005589348077774048,-0.0012572080519748852
120,0.5573270061612129,-0.0008349695801734924,-0.0007031098631796339
121,0.5263721323013306,-5.197227001190185e-06,-5.532028808374889e-05
122,0.4358847010135651,0.00047031283378601074,0.00019124848774481506
123,0.49356573283672334,-0.0008857807517051696,-0.0004886287185945548
124,0.4374634861946106,-0.0021140602231025695,-0.0009963357432570775
125,0.3598149609565735,0.0012817704677581788,0.0004538682249767589
126,0.3869051074981689,-0.0008229696750640869,-0.00034846618229494197
127,0.33679318249225615,0.0010286930203437805,0.0003466146709405393
128,0.37293979167938235,0.0003620514273643494,0.00011738672737465094
129,0.4117169004678726,0.0007537996768951416,0.00030342920137627516
130,0.41199774861335753,-0.0002491122484207153,-0.00010736623633420095
131,0.4115770611166954,0.0006949973106384278,0.0002797801193446503
132,0.5205895182490349,0.0006372666358947754,0.0002979768470322597
133,0.4909419870376587,0.0006530749797821045,0.0002975542627609684
134,0.5780110913515091,0.0006681174039840698,0.00033346424593673875
135,0.5791787761449814,0.00015582561492919923,-1.5744443680887342e-05
136,0.5757707631587983,0.00023434817790985108,8.844204370689112e-05
137,0.5404300284385681,0.00022516727447509765,0.00011598122295254142
138,0.6147546672821045,0.0010169684886932374,0.0005406106702139368
139,0.6807967275381088,0.0010844582319259643,0.0005933091755650821
140,0.7096931338310242,0.00031961560249328615,0.00018407345647574402
141,0.8806486457586289,0.00030158042907714845,-9.271896269638091e-05
142,0.7579065442085267,-0.0007265067100524902,-0.0006488599177100696
143,0.5868803322315216,4.5934319496154784e-05,1.708380033960566e-05
144,0.5882759672403336,1.514732837677002e-05,-1.166804267597854e-05
145,0.6008035439252853,-0.00020530283451080321,-0.0001272875093127368
146,0.5747588497400283,-0.00012999713420867919,-7.95853042473027e-05
147,0.6975739407539367,0.0015058779716491698,0.0009442475258947525
148,0.8255722606182099,3.478646278381348e-05,-7.9513443633914e-05
149,0.778021941781044,0.00035911619663238527,0.0002277361944288714
150,1.1840771144628526,0.0012359303236007691,0.0005320872673473787
151,0.8564895135164261,-0.0009161180257797241,-0.0016593304871639703
152,0.7284057849645614,3.5513639450073245e-05,-0.00022091858624662564
153,0.5744605261087418,-0.0006579184532165528,-0.00040320228006748946
154,0.5236193338036537,-0.0008800169825553894,-0.000497367843054235
155,0.5595449882745743,0.0014207899570465089,0.0007791738284868188
156,0.6217958950996398,0.0006162112951278686,0.0003719236983306473
157,0.6531159776449204,0.00042553603649139407,0.00024049700004979968
158,0.6823522353172302,-0.0006303000450134278,-0.0005010802852757479
159,0.6372551345825195,0.0009267640113830567,0.0005630544714222196
160,0.6737523281574249,-0.0005090081691741943,-0.0004115620715310797
161,0.62780965924263,0.000610806941986084,0.0003633588562661316
162,0.618528677225113,-0.0006879699230194091,-0.0004173175926825934
163,0.6327052599191666,0.00025069475173950196,0.00012781065590388607
164,0.581330525279045,-0.000297587513923645,-0.00017601220246433514
165,0.8716780912876129,0.0010954540967941283,0.0005962663677564706
166,0.7828369528055191,-0.000135042667388916,-0.0004340889443119522
167,0.596584615111351,-0.0003251832723617554,-0.0003950012317454821
168,0.5846236437559128,0.0004930162429809571,0.0002574729086336447
169,0.6057144874334335,0.0005440831184387207,0.0003251340127462754
170,0.585051457285881,0.00029845356941223146,0.00016180834814804256
171,0.7155204939842225,-0.0002027171850204468,-0.00021646826862706803
172,0.7313093394041061,-3.631472587585449e-05,-0.00015844613737954206
173,0.5870113033056259,7.660627365112305e-05,1.78727814272861e-06
174,0.7420893561840057,-0.0006354397535324097,-0.0005166451408695139
175,0.5529657906293869,9.458303451538085e-05,4.753930679726182e-05
176,0.5350652188062668,0.00042792797088623044,0.00021736210657763877
177,0.5609448140859604,0.0003974032402038574,0.00021033331003764033
178,0.8250044417381287,0.0013792330026626586,0.0008845923142507672
179,0.8459824150800705,0.0008292824029922485,0.0006617685107630678
180,0.9185787922143936,0.0007850062847137451,0.0006788166533806361
181,1.3349401295185088,-0.004942363500595093,-0.013766057612865552
182,0.6525591367483139,-0.002688116431236267,-0.001776064861114719
183,0.5887357252836227,-0.0006604957580566407,-0.0005073789688321994
184,0.5293848431110382,-0.00024309337139129638,-0.0001826708851604053
185,0.5698498463630677,0.0007764840126037598,0.00042935998644679787
186,0.6359516805410386,-0.00034667134284973146,-0.00023666954079089918
187,0.5498287582397461,0.00034778058528900146,0.00014457263940130362
188,0.5760273712873459,-0.00031097352504730227,-0.00019811737292911856
189,0.5580524063110351,0.000429997444152832,0.00023403124353535532
190,0.6395851248502731,0.0016015434265136718,0.0009899650651277625
191,0.6409134447574616,-2.884507179260254e-05,-2.2677144861518173e-05
192,0.647049936056137,-0.002353769540786743,-0.0015155449157464318
193,0.5688951385021209,-2.948641777038574e-06,-3.115913677902427e-05
194,0.5476903998851776,3.908157348632812e-05,1.639336545849801e-05
195,0.5323868614435195,0.0007464754581451416,0.000396216377212113
196,0.5575174027681351,0.0001810377836227417,9.594694107363466e-05
197,0.5765394872426987,0.0004420405626296997,0.0002411442223819904
198,0.6133509242534637,0.0011234503984451293,0.0006807447479008033
199,0.6426752668619156,0.0002640318870544434,0.00016334998193997307
200,0.6380371624231338,0.0005897581577301025,0.0003655601470381953
201,0.6694531607627868,7.663130760192872e-05,4.7802783592487684e-05
202,0.6852886772155762,2.322375774383545e-05,-4.198893157081329e-06
203,0.6716496825218201,0.0001903235912322998,0.00011683603333949577
204,0.7242428010702133,0.0008522546291351318,0.000562524996639695
205,0.7039672100543976,0.0005760347843170166,0.0003848994524742011
206,0.7117489099502563,-0.0004051214456558228,-0.0002935333891673508
207,0.7046609264612198,0.000304449200630188,0.0002192504971321796
208,0.7794894242286682,-0.0004096829891204834,-0.0003608304000226781
209,0.7589705556631088,0.00044418394565582276,0.000289329164843366
210,0.7262272357940673,0.0003080815076828003,0.00020875729740509996
211,0.7289661771059036,0.00012319743633270263,6.2257633999252e-05
212,0.7475689643621445,0.00047306716442108154,0.00033509403678181113
213,0.778834576010704,0.0006121540069580078,0.0004469647737096238
214,0.8954646581411362,0.001310795545578003,0.0011449310301213699
215,1.0217816704511642,-0.00015206396579742432,-0.0009741041291272268
216,0.829866299033165,0.0007840061187744141,0.0006396709224236474
217,0.826117889881134,-0.00035622000694274903,-0.0003054263013837044
218,0.9110576564073563,0.0013520783185958863,0.00122030233964324
219,0.9946678006649017,0.0008477360010147095,0.0007886855665128678
220,0.9380098110437394,0.002210501432418823,0.0013769893285643774
221,1.1359829378128052,0.0008005106449127197,0.0007097437717402499
222,1.2641192412376403,0.0005793094635009766,0.0006687634304398671
223,1.3789141285419464,7.996678352355956e-05,-0.001751538333046483
224,1.2590185046195983,-0.0008017838001251221,-0.0010006877007617731
225,1.0194107747077943,0.0012066853046417236,0.0012285722329050941
226,1.133460122346878,-5.69617748260498e-05,-0.00014153139862173702
227,0.9460372680425644,-3.172397613525391e-05,-0.0007603279518934869
228,1.0416982877254486,0.00018331944942474366,0.00015617560318787583
229,0.6452686959505081,-0.0045711535215377805,-0.003621989393432159
230,0.46619677037000656,-0.0012861594557762146,-0.0008521925614331849
231,0.6158250063657761,0.0014876902103424072,0.0007934821287926752
232,0.7116313588619232,0.0021315079927444456,0.0011729978890798521
233,0.5078627902269364,0.0015950849652290344,0.0005944140426436207
234,0.7411761122941971,0.0001984912157058716,9.23545895057032e-05
235,0.6085043102502823,0.002986046075820923,0.0015098575475167308
236,0.8378049039840698,0.0011835730075836182,0.000908736411947757
237,0.90630315721035,-0.0004054594039916992,-0.000425456719531212
238,0.7168681907653809,0.0002815723419189453,-0.0001184270470548654
239,0.851367068886757,-0.0005853748321533203,-0.0005076801759423688
240,0.7528280651569367,0.00035025835037231443,0.00015948154919897205
241,0.8563533455133439,0.0019970273971557616,0.0015157054493676015
242,1.0804064244031906,0.0007864087820053101,0.000727763813920319
243,1.0468726110458375,0.0005564546585083008,0.00045404615779261805
244,1.3421972179412842,0.0011049169301986695,0.0005530454960535281
245,1.2014729583263397,3.3279657363891603e-05,-0.00015830990792892408
246,1.2929391527175904,0.0013657271862030028,0.001598090224142652
247,1.3125781917572021,0.0004791116714477539,-0.000790548168879468
248,1.2782331562042237,0.001661853790283203,0.0019819669783464632
249,1.3051701843738557,-0.0004541003704071045,-0.0011747537633345928
250,1.3366457498073578,0.00017058610916137696,0.00014736260869540273
251,1.390334347486496,0.0009344744682312011,0.001180640076927375
252,1.400325300693512,0.0004431819915771484,0.0004626969835589989
253,1.36291619181633,-0.0009383988380432129,-0.0025356531827128493
254,1.1449439811706543,0.001284940242767334,0.0014540081097584334
255,1.1307577204704284,0.0004674994945526123,0.0004149012430798393
256,1.0808146733045578,-0.0017064255475997925,-0.0020781663968227806
257,1.073993545770645,0.0009692072868347168,0.0009706212548189797
258,1.1146094107627869,-0.00010016560554504395,-0.00016034201631555335
259,1.098551668524742,-0.000790451169013977,-0.0008858112492453074
260,1.0657495093345641,0.0007848036289215088,0.0008147814348922111
261,1.0423625141382218,9.488999843597412e-05,-9.198381216265262e-05
262,1.1064227497577668,0.0006170940399169922,0.0006696165035646118
263,1.1295531570911408,-9.09888744354248e-05,-0.00017215125757502392
264,1.3435493159294127,0.0011549222469329835,0.0012637477685711928
265,1.2874524259567262,0.0004090309143066406,0.0005000903941254364
266,1.4036426508426667,0.0006260073184967041,0.0008010216783077339
267,1.367447967529297,-0.0016596269607543944,-0.00237614742720325
268,1.162792683839798,0.0004517233371734619,0.0004553005723573733
269,1.1803963899612426,0.0004668259620666504,0.0005410461214160022
270,1.2610415315628052,0.00015438079833984375,3.4199997317045926e-05
271,1.269691573381424,-0.0007245969772338867,-0.001002648817957379
272,1.1738186573982239,0.0009881484508514405,0.0011499396449653433
273,1.3182352340221406,-0.0008463692665100097,-0.0010727723773743493
274,1.14769637465477,-0.0003133237361907959,-0.00035811149487926744
275,1.0993501698970796,0.0010958194732666015,0.0011643543611717178
276,1.3595315837860107,0.0002409803867340088,0.00023614666453795509
277,1.3065072536468505,-0.00015696406364440918,-0.0004358689215769118
278,1.241729711294174,0.0006368732452392578,0.0007507783721666783
279,1.1743052566051484,-0.0002797085046768188,-0.0007389040609268704
280,1.1253693914413452,0.0006177699565887451,0.000655248120883698
281,1.2455813491344452,0.00018167495727539062,0.00010071864006022224
282,1.3295459163188934,0.0003361666202545166,0.00037240821411614887
283,1.3686694705486298,-0.00012170553207397462,-0.00028945012749318264
284,1.1102838283777237,-0.0008682543039321899,-0.0011438835255103185
285,1.0598930144309997,0.0007553517818450928,0.0007754757907969178
286,1.1245746636390686,0.00019199848175048827,0.00016884450746147196
287,1.2313069796562195,0.0009864521026611327,0.0011183928539139742
288,1.4246314644813538,0.0007416021823883057,0.0005920040208729915
289,1.4664231181144713,0.000557636022567749,0.0007721932165441103
290,1.437244416475296,-0.00017315387725830078,-0.0005382680210459512
291,1.4820360255241394,0.000810157060623169,0.0011029805254020176
292,1.6566804468631744,0.0004256296157836914,0.0006175252712273504
293,1.6964410758018493,-0.0005961501598358154,-0.0013087023512343876
294,1.7765143668651582,0.0007890522480010987,0.0010893215230316855
295,1.0019182348251343,-0.0008150291442871094,-0.0035345176199916752
296,1.0274949687719346,0.003561224341392517,0.0030729188886471095
297,1.3481618905067443,0.0004619026184082031,0.0005808653426356613
298,1.1905693596601485,-0.0010792940855026245,-0.001580510271305684
299,1.1527595579624177,0.001519296169281006,0.001662720193853602
300,1.2963613450527192,0.0007544052600860596,0.0009282293492287863
301,1.2884859538078308,0.0006664329767227173,8.170331217115745e-05
302,1.414676866531372,0.00032668232917785643,0.00040443746947858015
303,1.4436976158618926,0.0005887377262115478,0.0006330779666791387
304,1.567778924703598,0.0008620405197143554,0.0013201387127264753
305,1.7496859681606294,0.000537111759185791,0.0008762323047267273
306,2.1190622544288633,-0.0012361478805541992,-0.003537488188194402
307,1.5023089444637299,-0.00014437913894653322,-0.00015522302710451185
308,1.4910013782978058,0.001087425947189331,0.001582007132601575
309,1.737095115184784,0.0011286592483520507,0.0017684951004048343
310,1.7859232687950135,0.00023154258728027343,0.00031819679077671025
311,1.2433105999231338,0.0007918637990951538,-0.0018212531931931153
312,1.2393355965614319,-0.0005326151847839355,-0.0010538189174985745
313,1.3199081885814667,0.00011497735977172852,0.00011070992812165059
314,1.387765315771103,-0.0002381420135498047,-0.0003880512443720363
315,1.339939328432083,0.0016455066204071045,0.0022119412180563814
316,1.5516976583003999,0.0005404579639434814,0.0007923974840377923
317,1.713921047449112,0.0004206991195678711,0.0006334045717426306
318,1.5937276685237884,0.0007535159587860107,0.0010112128258333542
319,1.7872577905654907,0.0004367697238922119,0.0006883340570857399
320,2.102596416473389,0.0016394782066345215,0.0030524096623412334
321,1.9704317581653594,-0.0013385426998138428,-0.003196181656094268
322,1.897291626930237,-0.0007298898696899414,-0.001393336705659749
323,1.623720452785492,0.000401613712310791,0.0005132009340377408
324,1.7600015211105347,0.0006103456020355224,0.000980392248602584
325,1.779725730419159,0.00019901394844055176,0.0002213868993567303
326,1.7684547305107117,0.0005451595783233643,0.0009398706004139967
327,1.7734196877479553,2.707958221435547e-05,-0.0007166437653359026
328,2.1052581775188446,0.0015981292724609375,0.0031120826822007073
329,2.6667590665817262,0.0022893619537353517,0.0033518133181496524
330,2.3403352952003478,0.00047123193740844727,0.0009748183283954858
331,2.283545391559601,-0.0013289284706115723,-0.004235722243975033
332,2.1637049865722657,0.0003093624114990234,0.0005305763223441318
333,2.2599975728988646,0.0001547527313232422,0.00017991738015552984
334,2.1383629393577577,-0.00036376953125,-0.0008483069366775453
335,1.9928170955181121,-0.0007407999038696289,-0.00181130088691134
336,1.9382018446922302,4.278659820556641e-05,1.3846439869666938e-05
337,1.8977300906181336,-0.000491410493850708,-0.0010449592207396564
338,1.8289856159687041,-0.0011376464366912842,-0.002207250307619688
339,1.9619229865074157,0.0017799949645996094,0.003240092023188481
340,2.066952245235443,0.0010963606834411622,0.00223127235965876
341,2.1963844537734984,0.00023658275604248046,0.00014806823048274965
342,2.0614617896080016,0.0004146337509155273,0.0007054499993682839
343,2.2568240213394164,-0.00015980958938598632,-0.0007511242173495702
344,2.278370215892792,0.0001823902130126953,0.00024280530491523677
345,2.2601849210262297,-0.000645294189453125,-0.0021934733394300566
346,1.8947869777679442,0.00014241337776184083,0.0001798679685452953
347,1.9983156991004944,0.0002858841419219971,0.0005262062143810909
348,2.0575939905643463,0.0008535850048065186,0.0005594641377683728
349,1.9853320026397705,-0.00019321084022521972,-0.0004915219587928732
350,1.995278012752533,0.0003751325607299805,0.000654524084602599
351,1.9739546298980712,-0.0003209245204925537,-0.0007091027908609249
352,2.0637981367111204,0.00046657562255859376,0.0008829738940403331
353,2.127885973453522,0.00044233083724975586,0.0007647957044537179
354,2.194104719161987,0.00022669553756713868,0.0003590748971328139
355,2.0843444192409515,0.00171808123588562,0.0028383121527622277
356,2.2506049275398254,-0.0003004622459411621,-0.0009922094088688027
357,2.000225409269333,-0.00013162732124328614,-0.000814823767868802
358,2.1577173590660097,0.0005310308933258056,0.0008757402800256386
359,1.9721616673469544,0.0007426846027374268,0.0014341419388074427
360,2.2802608370780946,0.0008167600631713867,0.0018192584638018162
361,2.7224754214286806,0.00155517578125,0.002685217121616006
362,2.598969976902008,-0.0006157732009887695,-0.0017137735142023303
363,2.6400681138038635,0.0006759381294250489,0.0015836344124545577
364,2.5005040121078492,0.0019776272773742677,0.004892819818924182
365,3.006685402393341,0.0001382136344909668,-0.00026842073508305476
366,2.7892649006843566,-0.0004438018798828125,-0.001424256362952292
367,3.006989989280701,-0.0003432750701904297,-0.0014963548682862893
368,2.737482726573944,-0.0008237648010253906,-0.0025142109350417743
369,2.3135208439826966,-0.00017029047012329102,-0.0008520026601036079
370,2.128691689968109,-0.0003052353858947754,-0.001092498502403032
371,1.9874750697612762,-0.0008376026153564453,-0.0019290485898090992
372,1.9724952018260955,-0.0011041736602783203,-0.002322960264282301
373,1.8620745468139648,0.0006524884700775147,0.001132493590703234
374,1.8701494669914245,0.0008086884021759034,0.001482794227777049
375,2.058518885374069,-0.00010731101036071778,-0.000433789919843548
376,1.9697139489650726,0.00030750513076782226,0.00047747614938998596
377,2.55579909324646,0.0014025580883026123,-0.002815061685978435
378,2.117358924150467,-0.00018528461456298828,-0.0006604781313217245
379,2.119212973117828,0.0009162163734436035,0.001807929002752644
380,2.109649442434311,0.0005564582347869873,0.0010248082765610888
381,2.1242083644866945,-0.00024099826812744142,-0.0005361825780710206
382,2.1397534656524657,0.0011003398895263672,0.002281435151817277
383,2.2399105858802795,-0.000491037368774414,-0.0011608644445368554
384,2.1953835272789,-0.00025467395782470705,-0.0007446748708298401
385,2.066112706661224,0.001100151538848877,0.0022267973770794926
386,2.2177331709861754,-0.00022480487823486328,-0.0006690233830886428
387,2.1200693345069883,0.0005769634246826172,0.0011868183028127532
388,2.2144437861442565,-1.3921260833740235e-05,-6.213726377609419e-05
389,2.21142067193985,-1.2912750244140624e-05,-0.0001679030613740906
390,2.1205741369724276,-0.0008099114894866943,-0.0018667650618590414
391,2.061583307981491,-0.0009622418880462646,-0.002019937836103054
392,1.90690758228302,-0.000776444673538208,-0.0016286983210011385
393,1.99592902302742,0.0016705942153930663,0.0032888945448212325
394,2.040558489561081,-0.00016785264015197753,-0.00043820627324748785
395,2.0729897010326384,0.00022375226020812989,0.00010453597235027701
396,2.3504742050170897,0.0004091739654541016,0.0004476808701292612
397,2.00013086438179,0.00039876341819763186,0.0007293670071521774
398,2.1700770020484925,0.0006113672256469727,0.001232914780266583
399,2.195833022594452,0.00044329404830932616,0.0009030473725215415
400,2.361935782432556,-8.801460266113282e-05,-0.0003521150033338927
401,2.3515412259101867,0.00038053512573242186,0.0006028238560975296
402,2.347471821308136,-0.00037549734115600587,-0.0009437890537083149
403,3.698254544734955,-0.0007908082008361816,-0.03018296062713489
404,2.3720127153396606,0.0005086994171142578,0.00111696442894754
405,2.379901547431946,-0.0008828973770141601,-0.002227264211978763
406,2.4001147675514223,-0.0009845829010009766,-0.0025398072507232428
407,2.3042518377304075,-0.00038993120193481446,-0.0009528351797780488
408,2.2852801752090453,0.0008781814575195313,0.0019566079566720874
409,2.348436784744263,0.001038966178894043,0.002560653947875835
410,2.3422505283355712,0.0003037428855895996,0.0006258728762259124
411,2.443149037361145,-0.0005419611930847168,-0.001376326768513536
412,2.428404667377472,0.0013125109672546386,0.0031033451625262385
413,2.5259118032455445,0.00022908210754394532,0.0004753858389449306
414,2.885413899421692,0.0008712458610534668,0.0013080459684715606
415,2.4774692964553835,-0.0001529359817504883,-0.0004607999575091526
416,2.5740620636940004,0.0003255152702331543,0.0007175474026007578
417,2.42319429397583,0.00012381553649902345,0.00021359463011322077
418,2.603478171825409,0.00029187440872192384,0.0006328328784866244
419,2.4681081056594847,1.1584758758544923e-05,-8.457102667307481e-05
420,2.4899905514717102,0.001041386127471924,0.002537721884727944
421,2.6478422570228575,1.9533634185791017e-05,-0.0014153711765538901
422,2.603435378074646,0.0005004286766052246,0.0011764437044621445
423,2.6235130333900454,-0.00024769783020019533,-0.0019987949859932995
424,2.472584068775177,0.0009053730964660644,0.0020861232513561846
425,2.5075694918632507,-0.00019143342971801757,-0.0005195032877963968
426,2.4621855807304383,-0.00026552438735961915,-0.0008179370647121687
427,2.4627000164985655,0.0007338070869445801,0.0017321004584664478
428,2.6558681440353396,0.00115983247756958,0.002868577010813169
429,2.5362039542198183,-0.0015850734710693359,-0.004253276776871644
430,2.5686951375007627,0.0003472137451171875,0.000785443748900434
431,2.6244232654571533,0.00028108835220336915,0.0005585900413279888
432,2.637364647388458,-0.0004805445671081543,-0.0015455844298412557
433,2.434628217220306,0.0010461711883544922,0.002449423944344744
434,2.707587275505066,0.0014931869506835938,0.0030661783578398174
435,2.6578583884239197,0.0005917906761169434,0.0014175760105717928
436,2.7905593848228456,-0.0003824591636657715,-0.0013976280091446823
437,2.5487032318115235,0.0002722001075744629,0.0005771876431481359
438,2.7485141348838806,0.0010509920120239259,0.0026438894117018206
439,2.7174999856948854,9.183883666992188e-06,-0.00014955476275645195
440,2.9722824478149414,0.00023390054702758788,0.00039705629635136577
441,2.707028560638428,0.00012230634689331055,0.00022472799784736708
442,2.8031390047073366,0.00018328666687011719,0.000295719376517809
443,2.910339868068695,0.0011188268661499023,0.002966400191944558
444,2.930774631500244,-0.0007579350471496583,-0.002431794946314767
445,2.9889879965782167,0.00031575679779052737,-0.0007603262655902654
446,2.6297387075424195,0.0004292178153991699,0.0009805937501369045
447,2.8873575830459597,0.0016590070724487305,0.004635331279714592
448,3.093032443523407,0.0011410856246948243,0.003404133741860278
449,3.282695298194885,-0.0009298133850097656,-0.004921370269730687
450,3.0118978786468507,0.0011784911155700683,0.003299610489921179
451,3.3407705760002138,0.0005622339248657226,0.001182762124808505
452,3.113812026977539,0.0002951931953430176,-0.0005673009856400313
453,3.3686968731880187,0.0008083343505859375,0.002215421871514991
454,3.101255888938904,-0.0008816003799438476,-0.002953750287197181
455,3.024281144142151,-8.351564407348633e-05,-0.0012120218470226974
456,2.9984464383125307,0.00044002532958984373,0.00048506482038646937
457,2.9597949767112732,0.0011336922645568848,0.003154553964268416
458,2.954022386074066,0.00014885663986206055,0.0002577735984232277
459,3.0672526001930236,0.0002187180519104004,0.0004786201509705279
460,3.105081124305725,-0.0002805018424987793,-0.0011482487560715527
461,3.1109647297859193,0.002580156326293945,0.007464249195181765
462,3.288520822525024,-0.0002337336540222168,-0.002606579074272304
463,3.2121947836875915,0.0008879542350769043,0.0026155532652410328
464,3.183052272796631,-0.0016146159172058105,-0.005711690175812692
465,3.3877214002609253,0.00034226655960083006,-0.0004541160692315316
466,2.921565465927124,-0.0008102774620056153,-0.0029073467750276904
467,2.957274737358093,0.0007607340812683105,0.0019289388740435242
468,3.2212448358535766,-0.0012672948837280274,-0.004127100002660882
469,2.716006886959076,0.0004376482963562012,0.0010930545534938573
470,2.6834347915649412,4.28152084350586e-05,-7.39340006839484e-05
471,2.79251250743866,-0.0013878965377807618,-0.0039055812891456297
472,2.609232542514801,0.0007419610023498536,0.0017029611931502586
473,2.921127724647522,0.001572558879852295,0.004156715331046144
474,3.0547211623191832,0.0008693361282348633,0.0022820582045824265
475,3.4272509741783144,-0.0004724574089050293,-0.0029661531111923978
476,2.9626851439476014,0.0005783772468566894,-0.0006007851351751014
477,2.825888180732727,-0.0001700925827026367,-0.0008138443797361106
478,2.859545421600342,5.7668685913085936e-05,-0.00019459907605778425
479,2.6761043572425844,0.0006941509246826172,0.0017484748386777937
480,5.847812876701355,0.0011400485038757324,-0.09301350893569178
481,3.518825933933258,0.00010961532592773437,0.0001423273459658958
482,4.019781994819641,0.002184619903564453,0.005535412423632806
483,3.601622223854065,0.001344454288482666,0.004678107970685233
484,3.670707998275757,1.6808509826660156e-06,-9.413297637365758e-05
485,3.7313336753845214,0.001382598876953125,0.0046408553112996746
486,3.6941847681999205,0.0003257846832275391,0.0010696753044612706
487,3.7975579738616942,-0.0006158471107482911,-0.002710829037241638
488,3.5993750739097594,0.0010380077362060547,0.00346899795869831
489,3.845627906322479,-0.0007411384582519531,-0.00337101208162494
490,3.79961172580719,-0.0014813780784606934,-0.005910237058560597
491,3.5823426032066346,0.0011835908889770508,0.00411739735842275
492,3.8007527565956116,-0.0013962936401367186,-0.005518466802022885
493,3.637999234199524,0.0008870458602905273,0.0029477223748835967
494,3.8565056777000426,-0.00017977476119995117,-0.0011299086261715274
495,3.71385977268219,-0.0004764699935913086,-0.0019720938586397095
496,3.9405702805519103,-0.00033676624298095703,-0.002082749971887097
497,3.6517983865737915,-0.0014486479759216308,-0.006097675303171854
498,3.6059291172027588,0.00014891147613525392,0.0002520416607148945
499,3.4974822044372558,0.0005913281440734863,0.0017138596794211481
500,4.8650676226615905,0.0037418317794799803,-0.004779068871284835
501,3.2406147623062136,-0.0014565873146057129,-0.005100203765787228
502,3.431946589946747,0.0007086253166198731,0.0022616791841574015
503,3.372409975528717,-0.0003237295150756836,-0.001193557262304239
504,3.5165140628814697,-0.0018084931373596191,-0.006847421951315482
505,3.0850035738945008,0.0007071709632873536,0.0020296112755386277
506,3.4170021772384644,0.0003105282783508301,0.0006636247533606365
507,3.217226469516754,-0.0005204486846923828,-0.00197604397428222
508,3.4001557779312135,-0.0020908331871032715,-0.0071994079556316135
509,3.0671078181266784,0.00033972501754760744,0.0008330310482415371
510,3.0988585543632508,2.8157234191894532e-06,-0.00016065885254647582
511,3.2473739314079286,0.00094879150390625,0.0028020742582157256
512,3.1585616850852967,-0.0002679538726806641,-0.0009969688224373385
513,3.3493562841415407,0.0021033525466918946,0.00490466326882597
514,3.264372532367706,7.592678070068359e-05,-1.0070478601846844e-05
515,3.1473385882377625,-0.0016399002075195312,-0.0053695809219789226
516,3.103585112094879,-0.0010485363006591797,-0.003553409008309245
517,2.9870290875434877,0.0006902647018432617,0.002025010922807269
518,2.9952506971359254,-1.3494491577148438e-05,-0.0002404363069217652
519,3.1296159863471984,-0.0004560971260070801,-0.001532865292392671
520,2.9599689507484435,-0.0008940529823303222,-0.002824679917248432
521,2.9846342611312866,-0.000161745548248291,-0.0005105780845042318
522,3.0331502556800842,0.00023517847061157226,0.0005833201261702925
523,3.017047872543335,0.0007796907424926758,0.0020213390054414047
524,2.940066404342651,-0.0006930088996887207,-0.0022681009536609053
525,3.009581274986267,0.001216590404510498,0.0034803735112654975
526,3.2549060654640196,-0.0006309676170349121,-0.0029581034556031226
527,2.8941399478912353,-0.0002609133720397949,-0.0008993182238191366
528,3.009498417377472,0.0008693814277648925,0.0025091641722247006
529,2.9692046070098876,0.00038371562957763674,0.0009447005631227512
530,2.985754373073578,0.0007414484024047852,0.0021932880660460795
531,3.2156678891181945,-0.00035820245742797854,-0.002737686902983114
532,2.902264664173126,0.0002643156051635742,0.0005771583161549642
533,3.0248451733589174,0.00022733688354492187,0.0005923161379178055
534,2.992382068634033,0.0012441539764404296,0.0035808601707685737
535,3.400120632648468,0.0006078600883483887,0.0017885184748593018
536,3.2180089855194094,-0.0012530112266540528,-0.0041950613594963215
537,3.091830224990845,0.00026694059371948245,0.0005683838401455432
538,2.4069707560539246,-0.0017274188995361327,-0.009052071670230361
539,2.426610436439514,-0.00022802352905273437,-0.0014946451256400905
540,2.503409550189972,0.0009873604774475098,0.00226496232295176
541,2.5420213103294373,1.7538070678710938e-05,-0.00023412841255776584
542,2.6715444254875185,0.0016647982597351074,0.004234928125806618
543,2.965219006538391,0.0006662821769714356,0.0015737819245259742
544,2.904065408706665,0.00087022066116333,0.0023611654491105583
545,3.135382468700409,-0.00044226646423339844,-0.0016697195550659672
546,3.2152352857589723,-0.0005532217025756836,-0.0023051228298572824
547,2.7721598887443544,0.0012271404266357422,0.0033095861913170666
548,3.1918123364448547,5.3551197052001956e-05,-0.00029855761415092274
549,2.9781733989715575,0.0003287601470947266,0.0007668461189678055
550,3.3511295437812807,0.0016646099090576172,0.0033981162612326445
551,3.185196599960327,0.0006195402145385742,0.001699432246678043
552,3.5662347745895384,0.0018256306648254395,0.005906434782664291
553,4.303049581050873,0.0003952741622924805,-0.005410207071108743
554,3.6844584918022156,-0.0012367415428161622,-0.00467367643956095
555,3.4473329615592956,4.303216934204102e-05,-0.0002346800989471376
556,3.431760892868042,0.0005729627609252929,0.0016806472893222235
557,3.3427986907958984,0.0005575013160705566,0.0017285898223053664
558,3.4231938552856445,0.0009170079231262207,0.002848824062384665
559,3.429269225597382,0.00028600931167602537,-0.00010532040847465396
560,3.6261205315589904,0.0006136441230773926,0.002095026378519833
561,3.5474886965751646,0.004160537719726563,0.014114190835534828
562,4.299175639152526,0.0013343572616577148,0.00528479092681664
563,4.643830008506775,0.0004503583908081055,0.0016029109417831932
564,5.124270300865174,-0.0007509899139404297,-0.005175222579855472
565,4.184748919010162,-0.0003457212448120117,-0.004390071388334036
566,4.451129446029663,-0.002707386016845703,-0.014308245227439328
567,3.3411082863807677,-8.147001266479492e-05,-0.001217243335704552
568,3.4466450119018557,0.0021609854698181152,0.006933736117207445
569,3.642872161865234,-0.0004703569412231445,-0.003014358449727297
570,3.701624753475189,0.0010113954544067384,0.00314452872145921
571,3.649458909034729,0.0004565262794494629,0.001376334895612672
572,3.9603670239448547,0.00021359920501708984,0.00043618253985187037
573,3.763254108428955,0.0010570621490478516,0.00369310486712493
574,3.788464617729187,0.0003200411796569824,0.0010334662278182805
575,3.9912257981300354,-0.000586693286895752,-0.0026622566860169173
576,3.8648503637313842,1.0089874267578125e-05,-0.00010665358160622418
577,3.9705650424957275,0.00028125286102294924,0.0006930372197530233
578,3.7355338978767394,0.0014229202270507812,0.005344430132536218
579,4.2179670643806455,-0.0027742624282836915,-0.014693755700718611
580,3.346792380809784,0.0007707691192626953,0.0018842146539827808
581,3.787412157058716,0.0007967472076416016,0.0010026912350440398
582,3.3667181062698366,0.00034226179122924804,0.0009405693178996444
583,3.4133437061309815,0.0019556331634521485,0.006361455523292534
584,3.6907992219924926,0.0005328130722045899,0.0016030705976299942
585,3.6801241564750673,0.0005637812614440918,0.0016912695113569499
586,3.947738471031189,0.0008881855010986329,0.003044504269491881
587,4.1084695506095885,-4.4887065887451174e-05,-0.0004667178457020782
588,4.033339312076569,-0.0006184649467468262,-0.00338076637708582
589,4.3319304132461545,-0.0004015469551086426,-0.003590062903240323
590,3.7319021892547606,0.0012347912788391114,0.004119023980874772
591,3.953003590106964,0.0006275868415832519,0.0021309705486055462
592,3.770245966911316,0.0001400566101074219,0.00029548246471676975
593,4.600953974723816,0.0021850180625915525,0.005034328463516431
594,6.936223397254944,-0.0009417247772216797,-0.08391546273604035
595,4.488418745994568,-0.0003554677963256836,-0.002026346130296588
596,4.413613204956055,0.001357722282409668,0.005667652487754821
597,4.436098508834839,-0.0004966926574707032,-0.002312991561047966
598,4.355105500221253,0.0008873796463012695,0.0036160366679541768
599,4.495917072296143,0.0005699777603149414,0.002170328031061217
600,4.4636215972900395,0.0009763765335083007,0.004021956356009469
601,4.4092433595657345,0.001376938819885254,0.005761244550812989
602,4.53302043914795,0.00025336265563964845,0.0010055623104562982
603,4.514571027755737,-0.0013856077194213867,-0.006331370313127991
604,4.628034348487854,0.0010153007507324218,0.004325486113666557
605,4.685990676879883,-9.088993072509766e-05,-0.0011775533470790834
606,4.643493371009827,-0.0012557315826416016,-0.006331680233124644
607,4.349012308120727,0.0004926490783691407,0.001866632173769176
608,4.422406740188599,9.723663330078124e-05,0.00014352554455399514
609,4.340588455200195,-6.6375732421875e-05,-0.0005272775325283874
610,4.4107845544815065,0.0004640817642211914,0.0019124439236475155
611,4.435039486885071,-0.0008720207214355469,-0.0042050607154669704
612,4.543074250221252,0.0008414793014526367,0.003459427842171863
613,4.439936909675598,-0.0015125703811645509,-0.00707037927073543
614,4.455137271881103,0.0004250526428222656,0.0016088528599357233
615,4.596938052177429,0.0016591739654541015,0.0073166984226554635
616,4.5459165239334105,0.00029245376586914065,0.0009582741849590093
617,5.212854561805725,0.0032938480377197265,0.011821249574422836
618,5.041403427124023,-0.002283477783203125,-0.011964147679973393
619,4.420656538009643,-0.0009681177139282226,-0.005007997511420399
620,4.460442085266113,0.002793874740600586,0.012075060192146339
621,4.62181676864624,0.00046010494232177733,0.001689191658515483
622,4.600832991600036,0.0012879610061645509,0.005592471866402775
623,4.722039332389832,9.958744049072265e-05,-0.0002559057506732643
624,5.496653466224671,-0.0029663848876953125,-0.027117723177652805
625,3.9585195922851564,0.0008023285865783691,0.0029645400097797394
626,3.999592502117157,-0.001169276237487793,-0.005955531923100352
627,3.9373766660690306,-0.0007333517074584961,-0.0032638004058389925
628,3.878128592967987,0.0008540868759155274,0.0029678553756093606
629,4.001864824295044,0.00048577070236206055,0.0008992946241050959
630,4.092977523803711,0.0009030485153198242,0.002856165247503668
631,4.071617550849915,0.001573042869567871,0.0060656635457417
632,4.289524049758911,0.0008555793762207031,0.003332499180396553
633,4.329189825057983,0.0001892566680908203,0.0007112850062549114
634,4.365007476806641,0.0007640314102172851,0.0031680994923226537
635,4.480738592147827,-0.0009946537017822266,-0.004784886746201664
636,4.388577389717102,0.0026308441162109374,0.011273649167269468
637,4.508665637969971,0.00259702205657959,0.012846200964413584
638,5.308451585769653,-0.0006584453582763671,-0.0049073058244539424
639,8.333817296028137,0.005002493858337402,-0.09385404805652797
640,5.4167499828338626,-0.0009154987335205078,-0.005319443535991013
641,5.326858277320862,-0.0005946254730224609,-0.003707806854508817
642,5.483197193145752,-0.0007198524475097657,-0.004688226936559658
643,5.53471610546112,0.0010208225250244141,0.004853022155002691
644,5.826872072219849,-6.211280822753906e-05,-0.0017142699938267468
645,5.472852444648742,0.0017633581161499024,0.009102467486518434
646,5.860324244499207,0.0017573499679565429,0.009652813845314086
647,5.838079667091369,0.0003100728988647461,0.00013206509000156076
648,5.528598313331604,0.007442398071289063,0.03789673624851275
649,5.79866144657135,0.000944814682006836,0.0046705683274194595
650,5.7486723279953,0.00019232749938964843,0.0007804300301359035
651,5.759594106674195,-0.0006538009643554687,-0.004106632431503385
652,5.5796167230606075,-0.0013618803024291993,-0.008123657492687926
653,6.0363694858551025,0.0014640665054321289,0.008265621792525053
654,5.800378632545471,-0.0031935453414916994,-0.019472685098007786
655,5.643894758224487,-0.0019303655624389648,-0.011950106392614544
656,5.261515703201294,2.4652481079101564e-05,-0.00022914147702977062
657,5.39121018409729,-0.0006448984146118164,-0.004055341860512271
658,5.318835296630859,0.0002812385559082031,0.001086864587268792
659,5.334669885635376,0.0022404098510742185,0.011375823630951345
660,5.4525484418869015,0.0011742973327636718,0.005840938041073968
661,5.611634283065796,0.000904994010925293,0.004501938654575497
662,5.614501423835755,0.0016282892227172851,0.008599089266499504
663,5.85689389705658,0.0009052896499633789,0.004693270481657237
664,5.655476059913635,0.0014544677734375,0.007741232984699309
665,6.017158579826355,-0.00167022705078125,-0.01040182955293858
666,5.974157629013061,0.000861964225769043,0.00452909389132401
667,5.822606053352356,0.0005384540557861328,0.00220473850145936
668,5.606474967002868,-0.0006990528106689453,-0.004441341330530122
669,5.521448092460632,-0.0005505132675170898,-0.0035292112035676835
670,5.6799364137649535,-0.0003321504592895508,-0.003059116983495187
671,5.384459600448609,3.1189918518066405e-05,-0.0005507075879722834
672,5.468797249794006,-1.681804656982422e-05,-0.000637139609316364
673,5.460592455863953,-0.00035736560821533205,-0.002276448335687746
674,5.2039008140563965,-0.0017574596405029296,-0.009605973075376823
675,5.136255488395691,0.0007427358627319336,0.0034708552260417492
676,5.11405839920044,-0.0019423198699951173,-0.010562748895026744
677,4.95059151172638,0.0010374069213867187,0.004632038702256977
678,5.1917424440383915,0.0009032487869262695,0.004056264478713274
679,5.250213165283203,0.0001854848861694336,0.0002396067837253213
680,5.718121852874756,-0.0006201696395874023,-0.005944821927696467
681,5.8164462471008305,-0.000966343879699707,-0.010055394586524926
682,4.649466757774353,-0.0006769704818725586,-0.003429243164137006
683,4.920866951942444,5.023956298828125e-05,-0.0006393549381755292
684,4.681752347946167,-0.0006558132171630859,-0.0032819640843081287
685,4.6798523330688475,-0.000506291389465332,-0.0027762135851662605
686,4.404190764427185,-0.001651473045349121,-0.007719008069834672
687,4.160612096786499,0.0009890913963317872,0.003264093220932409
688,4.147115337848663,-0.0038139009475708007,-0.019415522577473893
689,2.8575806164741517,-0.004347836971282959,-0.01697652238421142
690,2.76482453584671,-0.00041749477386474607,-0.002597897098166868
691,3.1147264575958253,0.0014534378051757812,0.002568442509509623
692,2.8602440690994264,-0.001040513515472412,-0.004218497425608802
693,2.7307997369766235,0.00033921003341674805,0.0001730091474018991
694,2.784178373813629,0.0016843414306640626,0.004391136839985848
695,3.0816559648513793,0.00014885902404785157,-0.00021825269795954226
696,3.195589470863342,0.0015569710731506347,0.00423241521930322
697,3.2813648128509523,0.00047358989715576174,0.001167819010297535
698,3.2404084038734435,0.0016746735572814942,0.004694079799301107
699,3.509046247005463,0.0010909485816955567,0.003548010557424277
700,3.552513589859009,0.00042069435119628906,0.0013322070089634508
701,3.7367430448532106,0.0008858489990234375,0.00317950940458104
702,3.5849473333358763,0.00045847177505493165,0.0014614087591326096
703,3.6050295519828794,-0.0007865810394287109,-0.0032498810208926444
704,3.9658810353279113,0.0006248164176940918,0.00165771571919322
705,3.9701625323295593,0.001337435245513916,0.005079195665312
706,3.929314875602722,0.0002150726318359375,0.0004155779910433921
707,3.9228156924247743,-0.00017161130905151366,-0.001079736073006643
708,4.143511860370636,0.002043328285217285,0.00818393519264646
709,4.357626113891602,-0.001202700138092041,-0.006542557561770082
710,3.7533621692657473,-0.0007164406776428222,-0.003581078218703624
711,3.8107397890090944,0.0026342439651489257,0.009635609753895552
712,4.090257985591888,-0.0013449573516845703,-0.0056631452438887205
713,3.396942980289459,-0.002850461006164551,-0.011426624093437567
714,2.9953888940811155,-0.0007306432723999023,-0.0034690918936394156
715,2.449099550247192,-0.004699283838272094,-0.014998668942134828
716,2.5452628087997438,0.0014608311653137207,0.002770103681832552
717,1.7474044525623322,-0.006841634511947632,-0.015674176779575645
718,1.6091921103000641,-0.008610596656799316,-0.021150926851114492
719,1.6055185639858245,0.0011802434921264649,0.0013953470962587743
720,1.4475355744361877,0.0016382896900177001,0.0013598655431997031
721,1.5858326590061187,-4.689455032348633e-05,-0.0006867495752521791
722,1.541566971540451,0.003943525552749634,0.0057080751430476084
723,1.1299730730056763,0.0017164307832717896,0.0006243331072619185
724,1.8689758706092834,-0.00027386903762817384,-0.0008548502239864319
725,1.3395383721590042,-0.008615669012069702,-0.011753115415922366
726,1.5620639300346375,0.0009327006340026856,0.0012010622900561429
727,1.4783393836021423,-0.0037016868591308594,-0.005526654894347303
728,1.3855067908763885,0.00012131810188293458,-0.0004033492028247565
729,1.1893573492765426,-0.0044160312414169315,-0.006004728344632895
730,1.5037878394126891,0.0014301061630249024,0.0013903451192891225
731,1.7747474992275238,0.0007232332229614258,0.0010554304560355377
732,1.816841493844986,0.0012037897109985353,0.0020814379991497844
733,1.9010393953323363,-0.0015991568565368653,-0.0029820655880030246
734,1.6420473659038544,0.0021115028858184814,0.003141378352374886
735,1.9076980102062224,0.0010472142696380615,0.001873100008961046
736,2.027158348560333,0.0011836254596710204,0.0023094704080449447
737,2.2895501899719237,0.0007902240753173828,0.0017701069844952143
738,2.428714146614075,0.00048326730728149415,0.0010923089513744345
739,2.388165345191956,0.0008896291255950928,0.0003597279358655214
740,2.3799493503570557,0.0008712005615234375,0.0013642626630462472
741,2.6091112995147707,0.0017639064788818359,0.0037069499960489336
742,2.9936327004432677,0.00043918848037719725,0.0010821589806073461
743,3.1675908303260805,0.0008869576454162598,-0.006689148282748647
744,2.741577968597412,-0.0002785921096801758,-0.0009249024055316113
745,2.6300120759010315,0.0002316713333129883,0.00041462242385023276
746,2.9189090490341187,0.0008933115005493164,0.001710100630298257
747,2.836601116657257,0.0015343832969665528,0.004272959916961554
748,2.9807556200027467,0.0005731987953186035,0.0015547505352878942
749,3.0940957856178284,0.0015268421173095703,0.004585772256250493
750,3.247531349658966,0.0010156750679016114,0.0029942975711310283
751,3.2193475103378297,0.0007532906532287598,0.001159092461457476
752,3.325756754875183,0.003083348274230957,0.009614472448593005
753,3.8247009778022765,0.0014434432983398437,0.005594261358783115
754,3.849408118724823,1.3706684112548829e-05,-0.0008120520485681482
755,3.8687172150611877,-0.0014585185050964356,-0.007405923608748708
756,3.2969852662086487,-0.00039294958114624026,-0.0020506658632075416
757,3.2840469622612,-0.0013144278526306152,-0.005400926893926226
758,3.6328897857666016,-0.0002578616142272949,-0.002820682859746739
759,3.4069014167785645,0.002319498062133789,0.00696583614742849
760,3.0119455337524412,-0.0026989531517028808,-0.010042699563782662
761,3.005962190628052,0.0009756278991699219,0.0023185735351034962
762,3.231976149082184,0.0010361003875732422,0.002954027235973626
763,3.3763384103775023,0.0027173399925231934,0.008697336486075074
764,3.605959496498108,-0.00027600765228271486,-0.001254367555375211
765,3.731172299385071,0.0029760885238647463,0.010751207080029418
766,4.003892140388489,-2.4912357330322264e-05,-0.00041585834813304243
767,4.246390850543976,0.0010577726364135742,0.0035953319962573004
768,4.423255734443664,0.0007598638534545898,0.002809366590809077
769,4.416091752052307,0.0004965448379516601,0.0017270121640467551
770,4.045813765525818,-0.0003640913963317871,-0.0034463784837862475
771,4.559183652400971,0.0024895572662353514,0.01038041103631258
772,5.073091697692871,0.011095223426818847,0.05205055024677677
773,6.162109541893005,-0.000804133415222168,-0.008967570723616518
774,5.333295092582703,-0.0019234752655029298,-0.014065289928112179
775,4.674438519477844,-7.204532623291016e-05,-0.004107162319123745
776,4.670592422485352,-0.00035701274871826174,-0.0035536874737590552
777,4.688013701438904,0.0019505929946899414,0.008502203596290201
778,5.887352738380432,0.0058126688003540036,-0.00290183206088841
779,5.228199305534363,0.0004398202896118164,0.0016291843302315102
780,5.355208697319031,3.640651702880859e-05,-0.0003511278086807579
781,5.224823698997498,-0.0020235252380371095,-0.010986548486398533
782,5.222836594581604,-0.0009073114395141601,-0.005183327551640105
783,5.114898333549499,0.0007038545608520507,0.003401532988063991
784,5.212144260406494,0.0009922742843627929,0.004543392700143158
785,5.102887201309204,-0.0020269203186035157,-0.010811860242829424
786,6.403822836875915,0.002653188705444336,-0.005706050893059001
787,4.814798784255982,-0.0011858081817626954,-0.006338734407909215
788,4.717954115867615,-0.00015510082244873046,-0.0010710295592434704
789,4.681733260154724,0.000996851921081543,0.0033885918656596913
790,4.5387588596344,-0.001381850242614746,-0.007061883718706668
791,5.076009678840637,-0.0009651327133178711,-0.00654249926796183
792,4.322960548400879,-0.0012659883499145507,-0.006064756063278764
793,4.35593608379364,0.0008939695358276367,0.003582945141242817
794,4.458307766914368,0.0013239526748657228,0.00552637436951045
795,4.700534267425537,-0.0018807649612426758,-0.009738349235558417
796,4.580088114738464,0.0007252693176269531,0.002545828563743271
797,4.402481551170349,0.0006661367416381836,0.0026198316327645443
798,4.548830785751343,0.00014830589294433593,9.994731284677982e-05
799,4.4614978647232055,-0.0010179805755615235,-0.004766388905700296
800,4.169244418144226,-0.002856607437133789,-0.013168167832773178
801,4.362547171115875,-0.0042436933517456055,-0.017558762246044354
802,3.6292278146743775,0.0012427520751953124,0.003961364084680099
803,3.751013252735138,0.00046737194061279296,0.0014543060186406364
804,3.6912498331069945,-0.00014616012573242187,-0.001066760667017661
805,3.913085887432098,0.0008056807518005371,0.0022216353393741885
806,3.6306533122062685,-0.0015688991546630858,-0.007438840486574918
807,3.6715710067749026,0.00021120786666870117,0.0003536008932860568
808,3.6201915383338927,0.001932063102722168,0.006790430138717056
809,3.756533696651459,-0.0004720211029052734,-0.0020200078026391564
810,3.7777831196784972,-0.001021585464477539,-0.004027051357807068
811,3.7575261116027834,-0.0002258443832397461,-0.0011365242808824404
812,3.9000012946128844,0.0022902989387512205,0.008508435476396698
813,3.8895907735824586,2.40325927734375e-05,-0.00045306956744752826
814,3.997719602584839,0.0007927107810974121,0.0028456388041377067
815,4.200869545936585,0.0004969453811645508,0.0016884221613872796
816,4.357043690681458,0.00263256311416626,0.01067300020264156
817,4.438737125396728,-0.0033911705017089845,-0.015590826402185485
818,3.881566114425659,-0.0030228400230407713,-0.014500142641190905
819,3.418527991771698,0.0009143400192260742,0.002959954507823568
820,3.5666552424430846,0.0006874370574951172,0.0022065115452278407
821,3.075319006443024,-0.0031234216690063476,-0.012431087263394147
822,3.1825990009307863,0.0012666797637939453,0.003282928739208728
823,3.2680989360809325,4.769086837768555e-05,-0.00023406875436194241
824,3.2802940607070923,0.0018920516967773438,0.004885364494984969
825,3.4918534660339358,0.0005761981010437012,0.0017826320172753185
826,3.555092463493347,0.0005990982055664063,0.0019270068759215065
827,3.3766043424606322,-0.0008302569389343262,-0.003626022993121296
828,3.4226011180877687,0.0008909988403320312,0.002869400009512901
829,3.63709365606308,0.002304830551147461,0.00814049712380438
830,3.8329978561401368,0.0008474874496459961,0.003057920356004615
831,3.894413957595825,0.001090090274810791,0.00412560310374829
832,4.302362251281738,0.00033985137939453126,0.001184469852305483
833,4.008515925407409,1.1007785797119141e-05,-0.00022134325350634754
834,4.1413328433036805,0.0002052140235900879,0.0006073052366264164
835,3.9135286521911623,-0.0009518170356750488,-0.0040886030405818015
836,3.910213372707367,0.00025969505310058594,0.0009203623678331497
837,3.796256446838379,-9.505748748779296e-06,-0.0003079750994220376
838,3.9426420164108276,0.0008545589447021485,0.003169934996403754
839,4.263412556648254,0.0010668087005615235,0.004208753411658109
840,4.449930779933929,-0.0005106163024902343,-0.00451304381567752
841,3.926011526584625,-0.0008822464942932129,-0.0036914238129975275
842,4.022558062076569,0.000669407844543457,0.0022379907334106972
843,3.9489854836463927,0.0009525203704833984,0.003591474166023545
844,3.983786599636078,0.001392529010772705,0.0014599076617741956
845,3.9414575242996217,-0.002304704189300537,-0.009999120347201825
846,3.612909958362579,-0.0009730243682861328,-0.003927822726363956
847,3.646153028011322,0.0015352606773376466,0.005376758585334755
848,3.835969190597534,0.000901484489440918,0.002748127849481534
849,3.9340605545043945,-0.0005764651298522949,-0.002557660052552819
850,3.7329580116271974,0.00014539718627929688,0.0003695021731982706
851,3.7894810390472413,0.000625011920928955,0.0020352479664143175
852,4.0582054281234745,0.0003550362586975098,0.0010607289394829423
853,3.9087192463874816,0.0002280282974243164,0.0006644008867442608
854,3.7249021887779237,-0.0006837964057922364,-0.003038944951840676
855,3.853793749809265,0.0006646943092346191,0.002473264700965956
856,3.9073156332969665,-7.096052169799805e-05,-0.0005146871446049772
857,3.9478036260604856,0.0004482412338256836,0.0009418775583617389
858,4.173282463550567,0.0007811307907104493,0.002542253881692886
859,4.129348161220551,-0.0006018733978271485,-0.002829389491234906
860,3.6720569586753844,-0.00014107465744018556,-0.0020177538087591527
861,3.839921545982361,0.0009405827522277832,0.0030713206925429403
862,3.77643107175827,6.152868270874023e-05,-0.0006409524049377069
863,3.9121711444854737,0.000630338191986084,0.002273736004717648
864,4.175472342967987,0.00132108211517334,0.0051185544335749
865,4.77744948387146,0.0019612598419189455,0.0053516263933852315
866,4.396712532043457,-0.00022803306579589845,-0.0017462328262627125
867,4.415453071594238,-5.112648010253906e-05,-0.0009812523554137442
868,4.531262578964234,-0.00014373779296875,-0.0014696718752384185
869,4.1685471343994145,0.0005824756622314453,0.0022785304044373334
870,4.329018702507019,0.0002688121795654297,0.0008146947310888208
871,4.567582697868347,0.0020553016662597655,0.008871559780236566
872,4.799533214569092,1.5778541564941408e-05,-0.0005739762051962316
873,4.617339119911194,7.305622100830079e-05,-0.0002821724445311702
874,4.669767603874207,-0.00012185096740722656,-0.002111667387653142
875,4.301092004776001,-5.329608917236328e-05,-0.0006972425966523587
876,4.705768909454346,-0.00031794071197509765,-0.0019905011949595064
877,6.2200953388214115,-0.0016888189315795899,-0.050769325863802804
878,4.527253885269165,-0.0007823371887207032,-0.004515188150689937
879,4.425503416061401,0.0006121158599853516,0.0025019232457270846
880,4.476863193511963,0.001194314956665039,0.004867964265868068
881,4.369036989212036,-0.0005245590209960937,-0.002706174232298508
882,4.472892808914184,0.0007301616668701172,0.0030905079639342147
883,4.343026113510132,-6.297588348388672e-05,-0.0004953563991102783
884,4.590231637954712,6.142139434814453e-05,6.749756401404739e-05
885,4.458910293579102,-0.00011963844299316407,-0.0006377369596157222
886,4.464077954292297,-0.0007564401626586914,-0.0035237213465734384
887,4.597627992630005,0.0019625139236450193,0.008678672383975936
888,4.781873440742492,-0.001335892677307129,-0.006755155602004379
889,4.282569379806518,0.0003017282485961914,0.0011411393049638719
890,4.302520236968994,0.00034008026123046877,0.0013244778127409517
891,4.402455039024353,0.0026583051681518554,0.012497403629822657
892,4.681227126121521,0.0011337089538574218,0.005009362432174385
893,4.821788349151611,0.0011010408401489259,0.004841448630322702
894,5.144068942070008,0.013043532371520996,0.08301474350271747
895,6.390891027450562,-0.004925365447998047,-0.03424126251600683
896,5.712298603057861,-0.007379240989685058,-0.050829062168486414
897,4.794809193611145,-0.0004668569564819336,-0.00297030383204401
898,5.331347756385803,-0.0014771652221679688,-0.008986975466832518
899,4.7108575010299685,0.00018065452575683594,0.0005895058097667061
900,4.951911797523499,0.005996079444885254,0.030375081897363997
901,5.936760096549988,-0.010439062118530273,-0.09383558049332351
902,4.031559095382691,0.0004555630683898926,0.001353487140731886
903,4.071176517009735,0.002835092544555664,0.011309882978675887
904,4.249912176132202,0.0004775571823120117,0.001963412569020875
905,4.339209933280944,0.00031606197357177736,0.0010974188521504402
906,4.299279661178589,0.0007372617721557618,0.0029539833791204727
907,4.365804424285889,0.00015372753143310546,0.0004385190783068538
908,4.374060029983521,0.000680232048034668,0.002717151295510121
909,4.286632323265076,0.0012056398391723632,0.005035698979190784
910,4.48604606628418,0.0017946958541870117,0.007748367282911204
911,4.727756862640381,0.0024602746963500975,0.011356817802879959
912,4.698342390060425,0.00013675212860107423,0.00038800866925157605
913,4.849840707778931,0.0006202316284179688,0.002549046319909394
914,5.084582571983337,0.00299464225769043,0.012760775119386381
915,5.141832294464112,-0.0011219453811645507,-0.005979498733067885
916,5.0667042589187625,0.0009695339202880859,0.004615119314985349
917,5.339427371025085,0.0003358793258666992,0.0012007060123141854
918,5.2551530075073245,-0.0011645221710205077,-0.006352156954235398
919,5.137847990989685,-0.0003266143798828125,-0.0018739030021242798
920,4.932211589813233,-0.0003610086441040039,-0.0024369848903734235
921,5.0318407583236695,0.002309284210205078,0.010797663326884503
922,5.319082326889038,0.0006075334548950195,0.0014856916130520403
923,4.897786560058594,5.251884460449219e-05,-5.895963840885088e-05
924,5.412102375030518,-7.7362060546875e-05,-0.0009912908310070634
925,4.7982685136795045,0.00047846317291259764,0.0017713023908436298
926,4.996265535354614,-0.0006200885772705078,-0.003766092735750135
927,5.2033952665328975,0.0014008522033691407,0.006885562766983639
928,5.127275905609131,0.0014402341842651367,0.0065538043922424545
929,5.744442901611328,0.0013039684295654296,0.006686495719477535
930,5.762008876800537,-0.0029488801956176758,-0.020013221361587057
931,5.016201620101929,-9.39178466796875e-05,-0.0025430112984031437
932,5.428685913085937,0.0027359342575073243,0.01020762512460351
933,5.043693413734436,-0.0004665374755859375,-0.002843673838651739
934,4.956641397476196,-0.0003789854049682617,-0.0021734619385097177
935,4.70477810382843,-0.0013814496994018555,-0.006914177117869258
936,4.759920496940612,0.0017476654052734374,0.008162391117712104
937,4.827536473274231,-0.0007560253143310547,-0.0040792830474674704
938,5.019089484214783,0.0009380149841308594,0.003360284655354917
939,4.178513660430908,0.000531473159790039,-0.0027689757452026243
940,4.7867550277709965,0.0008569955825805664,0.0036630233423784377
941,4.8314626121521,0.000801539421081543,0.0033494053210597484
942,4.889311203956604,0.00182373046875,0.008470370103605091
943,4.700228452682495,0.0008548903465270996,-0.00014628982953581726
944,4.917068786621094,-0.0001777839660644531,-0.0012880188366398216
945,5.105066080093383,0.0009406614303588867,0.004129521974828094
946,5.492393183708191,0.0015909147262573242,0.008115646701771766
947,5.602104530334473,-0.0018906593322753906,-0.010695669213309883
948,5.604012365341187,0.0005677080154418945,0.0007578451035078615
949,4.735258667469025,-0.002470102310180664,-0.014498059453908354
950,4.000081570148468,-0.0035280728340148925,-0.016346103136893362
951,4.039776284694671,0.0017877626419067383,0.006742785049136728
952,3.97672208070755,-0.002313427925109863,-0.009619336021132767
953,3.8486509585380553,6.963729858398437e-05,-0.00044023771275533366
954,3.840717213153839,-0.0008019614219665528,-0.003349587616394274
955,3.656269428730011,-0.001442718505859375,-0.006716252421902027
956,3.319276490211487,-0.002009625434875488,-0.007382871959125623
957,3.2956875133514405,-0.0011572980880737306,-0.004572046752218739
958,3.2813375186920166,0.000584254264831543,0.0017571669138851575
959,3.316184685230255,0.0006918501853942871,0.002194947062380379
960,3.4146187710762024,-0.00012137413024902343,-0.0006545234844088554
961,3.381636621952057,-0.0001744842529296875,-0.0007997667067684233
962,3.4045093870162964,0.00033902406692504883,0.000966750004736241
963,3.3955212903022765,0.00020598649978637696,0.0005303171346895397
964,3.3463612675666807,-0.00014907360076904297,-0.0006748350936686621
965,3.3647284626960756,0.0010798430442810058,0.0035429868691426235
966,3.3772775411605833,0.00043649911880493163,0.0013202832249226049
967,3.5586052942276,0.0011596560478210449,0.004028220445616171
968,3.622311954498291,-0.00023916006088256836,-0.0016103392266086302
969,3.8831594133377076,0.002474987506866455,0.009157376385992393
970,4.135079538822174,0.00023030519485473633,0.0005696927104145289
971,4.026410932540894,0.00033203840255737306,0.0010790000983979552
972,3.972464392185211,-2.933502197265625e-05,-0.0003079698387591634
973,4.255689430236816,0.00012471675872802735,-0.0008414726896444336
974,3.9941624140739442,0.0015913677215576173,0.006056839688681066
975,4.343850088119507,0.0020158767700195314,0.008344380993803498
976,4.770332880020142,0.0004932928085327148,0.001729528245923575
977,4.54135648727417,5.938053131103516e-05,-0.00011775719933211804
978,5.33150288105011,0.001703634262084961,0.0057554652588441965
979,5.335096588134766,0.00942047119140625,0.038939922909485176
980,5.540212187767029,0.0008612394332885743,0.004325359383919931
981,5.686022844314575,-0.0006128406524658203,-0.00434692229697248
982,5.648719301223755,0.00038279056549072265,0.0017680316441692412
983,5.923570351600647,9.455204010009765e-05,7.011708803474903e-06
984,5.482024192810059,0.002366776466369629,0.012678183261305093
985,5.93960693359375,-0.0005191850662231445,-0.00362341639585793
986,6.122433228492737,-0.00025699615478515627,-0.005322305858135224
987,5.575904874801636,0.0006138229370117187,0.002860279929591343
988,5.50803008556366,-0.0006043767929077149,-0.003722544852644205
989,5.327110095024109,0.0002787971496582031,0.0007972142003563931
990,5.32643762588501,-0.0006903314590454102,-0.004629090722810361
991,5.353537244796753,-0.001552886962890625,-0.008568260994507
992,5.007936897277832,0.003264040946960449,0.016347531723149587
993,5.813319659233093,0.000413055419921875,0.0019467644847463816
994,5.9224564599990845,-0.000911412239074707,-0.006104304398177191
995,5.5923913383483885,0.0003985166549682617,0.001553922152670566
996,5.578946604728698,0.0009696197509765625,0.004899195141624659
997,5.715516157150269,0.0030710840225219725,0.016866632687160744
998,7.241229424476623,0.002298908233642578,0.006745706405563396
999,5.99886302947998,-0.0005418205261230469,-0.0039651767001487315
