,XLK,SPY,TLT.O,TAIL.K,VIX
2002-01-04,25.373333333333335,116.66333333333334,,,21.5
2002-01-11,25.46,115.97999999999999,,,22.172000200000003
2002-01-18,24.546,113.80199999999999,,,22.9000004
2002-01-25,23.585,113.1825,,,21.912499999999998
2002-02-01,23.497999999999998,112.36800000000001,,,22.183999800000002
2002-02-08,22.234,109.16599999999998,,,24.956000600000003
2002-02-15,22.444,111.55,,,21.678000599999997
2002-02-22,20.8125,109.3225,,,23.4375
2002-03-01,21.089199999999998,111.84200000000001,,,21.3119998
2002-03-08,22.756,116.274,,,20.0100002
2002-03-15,22.528,116.596,,,19.302
2002-03-22,22.002,115.93800000000002,,,18.293999799999998
2002-03-29,21.44,114.24249999999999,,,17.927500000000002
2002-04-05,21.17,113.402,,,19.4000002
2002-04-12,20.017999999999997,112.098,,,19.398
2002-04-19,20.517999999999997,112.41599999999998,,,18.7900002
2002-04-26,19.452,109.55799999999999,,,20.782000200000002
2002-05-03,18.6,108.048,,,21.255999799999994
2002-05-10,18.166,106.60999999999999,,,21.771999599999997
2002-05-17,19.53,109.828,,,19.092000199999998
2002-05-24,19.15,109.22600000000003,,,19.1999998
2002-05-31,18.46,107.405,,,20.32249975
2002-06-07,17.798,104.282,,,23.5080002
2002-06-14,16.978,102.24600000000001,,,24.659999799999998
2002-06-21,16.606,102.42,,,25.929999600000002
2002-06-28,15.695999999999998,98.694,,,26.9860002
2002-07-05,15.287500000000001,96.705,,,28.15000025
2002-07-12,15.356,94.102,,,31.8719988
2002-07-19,15.413999999999998,89.22999999999999,,,36.0839998
2002-07-26,13.613999999999999,83.29400000000001,82.51,,40.285999200000006
2002-08-02,13.998,89.488,82.46400000000001,,34.70400020000001
2002-08-09,13.586000000000002,88.14000000000001,84.0,,39.500001000000005
2002-08-16,14.325999999999999,91.70599999999999,85.942,,32.69399980000001
2002-08-23,15.437999999999999,95.364,85.672,,28.700000199999998
2002-08-30,14.642,93.088,86.186,,31.925999399999995
2002-09-06,13.6925,89.15,88.005,,38.150000750000004
2002-09-13,14.09,90.522,87.824,,35.9320008
2002-09-20,13.224,86.744,89.23400000000001,,38.3800004
2002-09-27,12.43,83.76,89.95400000000001,,37.820000199999996
2002-10-04,12.110000000000001,82.754,89.506,,37.482000000000006
2002-10-11,12.022,80.478,89.464,,39.80799999999999
2002-10-18,13.441999999999998,87.35799999999999,86.226,,34.7379996
2002-10-25,14.224,89.69,84.724,,32.8860002
2002-11-01,14.693999999999999,89.28,86.13600000000001,,31.001999599999998
2002-11-08,15.585999999999999,91.28599999999999,86.53,,30.722
2002-11-15,15.289999999999997,89.67999999999999,87.96,,29.6879998
2002-11-22,16.113999999999997,92.14400000000002,86.888,,25.4719998
2002-11-29,16.9625,93.36000000000001,85.8475,,26.19749975
2002-12-06,16.406,92.582,85.71799999999999,,28.737999600000002
2002-12-13,15.504,90.218,86.97999999999999,,28.5540004
2002-12-20,15.478,90.29,86.602,,27.621999799999998
2002-12-27,15.3125,89.03625,88.095,,27.40250025
2003-01-03,15.235,89.69,87.64250000000001,,27.07750025
2003-01-10,16.368000000000002,92.59,86.132,,24.827999999999996
2003-01-17,16.139999999999997,92.28799999999998,86.30600000000001,,25.1380002
2003-01-24,15.025,88.1275,87.6875,,28.910000250000003
2003-01-31,14.618,85.6,87.67,,32.0739998
2003-02-07,14.286000000000001,84.86600000000001,88.06,,32.835999
2003-02-14,14.14,83.208,88.00999999999999,,33.66400080000001
2003-02-21,14.755,85.08,88.39,,30.9575
2003-02-28,14.404,84.15,89.59400000000001,,31.164000199999997
2003-03-07,14.139999999999997,83.272,90.39,,31.017999999999994
2003-03-14,14.068000000000001,82.178,90.51599999999999,,32.634
2003-03-21,15.356,87.97,87.522,,30.566000399999997
2003-03-28,14.931999999999999,87.02999999999999,87.502,,28.6159996
2003-04-04,14.758,86.96399999999998,87.774,,28.573999800000003
2003-04-11,14.618,87.58599999999998,87.374,,26.546000399999997
2003-04-18,14.915,89.135,87.5875,,22.49749975
2003-04-25,15.456,90.95200000000001,88.22400000000002,,20.916
2003-05-02,15.776,92.184,88.84,,21.005999600000003
2003-05-09,16.145999999999997,93.30199999999999,89.872,,20.771999799999996
2003-05-16,16.548000000000002,94.816,92.402,,19.413999999999998
2003-05-23,16.008000000000003,93.018,94.88199999999999,,20.392000200000002
2003-05-30,16.7225,95.86,94.36500000000001,,19.98
2003-06-06,17.162000000000003,98.63399999999999,94.05,,20.8780002
2003-06-13,17.163999999999998,99.59400000000001,96.03200000000001,,20.813999599999995
2003-06-20,17.529999999999998,100.86999999999999,94.77799999999999,,19.7859994
2003-06-27,17.114,98.186,93.52399999999999,,20.1399998
2003-07-04,17.377499999999998,98.6675,91.67750000000001,,19.349999750000002
2003-07-11,18.042,100.394,90.33200000000001,,19.2259998
2003-07-18,17.866,99.834,88.226,,19.645999800000002
2003-07-25,17.49,99.08200000000001,86.00000000000001,,18.788
2003-08-01,17.596,99.26399999999998,83.466,,19.2240002
2003-08-08,17.188,97.638,83.31199999999998,,21.060000000000002
2003-08-15,17.304000000000002,99.23400000000001,82.27799999999999,,18.64
2003-08-22,18.073999999999998,100.466,83.12,,18.05
2003-08-29,18.258,100.476,83.31599999999999,,19.051999799999997
2003-09-05,19.055,103.1,82.7425,,18.835
2003-09-12,19.052,102.67,84.086,,19.01
2003-09-19,19.298000000000002,103.46399999999998,85.12,,18.1140006
2003-09-26,18.806,101.366,86.186,,20.9659996
2003-10-03,18.702000000000005,101.75999999999999,86.986,,21.151999600000003
2003-10-10,19.394,104.194,84.716,,19.0740002
2003-10-17,19.596,104.96600000000001,83.506,,17.4840006
2003-10-24,19.445999999999998,104.074,84.49999999999999,,17.3299998
2003-10-31,19.512,104.91,85.00399999999999,,16.7459998
2003-11-07,20.028,105.92,84.15,,16.7259998
2003-11-14,19.88,105.696,84.438,,17.064000400000005
2003-11-21,19.296,104.296,86.24,,18.994000000000003
2003-11-28,19.8125,106.1,85.77250000000001,,16.675000000000004
2003-12-05,20.014,107.30800000000002,84.66999999999999,,16.6119996
2003-12-12,19.753999999999998,107.422,85.08,,17.0360002
2003-12-19,19.852,108.576,86.338,,16.264
2003-12-26,20.03,109.6775,86.58000000000001,,16.8850005
2004-01-02,20.427500000000002,111.2125,85.485,,17.824999499999997
2004-01-09,21.302,112.73800000000001,85.454,,16.416
2004-01-16,21.73,113.458,87.61800000000001,,16.4340002
2004-01-23,21.85,114.63250000000001,87.8025,,14.775000000000002
2004-01-30,21.520000000000003,114.176,86.86800000000001,,16.0899998
2004-02-06,21.062000000000005,113.646,86.804,,17.2060002
2004-02-13,21.202,115.23599999999999,87.56400000000001,,15.7219998
2004-02-20,21.13,115.485,87.7225,,15.707500250000002
2004-02-27,20.7,114.76200000000001,88.13199999999999,,15.3000002
2004-03-05,20.876,115.94000000000001,88.222,,14.545999999999998
2004-03-12,20.124,113.148,90.554,,18.0059998
2004-03-19,19.919999999999998,112.03200000000001,90.724,,19.452000199999997
2004-03-26,19.69,110.138,90.74600000000001,,19.4539996
2004-04-02,20.392,113.41599999999998,88.69399999999999,,16.362000199999997
2004-04-09,20.84,114.7925,86.22,,15.5775
2004-04-16,20.446,113.64199999999998,84.81800000000001,,15.768
2004-04-23,20.326,113.40599999999999,84.114,,15.262
2004-04-30,20.05,112.822,83.866,,15.984000400000003
2004-05-07,19.656,111.752,82.52199999999999,,16.8239996
2004-05-14,19.637999999999998,109.81199999999998,81.11,,18.7619998
2004-05-21,19.454,109.49000000000001,81.798,,19.075999799999998
2004-05-28,19.939999999999998,112.018,82.67,,16.157999999999998
2004-06-04,19.927500000000002,112.72749999999999,81.8275,,16.54750025
2004-06-11,20.395,114.42500000000001,81.4975,,15.2075
2004-06-18,20.211999999999996,113.74000000000001,82.186,,15.209999999999999
2004-06-25,20.352,113.99000000000001,82.752,,14.709999999999999
2004-07-02,20.406,113.54400000000001,83.30999999999999,,15.232
2004-07-09,19.6425,111.81500000000001,84.28,,16.01000025
2004-07-16,19.262,111.33399999999999,84.578,,14.446000000000002
2004-07-23,19.048000000000002,110.05999999999999,84.9,,15.6
2004-07-30,19.214,110.006,83.91600000000001,,16.1999996
2004-08-06,19.022,109.346,85.048,,17.054000000000002
2004-08-13,18.31,107.542,86.22200000000001,,18.2919998
2004-08-20,18.48,109.48599999999999,86.5488,,16.7559998
2004-08-27,18.772,110.84,86.44399999999999,,15.162
2004-09-03,18.684,111.532,87.16399999999999,,14.766
2004-09-10,18.845,112.745,86.98500000000001,,13.975
2004-09-17,19.232,113.23599999999999,87.74000000000001,,13.958000000000002
2004-09-24,19.182,111.878,89.138,,14.382
2004-10-01,19.084000000000003,111.856,88.714,,13.55
2004-10-08,19.809999999999995,113.66400000000002,87.418,,14.038
2004-10-15,19.482000000000003,111.78800000000001,88.49800000000002,,15.330000000000002
2004-10-22,19.65,110.83399999999999,89.326,,14.902000000000001
2004-10-29,19.726,112.14000000000001,89.344,,16.069999799999998
2004-11-05,20.338,115.174,88.49,,14.86
2004-11-12,20.746000000000002,117.522,87.374,,13.372
2004-11-19,21.162000000000003,118.27000000000001,88.36600000000001,,13.256
2004-11-26,21.05,118.23249999999999,88.6575,,12.785
2004-12-03,21.316,118.702,86.84799999999998,,13.089999999999998
2004-12-10,21.44,118.928,88.458,,13.138
2004-12-17,21.422000000000004,120.458,89.25,,12.368
2004-12-24,21.044999999999998,120.3275,88.89000000000001,,11.515
2004-12-31,21.114,121.01199999999999,88.07000000000001,,12.322
2005-01-07,20.56,118.83800000000001,88.34200000000001,,13.844
2005-01-14,20.2886,118.322,89.51,,12.85
2005-01-21,20.012500000000003,117.9925,90.78,,13.459999999999999
2005-01-28,19.706,117.104,90.928,,13.725999999999999
2005-02-04,20.04,119.136,91.672,,11.902000000000001
2005-02-11,20.124000000000002,120.02000000000001,93.39400000000002,,11.654
2005-02-18,20.118000000000002,120.728,92.098,,11.367999999999999
2005-02-25,19.8425,119.93,90.695,,12.1475
2005-03-04,20.078,121.396,89.874,,12.297999999999998
2005-03-11,20.094,121.54400000000001,89.386,,12.530000000000001
2005-03-18,19.663999999999998,119.66,88.84,,13.092000000000002
2005-03-25,19.365000000000002,117.285,88.1125,,13.84
2005-04-01,19.422,117.482,88.66,,13.998000000000001
2005-04-08,19.55,118.332,89.056,,13.178
2005-04-15,19.184,116.80199999999999,90.144,,13.772
2005-04-22,18.726,115.05799999999999,91.354,,15.645999799999998
2005-04-29,18.846,115.426,92.06,,15.3140002
2005-05-06,19.029999999999998,117.00999999999999,91.75200000000001,,14.306000000000001
2005-05-13,19.16,116.66599999999998,92.054,,15.110000200000002
2005-05-20,19.814,118.316,93.196,,14.068000000000001
2005-05-27,20.212,119.798,93.99000000000001,,12.522
2005-06-03,20.3198,120.2225,95.525,,12.409999999999998
2005-06-10,20.1984,120.15200000000002,95.83399999999999,,12.282
2005-06-17,20.243999999999996,121.05799999999999,94.112,,11.506
2005-06-24,20.252,120.65599999999999,95.468,,11.582
2005-07-01,19.982,119.56800000000001,96.076,,11.862
2005-07-08,20.172500000000003,120.31,94.6925,,11.9725
2005-07-15,20.872,122.476,94.076,,10.841999999999999
2005-07-22,21.05,123.01399999999998,93.47200000000001,,10.588
2005-07-29,21.044,123.726,93.386,,10.908
2005-08-05,21.221999999999998,123.872,92.22999999999999,,12.132
2005-08-12,20.982,123.25,92.146,,12.63
2005-08-19,20.796,122.578,93.492,,13.184000000000001
2005-08-26,20.704,121.64200000000001,94.19200000000001,,13.675999999999998
2005-09-02,20.773999999999997,122.016,95.202,,13.298000000000002
2005-09-09,21.01,123.92750000000001,93.94749999999999,,12.59
2005-09-16,20.990000000000002,123.574,93.096,,12.132000000000001
2005-09-23,20.630000000000003,121.76599999999999,92.83200000000001,,12.972
2005-09-30,20.654000000000003,122.1,92.434,,12.518
2005-10-07,20.462,120.452,91.53400000000002,,13.952000000000002
2005-10-14,19.944000000000003,118.126,90.934,,15.7479996
2005-10-21,20.072,118.502,90.578,,15.148
2005-10-28,20.238,119.38999999999999,89.83,,14.825999999999999
2005-11-04,20.619999999999997,121.35,88.86,,13.964000000000002
2005-11-11,21.008000000000003,122.79,88.998,,12.502
2005-11-18,21.285999999999998,124.03800000000001,89.852,,11.808
2005-11-25,21.72,126.555,90.4075,,10.815000000000001
2005-12-02,21.866,126.25399999999999,90.006,,11.608
2005-12-09,21.862000000000002,126.362,89.71400000000001,,11.84
2005-12-16,21.77,127.074,90.158,,10.894000000000002
2005-12-23,21.306,126.204,91.006,,10.788
2005-12-30,21.0775,125.22999999999999,92.1175,,11.65
2006-01-06,21.6325,127.455,91.8475,,11.205
2006-01-13,22.130000000000003,128.892,91.44800000000001,,11.072
2006-01-20,21.6675,127.60749999999999,92.3425,,12.675
2006-01-27,21.392000000000003,127.106,91.234,,12.9
2006-02-03,21.564,127.5,90.43799999999999,,12.778000000000002
2006-02-10,21.412,126.35,90.624,,13.09
2006-02-17,21.8,128.06599999999997,90.338,,12.28
2006-02-24,21.720000000000002,129.0625,91.115,,11.905
2006-03-03,21.951999999999998,129.036,90.382,,11.83
2006-03-10,21.754,128.07,88.526,,12.45
2006-03-17,22.035999999999998,130.284,88.66,,11.511999999999999
2006-03-24,22.078,130.14000000000001,88.75399999999999,,11.395999999999999
2006-03-31,22.119999999999997,129.78,87.59400000000001,,11.389999999999999
2006-04-07,22.387999999999998,130.34199999999998,86.13799999999999,,11.510000000000002
2006-04-14,22.1075,128.9925,85.075,,12.5825
2006-04-21,22.16,130.518,84.62800000000001,,11.706
2006-04-28,22.064,130.83599999999998,84.304,,11.738
2006-05-05,21.776,131.31,83.31200000000001,,12.0
2006-05-12,21.520000000000003,131.544,83.398,,12.49
2006-05-19,20.674,127.79399999999998,83.66,,15.469999999999999
2006-05-26,20.516,126.71600000000001,84.45,,16.62
2006-06-02,20.567500000000003,127.83500000000001,84.08500000000001,,15.98500025
2006-06-09,20.176,126.178,85.17,,17.651999999999997
2006-06-16,19.857999999999997,124.16199999999999,85.088,,19.8759994
2006-06-23,20.124000000000002,124.33399999999999,83.864,,16.3620002
2006-06-30,20.114,125.63,83.598,,14.784
2006-07-07,20.2,127.23,83.7975,,13.705
2006-07-14,19.459999999999997,125.566,84.74,,15.498
2006-07-21,19.208000000000002,124.356,85.134,,17.1079996
2006-07-28,19.532,126.878,85.312,,14.744
2006-08-04,19.732000000000003,127.954,85.832,,14.628
2006-08-11,19.716,127.34400000000001,85.924,,14.884
2006-08-18,20.491999999999997,129.25,86.21199999999999,,12.794
2006-08-25,20.682,129.894,87.218,,12.304
2006-09-01,21.157999999999998,130.74599999999998,87.77399999999999,,12.190000000000001
2006-09-08,21.11,130.59249999999997,87.235,,13.3525
2006-09-15,21.588,131.70200000000003,87.53200000000001,,11.879999999999999
2006-09-22,21.71,131.95999999999998,88.596,,11.998
2006-09-29,22.03,133.41400000000002,89.756,,11.785999999999998
2006-10-06,22.137999999999998,134.31,89.15599999999999,,12.042000000000002
2006-10-13,22.524,135.676,87.732,,11.331999999999999
2006-10-20,22.668,136.69800000000004,87.632,,11.138
2006-10-27,22.880000000000003,138.078,87.924,,10.776
2006-11-03,22.752,137.156,89.38000000000001,,11.278
2006-11-10,23.016000000000002,138.404,89.37,,10.959999999999999
2006-11-17,23.500000000000004,139.804,89.854,,10.376
2006-11-24,23.71,140.6025,90.37,,10.185
2006-12-01,23.365999999999996,139.732,91.19600000000001,,11.463999999999999
2006-12-08,23.502000000000002,141.51,90.968,,11.714
2006-12-15,23.544,142.176,90.174,,10.312000000000001
2006-12-22,23.276,141.736,89.69999999999999,,10.61
2006-12-29,23.275000000000002,141.98000000000002,88.8225,,11.1125
2007-01-05,23.506666666666664,141.1933333333333,89.29666666666667,,11.896666666666667
2007-01-12,23.773999999999997,141.83999999999997,88.84,,11.28
2007-01-19,23.599999999999998,142.83499999999998,88.095,,10.645
2007-01-26,23.348000000000003,142.70999999999998,87.46400000000001,,10.67
2007-02-02,23.63,143.602,87.076,,10.644
2007-02-09,23.692,144.782,87.788,,10.612
2007-02-16,23.738,145.05,87.942,,10.484
2007-02-23,23.94,145.7975,88.64500000000001,,10.299999999999999
2007-03-02,23.136,140.95599999999996,90.01599999999999,,15.862
2007-03-09,22.884,139.62599999999998,90.122,,15.841999800000002
2007-03-16,22.966,139.304,89.928,,16.522
2007-03-23,23.453999999999997,142.20599999999996,89.39000000000001,,13.185999999999998
2007-03-30,23.448,142.37,88.59,,14.280000000000001
2007-04-06,23.675,143.485,87.97999999999999,,13.615000000000002
2007-04-13,23.816000000000003,144.60999999999999,87.296,,12.844
2007-04-20,24.126,147.382,88.15,,12.23
2007-04-27,24.443999999999996,148.968,88.288,,12.922
2007-05-04,24.71,149.554,88.50399999999999,,13.362
2007-05-11,25.044,150.66000000000003,88.492,,13.158000000000001
2007-05-18,25.168,151.324,87.64,,13.547999999999998
2007-05-25,25.256,152.03000000000003,86.672,,13.404
2007-06-01,25.542500000000004,153.28,86.2175,,13.0475
2007-06-08,25.414,151.91400000000002,84.89800000000001,,14.7379998
2007-06-15,25.464,151.754,83.21000000000001,,14.738
2007-06-22,25.746,151.96599999999998,83.684,,14.180000000000001
2007-06-29,25.536,149.86599999999999,84.45,,16.5679998
2007-07-06,26.0175,152.3225,84.34,,15.129999999999999
2007-07-13,26.338,153.03,84.31800000000001,,16.0119998
2007-07-20,26.786,154.52400000000003,85.26399999999998,,15.880000200000001
2007-07-27,26.369999999999997,150.002,86.51599999999999,,19.6739996
2007-08-03,25.656,146.186,87.41999999999999,,22.887999999999998
2007-08-10,25.718,146.782,86.60599999999998,,24.146
2007-08-17,24.966,143.21800000000002,86.614,,29.148000000000003
2007-08-24,25.282000000000004,146.214,87.298,,23.561999800000002
2007-08-31,25.690000000000005,146.19,88.536,,24.253999
2007-09-07,26.16,147.76749999999998,89.2925,,24.39500025
2007-09-14,25.927999999999997,147.79199999999997,90.44199999999998,,25.4579996
2007-09-21,26.398000000000003,151.63400000000001,88.774,,21.262000399999998
2007-09-28,26.939999999999998,152.18800000000002,88.224,,18.119999999999997
2007-10-05,27.233999999999998,154.408,88.89200000000001,,18.095999999999997
2007-10-12,27.597999999999995,155.90400000000002,88.03,,17.3719998
2007-10-19,27.544,153.28,88.712,,19.854
2007-10-26,27.558,151.848,90.60999999999999,,20.715999399999998
2007-11-02,28.146000000000004,152.814,90.684,,21.1380002
2007-11-09,27.272000000000002,148.46599999999998,90.83399999999999,,25.369999599999996
2007-11-16,26.101999999999997,146.15599999999998,91.81799999999998,,26.936
2007-11-23,25.7825,143.5525,93.275,,25.835
2007-11-30,25.938,145.29799999999997,94.7,,25.228000400000003
2007-12-07,26.494,148.94,93.528,,22.3480004
2007-12-14,26.880000000000003,149.118,91.572,,22.5259996
2007-12-21,26.548000000000002,146.352,92.27200000000002,,21.577999600000002
2007-12-28,27.11,148.4375,91.305,,19.565
2008-01-04,26.02,144.3275,93.98625,,23.025000249999998
2008-01-11,24.54,140.382,94.334,,24.094000599999998
2008-01-18,23.869999999999997,136.38399999999996,95.34400000000001,,25.251999599999998
2008-01-25,22.895000000000003,133.1525,95.777475,,29.22250025
2008-02-01,23.188,136.602,95.01400000000001,,26.588000600000004
2008-02-08,22.567999999999998,134.4,94.04799999999999,,27.773999799999995
2008-02-15,22.842,135.084,92.64398,,25.874000000000002
2008-02-22,22.515,135.4625,91.77499999999999,,24.792499999999997
2008-02-29,22.631999999999998,136.92000000000002,92.084,,23.5380008
2008-03-07,22.136,132.21800000000002,92.46600000000001,,26.288
2008-03-14,22.166000000000004,130.644,93.96,,28.282
2008-03-21,22.305,131.0825,96.30274999999999,,28.622501000000003
2008-03-28,22.826,133.41199999999998,95.296,,25.8239994
2008-04-04,23.067999999999998,135.842,94.69798,,23.476000199999998
2008-04-11,23.040000000000003,135.802,95.02399999999999,,22.6059998
2008-04-18,23.130000000000003,135.70999999999998,93.53399999999999,,21.5260004
2008-04-25,24.022,138.426,92.786,,20.256
2008-05-02,24.324,139.92000000000002,92.41100000000002,,19.545999799999997
2008-05-09,24.656,140.09199999999998,91.71198,,19.1299998
2008-05-16,25.110000000000003,141.38,91.832,,17.2399998
2008-05-23,24.810000000000002,140.316,92.00039999999998,,18.1559996
2008-05-30,25.112499999999997,139.57750000000001,90.36500000000001,,18.6699995
2008-06-06,24.974,138.416,90.35,,20.611999399999995
2008-06-13,24.363999999999997,135.42000000000002,89.764,,22.994000200000002
2008-06-20,24.22,134.41,89.37598,,21.7540002
2008-06-27,23.384,130.04199999999997,90.96096,,22.7139998
2008-07-04,22.615000000000002,127.2125,92.11749999999999,,24.5750005
2008-07-11,22.445999999999998,125.23800000000001,92.946,,25.448000200000003
2008-07-18,22.344,123.76999999999998,91.682,,26.236
2008-07-25,22.323999999999998,126.53799999999998,90.502,,22.377999799999998
2008-08-01,22.23,126.28800000000001,91.14200000000001,,22.5960002
2008-08-08,22.810000000000002,127.73200000000001,91.20198,,21.333999799999997
2008-08-15,23.576,129.66799999999998,92.004,,20.552
2008-08-22,23.160000000000004,128.082,93.198,,20.262
2008-08-29,23.011999999999997,128.404,94.09,,20.259999800000003
2008-09-05,21.994999999999997,126.08,95.0365,,22.627499999999998
2008-09-12,21.576,125.106,96.012,,24.5359994
2008-09-19,20.666000000000004,120.598,97.106,,32.677999799999995
2008-09-26,20.491999999999997,120.08600000000001,93.978,,34.464
2008-10-03,19.21,113.124,96.372,,43.2639996
2008-10-10,16.55,96.292,97.614,,59.4259986
2008-10-17,16.806,95.63999999999999,94.44579999999999,,63.46200120000001
2008-10-24,15.962,92.808,96.25800000000001,,64.5320008
2008-10-31,16.22,92.784,94.796,,67.9539994
2008-11-07,16.308,95.686,94.374,,55.1499998
2008-11-14,15.1876,89.202,94.764,,62.8039996
2008-11-21,13.968,81.804,99.812,,72.9160004
2008-11-28,14.955,87.4375,103.9375,,58.949999
2008-12-05,14.672,85.586,110.426,,63.156000399999996
2008-12-12,15.475999999999999,89.50800000000001,111.91,,56.638
2008-12-19,15.459999999999999,89.62,118.824,,50.247999400000005
2008-12-26,14.9475,86.75999999999999,121.17,,44.29250025
2009-01-02,15.39,89.77,119.5875,,41.1800005
2009-01-09,15.898,91.42440000000002,112.7,,41.282000599999996
2009-01-16,14.998,85.578,114.84200000000001,,47.072
2009-01-23,14.73,82.62,110.295,,49.407500250000005
2009-01-30,15.126,84.596,106.07399999999998,,43.013999999999996
2009-02-06,15.346,84.23979999999999,103.13799999999999,,43.9059996
2009-02-13,15.522000000000002,84.04599999999999,104.25999999999999,,43.8039992
2009-02-20,14.612499999999999,78.46275,104.28500000000001,,48.375
2009-02-27,14.163999999999998,75.7104,103.51199999999999,,46.7579994
2009-03-06,13.734,70.024,103.44200000000001,,50.1280006
2009-03-13,14.178,72.902,102.80999999999999,,44.240000200000004
2009-03-20,15.074000000000002,77.924,102.89200000000001,,42.8340002
2009-03-27,15.87,81.798,103.526,,41.9620004
2009-04-03,16.04,81.412,105.006,,42.7400002
2009-04-10,16.4175,83.39750000000001,102.805,,39.174999
2009-04-17,16.746,85.80199999999999,103.05999999999999,,36.2759994
2009-04-24,16.772000000000002,85.01200000000001,101.844,,37.677999799999995
2009-05-01,17.192,86.822,98.80199999999999,,36.8300004
2009-05-08,17.496000000000002,91.48620000000001,96.294,,33.165999799999994
2009-05-15,16.881999999999998,89.80799999999999,97.346,,32.562
2009-05-22,17.124000000000002,90.21799999999999,95.532,,30.410000199999995
2009-05-29,17.425,91.10499999999999,92.14550000000001,,30.8925005
2009-06-05,18.134,94.47,91.09600040000001,,30.0980002
2009-06-12,18.342,94.62,89.30799999999999,,28.552
2009-06-19,18.062000000000005,92.06980000000001,91.424,,30.6100002
2009-06-26,17.926,90.5336,93.6,,28.618000000000002
2009-07-03,18.17,91.6975,94.42,,26.4675
2009-07-10,17.492,88.398,95.39000000000001,,29.990000000000002
2009-07-17,18.421999999999997,92.45039999999999,93.07600000000001,,25.395999600000003
2009-07-24,19.4524,96.39439999999999,92.088,,23.651999999999997
2009-07-31,19.696,98.2743998,92.22200000000001,,25.2440004
2009-08-07,19.798000000000002,100.52839999999999,91.612,,25.1559996
2009-08-14,19.708000000000006,100.776,92.46600000000001,,25.082
2009-08-21,19.648,100.26400000000001,94.676,,26.085999800000003
2009-08-28,20.154000000000003,103.21400000000001,96.102,,24.89
2009-09-04,19.822,101.038,96.438,,27.284
2009-09-11,20.4975,104.0575,95.46000000000001,,24.410000000000004
2009-09-18,20.806,106.44000000000001,95.75800000000001,,23.7080004
2009-09-25,20.782000000000004,105.832,96.672,,24.2380002
2009-10-02,20.62,104.67999999999999,98.99199999999999,,26.5260002
2009-10-09,20.772,105.84,98.05999999999999,,24.9040004
2009-10-16,21.188,108.60999999999999,95.57000000000001,,22.401999999999997
2009-10-23,21.328,108.92819999999999,95.936,,21.514000000000003
2009-10-30,20.964,105.59,94.872,,26.5
2009-11-06,20.924,105.57401999999999,93.792,,27.186
2009-11-13,21.786,109.59200000000001,93.55600000000001,,23.326000399999998
2009-11-20,21.997999999999998,110.6138,95.15599999999999,,22.3499996
2009-11-27,21.97,110.69,95.75999999999999,,21.71249975
2009-12-04,22.044,110.776,94.978,,22.252000000000002
2009-12-11,22.176199999999998,110.4442,92.88400000000001,,22.472000200000004
2009-12-18,22.292,111.026,92.33000000000001,,21.4740002
2009-12-25,22.762500000000003,111.8725,90.53249999999998,,19.80249975
2010-01-01,23.0475,112.3105,89.85,,20.394999749999997
2010-01-08,23.083999999999996,113.886,89.6,,19.147999799999997
2010-01-15,22.842,114.316,89.99799999999999,,17.8379996
2010-01-22,22.4575,112.46499999999999,91.68,,21.45999975
2010-01-29,21.573800000000002,108.974,91.714,,24.2899998
2010-02-05,21.2,108.474,91.33399999999999,,23.572000199999998
2010-02-12,21.184,107.258,90.72,,24.9199998
2010-02-19,21.78,110.51249999999999,89.52749999999999,,21.1549995
2010-02-26,21.672,110.63999999999999,90.622,,20.2360004
2010-03-05,22.042,112.65619999999998,91.05799999999999,,18.6579996
2010-03-12,22.631999999999998,114.922,89.92200000000001,,17.984
2010-03-19,22.877999999999997,116.40150000000001,91.068,,17.238000200000002
2010-03-26,23.064,116.8149,89.842,,17.387999999999998
2010-04-02,23.1,117.38000000000001,88.9875,,17.4449995
2010-04-09,23.344,118.89649999999999,88.312,,16.498
2010-04-16,23.770000000000003,120.282,89.474,,16.3240004
2010-04-23,23.95,120.8365,90.168,,16.496000000000002
2010-04-30,23.7118,119.776,91.11999999999999,,20.369999599999996
2010-05-07,22.732,115.7784,94.25800000000001,,28.5380002
2010-05-14,22.76,115.864,93.55,,28.119999999999997
2010-05-21,21.898000000000003,110.953,96.714,,37.1199996
2010-05-28,21.448,108.5654,97.5019996,,33.9400002
2010-06-04,21.7225,108.8475,96.45,,32.6625
2010-06-11,21.317999999999998,107.398,97.626,,32.672000399999995
2010-06-18,22.208,111.46759999999999,97.2039996,,25.8740002
2010-06-25,21.813,109.09949999999999,98.584,,27.4219998
2010-07-02,20.65,103.98400000000001,101.038,,32.130000800000005
2010-07-09,21.0775,106.024375,100.26500000000001,,26.79499975
2010-07-16,21.7185,108.73620000000001,99.588,,25.053999400000002
2010-07-23,21.797999999999995,108.54220000000001,100.63399999999999,,24.7279992
2010-07-30,22.17,110.9,99.33000000000001,,23.56
2010-08-06,22.34,112.63840000000002,99.15,,22.137999599999997
2010-08-13,21.788,110.3214,100.85400000000001,,24.3739998
2010-08-20,21.451999999999998,108.61000000000001,105.16599999999998,,25.3900002
2010-08-27,20.971999999999998,106.13672,107.0,,26.328000399999997
2010-09-03,21.162,107.88820000000001,106.07719999999999,,24.329999400000002
2010-09-10,21.6725,110.61299950000002,103.9175,,22.962499499999996
2010-09-17,22.345999999999997,112.798,102.36699999999999,,21.719999400000003
2010-09-24,22.838,113.7856,103.7924,,22.387999999999998
2010-10-01,23.09,114.42999999999999,105.404,,22.9180004
2010-10-08,23.160000000000004,115.64950000000002,104.718,,21.8099998
2010-10-15,23.660000000000004,117.348,102.4556,,19.1739998
2010-10-22,24.048,117.8714,101.35199999999999,,19.5120002
2010-10-29,24.278000000000002,118.53800000000001,100.18,,20.571999599999998
2010-11-05,24.790000000000003,120.588,99.44800000000001,,19.947999799999998
2010-11-12,24.853,121.6066,96.6380004,,19.018
2010-11-19,24.098,119.33109999999999,95.62960000000001,,20.266000400000003
2010-11-26,24.345,119.531875,96.81750000000001,,20.194999499999998
2010-12-03,24.431,120.8229,96.54679999999999,,20.766000400000003
2010-12-10,24.991000000000003,123.422,94.106,,17.7220002
2010-12-17,25.12,124.4896,92.277,,17.3200002
2010-12-24,25.195,125.3425,93.245,,16.20499975
2010-12-31,25.236,125.774,93.148,,17.548000199999997
2011-01-07,25.676,127.24000000000001,92.52000000000001,,17.3099998
2011-01-14,25.914499999999997,128.13150000000002,92.211,,16.503999800000003
2011-01-21,25.949375,128.555,91.44999999999999,,17.409999499999998
2011-01-28,26.179999999999996,129.13,91.676,,17.614
2011-02-04,26.4215,130.36700000000002,90.134,,17.416000000000004
2011-02-11,26.859500000000004,132.448,88.91799999999999,,15.9480002
2011-02-18,26.9615,133.814,89.6662,,16.412
2011-02-25,26.235000000000003,131.5275,91.5025,,20.86749925
2011-03-04,26.372999999999998,132.24600000000004,91.31800000000001,,19.544
2011-03-11,26.0135,131.4355,90.81700000000001,,20.5319996
2011-03-18,25.1005,128.079,92.99799999999999,,25.1320002
2011-03-25,25.544,130.17799999999997,92.76,,19.18
2011-04-01,26.0005,132.27,92.106,,18.089999999999996
2011-04-08,25.976,133.268,90.998,,17.3260004
2011-04-15,25.788,131.798,91.298,,16.438
2011-04-22,25.88975,132.1875,92.86000000000001,,15.63749975
2011-04-29,26.642000000000003,135.3282,93.43599999999999,,15.222
2011-05-06,26.553999999999995,134.91799999999998,94.592,,17.2740004
2011-05-13,26.652000000000005,134.82999999999998,94.67999999999999,,16.6240004
2011-05-20,26.1838,133.80200000000002,95.61999999999999,,16.9939998
2011-05-27,25.877999999999997,132.582,96.11800000000001,,17.046
2011-06-03,25.96,132.23,96.61,,17.4475
2011-06-10,25.122,128.685,96.394,,18.3960004
2011-06-17,24.707,127.678,96.604,,20.7540002
2011-06-24,24.7665,128.1862,96.926,,19.552000400000004
2011-07-01,25.45,130.832,94.502,,17.8779998
2011-07-08,26.377499999999998,134.385,94.3925,,16.07499975
2011-07-15,25.85,131.56600000000003,96.70200000000001,,19.7
2011-07-22,26.372000000000003,133.012,95.982,,18.8659998
2011-07-29,26.262,131.46200000000002,96.05,,22.31
2011-08-05,25.072,124.15599999999999,101.908,,27.098000000000003
2011-08-12,23.6222,115.49600000000001,105.90599999999999,,40.282000800000006
2011-08-19,23.756,117.40599999999999,108.066,,36.4039992
2011-08-26,23.386,116.3,108.502,,37.9919998
2011-09-02,24.226000000000003,120.80999999999999,108.84200000000001,,32.50599939999999
2011-09-09,23.779999999999998,118.06,112.85249999999999,,35.80500025
2011-09-16,24.402,119.3462,112.574,,34.6099994
2011-09-23,24.4,116.702,118.37,,37.1019998
2011-09-30,24.195999999999998,115.625,118.326,,39.922000000000004
2011-10-07,23.866,113.77799999999999,120.954,,39.3100006
2011-10-14,25.406,120.62199999999999,115.364,,31.216000400000002
2011-10-21,25.494,121.91400000000002,114.75,,33.0979992
2011-10-28,25.99,126.01379999999999,113.09,,28.266000400000003
2011-11-04,25.832000000000004,124.64460000000001,117.22200000000001,,31.626000200000004
2011-11-11,26.028000000000002,125.65619999999998,116.614,,31.2680004
2011-11-18,25.764,123.9414,118.398,,32.4739988
2011-11-25,24.4125,117.93775,121.20500075,,33.332499999999996
2011-12-02,25.318,122.91600000000001,118.80199999999999,,29.0999998
2011-12-09,25.956,125.84200000000001,117.846,,28.321999600000005
2011-12-16,25.252,122.55499999999999,120.34200000000001,,25.304000600000002
2011-12-23,25.213,124.01000000000002,120.324,,22.2919998
2011-12-30,25.48,125.735,120.3,,22.869999999999997
2012-01-06,25.905,127.73625,118.4925,,21.824999249999998
2012-01-13,26.072000000000003,128.94,119.454,,20.8379998
2012-01-20,26.5875,130.88,119.17750000000001,,20.3100005
2012-01-27,26.928000000000004,131.86599999999999,116.92999999999999,,18.598
2012-02-03,27.279000000000003,132.47599999999997,119.04,,18.494
2012-02-10,27.953999999999997,134.8302,116.56800000000001,,18.598
2012-02-17,28.324,135.5138,117.128,,19.3440002
2012-02-24,28.6625,136.51575000000003,116.56700000000001,,17.622500000000002
2012-03-02,29.019000000000005,137.3562,117.46600000000001,,17.826000200000003
2012-03-09,28.873,136.35999999999999,116.494,,18.610000399999997
2012-03-16,29.759999999999998,139.7144,112.708,,15.128
2012-03-23,30.040999999999997,140.07,111.55800000000002,,15.228
2012-03-30,30.314,140.858,113.13600000000001,,15.26
2012-04-06,30.3025,140.6875,112.030025,,16.1100005
2012-04-13,29.778000000000002,137.41,115.93798,,19.193999599999998
2012-04-20,29.520000000000003,138.0824,116.86599999999999,,18.4899998
2012-04-27,29.583,138.768,117.196,,17.289999799999997
2012-05-04,29.688,139.43699999999998,117.272,,17.4699996
2012-05-11,28.825,136.204,118.76799999999999,,19.3579998
2012-05-18,28.026,132.17580000000004,122.64202,,23.139999999999997
2012-05-25,28.02,132.214,123.25,,22.0240002
2012-06-01,27.857499999999998,131.27249999999998,126.78,,23.972499749999997
2012-06-08,27.877999999999997,130.858,126.48600000000002,,23.182000000000002
2012-06-15,28.146000000000004,132.803,125.674,,22.541999999999998
2012-06-22,28.574999999999996,134.296,126.054,,18.426
2012-06-29,28.153000000000002,133.0736,126.35400000000001,,19.2679996
2012-07-06,28.955000000000002,136.5505,126.105,,17.01499975
2012-07-13,28.258000000000003,134.576,128.78,,17.943999999999996
2012-07-20,28.655,136.672,129.17799999999997,,16.2940002
2012-07-27,28.478,135.564,130.84,,18.5320004
2012-08-03,29.214,137.99380000000002,128.96999999999997,,17.826
2012-08-10,29.97,140.376,125.846,,15.456
2012-08-17,30.375999999999998,141.336,122.78799999999998,,14.184000000000001
2012-08-24,30.588,141.589,123.678,,15.057999999999998
2012-08-31,30.492,141.22,126.066,,17.039999599999998
2012-09-07,30.795,142.51000000000002,125.66999999999999,,16.425
2012-09-14,31.124000000000002,145.128,121.94399999999999,,15.410000200000002
2012-09-21,31.601999999999997,146.528,120.82199999999997,,14.14
2012-09-28,30.939999999999998,144.32999999999998,123.924,,15.391999799999999
2012-10-05,30.892000000000003,145.24,123.37,,15.268
2012-10-12,30.134000000000004,143.87439999999998,122.912,,15.900000200000003
2012-10-19,30.025,145.00592,121.67406000000001,,15.529999800000002
2012-10-26,29.118000000000002,141.726,121.726,,17.942000200000003
2012-11-02,29.056833333333334,141.91333333333333,122.65666666666665,,17.626667
2012-11-09,28.648000000000003,140.14571999999998,124.11200000000001,,18.4360002
2012-11-16,27.862000000000002,136.81098,126.47688000000001,,17.13
2012-11-23,28.488750000000003,139.78,124.64999999999999,,15.1925
2012-11-30,29.02674,141.423,125.024,,15.572
2012-12-07,28.912,141.719,125.07600000000002,,16.5399998
2012-12-14,28.982,142.83162,123.57606000000001,,16.2259996
2012-12-21,29.23,144.26799999999997,121.26999999999998,,16.9560002
2012-12-28,28.654999999999998,141.4229,122.53750000000001,,19.8774995
2013-01-04,29.445,145.143525,119.27000000000001,,15.2725
2013-01-11,29.470239999999997,146.31781999999998,119.08797999999999,,13.613999999999999
2013-01-18,29.348000000000003,147.48399999999998,119.814,,13.304000000000002
2013-01-25,29.455,149.54,119.51500000000001,,12.6175
2013-02-01,29.464,150.348,116.832,,13.676000000000002
2013-02-08,29.657999999999998,150.901,116.744,,13.663999999999998
2013-02-15,29.868399999999998,152.0682,116.58,,12.736
2013-02-22,29.64125,151.725,116.54249999999999,,14.095
2013-03-01,29.542399999999997,150.93,118.734,,16.2920002
2013-03-08,30.125999999999998,154.3852,116.75399999999999,,13.334
2013-03-15,30.296999999999997,156.03500000000003,115.42,,11.651999999999997
2013-03-22,30.169400000000003,155.0458,116.952,,13.596
2013-03-29,30.217499999999998,156.0,117.675,,13.09
2013-04-05,29.98,155.8236,119.6958,,13.675999999999998
2013-04-12,30.279000000000003,157.92399999999998,121.08800000000001,,12.538
2013-04-19,29.678000000000004,155.4516,122.73600000000002,,16.0539998
2013-04-26,29.903,157.71800000000002,122.774,,13.742
2013-05-03,30.786,159.67559999999997,122.94798,,13.632
2013-05-10,31.476,162.80218,119.98600000000002,,12.774000000000001
2013-05-17,31.782000000000004,165.433,117.4722,,12.73
2013-05-24,31.896000000000004,166.1576,116.85839999999999,,13.654
2013-05-31,31.805,165.19875000000002,114.5615,,15.03499975
2013-06-07,31.607999999999997,163.3424,114.434,,16.364
2013-06-14,31.505000000000003,163.40660000000003,113.36399999999999,,16.932
2013-06-21,31.3,162.419,111.4564,,17.8879998
2013-06-28,30.481,159.45499999999998,109.08800000000001,,17.902000199999996
2013-07-05,30.927500000000002,161.7175,109.255,,15.975000750000001
2013-07-12,31.532,165.8434,107.35499999999999,,14.238
2013-07-19,31.913999999999998,168.33401999999998,108.502,,13.660000000000002
2013-07-26,31.5882,169.04,108.28,,12.764
2013-08-02,31.906,169.49960000000002,106.84801999999999,,13.030000000000001
2013-08-09,32.105000000000004,169.744,106.572,,12.736
2013-08-16,32.123,167.9342,104.75399999999999,,13.452000000000002
2013-08-23,31.82,165.518,103.06400000000001,,14.937999999999999
2013-08-30,31.522,164.212,105.66199999999999,,16.413999800000003
2013-09-06,31.671499999999998,165.535,103.45,,16.02750025
2013-09-13,32.236000000000004,168.8368,103.09399999999998,,14.486
2013-09-20,32.5158,171.5822,104.171,,13.756
2013-09-27,32.376,169.4198,106.48600000000002,,14.384
2013-10-04,32.184000000000005,168.608,105.93199999999999,,16.63
2013-10-11,31.970000000000006,167.588,105.715,,18.31
2013-10-18,32.702000000000005,172.0636,105.77000000000001,,15.192000000000002
2013-10-25,33.382,175.096,107.81599999999999,,13.24
2013-11-01,33.701,176.338,107.444,,13.479999999999999
2013-11-08,33.805,176.498,105.15,,13.136000000000001
2013-11-15,34.163,178.39600000000002,103.92999999999999,,12.486
2013-11-22,34.11,179.52799999999996,103.912,,12.962
2013-11-29,34.42,180.85750000000002,104.42,,13.07
2013-12-06,34.666,179.978,103.022,,14.469999999999999
2013-12-13,34.568,179.422,103.21599999999998,,14.824000000000002
2013-12-20,34.738,180.5232,103.16199999999999,,14.796000000000001
2013-12-27,35.5325,183.29000000000002,102.60000000000001,,12.5775
2014-01-03,35.465,183.57874999999999,102.17750000000001,,13.8175
2014-01-10,35.337999999999994,183.428,103.126,,12.874
2014-01-17,35.626,183.61399999999998,104.848,,12.562
2014-01-24,35.692499999999995,182.54,106.28250000000001,,14.404999750000002
2014-01-31,34.654,178.368,107.48600000000002,,17.2540002
2014-02-07,34.458,176.377,107.626,,18.6040006
2014-02-14,35.716,182.218,106.516,,14.356
2014-02-21,36.025000000000006,183.8125,106.4925,,14.709999999999999
2014-02-28,36.152,185.342,107.75,,14.057999999999998
2014-03-07,36.364,187.35,107.298,,14.462
2014-03-14,36.092,186.50199999999998,107.28800000000001,,15.501999799999998
2014-03-21,36.38,186.9194,107.674,,14.959999999999999
2014-03-28,36.168,185.35600000000002,109.27799999999999,,14.613999999999999
2014-04-04,36.49399999999999,187.834,108.09200000000001,,13.48
2014-04-11,35.767999999999994,184.23899999999998,109.576,,15.4400002
2014-04-18,35.8475,184.913775,110.7225,,14.81500025
2014-04-25,36.07600000000001,187.29999999999998,110.75,,13.417999999999997
2014-05-02,36.352,187.86399999999998,111.452,,13.45
2014-05-09,36.312,187.743,111.886,,13.368
2014-05-16,36.692,188.85100000000003,112.58,,12.428
2014-05-23,36.992000000000004,189.07200000000003,112.542,,12.136000000000001
2014-05-30,37.705,191.9875,114.0925,,11.54
2014-06-06,37.888000000000005,193.74200000000002,111.85,,11.588
2014-06-13,38.184,194.754,111.606,,11.696000000000002
2014-06-20,38.242000000000004,195.55900000000003,111.826,,11.358
2014-06-27,38.16,195.48399999999998,112.71,,11.518
2014-07-04,38.705,197.04500000000002,111.89,,10.965
2014-07-11,38.82000000000001,196.764,112.7,,11.925999999999998
2014-07-18,39.24998000000001,197.24198,113.76399999999998,,12.276
2014-07-25,39.684,198.10999999999999,115.11800000000001,,12.219999999999999
2014-08-01,39.407799999999995,195.464,114.85999999999999,,14.6300004
2014-08-08,38.687,192.448,114.976,,16.1580004
2014-08-15,39.1,194.72899999999998,115.98600000000002,,13.366
2014-08-22,39.938,198.67199999999997,116.52799999999999,,11.908
2014-08-29,40.172,200.326,118.28999999999999,,11.85
2014-09-05,40.175,200.607525,116.4475,,12.335
2014-09-12,40.263999999999996,199.882,114.878,,13.030000000000001
2014-09-19,40.312,200.5462,113.44000000000001,,12.728
2014-09-26,39.88799999999999,198.192,115.43400000000001,,14.475999999999999
2014-10-03,39.56,195.962,117.266,,15.941999599999997
2014-10-10,39.074,193.89399999999998,119.088,,17.554000199999997
2014-10-17,37.522000000000006,187.25598,121.54,,23.9780002
2014-10-24,38.644,193.68400000000003,120.40800000000002,,17.0320006
2014-10-31,39.873999999999995,198.744,119.47999999999999,,14.826000200000001
2014-11-07,40.769999999999996,202.334,119.11799999999998,,14.116
2014-11-14,41.19,204.109,118.88199999999999,,13.142
2014-11-21,41.576,205.48000000000002,119.38999999999999,,13.658000000000001
2014-11-28,42.145,207.3025,121.355,,12.567499999999999
2014-12-05,42.097,207.279,121.1,,12.756
2014-12-12,41.253,204.26402000000002,124.15599999999999,,17.8500002
2014-12-19,40.818,202.50199999999998,126.03198,,19.346
2014-12-26,42.1775,207.85750000000002,124.48500000000001,,14.73
2015-01-02,41.635000000000005,206.8225,126.065,,16.992500500000002
2015-01-09,40.782,202.79999999999998,130.61599999999999,,18.9819998
2015-01-16,40.478,201.24798,132.91199999999998,,20.9959998
2015-01-23,41.105000000000004,204.05125,134.0125,,17.94999975
2015-01-30,40.33800000000001,201.95404,135.97,,18.5819998
2015-02-06,40.852,204.498,134.226,,17.8460002
2015-02-13,41.906,207.414,129.62400000000002,,16.5539996
2015-02-20,42.83,210.36475000000002,126.495,,15.21
2015-02-27,43.13,211.33780000000002,129.17399999999998,,13.868
2015-03-06,42.96999999999999,210.26002,125.904,,14.073999999999998
2015-03-13,41.794000000000004,206.15344,126.39000000000001,,16.0080004
2015-03-20,42.302,209.382,130.152,,14.466
2015-03-27,41.792,207.118,131.196,,14.668000000000001
2015-04-03,41.515,206.70375,130.99,,14.895
2015-04-10,41.852,208.40500000000003,130.25400000000002,,13.834
2015-04-17,41.902,209.46599999999998,130.50799999999998,,13.388
2015-04-24,42.564,210.57797999999997,129.01,,12.806000000000001
2015-05-01,43.099999999999994,210.392,126.40799999999999,,13.234
2015-05-08,42.634,209.75,122.148,,14.060000000000002
2015-05-15,42.982000000000006,211.05100000000002,119.80799999999999,,13.318000000000001
2015-05-22,43.519999999999996,213.1,119.49600000000001,,12.540000000000001
2015-05-29,43.4525,211.75,122.58749999999999,,13.620000000000001
2015-06-05,43.284000000000006,210.94984,118.94800000000001,,14.158000000000001
2015-06-12,42.718,209.904,117.08599999999998,,13.922
2015-06-19,42.688,210.708,118.402,,14.37
2015-06-26,42.682,210.82199999999997,116.26400000000001,,13.228
2015-07-03,41.545,206.51999999999998,116.84,,17.49000025
2015-07-10,41.275999999999996,206.32999999999998,118.33400000000002,,17.9119998
2015-07-17,42.552,211.16800000000003,117.178,,12.912
2015-07-24,42.936,210.77800000000002,119.832,,12.594
2015-07-31,42.455999999999996,209.642,121.60999999999999,,13.158000000000001
2015-08-07,42.234,209.108,122.968,,13.046000000000001
2015-08-14,42.376,209.248,123.85,,13.174000000000001
2015-08-21,41.589999999999996,206.138,125.048,,17.846
2015-08-28,39.284000000000006,193.956,123.396,,31.846000200000002
2015-09-04,39.652,194.598,121.73600000000002,,27.865999999999996
2015-09-11,40.25,196.20250000000001,121.085,,24.6750005
2015-09-18,40.624,197.96600000000004,120.396,,22.312000200000004
2015-09-25,39.962,193.94400000000002,121.55999999999999,,22.3599998
2015-10-02,39.346000000000004,190.978,123.9,,24.4899998
2015-10-09,41.135999999999996,199.642,122.7,,18.368000199999997
2015-10-16,41.638,201.33599999999998,123.79,,16.594
2015-10-23,42.464,204.22,123.58600000000001,,15.2680002
2015-10-30,43.744,207.862,123.364,,14.945999999999998
2015-11-06,44.232,210.388,120.752,,14.716
2015-11-13,43.344,206.352,118.824,,17.264
2015-11-20,43.562,207.53616000000002,120.126,,17.262
2015-11-27,43.902499999999996,209.325,120.92250000000001,,15.464999999999998
2015-12-04,44.089999999999996,208.62579999999997,121.452,,15.925999999999998
2015-12-11,43.738,205.67780000000002,122.168,,19.356
2015-12-18,43.15,204.16848,122.112,,20.236000800000003
2015-12-25,43.0075,204.21749999999997,122.18249999999999,,16.65250025
2016-01-01,43.325,205.6025,120.74249999999999,,17.1225
2016-01-08,41.31400000000001,197.43444,122.234,,22.526000200000002
2016-01-15,40.146,190.86816,124.0684,,24.5919996
2016-01-22,39.53,187.73000000000002,125.80000000000001,,25.667500000000004
2016-01-29,40.18,189.76015999999998,126.33599999999998,,22.4760004
2016-02-05,40.556,190.93200000000002,128.186,,21.7659998
2016-02-12,38.902,185.122,132.226,,26.4740002
2016-02-19,40.512499999999996,191.6875,130.33125,,22.1475
2016-02-26,41.047999999999995,194.18583999999998,131.142,,19.999999600000002
2016-03-04,42.04,198.175,129.28,,17.7800004
2016-03-11,42.282,200.134,128.75,,17.7819998
2016-03-18,43.382,203.404,128.35,,15.442000000000002
2016-03-25,43.6525,203.8898,128.785,,14.41
2016-04-01,44.242,205.36416,130.352,,13.934000000000001
2016-04-08,44.188,205.06167999999997,131.808,,15.029999999999998
2016-04-15,44.242000000000004,206.74618,131.35999999999999,,14.458000000000002
2016-04-22,44.166000000000004,209.43584,129.74400000000003,,13.407999999999998
2016-04-29,42.872,208.13150000000002,128.406,,14.546000000000001
2016-05-06,42.12,205.96584,129.76999999999998,,15.391999799999999
2016-05-13,42.424,206.43184000000002,131.326,,14.468
2016-05-20,42.513999999999996,205.24616,130.438,,15.546000000000001
2016-05-27,43.568,208.388,129.912,,14.138
2016-06-03,44.0625,210.325,131.2925,,13.8725
2016-06-10,44.154,211.51,133.39600000000002,,14.6900002
2016-06-17,43.42,207.82584000000003,135.706,,20.0779998
2016-06-24,43.278,207.666,133.89399999999998,,20.206000200000002
2016-07-01,42.684000000000005,205.77110000000002,139.298,,17.9279998
2016-07-08,43.545,210.0615,142.76,,14.625
2016-07-15,44.791999999999994,215.044,140.394,,13.123999999999999
2016-07-22,45.541999999999994,216.63784,138.58799999999997,,12.187999999999999
2016-07-29,46.124,216.762,140.044,,12.668
2016-08-05,46.54599999999999,216.65178,138.792,,12.496
2016-08-12,47.088,218.196,139.406,,11.687999999999999
2016-08-19,47.062000000000005,218.56400000000002,138.904,,11.882
2016-08-26,47.044000000000004,218.06799999999998,139.428,,13.075999999999999
2016-09-02,47.156,217.90016,139.63,,12.988
2016-09-09,47.195,217.4577,138.12249999999997,,13.4925
2016-09-16,47.02400000000001,214.27399999999997,134.462,,16.563999600000002
2016-09-23,47.446000000000005,215.164,135.746,,13.812000000000001
2016-09-30,47.614,215.48600000000002,138.20999999999998,,13.460000000000003
2016-10-07,47.624,215.382,134.87,,13.302000000000001
2016-10-14,47.482,213.88600000000002,132.79400000000004,,15.4920004
2016-10-21,47.470000000000006,213.64600000000002,132.936,,14.5979998
2016-10-28,47.658,213.702,131.836,,14.454000200000001
2016-11-04,46.716,210.12599999999998,131.23000000000002,,19.905999599999998
2016-11-11,47.052,215.39584,126.01000000000002,,16.1479998
2016-11-18,46.910000000000004,218.046,121.65599999999999,,13.553999999999998
2016-11-25,47.9075,220.7375,120.92999999999999,,12.399999999999999
2016-12-02,47.364000000000004,220.204,120.5,,13.514000000000001
2016-12-09,47.91,223.792,119.146,,12.108
2016-12-16,48.86,226.348,117.446,,12.707999999999998
2016-12-23,48.994,225.75799999999998,118.08,,11.459999999999999
2016-12-30,48.75,224.6375,118.57,,13.087499999999999
2017-01-06,49.0475,226.35750000000002,120.64500000000001,,11.9225
2017-01-13,49.517999999999994,226.71999999999997,121.78800000000001,,11.416
2017-01-20,49.599999999999994,226.4125,120.9275,,12.1675
2017-01-27,50.410000000000004,228.32399999999998,119.81599999999999,,10.972
2017-02-03,50.384,227.962,119.304,,11.716
2017-02-10,51.028,229.844,120.83,,11.168000000000001
2017-02-17,51.872,234.24,119.756,,11.406
2017-02-24,52.53,236.4875,120.775,,11.6225
2017-03-03,52.72800000000001,238.01,120.178,,12.064
2017-03-10,52.86800000000001,237.164,117.81400000000001,,11.701999999999998
2017-03-17,53.274,237.834,117.724,,11.554
2017-03-24,52.91212,234.53400000000002,120.248,,12.540000000000001
2017-03-31,53.218,235.302,120.89200000000001,,11.872
2017-04-07,53.157999999999994,235.246,121.194,24.975,12.464
2017-04-14,52.667500000000004,234.23499999999999,122.5625,25.268250000000002,15.2125
2017-04-21,52.988,234.362,123.77799999999999,25.34646,14.557999999999998
2017-04-28,54.104000000000006,238.16,122.18599999999999,24.806739999999998,10.726
2017-05-05,54.85,238.87800000000001,121.40599999999999,24.736,10.482000000000001
2017-05-12,55.39200000000001,239.46599999999998,120.72,24.58794,10.187999999999999
2017-05-19,55.352,238.256,122.596,24.953899999999997,12.671999999999999
2017-05-26,56.052,240.73000000000002,123.178,24.798000000000002,10.294
2017-06-02,56.7525,242.61749999999998,124.565,24.802175,10.1075
2017-06-09,57.028,243.60999999999999,124.854,24.794,10.354
2017-06-16,55.68399999999999,243.712,125.498,24.777,10.760000000000002
2017-06-23,55.974000000000004,243.31799999999998,127.33,24.686640000000004,10.495999999999999
2017-06-30,55.26800000000001,242.252,126.42999999999999,24.526559999999996,10.722
2017-07-07,54.652499999999996,241.91,123.7825,24.215025,11.504999999999999
2017-07-14,56.08200000000001,243.70999999999998,123.296,24.071460000000002,10.341999999999999
2017-07-21,57.286,246.43200000000002,124.814,24.01752,9.687999999999999
2017-07-28,57.553999999999995,247.15600000000003,123.91799999999998,23.84892,9.772
2017-08-04,57.462,247.18,124.86399999999999,23.941660000000002,10.22
2017-08-11,57.5,246.052,125.55799999999999,24.204,12.7100002
2017-08-18,57.715999999999994,245.158,126.002,24.26798,13.184000000000001
2017-08-25,57.624,244.29000000000002,126.96399999999998,24.39108,12.059999999999999
2017-09-01,58.39200000000001,246.152,127.44800000000001,24.37898,10.992
2017-09-08,58.277499999999996,246.60250000000002,128.7525,24.474125,11.882499999999999
2017-09-15,58.839999999999996,249.74200000000002,126.84200000000001,24.11254,10.484
2017-09-22,58.732000000000006,249.71599999999998,125.98000000000002,23.828,9.874
2017-09-29,58.46,249.92799999999997,125.56800000000001,23.698680000000003,9.861999999999998
2017-10-06,59.524,253.474,124.124,23.396759999999997,9.486
2017-10-13,60.266000000000005,254.63600000000002,124.676,23.379700000000003,9.956
2017-10-20,60.82000000000001,255.87600000000003,125.21199999999999,23.330000000000002,10.062000000000001
2017-10-27,61.176,256.258,123.228,23.17662,10.912
2017-11-03,63.013999999999996,257.486,124.91400000000002,23.19838,9.99
2017-11-10,63.660000000000004,258.578,125.84200000000001,23.237779999999997,10.172
2017-11-17,63.364,257.796,125.59400000000001,23.247819999999997,11.882
2017-11-24,64.1225,259.60249999999996,126.75750000000001,23.093675,9.982500000000002
2017-12-01,63.967999999999996,263.056,126.124,22.962500000000002,10.661999999999999
2017-12-08,62.962,264.03,126.97999999999999,22.93884,10.754
2017-12-15,64.212,266.402,127.272,22.79902,9.870000000000001
2017-12-22,64.738,267.498,125.244,22.56136,9.76
2017-12-29,64.13250000000001,267.31,126.3575,22.572499999999998,10.485
2018-01-05,65.4825,271.0675,125.83999999999999,22.3212,9.34
2018-01-12,66.462,275.324,124.44200000000001,22.10344,9.892000000000001
2018-01-19,67.3925,279.0325,124.17,21.9525,11.765
2018-01-26,68.55,283.808,123.51400000000001,21.840999999999998,11.251999999999999
2018-02-02,67.988,281.074,121.55,21.773000000000003,14.589999799999998
2018-02-09,63.89200000000001,263.97200000000004,119.224,22.917579999999997,31.509999600000004
2018-02-16,65.996,269.41399999999993,118.38,22.0914,21.6859996
2018-02-23,67.3075,271.64,117.5375,21.905,18.95749975
2018-03-02,68.182,272.15199999999993,118.518,21.87086,19.2599998
2018-03-09,69.1,274.16399999999993,118.15599999999999,21.8117,17.2060004
2018-03-16,70.00399999999999,275.948,119.61399999999999,21.816,16.35
2018-03-23,66.90800000000002,266.718,119.578,22.127299999999998,20.6580006
2018-03-30,65.2175,262.1725,120.97749999999999,22.41515,21.59250025
2018-04-06,64.69,261.432,120.88,22.427519999999998,21.042000199999997
2018-04-13,65.86,264.198,121.082,22.161399999999997,19.675999799999996
2018-04-20,67.22799999999998,268.68199999999996,120.05799999999999,21.639780000000002,16.0499996
2018-04-27,65.50399999999999,265.21,118.09400000000001,21.587480000000003,16.77
2018-05-04,66.386,264.26599999999996,118.71799999999999,21.6054,15.612
2018-05-11,69.054,269.642,118.726,21.279180000000004,13.752
2018-05-18,69.326,271.93199999999996,117.21399999999998,20.97218,13.565999999999999
2018-05-25,69.654,272.858,118.16,20.9358,12.926000000000002
2018-06-01,70.06,271.5425,121.295,21.338874999999998,15.2125
2018-06-08,71.886,276.592,119.46,20.970640000000003,12.218
2018-06-15,71.91600000000001,278.274,119.71599999999998,20.9068,12.345999999999998
2018-06-22,71.328,275.402,120.444,21.0866,13.372
2018-06-29,69.31400000000001,270.824,121.548,21.361859999999997,16.82
2018-07-06,70.16250000000001,272.8225,122.1125,21.24375,15.019999749999998
2018-07-13,72.004,278.524,122.292,20.962560000000003,12.744
2018-07-20,72.63000000000001,280.11,121.74000000000001,20.770940000000003,12.544
2018-07-27,73.08600000000001,282.116,119.43199999999999,20.589,12.498000000000001
2018-08-03,71.678,281.62600000000003,119.01199999999999,20.56618,12.813999999999998
2018-08-10,73.348,284.78200000000004,119.44000000000001,20.49098,11.495999999999999
2018-08-17,73.04400000000001,283.38,120.63999999999999,20.66442,13.764000000000001
2018-08-24,73.47999999999999,286.296,121.874,20.62192,12.400000000000002
2018-08-31,75.39200000000001,290.358,121.149,20.522019999999998,12.66
2018-09-07,74.2725,288.65,119.755,20.540325,14.15
2018-09-14,74.464,289.596,118.96799999999999,20.372999999999998,12.992
2018-09-21,74.50399999999999,291.408,117.34400000000001,20.10152,12.34
2018-09-28,74.97200000000001,290.61199999999997,117.16600000000001,20.019419999999997,12.408
2018-10-05,75.1,290.454,114.97999999999999,19.905260000000002,12.939999999999998
2018-10-12,70.962,280.32800000000003,113.85799999999999,20.26084,20.1779996
2018-10-19,70.586,277.58000000000004,114.154,20.4179,19.2539996
2018-10-26,69.13,269.87,114.30999999999999,20.93806,22.7919994
2018-11-02,68.55600000000001,269.532,113.576,20.990000000000002,21.6260002
2018-11-09,69.96199999999999,277.556,112.63799999999999,20.27312,18.062
2018-11-16,67.60399999999998,272.316,114.18800000000002,20.71564,19.968
2018-11-23,64.64,265.3725,115.05999999999999,21.270025,21.22499975
2018-11-30,66.878,272.02200000000005,114.91400000000002,20.78912,18.654000200000002
2018-12-07,66.95249999999999,270.73999999999995,117.57499999999999,21.046725,20.4000005
2018-12-14,65.58,263.90000000000003,118.53599999999999,21.699900000000003,21.6279994
2018-12-21,61.972,249.914,120.282,23.0751,26.833999999999996
2018-12-28,60.415,244.08499999999998,120.6075,23.480000000000004,31.19499975
2019-01-04,61.0975,249.175,122.32750000000001,22.99015,23.86749975
2019-01-11,63.04,257.396,121.16199999999999,21.80128,19.907999999999998
2019-01-18,64.106,261.63,120.08600000000001,21.292299999999997,18.5139998
2019-01-25,64.915,263.9,120.58250000000001,21.148975,19.1574995
2019-02-01,65.74,266.948,121.05800000000002,20.93954,17.673999799999997
2019-02-08,68.03600000000002,271.682,121.31999999999998,20.65918,15.754000200000002
2019-02-15,68.892,274.29200000000003,121.65899999999999,20.51478,15.635999799999999
2019-02-22,69.9375,278.20500000000004,121.66250000000001,20.34835,14.2175
2019-03-01,71.074,279.428,120.426,20.206359999999997,14.613999999999999
2019-03-08,70.41,277.044,120.468,20.364179999999998,15.5499998
2019-03-15,72.11600000000001,280.348,121.55999999999999,20.273360000000004,13.578
2019-03-22,73.682,282.052,122.71599999999998,20.25698,14.136000000000001
2019-03-29,73.332,280.6,125.83,20.53846,14.86
2019-04-05,75.528,286.794,124.078,20.061600000000002,13.38
2019-04-12,76.30600000000001,288.552,123.614,20.01492,13.158000000000001
2019-04-19,77.3425,289.90000000000003,122.5875,19.879375,12.2975
2019-04-26,78.63,292.168,123.13,19.879559999999998,12.764000000000001
2019-05-03,78.548,292.982,123.50800000000001,19.89316,13.664000000000001
2019-05-10,76.672,288.608,124.606,20.1684,17.860000199999998
2019-05-17,74.894,284.572,125.78399999999999,20.32398,17.259999800000003
2019-05-24,74.04400000000001,284.202,126.59200000000001,20.361099999999997,15.755999799999998
2019-05-31,72.6875,278.17999999999995,129.9775,20.836925,17.8524995
2019-06-07,73.71000000000001,282.102,131.18200000000002,20.811420000000005,16.8299998
2019-06-14,76.67,289.02,130.87000000000003,20.48752,15.788
2019-06-21,77.758,292.938,132.17999999999998,20.426740000000002,14.996
2019-06-28,77.884,291.87399999999997,132.58200000000002,20.504920000000002,15.73
2019-07-05,79.705,297.33750000000003,133.03500000000003,20.226275,13.21
2019-07-12,80.17999999999999,298.51599999999996,131.458,20.128999999999998,13.280000000000001
2019-07-19,80.846,298.84000000000003,131.446,20.12466,13.498
2019-07-26,82.28800000000001,300.27599999999995,131.516,20.10002,12.622
2019-08-02,80.946,297.41400000000004,133.6,20.296,15.6740006
2019-08-09,77.626,288.966,139.852,21.02826,19.825999799999998
2019-08-16,77.78399999999999,287.604,144.916,21.19854,20.0719998
2019-08-23,79.10400000000001,290.416,144.738,21.0294,17.345999999999997
2019-08-30,78.726,289.758,147.06,21.238,19.167999599999998
2019-09-06,80.3825,295.16249999999997,146.29749999999999,20.9585,17.064999999999998
2019-09-13,81.122,299.792,140.078,20.397160000000003,14.607999999999999
2019-09-20,81.05,300.308,139.772,20.290599999999998,14.486
2019-09-27,80.276,296.82,142.402,20.478,16.2419996
2019-10-04,79.676,292.56800000000004,144.172,20.728,18.304
2019-10-11,80.178,292.47999999999996,143.388,20.66106,17.9860002
2019-10-18,81.678,298.09599999999995,140.05800000000002,20.208,13.966
2019-10-25,81.612,300.16999999999996,139.01399999999998,20.066,13.766
2019-11-01,83.848,304.024,139.154,20.01,12.831999999999999
2019-11-08,85.37,307.72400000000005,136.846,19.809980000000003,12.67
2019-11-15,86.60600000000001,309.558,136.558,19.7388,12.693999999999999
2019-11-22,87.12,311.19,139.478,19.82912,12.714000000000002
2019-11-29,88.09,314.31,140.64499999999998,19.735,11.944999999999999
2019-12-06,86.814,311.908,139.358,19.78088,14.762
2019-12-13,88.204,315.256,138.70999999999998,19.637,14.62
2019-12-20,90.422,320.058,136.996,19.429,12.404
2019-12-27,91.57,322.0625,136.945,19.333750000000002,12.84
2020-01-03,92.195,322.555,137.10875,19.3625,13.7725
2020-01-10,93.502,324.63599999999997,137.675,19.365000000000002,13.238
2020-01-17,95.878,329.29200000000003,138.726,19.31756,12.31
2020-01-24,97.4575,330.7825,140.6125,19.381475,13.325
2020-01-31,96.514,325.284,144.498,19.699,17.046
2020-02-07,99.14200000000001,330.444,143.642,19.575,15.9199996
2020-02-14,101.402,336.404,144.154,19.492,14.357999999999999
2020-02-21,101.38250000000001,336.375,146.445,19.5808,15.4625
2020-02-28,91.276,308.068,151.748,20.657999999999998,31.942000200000003
2020-03-06,91.388,304.42199999999997,158.046,21.407000000000004,36.7579992
2020-03-13,82.568,270.88800000000003,160.35399999999998,23.562,57.792000599999994
2020-03-20,74.182,240.392,153.79000000000002,24.52302,74.6180008
2020-03-27,77.28399999999999,245.502,164.498,24.150000000000002,62.75
2020-04-03,78.852,253.11399999999998,166.986,24.25,53.078000599999996
2020-04-10,84.25750000000001,270.555,166.21,23.0566,44.23999975
2020-04-17,87.748,280.59,166.76,23.002,39.6059998
2020-04-24,86.958,279.156,170.25400000000002,23.224,41.706000599999996
2020-05-01,89.94399999999999,287.852,168.13000000000002,22.806,33.8860004
2020-05-08,92.32399999999998,286.826,165.356,22.746,32.6240004
2020-05-15,93.42999999999999,286.40400000000005,165.288,22.727,32.077999999999996
2020-05-22,96.26,294.84400000000005,164.19400000000002,22.424,29.1020002
2020-05-29,97.01249999999999,302.47499999999997,163.095,22.262500000000003,27.932500250000004
2020-06-05,99.33,311.302,159.37,22.046,26.2119998
2020-06-12,101.196,313.562,160.44400000000002,22.103,31.565999999999995
2020-06-19,102.112,310.418,161.49999999999997,22.20502,33.9199998
2020-06-26,103.17999999999999,306.832,163.098,22.3,32.7860004
2020-07-03,104.26749999999998,308.8925,163.9175,22.234375,29.627500500000004
2020-07-10,107.402,315.79599999999994,165.23600000000002,22.106,28.4000004
2020-07-17,106.73600000000002,319.624,166.85,22.092000000000002,28.6299998
2020-07-24,107.80799999999999,324.006,168.352,22.035999999999998,25.1079998
2020-07-31,107.556,323.998,170.298,22.049,24.7
2020-08-07,113.92999999999999,331.972,170.498,21.994999999999997,23.178
2020-08-14,113.30999999999999,335.89599999999996,165.763,21.73,22.5239998
2020-08-21,115.80799999999999,338.308,164.698,21.721,22.1320002
2020-08-28,121.152,346.70399999999995,163.39600000000002,21.566,23.02
2020-09-04,122.88000000000002,349.514,164.02,21.7195,28.6899998
2020-09-11,114.0075,335.2375,163.9125,21.708750000000002,29.2124995
2020-09-18,114.39000000000001,336.788,163.954,21.675,25.953999999999997
2020-09-25,112.508,326.428,164.68,21.82002,27.622000200000002
2020-10-02,116.28400000000002,334.466,163.772,21.693,26.632000400000003
2020-10-09,117.88200000000002,341.216,159.894,21.395000000000003,27.371999800000005
2020-10-16,122.148,349.056,161.54000000000002,21.306,26.383999799999998
2020-10-23,118.87,343.702,158.75799999999998,21.2557,28.568
2020-10-30,113.612,332.158,159.48799999999997,21.479000000000003,36.3399992
2020-11-06,116.894,342.034,159.618,21.188000000000002,30.938000199999998
2020-11-13,120.35800000000002,355.316,156.69400000000002,20.79,24.49
2020-11-20,121.184,358.51599999999996,159.49200000000002,20.857,23.1620004
2020-11-27,121.625,361.75250000000005,159.71,20.83,21.59749975
2020-12-04,124.848,366.282,157.296,20.641999999999996,20.9160004
2020-12-11,125.29,367.82800000000003,157.548,20.6418,22.015999599999997
2020-12-18,127.244,369.168,157.328,20.624,22.721999599999997
2020-12-25,128.635,367.9175,157.1675,20.596249999999998,23.557499999999997
2021-01-01,130.0675,372.375,157.4375,20.567500000000003,22.57500025
2021-01-08,128.76399999999998,374.806,154.03999999999996,20.424,24.2619998
2021-01-15,128.956,378.28200000000004,151.542,20.191000000000003,23.441999799999998
2021-01-22,131.72250000000003,382.41499999999996,152.01,20.192500000000003,22.012499999999996
2021-01-29,132.08800000000002,378.05800000000005,153.14799999999997,20.438,29.3439998
2021-02-05,134.108,382.706,150.002,20.205999999999996,24.27
2021-02-12,137.234,390.838,148.66400000000002,20.060000000000002,21.215999599999996
2021-02-19,136.83999999999997,391.36,144.7825,19.8475,21.874999499999998
2021-02-26,132.22600000000003,385.79799999999994,141.29000000000002,19.709,24.9480004
2021-03-05,130.51799999999997,383.57399999999996,139.844,19.560000000000002,25.47
2021-03-12,129.85999999999999,389.212,138.532,19.266,22.932
2021-03-19,131.982,394.108,135.426,19.05,20.316000600000002
2021-03-26,130.886,391.058,137.156,19.056,19.8099998
2021-04-02,132.75,396.86249999999995,136.16750000000002,18.80125,19.27000025
2021-04-09,139.31599999999997,407.816,137.43,18.75,17.3660006
2021-04-16,142.20999999999998,413.816,138.71599999999998,18.791459999999997,16.674
2021-04-23,141.706,414.492,139.718,18.884000000000004,17.901999999999997
2021-04-30,141.91799999999998,417.97799999999995,138.838,18.761000000000003,17.740000199999997
2021-05-07,137.89600000000002,418.15199999999993,139.364,18.824,18.403999799999998
2021-05-14,134.19400000000002,412.884,136.67000000000002,18.823999999999998,22.205999600000002
2021-05-21,135.276,413.70799999999997,136.848,18.814,20.811999800000002
2021-05-28,138.44199999999998,419.162,138.791,18.742,17.6200002
2021-06-04,138.4475,420.3425,138.6625,18.706250000000004,17.46000025
2021-06-11,140.638,422.808,141.292,18.8,16.6259998
2021-06-18,142.638,421.74799999999993,142.394,18.778,18.002000000000002
2021-06-25,144.624,423.65600000000006,143.142,18.712,16.491999800000002
2021-07-02,148.0,429.476,144.14799999999997,18.674,15.632
2021-07-09,150.675,433.4575,147.4825,18.845,16.9550005
2021-07-16,151.68400000000003,435.0,147.026,18.856,17.016000400000003
2021-07-23,151.612,433.196,149.512,19.038999999999998,19.0060004
2021-07-30,153.42199999999997,439.6039999999999,149.138,18.968000000000004,18.238000199999995
2021-08-06,154.134,440.39400000000006,150.10999999999999,18.984,17.78
2021-08-13,154.004,443.924,147.01799999999997,18.752000000000002,16.144
2021-08-20,154.372,442.6820000000001,149.62199999999999,18.924,19.166000000000004
2021-08-27,157.458,448.13,149.13600000000002,18.762,17.2779998
2021-09-03,159.11,452.372,149.058,18.712,16.320000399999998
2021-09-10,158.2525,449.1975,148.245,18.73,18.9624995
2021-09-17,156.88600000000002,445.44000000000005,150.01,18.791000000000004,19.302
2021-09-24,154.532,438.52400000000006,149.79399999999998,18.791,21.464
2021-10-01,151.375,434.98749999999995,144.78000000000003,18.632525,21.9274995
