epoch,2021_11_07__01_38_03_daily_actor_lr_1e-06_critic_lr_9.999999999999999e-06_epoch_1000,2021_11_07__01_38_03_daily_actor_lr_1e-05_critic_lr_0.0001_epoch_1000,2021_11_07__01_38_03_daily_actor_lr_0.0001_critic_lr_0.001_epoch_1000,2021_11_07__01_38_03_daily_actor_lr_0.001_critic_lr_0.01_epoch_1000
0,1.076270509240616,1.0304623931173285,1.0555247303190265,1.0865033689917547
1,1.032208831063578,1.023154140451206,0.9657355593581773,1.0918536670142973
2,0.8445117727814878,1.0463865067651683,0.9634630755771127,0.8631106452175903
3,1.0373679507756517,0.9381276420853929,1.022609244022447,0.9802758481039829
4,1.0988897583181791,0.954884520708629,1.034882803093624,1.0337742142264283
5,0.9994521668973977,1.0578217769291878,1.1285207216222894,1.0141473133183612
6,0.998991467467665,0.957985038161109,1.2305700959891945,0.6813055136327308
7,1.0415221171411664,0.9873086481381509,1.1091572768300602,1.0968992167781448
8,1.0809261364809508,0.9793516397487032,1.0596322603110624,1.2634800780367217
9,1.1136822797441788,1.0066249769917675,1.0759428852502153,0.9933763153608625
10,0.9659833681745492,1.0023850669774392,1.0565052310278238,1.0167717881141174
11,1.1074855101027465,0.9818439182153241,0.9478402974404652,1.0993220871781746
12,1.0705608574955583,0.9692141450247347,1.0900643651773934,1.0170502595375337
13,1.0420996985808835,0.9209144316221454,1.1393304062199645,1.0685023056830925
14,1.0771932636544495,0.9589176694587677,1.0196434351784394,1.1001897881162168
15,1.0784565210430805,1.0854192179809898,1.0505262712973078,0.9700363356460651
16,1.0086106596810216,1.0288810261992196,1.082294297262921,1.0958174371004878
17,1.0294166994935081,1.1215915728976429,0.9263837122567042,1.0125721041659417
18,1.0369837750173319,1.2573780900123386,1.0737048329901306,1.077826742988067
19,1.0592990147620756,1.0467686013677975,1.0862219880407613,0.9758392963072475
20,1.068046399038819,1.028100196923797,0.96820148837136,0.9894673730907556
21,1.0508418771773336,1.0285460582352748,1.029658050779139,0.9825241481261902
22,1.00049197670511,0.9255308541069291,1.0815819327256067,1.1506187164011745
23,1.0970326905839856,1.0802258837027439,1.0896679888732221,1.0925280830829862
24,1.0148936999331604,1.0524099793892867,0.9960443737232384,1.1023557589967963
25,1.1179718966572971,1.0139413334957474,1.2293403033492516,0.9067289773482703
26,1.044863111382383,0.970775138349107,1.0176509571618924,0.9848978507580789
27,0.9881940627170415,0.9950690341906628,1.031791967973038,1.0497942138403644
28,0.9949718703408196,0.9298528700924589,1.1295835054707304,1.0091234856236182
29,0.9868502592066072,0.9235388969241755,1.1099814324333024,1.106737120898013
30,1.002072789202676,1.1130220711534973,0.8953217420904088,1.020849152523161
31,1.0744868346945193,0.9477973193230973,1.1393304571520038,0.9566931080222214
32,1.0363593517419207,1.058293117881939,0.8733360189608156,1.0895905152629692
33,1.1216049350341863,0.9745902309895608,1.195217279325003,1.0238023314083708
34,1.0484324579722415,0.7889994328543015,1.0515366864960274,1.1101122385569901
35,1.0396184473189312,0.9787466880916035,1.1071877897441629,0.699147449179791
36,1.079838869577466,1.006773633038452,0.9200760480904452,1.122399963515604
37,1.0198471160677056,0.9478833057558104,1.1012814636462773,0.9478546333287518
38,1.128354563891669,1.0902840606859598,1.0672666990950423,1.0466258614851367
39,0.9642235422539839,0.8656270026562819,1.0469667779766263,1.0381506751229705
40,1.076507861002328,1.090112007596883,1.003611309753754,1.1133157944798746
41,1.025252626573535,1.0142419659084814,1.2091206560880823,0.9913447428984878
42,1.0653093344606985,0.9804259162008735,1.090909023206077,1.3711132692750256
43,0.9417860237134088,0.9622700859371995,1.0442230786162452,1.0797846286741253
44,0.9985210055242079,1.063173763010563,0.8901963597842698,0.910754082764485
45,1.043058072480581,0.987261952291122,0.8279800194601852,1.1784691141423689
46,0.9924860532461199,0.9448018965579629,0.8732287534481639,1.1215322432571837
47,1.0100497548395437,1.0865747780470776,1.056107023954517,0.7983081878747633
48,1.0204944455820042,1.0845199439365545,1.0403864558364417,1.0563942397457706
49,1.0147531868111639,1.1339672263778444,1.1668498459794387,0.9754121093845062
50,1.066670714421285,0.8920600317063446,0.9888043002252337,0.7104301108427326
51,1.0953428898976818,0.9713108524787354,1.0097084558998586,0.9682223000134303
52,1.062582644812779,0.9119143389286066,0.7054108684821279,0.9737227329909041
53,0.9234139482154007,0.9859904368338781,1.1430911735039866,1.1959961204128686
54,1.0980163334619115,0.9396614857965031,1.0546427709182093,1.0539384650829853
55,1.0150636779002622,1.0246973746678116,1.0714874662213263,0.9892498185055738
56,1.0216467715231272,0.9316883049937758,1.0786273854873387,1.115765017150706
57,1.003021118938574,1.076719088408431,1.0857502533246703,1.0919686198202503
58,1.056833605540928,0.9481664148407418,1.0754592684117243,1.0381634531329658
59,0.9918697543228839,1.0464745606058685,1.0382190493625232,1.0980173069845867
60,1.0094480537165536,1.1073721250304132,1.0328930172321829,1.0387255820445862
61,1.0518498530156923,0.9537222269288865,0.9620130123041358,1.1497731512931026
62,1.1025975736283884,1.0203246671459143,0.9512848757509003,1.1355135495643223
63,1.082437824883406,1.0803379058895468,1.125562243929663,1.1024792512315333
64,1.1634284031470001,0.9544253582019556,1.017677517571433,1.1339093879554178
65,0.9805776145619753,1.0283888966722246,1.2070611426701445,0.9077793536166064
66,1.071451925587784,1.075600439102726,1.0894677118400686,1.0583612574230057
67,0.9872893663520469,1.0869841855398688,1.0219784475194742,1.1628464952800248
68,1.010638610008497,0.8900375791168897,1.1103109170193146,1.0189946810266777
69,0.9760000654722234,1.0360829866788512,0.9452328788073037,0.9360430849356631
70,1.0101768245310294,1.0866968424594179,0.895648784551965,1.0659427503620649
71,0.9681767422159204,1.0262902918976675,1.1764222614822823,1.0811245936096536
72,1.016284933837675,1.1272439544821646,1.072561241855754,1.0413036083892735
73,1.1149152020592847,0.9318866273230381,0.8296348336289592,1.0528471782063469
74,1.0325351698203928,1.035452772008126,1.00370553892483,1.1065048271491003
75,1.0618687406397143,1.0223701924394502,0.9554707030873651,1.1271069560881863
76,1.0146431506392355,1.0481716120809808,0.6334659192470035,1.1157683507076581
77,1.0581378677406792,1.0112817766962723,0.9935580002596648,0.9674146353156214
78,1.0479808085375766,1.1016210794313117,1.1513000938250308,1.0368106236965526
79,1.007748865804897,0.9668866098525021,1.063466517697174,1.070427637647029
80,0.9754884399149026,1.025118092587021,1.0141694837689816,1.0423701896051487
81,0.9539060890542105,0.9172789167563266,1.0826066583033649,1.245327327640271
82,1.10814701684348,0.8602969080605302,1.0681819249818199,1.214893570158621
83,1.086223129152171,1.0462550206388515,0.9940332714188493,1.1585694842657732
84,1.0517150200927379,0.9647642485961943,1.1469580948897995,0.9758675646902253
85,0.937170423366438,1.0139425658164176,0.9935584781891066,1.0666489231030551
86,1.0264849031586654,0.9854095969311241,0.9376882043184862,0.9707143193161542
87,1.0377324213742751,1.082746823028993,1.0446577364341822,1.0173318618479121
88,0.9614544456563607,0.8473067844952629,0.9842489645129487,1.0519175463494141
89,1.0024970345436335,1.0290166347816878,0.9304433529471562,1.0614370008311558
90,1.0100589726258764,1.2379104615053318,0.9410883510068995,1.0883827761367049
91,0.9606506443229955,1.0443656114124837,1.0833855620634236,1.0646391161798379
92,1.0265751868647681,1.0537450768984775,0.99593510945423,0.9984007027450355
93,1.046777262230696,1.050921845614038,0.9289830235482827,1.0514272864904846
94,1.0337509614914944,1.0483409588679307,1.2218858938055275,1.0395566070021707
95,1.0068727084746232,0.9794146472866908,0.9908001699486753,1.043860668142479
96,0.9126570194277893,0.9867404908834969,1.016364854733752,1.0362344180232248
97,0.9850249560069716,1.0706438541136098,1.0579088777160945,0.6453139208487381
98,1.0802250386305234,1.049847734341126,1.126705412354037,1.056591251191258
99,0.9985588347822233,0.9744332133798569,1.029322620861286,0.9806683266446489
100,1.0077563351973446,1.039074453854717,1.0222103683359247,0.9989937315580045
101,0.9011621396865049,0.9571579434181563,0.9510151908859438,0.9403489856612515
102,0.9567495093446515,1.0959755209245068,1.1351770005297397,0.9887295539411277
103,1.090770378075471,1.2107216514913097,1.1337264129040894,1.021297867221467
104,1.0444480557405236,0.9502497141570622,0.84652602066997,0.9485746513807737
105,0.9925220332359233,0.9711078625249632,1.2174815317922323,1.1135379444036007
106,1.0722723268305305,0.9469472427076566,1.0806908380271367,1.0311134278573983
107,0.9964664777132265,0.9743046946110113,1.1107282169880848,1.1629326867676815
108,1.0645877565561737,1.1073745506992587,1.062988639437969,0.9340389833877172
109,1.0261377965244736,1.2786957447986462,0.6957791010998926,0.991054021792663
110,1.0186694834831067,0.9387518947647033,0.7443696811892772,0.913605434633637
111,1.0457455252576435,1.0326429311052263,0.9980463653259675,0.9313946791469931
112,1.092432979830147,1.222029213589545,1.0666310739450315,1.0507175970008953
113,0.895290730697543,1.0483304534634228,0.7481926855052634,1.1115288937499461
114,1.0027034800281964,0.9216449675466497,1.122256638879261,1.0651408574746326
115,1.0400526568929935,1.0556125936233787,0.9581505114439407,1.04650138598822
116,1.0320697106075947,0.9479626220204973,0.9200758835680418,0.8853950695569215
117,1.033557658240958,0.9804694954358015,1.127461709785564,0.9767262905823292
118,0.9869945775453914,0.999664210846497,1.1185508662376864,1.0518040983163097
119,1.0138373706854402,0.9868135354541486,1.0451176715189898,1.056545357155469
120,0.9895298039003372,0.9714954887900538,0.8945872762328368,0.9953876315640114
121,0.9629258354961437,0.991741226437049,1.0602519799772727,1.0247878027460813
122,0.9520362089004176,1.0126463668285672,0.8623356982296951,1.0065325969636292
123,1.016827666833715,1.0037635704143455,1.1357593798447803,1.0159427031546246
124,0.9836926765695707,1.0799100176280525,0.986591123015888,1.0782512109471714
125,1.0190778483057197,1.0348455081848598,0.9319232320462879,0.9619673739771805
126,1.0422746417663982,1.0106117231741931,0.9525269380652892,1.0221411559191964
127,0.9760153726621096,1.031288810692766,0.6567045151491224,1.1221220775528356
128,1.0246196479425969,0.9691870442096221,1.1912886030893657,1.0563942397457706
129,0.9373502809598867,0.9685406296012572,1.1919188977303552,1.0394417195666414
130,1.1467530382238655,1.0446538447881002,0.666224753330147,1.0087316513530955
131,0.956937662538994,1.0170271253422665,0.9108869282719311,1.1032997188841032
132,1.092309335190542,1.0837987581956323,1.1939321331221553,1.0068369884152193
133,0.994583634931742,1.0688352690826015,0.9510225457830951,0.640628784587491
134,0.8986101077735713,1.0510135778085725,1.1374041568920024,0.8887734848526333
135,0.9391164077318016,1.0327197795329703,1.1517122133701014,1.059424811185549
136,0.9349220064479067,0.9596777230858325,0.9550830450043272,1.0626820376918058
137,0.9189407492241549,0.960326067904407,1.1052628003548008,1.0963155833362255
138,0.9691599585939014,1.0589479206766803,1.1016409258689175,1.110786122661436
139,1.1369598163995982,1.053455304468462,0.9527586970878194,1.069373876854937
140,0.9859398475987808,1.0740696583898781,1.043254796522979,0.963393336751457
141,1.110440727792222,0.9057181112569399,0.9563604595514215,0.6861433203805958
142,1.0841945504672166,1.0950984888396402,1.0320669692978686,1.0397753650413688
143,0.9823253578250859,1.016887484557545,0.931557429964082,0.9969586102996985
144,0.9985982990471796,0.8024814295955353,0.9265054663374103,1.1155168239901876
145,1.0274030166385502,1.0354160312853407,1.1366489219928948,0.9797749913008049
146,1.0176408863000497,0.973258449475802,0.9693762169263003,0.8797246741227114
147,1.0353389089378915,1.0418426405178,1.0839762677670175,1.1269018465482974
148,1.0455443742614274,1.0235613288922158,1.1388776424785687,1.0883827761367049
149,0.9390211908966685,0.9459985748589075,0.8907653363687346,0.9663088055428072
150,1.0100072312579624,1.0835323828452568,1.0761272140879192,0.9861153586340299
151,0.9831710795755938,0.9883401828625803,0.9485714957776826,0.9681464496853996
152,1.0625376423885435,0.9534966733756078,1.0447172298326637,1.15845884437663
153,0.9354900167819606,0.9590721958665147,1.1244655338841658,1.0955622208076914
154,1.062315353863353,1.2357211265251045,1.09460969535505,0.9797749913008049
155,1.0617778172190966,1.0817689604931078,1.0382775185362239,1.007172484617856
156,1.0829374813425827,0.9662314853444164,1.0309243968426278,1.071642551175958
157,1.0958757656703058,1.0046236641849087,0.9918602388126363,0.9680182678433286
158,1.021192876215739,0.927213826393375,0.968678439769249,1.0519175463494141
159,0.9511236069797396,1.0618466360308425,0.9955403362062814,1.099964433235733
160,1.039719236173916,1.01361420203467,0.9559267967020219,1.2477026552181991
161,0.9806489991879361,0.9327708958313161,0.6360067580157003,1.0087872178628192
162,1.0327884270646077,0.972958116294851,1.0911781144477033,1.035066394285603
163,1.0651729270012544,1.0468042240609459,1.0484707229629537,1.0563942397457706
164,1.0118590304884407,1.0686699687463312,1.0676950109624181,1.0673318021115528
165,1.1776241572923667,0.9642238978632975,1.028706616173796,0.9681408233642889
166,1.1144774633214327,0.8840891730635241,0.9701436819483058,1.1811219134632502
167,0.944664220957985,0.8914124589465089,0.9018273441533785,1.007910196254448
168,0.9414616448803539,0.952325833754565,1.1317570365867677,1.0039982222891342
169,0.9427189725998738,1.0198505125819128,1.0272819007711973,0.978434225769408
170,0.9488154092604022,1.047665472608372,1.2227945317620126,1.0552107055386628
171,0.9901520565048141,1.0404807375218756,1.0652214418322252,1.000268679344108
172,1.0539865074883072,1.0871251114155998,0.90563648960545,1.0468572411400558
173,1.0353966334810305,0.8166694935586535,1.0951171489050355,0.9718814595076134
174,0.9438645515949968,1.0284417856385075,1.0544847486761897,1.1554793286616736
175,1.050754230900024,1.0337204733965297,1.0599995501405417,1.0638337692904964
176,0.981188932144822,1.0479301393216087,1.0504910228561208,1.2483686760322645
177,1.205646210364029,1.0717285541597186,1.1541440885101912,1.0707300082977336
178,1.0239914832001848,0.9459985748589075,1.2108291454852396,1.156665808812944
179,1.0384782889210102,1.0562260315901242,0.8713096385222102,1.0381052649569518
180,0.9938998363523288,0.9458630222739085,1.060419699474286,0.997055098548901
181,0.7600406002761964,1.0306197122251475,0.905520669124029,1.1145958111460876
182,0.9830733260407793,0.9479631058273472,1.0389502223524372,1.1153054141876497
183,0.9603933557572185,1.306266712161062,0.9977570074160599,1.0649582993960047
184,0.8693326890860976,0.9745836486768207,1.0161872362499595,1.1982468211339774
185,1.0804580219028403,1.1088495896847173,0.7579175730812316,1.1045090334972694
186,0.9927587008385436,1.0046238943495946,0.9909786762879927,1.1022605229546931
187,1.1299328340887091,0.9507971985758851,1.0832517551739214,1.0872648404483323
188,0.9495434263207455,0.8683360697072022,1.0573655824603279,0.9947241774722206
189,1.0919184800347146,1.053329879405449,0.7710846378512491,1.0069365999332551
190,0.983234173507712,1.0362858844745626,1.1163596783928507,0.8932292947995722
191,0.9463596016523979,1.1145160752846508,1.1213809835886992,0.9117910037059314
192,1.0111691401555327,1.0641530718096688,0.8788025782009172,1.123237097336689
193,1.0250236679233946,1.0804644700037798,1.1170437217414455,0.9608888794559998
194,0.9513406640802174,1.1778614472631184,1.0605961416806824,1.0968328986531974
195,1.0570292458982553,0.9949574737062831,1.2092148902484232,1.0196189828352002
196,1.0322183020256197,0.9894412706492811,1.1616078391825735,1.0313849728444804
197,1.0534357413823858,1.0751185381866182,1.1460827029912362,0.9693483406083878
198,1.0679375053027187,1.1141814910092063,1.0055641438448915,1.0859643298861519
199,0.9890275496366949,1.2011124418885428,1.2585471283151533,1.115395336782723
200,0.8829353875037576,0.9523264013851644,1.0754720328714344,1.1800914556752624
201,1.0918924307093383,0.9762745078196425,1.0367446402034546,1.0855016681116576
202,0.9232207169571547,1.0315436893958625,1.0969421152585541,1.041160089426009
203,1.0510555470761245,0.939488502926218,0.6768578587784453,1.0778271284490168
204,0.9787383531069653,0.9341176736159866,1.0124613889190957,1.0370469303368004
205,0.9855955079531791,0.9847388505676895,0.9510151908859438,0.9968193727446089
206,0.9485679479453101,0.9546018096593983,0.9383781826412522,1.0513133782765607
207,1.061566879239152,1.0466903097951694,0.9698207790703043,0.7018170267547709
208,1.0492183713911836,1.0814044929615645,0.9726474983356787,1.1122420881389834
209,0.9633894176589513,0.9087531678616565,1.0035828083149225,0.9704495777991737
210,1.0175190411294004,1.044239160141062,1.0261709968738886,0.9960337119659305
211,0.9936440983546686,1.2204867194007452,0.8487504158454282,1.0681391246201446
212,1.0638358261359975,1.0180793994229986,0.8935563784923433,1.0802711483465712
213,0.9642952019761835,0.7955819770677669,1.01147166830101,1.0512530823795474
214,1.0072905363328217,0.9304367533798426,1.0646364589030075,1.086535134553631
215,1.1284668351742608,1.0547469416753774,1.1156571017420767,0.985417852902598
216,1.0510327983426517,0.9807084806034565,1.1712425396067259,1.0596312458200388
217,1.0502700925165427,0.9327703954541492,1.0316046130199066,0.9644848822130905
218,0.9820257606715758,1.0445297439060084,1.1022666987576046,0.6864306433601799
219,1.0645899774616174,1.0890121905130463,0.9228973451057462,1.1985774927687927
220,1.074999191977202,1.080740293155767,0.9289980709304709,1.085590862023541
221,1.2304956686681203,1.0170337688867355,0.867625001743903,0.985646244751792
222,0.9351879812177512,0.952589516848977,1.1477424984159879,1.017025132476824
223,1.0704859786103742,1.0980521089419502,1.0911781144477033,1.0552677847116745
224,1.0783867783939105,1.0852192852387206,1.0585192493778195,1.089447346058433
225,0.9976268848633835,0.8768684173470495,1.0153847256724653,1.0394417195666414
226,1.0841798649828698,1.1916229655759527,1.0764440990525004,1.07720310322626
227,1.045718423184569,1.0740124424496063,0.9347930382250492,1.0247878027460813
228,1.303316562833827,0.9982132896923627,0.878314669472344,0.9930041342080267
229,1.058395902520639,1.0327200526828557,0.9798824388353892,1.000909481483728
230,1.0721179495264423,0.9898158291242443,1.0638724576748382,1.1160080603875793
231,0.9886940033241246,0.9469094481836287,1.0896025544450152,1.0348206353790155
232,1.0581534658381355,0.9326183905185044,0.9525269380652892,0.9281189280313509
233,1.0058726682845731,1.0196719981570943,0.9004414726581965,1.2653478282760737
234,0.9954399881796929,0.9621453882418585,1.0681819249818199,1.1506187164011745
235,1.0886459639338064,0.9958083111812136,0.9815461334494845,1.0908189697291324
236,0.9011632139561296,1.0723736008282503,1.158612282588208,1.0531747217764238
237,1.0054368888845433,1.2072461671472403,1.0768435035998418,1.0933657218904413
238,1.0126549698271559,1.1130064147203127,0.9731446952811961,1.056519447192207
239,1.0838033447655766,1.0628969628312968,1.063917584011299,1.0225387380207909
240,1.1830059374987014,0.9887503243140122,1.0315267754516575,1.0423194072477275
241,0.9370218692599093,1.1306949540718259,1.0552341461504913,1.0017433733165968
242,0.9756049830875027,0.9537382221835181,0.9250996879548806,1.1653749696388742
243,1.0495358637694308,1.0108754504213386,0.9885170611519639,1.1056342297625061
244,0.9629778079374804,1.0834969109040395,0.9974711345740868,0.9551085808361098
245,1.1141008468080824,1.0196891013808773,1.1491641675415523,1.1729812450238193
246,0.9471686994014111,0.9662582011491502,1.0929283009428987,1.073102790587585
247,1.0990953623283233,1.0516785760113176,0.9237057738480061,1.3691278168129837
248,1.0110708034577787,0.9749616790565134,0.9671052214873541,1.00096042258579
249,1.0355879003639152,1.2919900623800813,1.0897408887523832,0.9661996483553116
250,1.1101347606659127,1.0257113526258594,1.0204778363604943,1.0394417195666414
251,0.9308959925097839,1.0098917805701915,1.0110452139614685,1.07741516543042
252,1.129723094333053,0.9630727918796156,0.9122139892178531,0.8853950695569215
253,0.985271435309283,0.9612011384442394,0.9938840982598041,1.0194695998250416
254,0.8472538333141135,1.0919730863837012,0.9999996598344875,1.0287511150838855
255,0.9097670078839857,1.0404799274187964,1.098256909796904,1.0009611720885692
256,0.9755429710902296,0.9304367533798426,1.0287170379781858,0.9138135517967908
257,1.0474103933514394,0.9677449963854379,1.0162853370421119,1.0770651086319383
258,1.0553717380624124,1.2219485656919697,0.9261193030720721,0.8932292947995722
259,1.264760871587503,1.0374793470109798,0.9734204869156485,1.0345785037190167
260,0.9838854924517396,1.258116258203913,1.0627986901089548,0.8804626485817908
261,1.0529307510155856,1.0610841822495525,0.9731446952811961,1.0863135397390427
262,1.0413548649684397,1.0230769347788007,1.0658734834274295,1.049945701328651
263,1.2246881440594477,0.9711836608592032,1.0886832510438977,1.0673483110928212
264,1.0113080324194104,1.1029157286600848,1.0399013571258602,1.0623806178969897
265,0.9323054595613108,0.8769715692409495,1.0721269998566925,1.1155183865059068
266,1.042947343847366,0.8891019575994121,1.0846775455410267,1.2234223719087878
267,0.9556171091017661,0.9471792496104854,1.0532023309744416,1.1932419361136837
268,0.9509421622528366,1.0706477947185147,1.1308583558333625,1.094049402525247
269,1.0500096578017977,0.9810610847578431,1.0529984197666777,0.9944186840234965
270,0.9921813446423752,0.9431164596749803,1.1293642464936577,0.9582120389741754
271,1.0006399047497072,0.9557874252202726,1.2184461732640615,0.9235629459862361
272,1.0838762883715014,1.1745268624662664,0.9131900636920491,1.0221411559191964
273,1.0610632284165693,1.0253219064419756,1.2477193325495497,0.961633937659682
274,1.0773553872753991,0.9247515084260428,1.10245573448394,1.0733451216533887
275,0.9706895450965474,0.9598838878065244,0.9039263487844307,1.1124660545014733
276,0.9629092126555066,0.9259874234446998,1.125562243929663,0.9957587168431916
277,1.071363717743715,0.9720321092037078,1.2244067908045742,0.8934927082987201
278,1.0160657354604332,1.0908775686648782,0.9756097914261349,0.9330498561840923
279,1.217655579368627,1.0577895504310724,1.1740782016670621,1.0205469798696718
280,1.0592505565793915,1.0457111501158929,0.6358146075908656,1.1685845553793055
281,0.9098095494418033,1.089870958016154,1.06704992442194,0.6822463415848251
282,1.0678969266259528,1.0717285541597186,0.9716137827447696,0.9661967796583517
283,0.9457209185360229,0.9375489004292228,1.009514481145207,1.0455234624501075
284,0.9295341769545081,1.0321287101250756,1.1526481716921169,1.0373271927290029
285,1.0157080383762638,1.0551074008729218,1.082606851888538,0.9988123949671575
286,1.0179578828627542,0.9147443582155761,0.9984622319304541,1.185205170940613
287,1.037397700098296,1.068649697147526,1.1546984987764377,1.136616978526469
288,0.9214957299475283,1.0102819541060428,1.0577937668527464,1.070427637647029
289,1.0108078207176558,0.9584247654122098,1.0350822538175672,1.0332180711727683
290,1.034970324571828,0.9658384467014183,0.6308513737946949,0.6851701843717011
291,0.9614028204630272,1.1058450257593644,1.1649670573918134,0.9988123949671575
292,0.8915777955005835,0.945645834006996,0.9866708369739521,1.0523553285826763
293,0.9813533099027136,0.966798863535059,0.7054106792762143,1.0721653268151932
294,0.9492552947964472,0.9612011384442394,0.9105772388403459,1.050154326217609
295,1.0719613821205918,1.0233421145880741,0.9567878784004449,1.03845547584223
296,1.0143359329971422,1.0080510151506794,1.1721453929718617,1.0806915063246012
297,0.9497436989386994,1.0209065350894277,1.0739324332692899,1.0646391161798379
298,1.0150975126021324,1.0189286698380158,1.0628152477530537,0.9897944021577307
299,0.9999558867837941,1.0885073874481745,0.9992167414530596,1.09231923959369
300,0.9489579426240851,0.773080234983304,1.1070436362522114,0.9905733782227709
301,1.0907268514142254,1.2094856335925395,1.014938790441391,1.001679545968738
302,1.0423459086663411,1.0853969789495657,0.6804256391346493,1.0515894966659127
303,1.0156269981327268,1.0769159787850762,0.9132540012028629,0.9749193197824727
304,0.9768525468635197,1.0141590780572611,0.6855261915497557,0.9835878158276324
305,1.0343437344135635,1.0257111673038575,0.9973639270486657,1.0058571495092885
306,0.9930987649860915,0.966217994539665,1.1208202984982654,0.9446063608910624
307,1.0505748821958303,0.9326634876884818,1.1785709346574236,1.0220355451888683
308,1.079518355179281,0.9988342941322501,1.2056653438037275,1.022150774397867
309,1.046101107796438,1.05985934915713,1.2042067918517523,0.714874931609254
310,1.0800488192991913,0.8555052362894746,1.110657264516322,0.9903723773452493
311,0.868899625957655,0.9686966706304088,1.053942053660334,1.0528471782063469
312,1.2674925696033765,0.934517671647298,1.1845766614049122,1.013212573935997
313,1.0608303291881476,0.8748692082615462,0.9995563781705028,1.1532512685654677
314,1.010180122982901,1.047337320971653,1.0072093844350116,1.0256871769847395
315,0.9905754760885679,1.0164938643853798,1.0974746815237693,1.2003234185771077
316,1.0565227375609474,0.9609391990704357,1.0524347652887978,1.1007369134399654
317,0.9728098870582943,1.0257117805860745,0.8340095684293554,0.8728176411609496
318,0.9854930693098111,0.9663450056167697,0.9814479382081963,1.11850420596585
319,0.9326767462543186,0.9229506021998758,1.19525712123943,1.0052920193283759
320,1.0855165656056251,0.9931610299645546,1.286171112778062,1.0554893298919266
321,0.9007221929653848,0.988845196210126,1.0023817585035255,0.9763666222636159
322,0.9743740853448495,1.0768037498270038,1.0621817949359238,0.9095464622071127
323,0.9734640213072404,1.1017816504854065,0.8905890427412604,1.0080193257571815
324,0.8912812184877603,0.9361130164920232,1.0919326683109558,1.15273953337272
325,1.0068245054942608,1.0218318954471333,1.0505950418394923,1.0624503465246373
326,1.190139511837892,0.7745755429915447,1.1607969217551968,0.8805351915848489
327,1.002385026835055,0.9356218486166186,0.9076858397508134,1.0363007628163763
328,1.0111170735403412,1.0354590826718602,1.1625971235287966,0.9700935091557108
329,0.8956305271269973,0.9446330734884949,1.0829663347293939,0.9855916729437486
330,1.0530381145670702,1.0315436893958625,1.0665996201005499,1.028965828342093
331,1.018505975073643,1.258116258203913,0.941264591422636,1.1721400832203455
332,0.9946866470323064,0.8659903362300857,0.9940326826320859,1.143773001771787
333,0.9262429063856618,1.053745681426623,1.0508221629781296,1.1185399239417197
334,1.0427766035827848,0.9756827044446399,1.1575518197969286,1.063651835441637
335,0.9754623973619128,1.0425817407779303,0.978947387219504,1.096204044240554
336,1.0199166328853724,1.0218318954471333,1.0815146873566164,0.9037498004023401
337,1.0114223940885674,1.3468239506507136,0.9585573939149297,0.9704495777991737
338,0.9563379576744663,1.0482154007896507,1.0272819007711973,1.1812015565465972
339,1.2556071190969007,1.0486956698183938,1.1132908604428284,1.0285959243113785
340,1.0563829570852876,1.0900714391247543,1.1054811442507309,1.0307663074040714
341,0.9521220301208424,1.0283856977528048,1.0972797388351738,0.970440998952312
342,1.065135746755827,0.9759247292363666,1.0472871549430895,1.0366446649064138
343,0.9772038374619528,0.9426562767011745,1.0788148668880613,1.0111059938393931
344,0.9466647550921258,0.9288374073827835,1.1268988575502619,1.448685479995216
345,0.9969310442751791,1.0113858523327426,1.1001283939046451,1.011422181205515
346,0.9868716233577155,0.8528182554883913,1.1526064696133238,1.0575669826938847
347,1.0008823750580773,1.1223448139760268,1.0974746815237693,0.9866858051933254
348,0.9927688143929566,1.0335487717814127,1.0343593902082944,1.1057204315463873
349,0.9031286569323942,0.9366997699162664,1.0938399259371059,0.6879445085053025
350,1.097284096316639,0.9822891574114382,0.9872361847792995,1.1629326867676815
351,0.9999803762945777,0.9754914761079304,1.0045832528551957,1.082944743028617
352,0.9908691925487095,0.9862113278676746,1.0906781988545808,0.9302795768901299
353,1.0758119293068915,1.0618466360308425,1.0629166184661643,1.087112524534058
354,0.9892787582188876,0.964208983936791,1.0529499242367646,1.256022662194266
355,1.0452449183826011,1.086207250816019,0.9564445078172943,1.0048890084330235
356,0.961511270957198,1.2018164858236204,1.0379813542700922,0.6827870959632465
357,0.9727101289106362,1.0181291278539928,1.1759425090611169,0.9804962414771435
358,0.9917674431256492,0.9298575048983798,0.867625001743903,0.956081286350465
359,0.928317050807352,1.012290621118941,1.2234333102060688,1.1225974035203414
360,1.0573852106483452,1.062775576354252,1.064793582784434,0.9686114663128018
361,0.9944886797403232,0.9509997301989705,0.8935563784923433,0.9126915087902304
362,1.066579022229005,1.0825793228112546,0.9368113072702928,0.9848512194027936
363,1.0737853692358927,0.9628191802444629,1.1633687846774698,1.1629326867676815
364,0.9904824002532885,1.0366495230651074,1.1982485888069154,1.0751725206659022
365,0.9808620697781156,1.0761212007753143,1.0130850676554266,1.0544159906233646
366,1.0745496160576564,1.0384428799259768,1.0614281237769176,1.000801357049489
367,0.9962564048456146,1.060882436281644,1.1316524309647948,1.1602196840544916
368,1.0435963177714167,0.9233300232748269,1.0465406253423566,1.1189601916521876
369,1.057362923642892,0.9749755171329509,0.968201520832845,1.0883790054193656
370,0.9857884167971623,0.8813728799660604,0.6572726029911452,0.8565946103188784
371,1.0530039704368956,1.1008038776958127,1.0779644496535008,1.0765131064931202
372,1.0716920553463685,0.9855898123545542,0.9600538449386226,1.1037841114327966
373,0.9805776273472524,0.9288477257236417,0.9285003354257716,1.0976540139148818
374,1.0147347837749932,1.0564976271114435,1.0815146873566164,0.9814551939212152
375,0.9446255392701204,0.9938046562839188,1.0548266925158536,1.021084828203774
376,1.0684870844311212,1.0681062654839244,1.0318778980146857,1.0153000263249359
377,1.058170132444527,1.0859828747649363,0.9214500399918153,1.0702868428553798
378,0.9977812216796794,1.0582805849105101,1.0892100384986778,1.0409065165068714
379,1.0299476944515136,0.9705128423579701,0.9973639270486657,1.1005889996135816
380,1.0091510236500185,0.9396749698647685,0.9887591782831147,1.117557787009096
381,1.048316515414509,0.9286904993775373,0.8315477995187347,0.9635829795837384
382,1.0696813612876406,0.9105453259154611,1.1188445064285204,1.0159401371438108
383,0.9857220597018148,1.0740117942864844,1.0135493861123064,1.2081007486638626
384,1.0172058834485078,1.0659413367061596,1.0620930485364233,0.9947532912300763
385,1.0253327523153006,0.9747637379756088,1.0105521682678538,0.9964212947289749
386,0.9947184397741192,0.8029968492216171,1.2475003139219987,1.1304777787549463
387,1.06345685510233,1.096193933099737,1.2378008953126312,0.9868066803457508
388,1.0357920092794402,1.0659183769730312,1.0397441492548736,1.0319108381596693
389,1.000729007001131,0.9759247292363666,0.9852766528281403,0.997055098548901
390,1.0444208044270908,0.9169750953587731,1.0403860023747766,1.1046948816837883
391,1.0732904712437248,1.0530118512620459,1.0832903668300156,1.0486053509009683
392,1.1142945936470012,0.9567607828797211,1.0023963554531314,1.000801357049489
393,1.0363743469623838,1.0852458222192987,1.0107530823621518,1.0302347752681322
394,1.0527731735443084,1.0285458130108143,0.9578457020092022,1.0702868428553798
395,1.121702218526268,0.923294045002732,0.9315883926902357,1.0538895807675799
396,1.0170920282086906,1.1001095828793361,1.0755558349509569,1.0588127340355777
397,1.0398456824305522,0.7801399822201404,1.140197514418778,1.0922343592490293
398,1.1034205463444886,0.9319409864103256,1.0778948271664317,1.0659539405471552
399,1.044077239752639,0.9804674975020131,1.2390320987650398,1.0117086125427697
400,1.0892118806613453,1.0250881512329741,0.82978719098038,1.0678072611751177
401,1.0572032138500356,1.0654995737342994,0.8901998750054649,0.9663088055428072
402,1.107391901811958,0.8711625605781049,0.9808258666543526,1.089447346058433
403,1.0416335714267382,0.9979592533078384,0.9887591782831147,0.9914189205215833
404,0.9783402634310409,0.8690509449422844,1.1079680173670945,1.0306692833634268
405,1.0274407628991475,1.0771021836630752,1.1353211462768869,1.2638184691166203
406,1.0506027911356755,0.9477896009816579,1.0672304874100016,1.0954676696235326
407,1.1020411319398216,1.0466716677652312,1.2436513464194634,1.007828108852202
408,0.990987453303785,1.0612539310594697,1.0774381239490123,1.0135387120788928
409,0.973176141177326,0.8843640244855646,0.9559267967020219,1.0576522776516089
410,1.075121774335446,0.8697249230474848,0.9379964285945583,0.9649712112666124
411,0.9311319060863139,0.954992794456755,1.1593456069119532,1.0312702892992642
412,1.0065806720681663,1.2072461671472403,1.0929283009428987,1.1379395548967983
413,1.1088240865014192,1.3237708629997036,1.0105966762336909,1.030148815122423
414,1.110119244099752,0.954992794456755,0.9032719587957339,1.0479782396871828
415,0.9368988728048246,1.028783936251478,1.1220335688432554,1.0818336746177284
416,1.0215386031814266,0.944502575666752,1.082238344550034,1.0610614101445939
417,1.1151436532078784,0.9962376553105465,1.0161872362499595,1.0159427031546246
418,0.9171957817449368,0.9822545665416303,0.9285003354257716,1.090934919020673
419,0.9985625563381636,1.1031382197543422,0.9731837472199605,1.0231843683648072
420,1.049630067429223,0.9712618151487479,1.1367480100361966,1.0797846286741253
421,1.0114567470297222,1.0563206901435458,0.6048190746666665,1.052204300901918
422,0.9994191519935101,1.0261977223108498,1.112180800290039,1.2414873769960246
423,1.021370703772858,1.0138264028057014,0.9098294923291567,0.8051613082359285
424,1.0734418902517457,0.9646450025598563,1.0674045437442676,1.1706175619213248
425,1.023360545059509,0.9925232104067577,1.0091495039215883,0.964918980266852
426,1.105756449802204,0.9192483313125653,1.0107530823621518,1.0051409108560316
427,0.9944523056920945,1.258116258203913,1.0472636996962954,1.0174889824816595
428,1.0965678133078733,1.0748774004158608,0.7591278162135979,1.080025869525327
429,1.0693295388800501,1.0018551026553828,1.0552341461504913,1.0538479929973785
430,1.1687943170021684,1.0598594123296718,1.0369071075887037,1.0207723983768067
431,1.2015906455333463,1.0262824944511975,1.0260315282240848,1.233938294011739
432,0.9829964898909713,1.1206151223571248,0.9335648458333131,0.980227968538873
433,1.0203911831106516,0.9582314686020026,0.7266773595691979,1.057569279567143
434,1.150420547998328,0.9233300232748269,1.132302582632131,1.1431002864017332
435,1.109020799221611,1.0627881229668779,1.1199876945528706,0.9806683266446489
436,1.068903024205804,0.9599188244590373,1.1340410536458183,1.0614370008311558
437,1.0909129733753509,1.0919730863837012,1.1217390248237,1.0587534792007522
438,0.9837113933896897,0.9772360406876708,1.1366489219928948,1.138662271998535
439,1.036329334927492,1.0689617917945138,1.0449402580707854,1.0740814060397956
440,1.1110476005968521,0.9638453667313748,1.015210585788154,0.9559781385289461
441,1.0446507626146913,0.8702570123429467,1.0491670521634326,1.1796732065974436
442,1.0615498269477495,0.9830873103789549,1.0155066188548496,1.005740571498962
443,1.0457341186936808,0.9057180707681861,1.1519159082089505,0.9773230485821189
444,0.7622346085192062,0.9905316847535837,1.0791216408729327,1.1322179189737522
445,1.0996164061993428,0.9712618151487479,1.0776700645288912,1.1014479758737143
446,1.0013671196128708,0.9511625760186092,0.9466750492964968,1.1393410850206664
447,1.0647133401710456,0.9062499049113485,1.0383466476811551,1.0733451216533887
448,1.0931460325498106,1.0366495230651074,1.2390320987650398,1.0275423731392734
449,0.9731884801806892,1.0839857331763303,1.015210585788154,1.090530621052762
450,1.1803655983309362,1.0374334947112929,1.0181281265482727,0.9791278451712128
451,0.978717415690725,1.0484283530735348,0.903212401139611,1.1407453272314556
452,0.9421478821371749,1.1196129447248317,0.9250622898442146,1.1282852679707598
453,0.6748711213491212,1.240813231049825,1.2585471283151533,0.9732404028694005
454,0.9456920014967507,0.9910833687254723,0.9277809278561747,1.0360635223446675
455,0.9804174956953384,1.0671248173826506,1.0990397119824844,0.9976236773401226
456,1.1343603624905636,1.0580105293274684,1.2087203959239115,0.961633937659682
457,1.1613557911132213,1.0687674545507226,1.0242087781573914,0.9918168857847516
458,1.0550989383651814,1.0712401751107445,0.9802022376394365,1.062044379454316
459,1.0944928825250198,1.1120860162831923,1.1308493236784134,1.0897877131981282
460,1.089654195358587,1.0354159618552876,1.0442229541351613,1.3994570862099223
461,1.0047534021584696,0.957703535507865,1.058037536120013,1.0559898786445392
462,0.9589893028248725,1.1528363822554895,1.0174889502629045,1.1111070792574167
463,1.0538487703238266,0.9425290259439593,0.9854709594681388,1.0155343528240957
464,1.0374440532372518,1.0628596442588578,1.0494344321513307,0.9892396251766397
465,0.9860482301742783,1.1916229655759527,1.1308583558333625,1.143827610596343
466,1.036070160942244,1.1267423408463202,1.0951171489050355,1.0245541464026795
467,1.084924616360913,1.0457759979112877,1.090415047824944,1.0821734852761762
468,1.0938632670487378,1.0507696027220206,1.0980069418757268,1.0286457659810653
469,1.1272889887925361,1.0679100468960983,1.193951222991126,1.0708932176848316
470,1.1713869361325577,0.9310612991601039,1.2837244442213709,0.9637207628816601
471,1.1695089906651013,1.0138264028057014,1.0514992262202298,1.073102790587585
472,0.9937689875108715,1.0455947645255088,1.1051272795095632,0.9596450188285356
473,0.7104358486045134,0.8641334838292933,0.9698316628839934,0.9553970938528067
474,1.0482355424917311,0.9099921767268392,1.2007181069650743,1.1812198620142271
475,1.027995084894454,0.9192175595681392,0.9547205219567545,1.2504957996284203
476,1.1331334675262836,1.0749581207220762,1.0687964320751482,0.6949460611696264
477,0.9609791860167918,1.0345601621946565,1.0599995501405417,1.0648444525141008
478,1.0351441904514855,0.946578015260727,1.1064813729235192,1.038869264664032
479,1.033587379151862,1.037167966889115,1.2374996014029687,0.997496566077176
480,1.086045607673139,0.9507965716428742,1.0796296363523479,1.0354887155326262
481,1.078214136531869,1.0084208384309825,1.0680324972618802,1.0141765780755132
482,1.013999884074912,1.0262223974149876,1.074854160114146,1.0276563913625936
483,1.0896481632878738,1.0188993818268866,0.970514818199076,1.135586614506273
484,0.9653594088735171,1.0072177114224354,1.1376578046593941,0.9725375707653549
485,0.9146996299927431,0.9190508977568048,0.9522081641412226,0.9130306646611079
486,1.004263129641008,0.9229505471877346,1.0783193862111775,1.0875030692243706
487,0.6703900054742928,1.1623839187084346,0.949293483544983,1.0565710748884616
488,1.162847136407435,1.014057862886225,1.0354299752486775,1.0980853657216871
489,1.0071949856724836,1.0634710102988458,1.1354366486302903,1.148801506742313
490,1.0633280962337759,1.0654596989406155,1.0565304125039374,1.0262932759324492
491,0.9402003340020205,1.1373946487431983,1.0513587826331998,1.0525401569660116
492,1.1854442711091706,1.0571837229431602,1.0872513608766956,1.123131396395218
493,1.1916212609468464,1.0368774689014537,1.0144676101988368,1.0669677946713714
494,1.174871296155652,0.897742679071489,1.0806821018874526,1.3691278168129837
495,1.0385308611068056,1.0321287101250756,1.0064879938057267,1.0235628007356263
496,0.9695759625735598,0.9549976043783982,1.181719358701964,0.9836053068038816
497,1.0898482380133603,1.006854480705577,1.0446577364341822,0.9973309709084006
498,0.9942085667081975,0.953803126161398,1.055941406625082,0.6943121587242047
499,1.1553234991995383,1.001270997030714,0.991444681786193,1.021549806716847
500,0.99980595914349,1.016887484557545,0.9295015996473873,0.9461423028860033
501,1.0415940193885183,0.9045431952602977,1.0911781144477033,1.0581141221778227
502,1.0460984812013077,1.064153008381205,1.055941406625082,0.9071641122779341
503,1.028360957224681,0.983882386149573,1.0172243322474341,1.1685845553793055
504,1.2101902575713692,0.9782217281266388,1.168539194699618,0.9881452221468587
505,0.9459022479620852,0.9855898123545542,1.0127045257292056,1.0395952722602357
506,0.9659620109067814,0.9957964328725777,0.9021424393782815,1.0361024359395783
507,1.0515869346396316,1.0459041158764044,1.0665709087476045,1.0112726400491014
508,1.171237809887454,0.9491210186783035,1.0496357684823445,0.9224939287664072
509,0.982412817015351,0.9514249481566752,1.0897238710371957,1.114742160642044
510,1.072795209867324,0.9720151897528656,1.0531329385915305,1.1784691141423689
511,1.0437021074292872,1.103322004135016,1.0120650293561224,1.0460794210475708
512,0.95169846828697,0.977915537256267,0.9889007945498582,1.167049661902262
513,0.5954156417850492,0.9201352300785316,1.1782917482922592,0.9948935297396303
514,1.1033302327756065,0.961894127823964,1.1530147099223764,1.0403354755809116
515,1.0825552384674944,1.0252163127069482,1.1056535800940257,0.9629832786951458
516,1.063262964120985,0.9548206137960605,1.0309243968426278,1.0541747561873018
517,1.1524595453580466,1.0374793470109798,1.0439217844895985,0.6827870959632465
518,0.93910253285769,0.954246927314907,1.0366974068822508,1.0662944435942117
519,0.9932405837580636,0.9519351145679019,1.0828546934954542,1.0695920400905603
520,1.0184415871214927,1.0227161808310492,0.9099549554524846,1.0859368772504039
521,0.9632158164217294,1.0540604953479031,1.0042581253686893,1.0804962280661472
522,1.0629746450976545,1.1205016035822557,1.0547669809823408,1.0796292422029063
523,0.970898003116781,1.0682539366003903,1.0248656510381415,1.0872648404483323
524,1.0144175731160598,0.9728759946744117,1.1998825507574962,1.0790093589189576
525,1.0413051212620823,0.9704824478123942,1.1419186008733737,0.7787568940619488
526,1.0883870739594954,1.016172824601687,1.0582523537435127,1.0821734852761762
527,1.0789772667254103,0.9608884857011782,0.900527269030235,1.0603363538674628
528,1.0849026380410873,1.0326430465120735,1.103807746980408,1.033360691694592
529,0.9693904181050599,0.8683360697072022,1.2050653990139508,1.0384655341160258
530,0.9757887617060315,0.9700452036252961,1.0702861251723659,1.0017433733165968
531,1.0593504112700676,0.9983992173377424,0.9899892475403265,1.0722927390511248
532,1.0927907751640884,0.9201352300785316,0.8532934249017468,0.9487798057732854
533,1.010402065984155,1.0719322708679981,1.091299370669458,1.0003341398462522
534,1.118673038866001,1.235131863593599,0.7153950249938267,1.0507175970008953
535,1.0341931148874122,0.9302952413599126,0.8623356982296951,1.054495182191158
536,1.0635040596327459,0.8894342958782874,1.1107360788075047,1.0776845574544929
537,1.0125337489819886,1.0689617917945138,1.0281250824660262,1.0684195069198703
538,1.0981954434380292,0.9486014726639885,1.0687964320751482,0.9914189205215833
539,1.0593541445595138,0.9510721396813786,0.9965658904141987,1.0333041507784795
540,1.011241699817659,0.8893236484229987,1.107112394697698,1.2069977055543284
541,1.1025181950173035,0.9720717592663747,1.0960766327155926,1.0388012423263118
542,1.00961872938697,1.0165015704197677,1.1013119873623294,0.9677479670179795
543,1.0408893579189535,1.030769458049893,1.1185128061768317,1.0873533366898793
544,0.957215506102026,1.1340446361395276,1.0018643333642632,1.0604431530875733
545,1.0580250061753438,0.9623623112597225,0.9871171085340525,1.1242372419560063
546,0.8871960913990828,1.0721098258617072,1.1137751916182808,1.0290706313524323
547,1.080298184091012,1.0080510151506794,1.2389217133036456,0.672027497688522
548,1.1041101522967058,0.9341176736159866,1.0126335124514083,0.9764462194301525
549,1.0967901678784169,1.045526769207108,0.8886366211634389,0.9772520334820609
550,0.9924698250106285,1.0744276432826139,0.8993324851263426,1.122546267174179
551,0.8888657324068245,1.106218579446454,0.9016394966408418,1.0831615187082837
552,1.060777094466431,1.1359672272213723,1.0998341836789218,0.9868956580061066
553,0.980321102404157,0.971728615924973,1.0798988820814979,0.9587641965902641
554,1.092441241210247,1.051433447747988,0.9432135429460077,0.9771409794296778
555,1.0899830708686986,0.8317489674023527,1.2579730925086134,1.086842508659594
556,1.1852692465386183,0.9533600250752545,1.132364321243883,1.225244015358137
557,1.0671928059794744,0.7582069090176368,0.9407617592422075,1.050154326217609
558,1.003570349383458,0.9842829271029061,1.2236995967577615,1.0220355451888683
559,1.0347532366268077,1.0145522382139867,1.0970009287043478,1.0052601877613123
560,0.9544822978619593,0.9833423978563284,1.0135493861123064,1.04012778224923
561,0.9173784016466553,0.9434818800792449,1.0766324041955357,0.9235629459862361
562,0.9881264780218334,0.9353814592370223,1.0597485503138568,1.0598455184093933
563,1.0124534249792845,1.0106240257463213,0.9685417336789599,1.1233960147542943
564,0.6900745689861002,0.9192483313125653,1.0157200690628276,1.156042390566534
565,1.017725544919189,0.912499746235674,1.131098897200229,0.9681464496853996
566,0.9268917629974256,1.020938189390789,1.2342100486942582,1.0931253862531958
567,1.0647902349242648,1.043765115883624,1.085185221503913,0.9471149163327041
568,1.0731507550972301,1.0208287403424217,0.9776023314831457,1.2612184018405108
569,0.880963460068638,1.106585276034427,1.0221164628126032,1.0614370008311558
570,1.1534174917652176,0.9608585429094685,1.0413492321686708,1.044946042647624
571,0.9403640244736957,1.0482637641743549,1.0275520022508264,1.0673876998815406
572,1.0735578561146617,0.9654373893824589,1.0233554232269753,1.016830254026146
573,1.0515737759516326,1.0271525072499408,1.0521628815448303,0.8899287595593586
574,1.0005213724323476,1.082190594717105,0.9306888110643599,1.0858283680546372
575,1.1573520606661751,0.8920660068086375,1.0124613889190957,1.056015925111415
576,0.8678341085810889,0.9471692886574816,1.0315734407801593,1.0055303103763558
577,1.0286436967009367,0.9913446274907773,1.0529984197666777,1.0919686198202503
578,1.1573379536144475,0.9565880268821818,0.9199422325455596,1.0563942397457706
579,1.1352474555880812,1.0428042937040087,1.1495699210104704,1.0956954992698018
580,0.9578762859965086,0.8999807354578747,0.8909869905338894,1.0546409440043172
581,1.0563351005825035,1.0811559441472383,1.134103850316471,1.039255404936574
582,1.0648790519829663,1.0446388543028702,1.0691570645148787,0.9742274786154393
583,1.1294119656738593,1.099405118302317,0.968201520832845,1.2337586649895067
584,1.0730682277267407,0.9149974413360201,0.9607538954391945,0.9039494897713685
585,0.9907011947013425,1.0314766347206352,0.9676297544183697,1.0484337546705111
586,1.029690252615035,1.0167908540335593,1.0576390667070057,0.9771409794296778
587,1.1225780828409846,1.0136146372195878,0.9100869249606344,1.0166709967605638
588,1.129476424688787,1.010617227359016,0.9776023314831457,1.0536781648424065
589,1.1600669145735298,1.048304967555263,1.0320469306602635,1.1439027616464903
590,1.123420580833627,1.2786957447986462,1.0234249142121497,0.9847948545359843
591,1.1036436737565436,0.9533600250752545,1.1728445514304566,1.0865218825995484
592,1.2654513095811724,1.0397231559163602,0.9346285104661909,0.9720226436897258
593,1.0395481414234282,1.0348752854051397,1.067275939076163,1.1030253865966941
594,0.6529657057872792,1.0097571068178595,1.0842341570307834,1.0179726288950273
595,1.0587898844609513,1.1450503101308658,1.0234530550667809,1.086842508659594
596,1.0462024004148756,0.8999807354578747,0.9960424071313254,1.0954179731233937
597,1.097824500892389,1.061209985097114,0.8878106889491663,1.036883035023252
598,0.945980446962852,1.016887484557545,1.1293971894258352,1.3140393021854904
599,1.0326785962818088,0.8656265898932602,1.0953121562270034,0.9338033560017313
600,1.1041452872193493,1.0209065350894277,1.0469050738577816,1.135116360241622
601,1.0947222304215252,1.0987653092042526,1.0272819007711973,0.8750534734665827
602,1.075659262353723,1.0454031955224647,0.9250996879548806,0.9039494897713685
603,1.0708326604855212,0.9726434636945055,0.983017617722895,0.9698295655952076
604,1.0770059998688202,1.01361420203467,0.6572726029911452,1.1235537157282403
605,0.7810748075661295,1.1272439040904343,1.1421674516825184,1.0941795865830297
606,1.0270966082905248,1.0586514249302894,1.1278515821165682,1.181532647716781
607,1.007472579423332,1.053682859460291,1.0680468287474574,1.1263275000600554
608,0.9357766647773129,0.983384961915358,1.0854150612692195,1.1407453272314556
609,1.1016456371932188,0.9946292667579231,0.7985047412411613,0.980227968538873
610,1.0320715138012724,1.0022692985899844,1.0018246119694816,0.9143258671756189
611,1.0321757545161125,0.970718993256389,1.1968680989922604,1.0409643614509434
612,1.03035620665127,0.9864763764379765,1.1580562520261273,1.138066821451606
613,1.0147661408662274,0.9535281308662026,1.2720282082597896,0.8804626485817908
614,1.1402180218554125,1.0682569292307138,1.0137989845696298,1.0446258370388757
615,1.1678275499435646,1.0475614470926466,0.950150593478,1.0361012857250758
616,0.9808761724768774,0.952810422480557,0.878314669472344,0.9515419538203292
617,0.9855116955613937,1.0088378040298,1.1637547899573906,1.0770651086319383
618,1.0716299199941466,1.0984149936372043,1.0687964320751482,1.054824794551845
619,1.0162609955172641,1.170178293388068,0.9908351429639164,1.022150774397867
620,1.0631460547978213,0.9357722026570959,1.1660861276638654,0.9995447609539113
621,1.097980632772805,1.0471431818766952,1.1197082034084502,1.0722148072033122
622,1.0474834513185616,1.04263195718432,0.8919433225229686,0.9772520334820609
623,1.052560883669306,1.036178684885698,1.0300445930057658,1.1626040185200048
624,1.0176221588942278,1.0444798679961727,1.1666669620667147,1.1243214177437262
625,0.8719775202241273,0.9802737464883684,0.8533612115942943,1.0149370228527181
626,0.9116532716916566,0.9778295329965804,1.119815926642839,0.9939368117840042
627,1.0751793457694763,0.9547795172877231,1.0424895794384155,1.11354624093871
628,0.9984275359971334,1.0701737977646677,1.0780843740682315,0.9645103029252747
629,1.2380533917143235,1.0078471558378896,0.9550828599903418,0.9932103191734193
630,1.1582374237038227,0.8856701356006356,1.0678992260430915,1.0538895807675799
631,0.9973609862583686,1.0692587931422686,0.9399812104177646,1.0415479076359473
632,1.073388346548367,1.0095278055154824,1.0784152453843883,1.0209321726019474
633,1.132991321590282,1.0814037839377595,1.0861923276576466,1.0235196338965946
634,0.7242025655824813,1.0130752835144106,0.9018273441533785,1.0802510591098138
635,1.0078595111109467,0.9999063827148971,1.0721473054652182,1.0378518096948868
636,0.8891279385847718,1.2482150317878877,0.9271995747184905,0.9674273391477856
637,1.1925058470754704,1.1028211755227344,1.0722018018042063,1.137478868962634
638,1.0617546149167034,1.001311634497576,1.0896899987805286,1.061520377589517
639,0.9819205124696198,1.014057862886225,1.0862433294504523,1.1101533212783221
640,1.0249867932286054,0.908459121637309,0.9069768154795067,0.9644555099983687
641,1.069678021968778,0.9486014726639885,1.158612282588208,1.059285084780577
642,1.0276453850061773,1.0244331164072926,1.0204778363604943,1.1084656995363276
643,1.0925692069779909,1.0451510187369715,1.0159437042033734,1.020548205961797
644,1.0200265769248043,0.9459662803807672,0.94962910065767,1.00952404567854
645,1.0218454832691595,1.0765120156855905,1.10245573448394,1.0702868428553798
646,1.040304227477225,0.94103565639202,1.1057472309283054,0.9982465836451588
647,1.1106458450178072,0.9802331337884092,1.1220335688432554,1.1394351612605316
648,1.0940690228881018,1.1586444816421586,1.0621817949359238,1.0948605458126455
649,0.9278952608466949,1.0568629721212721,1.1010661641954265,1.1256109262477354
650,1.0088523953999489,0.9769456056815787,1.0357607741735593,0.9624047236786312
651,1.0068012597776328,1.058973176153478,1.021028202046547,0.9941582321735518
652,1.1253091046615922,1.069594534416041,0.9260830988159493,0.7115382094722444
653,0.9582867290026456,0.9396749698647685,1.1240678540411124,1.061520377589517
654,1.0961147296676752,0.9324205168520592,1.0719493621522977,0.9603814419434259
655,1.0355915692005602,1.0682539366003903,1.0234530550667809,1.0517717926300976
656,0.9816798715257167,0.9445505135577921,0.9965658904141987,1.1055867491580045
657,1.0698606398331638,1.0283856977528048,1.009531321854777,1.0617626522064696
658,0.7897520048940873,0.9286904993775373,1.0158804262371237,1.0531309730571792
659,1.0278304184799936,0.9660996809094641,1.1735785946400334,1.032746067655157
660,0.9712594633006542,1.0345049083426667,0.6274507774774717,0.9632633117826547
661,1.0029389197215846,1.0417475756871866,1.041108342116205,0.9754717328458595
662,0.9701255449233765,1.037309436216037,1.0255115873029896,1.0574213600829
663,0.9808904233695085,0.8912099348994947,1.075579298780084,1.057569279567143
664,1.0768202929947446,1.0189286698380158,0.9069768154795067,0.877404615476237
665,0.6791038287812116,1.0959445245404373,1.1376684847355931,1.1039064888436945
666,1.0583974402262313,1.2640882338348023,1.0064040576770694,0.9070805288206856
667,1.0514818068435328,0.9486014726639885,1.033273695107386,0.8808869701547984
668,1.0726506192047738,1.039074391921055,1.0972797388351738,1.1433640298051868
669,0.9392450067124845,1.036511997316127,1.0851512316033831,1.0171338080680183
670,0.9946880555851668,0.9081863359716369,1.1325245468719527,1.044946042647624
671,0.939122236219639,0.8626571188460759,1.0868550033401068,0.7677358461748257
672,1.1345213100992766,1.0758951326199877,1.1762410146485776,1.035391688622649
673,0.9983422458486305,0.9112378378058141,0.9888024133116081,1.0770651086319383
674,1.0128353949969606,0.9763600243160317,0.9494672813805577,1.1134188295675553
675,0.9735240660610757,0.9841700969914395,1.0196310636438783,1.0303645858601067
676,1.1124608493243464,1.004133394654889,1.0135493861123064,1.0818463535265987
677,1.1481806162635753,1.1664881568234466,0.7173805969790269,0.9435295060610317
678,1.01328548218207,1.0031093916885574,1.0608811478994409,1.0720488564075925
679,1.0186986738071018,1.0643227921670793,1.0443298732931485,1.07337457517179
680,1.216097693633212,0.9467873617892443,0.9800444984189047,1.0544913874595367
681,1.0975340141593657,1.0942780623221038,1.0719010440383328,1.0802510591098138
682,1.0838739787787761,0.9807283134150281,1.15570010151952,1.086842508659594
683,1.0334840161322028,1.0767519477687215,1.2416662995535899,1.123436676719657
684,1.0740273663136255,1.0964642217533214,1.0203127719682787,1.0520750858952808
685,1.1078429693533098,1.0420844924125223,1.0263817858521547,1.0664341331655587
686,1.23526322634279,1.0636131233822186,1.1934479609770983,1.0446258370388757
687,0.9230692985297775,1.0839857331763303,0.9627099402678153,0.9831018332798511
688,0.9790146212748171,1.0073765226961429,1.2023366779918323,1.086160094658972
689,1.1871380920880081,1.076590556652917,1.0861923276576466,1.0543389495349886
690,1.0400477285431218,0.9833423978563284,1.0956146339530761,1.0308021151282534
691,1.2363435919676762,0.944605787305172,0.9065386566798965,0.9920833919037146
692,0.9883418498234274,1.1196129447248317,0.9501131489272171,1.0638337692904964
693,0.9050222622871277,1.089870958016154,0.6593157118363996,1.0193252909727892
694,1.0652879439940635,0.9435568490301275,1.188679230754752,1.0567709695365775
695,1.0679228411049373,1.0105727062528818,0.9867726701910816,1.0664341331655587
696,1.119992392549208,1.0804969606459005,1.014151223548807,1.064086045889311
697,0.9478863390103385,1.2568984548938327,1.1934479609770983,1.1226719208911162
698,0.732255851752666,1.011886403797514,1.0424837540902165,1.0743076133669682
699,1.001600010267354,1.104116387820665,0.8121145486812462,1.0221297402808935
700,1.0182772674716392,1.083543830342231,1.056603594901616,0.9984007027450355
701,1.0721474013226613,0.9126690415970062,1.1208202984982654,1.0491384270526558
702,1.1283210797192658,0.9826833718699376,0.8909869905338894,1.0038245040977667
703,1.0484313839010941,0.9614425294245571,0.9779411553032759,1.1030171848840027
704,0.952526050955862,1.0591149683163554,1.068127577252183,1.0196189828352002
705,1.0518243599146084,0.9696154058908776,1.1676934231340221,0.9848079095018598
706,0.9834738270580131,1.056134249697775,1.110822272824366,1.1101122385569901
707,1.0693602844609458,1.0786718839534921,1.0278191211758725,1.0972641239874172
708,1.0095276757684377,1.048743293521573,0.9658636332299795,0.9809861746392634
709,1.0540496342032817,1.0478993618676309,1.0349257783335524,0.9404395374505573
710,1.0578091273796388,1.0128616627573772,1.0462690443108689,0.9606226771698665
711,1.1540462871328767,0.9397644484906786,0.937832965087465,1.055017040676835
712,1.0016811538003827,1.035305458255067,1.0158804262371237,0.9965532800689725
713,1.0625196205782688,0.8509304930334811,1.2258982304748423,1.095077479308329
714,1.0683938987948176,0.8602955363833732,1.1064813729235192,0.941163543488849
715,0.9717042900230934,1.043272744197117,0.9741908471646951,0.9436406544191781
716,0.9762950510990541,0.9620674621802375,0.69565247889041,1.1255016812010816
717,0.9171503938238432,0.9842829271029061,0.9045570717336413,1.1823318700360839
718,1.0897823705465408,1.0358287633434362,1.075579298780084,1.0081549639175977
719,1.0757839237817561,1.1252352003110389,1.1305607118566323,1.0518040983163097
720,1.1025918806535684,0.9447655602730461,0.9853336995646111,1.0373271927290029
721,0.9615004070897597,0.8761088202483686,1.1687714146703911,1.040910463991525
722,0.894964359086044,0.9480329673032875,0.9909786762879927,0.825753283338841
723,0.6536084708978515,0.9233817023588274,1.0847966003189864,0.998681004013417
724,1.0298009624990732,0.9357722026570959,0.932330820544393,1.0445058990484581
725,0.7587465430700635,1.0572741111653168,1.0734683311895319,1.0543452810364793
726,0.7127745445964984,1.0623583482863717,1.0463969498097714,1.0536781648424065
727,0.9458840584854432,1.0624290332532271,1.1469580948897995,1.0489023739285714
728,1.0351986570312863,1.1669265965649775,1.0955740974181456,1.0980853657216871
729,1.0866999434319249,1.2083060801072305,0.663336326192466,1.147989008939224
730,1.073144358639338,1.0314766347206352,1.1930988279187167,1.0307663074040714
731,0.9894233349501114,0.9008631396721176,1.2201680214509105,0.9668592355468811
732,1.1043990881799512,1.0507696027220206,1.2093018516503578,1.0865855047871948
733,1.0985281818297874,1.2774742208212408,0.8340095684293554,1.064940367446706
734,1.0427984665972119,0.9229505471877346,0.8470933460524989,1.0302347752681322
735,0.9876636602719735,0.9402938734295544,1.1260711263739547,0.9883102581259976
736,0.981848139156678,1.0212166625028238,0.9923482552485177,1.0666100066009907
737,1.117195511752518,1.0443651678881587,0.920721167753739,0.640628784587491
738,0.9811097652395885,0.9879839117292155,1.0303633076713032,1.0354887155326262
739,1.1007792402809768,1.025661614930416,1.0493530171474252,0.9968173407978879
740,1.0761571689030325,1.0019606098378429,0.8265749556211387,1.160142268194656
741,1.2943629487728026,1.0590360136989885,1.0666309467927066,1.0620261602798058
742,1.1270252168019972,1.1263603040597836,1.0042819151750733,1.025981673717916
743,0.8886184073676305,0.9720723278027115,1.135340889291725,1.090777984854762
744,1.0716471900986928,1.095838811907472,1.0819277987065672,1.0722646653576158
745,0.9618606636418038,0.9614425294245571,1.0704874541236724,1.0235196338965946
746,1.0554962974262965,0.9562336173059495,1.008807546165644,1.0824425427959872
747,0.9987762362446748,1.0819053490815953,1.2233914352874302,1.0895905152629692
748,1.0566178911137323,0.959575492022622,1.0042581253686893,1.0378040272020932
749,0.9326340109863106,1.0680992385826045,1.0153847256724653,0.9603016088936243
750,0.9583591328037008,0.8557595206121869,1.1010661641954265,1.1384543895466999
751,1.1059600260784008,0.9743117577756036,1.03543297621472,1.0967277622011748
752,1.0662873015012206,0.9822891574114382,0.9532705765619252,1.0249373846682532
753,0.816390924412357,0.8778382287303776,1.1369864665117417,1.1117324559697621
754,1.0776346801271794,0.9762854731526696,1.0309328709244967,1.0141765780755132
755,1.1612541254580617,1.0205859817265726,1.075064181954572,1.0027545458219744
756,1.0422100887382053,0.9200659300173705,1.046894894841195,1.0526684840114138
757,1.2048859154713965,0.9786285793055004,1.0113750833446766,1.0722927390511248
758,1.00649352239962,0.9332223662288267,1.075064181954572,0.9587667681996841
759,1.1609059512657984,0.9555220168583822,1.0513763448890434,1.0815228017047878
760,1.0051178505084006,0.8870492529930527,0.9915421485240372,0.9804916830015863
761,0.9982263091807243,0.9888901295937256,1.127461709785564,1.086160094658972
762,1.1414689078101987,0.9509699999051198,1.10315980311257,1.0524474250631322
763,1.0906238847809437,1.0205474950182767,1.0187675449591134,1.245327327640271
764,0.9702946749539286,1.1014182115654503,0.8852008112430114,1.156042390566534
765,1.057067198525365,1.053243936425058,0.9088611472466485,0.8404350367770801
766,1.0454608969953783,0.9173304963704488,1.1519140544029023,1.0936477637397335
767,1.0786967900729003,1.1001095828793361,1.0109031963082746,0.9976268785918746
768,1.0598797461872567,1.1014182115654503,1.0676726896124114,0.8566766501100926
769,1.015756831743365,0.8491975800711864,1.022815563473662,0.8932292947995722
770,1.0321307479659947,1.0428988838555655,1.1785709346574236,1.076852577774708
771,1.0000616065576104,1.0471086554708193,1.0089644421689226,1.076852577774708
772,1.0486717923654683,0.9981212623844821,1.0971037535595067,1.1354078523051105
773,1.180497134840781,1.0811559441472383,0.873335966905934,1.0992418469179135
774,1.0803416567974604,1.0291377941518831,1.1186833740206532,1.0827020838584867
775,1.0358718704801049,1.1311859718646715,0.8788025782009172,1.1644532468243456
776,1.076456490230104,1.2148438956506062,1.1954504722315624,0.9380167027944537
777,1.0075445782469878,1.00680089409157,1.003705770748716,1.238373864020074
778,1.0127833208717274,1.0608129133036948,1.174911737898252,0.6828194917684751
779,1.2451400291527563,1.012832814195833,1.0180321005956636,1.1221919731833818
780,1.0787296133428295,1.0321971837836097,1.1105970652211705,1.0536781648424065
781,1.0913762990112277,0.9958477550822491,1.0532829891321782,1.056519447192207
782,1.0947637876413758,0.8766146923306688,1.2258982304748423,1.0258172017967437
783,1.2069409261379844,1.0111541376514772,0.8811570707916867,0.6861433203805958
784,1.0787698240133747,1.0345601621946565,1.1826923564336067,0.9968173407978879
785,0.9744975925678385,0.973218867025673,1.0576308872725713,1.1210224970326328
786,1.1103630926565615,0.9830873103789549,1.0621817949359238,1.125525899192806
787,1.0303196352539734,1.0562265824550703,1.0110452139614685,0.7919528990801125
788,1.0638922502482735,1.016999704841633,1.0529296134991137,0.9606226771698665
789,0.9866142411648932,0.8822170969369457,0.9424047483956283,0.964918980266852
790,1.0190301595369344,1.0778996136186607,1.084157029369082,0.9608238727206768
791,0.7133414304813118,1.027078518020071,0.9814615228333629,0.985417852902598
792,1.077785475372552,0.8967220016250624,1.1275770090342176,1.069044847638019
793,0.9849676913935246,1.0938081994495603,1.193951222991126,1.0783167831641385
794,1.0909373737091939,0.9526347954372792,1.1076667011336125,1.129748951938562
795,1.0190930129818518,0.9219027004760687,1.0956609107797157,1.0650579700383986
796,1.1204009015092005,1.0116654198914696,0.9614120607893005,1.0355415028542503
797,1.0267217804764108,0.9869185433956387,0.6509804152603614,1.0336939679307264
798,1.100967454915677,1.0541937831923875,1.0873690049368065,1.0815704978974927
799,1.0339849760976565,1.0644762730568669,0.888377505294465,0.9707143193161542
800,1.0399563529533218,0.9871580818363422,0.9018273441533785,1.0481305974573274
801,1.1964583806725906,1.0363246906028751,0.7098852982011954,1.1443064868731005
802,0.9948874593557361,1.0077274785990025,1.147565276861262,0.9159285869856442
803,0.9688900897272194,0.9599144653538446,1.0481556613249978,1.057569279567143
804,1.0948922294058083,0.9538987118566791,1.1817553168079382,1.0110479427487045
805,0.681459154699236,0.95693628293507,0.9389850279609344,1.0961504921915561
806,1.0968130325992187,0.9855898123545542,1.1128144340082609,1.095816971725447
807,0.9632496291753844,0.886889652621953,0.9989900793367376,0.9413858534445454
808,1.1003693838035742,1.075713239924405,1.0316779463394434,1.2504957996284203
809,1.0003005531495561,1.0300810126583941,1.0837720547311018,0.995093519631975
810,1.138095719131717,1.032638911108097,0.9098294923291567,0.9938479434758177
811,1.0003583658782493,1.0748272926452165,1.0601084124663773,0.9587667681996841
812,1.0101012998918062,1.0105727062528818,0.949683083102903,0.9967742278335072
813,0.9984578035696384,1.0590007045991596,1.004098539992962,1.013946203295821
814,0.9730389398994906,0.9444535882173,1.0892931336840217,0.8888454013624023
815,1.0457478938493672,1.1753102072425639,1.1360873830595692,1.0976540139148818
816,1.0719737456571647,0.9749279037154251,1.0315734407801593,1.2368414988718723
817,1.026479301080974,1.0951389506609774,1.0732881442248339,1.17304514919373
818,1.182053430857817,1.0024169935183116,1.009049703093482,1.069373876854937
819,0.6679908335244833,1.0275719325590758,1.0911150200366133,1.007828108852202
820,1.0958901931625116,1.064331570517058,1.0272819007711973,1.041160089426009
821,0.9953863467054579,1.0447561298471006,1.1208202984982654,1.1023891214811614
822,1.007509258470965,1.0476021350401892,1.1211797896340652,0.9800702452583454
823,1.0132212100539055,0.9790770855597246,1.0276219887552844,1.0582907878970946
824,1.0230949888699898,0.9133950646660299,0.8966167871613212,1.0353098434611665
825,0.9869657340658746,1.0167724888518233,1.112180800290039,1.1511131460960875
826,1.1517413888835153,0.9594104016828908,1.103807746980408,1.0507175970008953
827,1.0478936155938174,1.04263195718432,0.9712108645390991,1.091013650623984
828,0.9808312013060447,1.0102343420058413,1.0109031963082746,0.9971573822304123
829,1.0097504271106463,0.9717817350239781,1.203247739914178,0.8542396701216115
830,0.6764707490331957,1.224331860541726,0.9712108645390991,1.059822314902596
831,0.9370184414199129,1.2020750939143932,1.0203127719682787,1.1035595825264675
832,1.0386195229752524,1.1196129447248317,1.0070852288418377,1.0507175970008953
833,1.0202080437561318,0.9660060178300309,1.098256909796904,0.9973309709084006
834,1.13539061208156,0.942111325036649,1.1175566129796475,1.0545333698934423
835,0.9742294493165673,0.9553969835197358,0.9745800053694946,0.9866858051933254
836,1.0120243295339488,0.9848790948532224,0.9263754573860553,1.1237263248927554
837,0.9735881113523366,0.7889987039201589,1.01636467299357,1.0498222350117836
838,0.9851084490156925,1.001623812665441,1.0544847486761897,1.0613387009875517
839,1.0053178658099255,1.185028309890883,1.0449402580707854,1.0292159613898724
840,1.022209641002383,0.9318206563560651,1.1861509378498327,1.0097473548175186
841,1.128512809595374,1.0872225148308479,1.0839761385469846,0.902515175648736
842,0.9736497324917902,1.0167985168649873,1.0768423723420228,1.001679545968738
843,1.0865340254956868,0.8812069015508041,0.9969632309411884,1.094049402525247
844,0.9583479261182138,1.059571716240119,1.1340794984498872,1.1131896950315185
845,1.0455821482301033,0.9588507957604161,1.1634828234866073,1.0453033120495976
846,1.0409458485475245,1.046967534626405,1.1526064696133238,0.9957116218045456
847,0.9837867498294705,1.1101778293716162,1.1059515141453833,0.8285128410805073
848,0.9853228528415309,0.8961900366226153,0.9276385895279379,0.9830007212801689
849,1.0798490149079782,0.998997849917529,1.0349257783335524,1.0211934715794593
850,1.0512624226126783,1.0686708605144175,1.0036114032223453,1.056413066748553
851,1.0439314990362158,1.0782864950849123,1.0692605935951172,1.0112726400491014
852,1.0711115711755097,1.008952697284928,1.032211334342295,1.0972641239874172
853,1.0370684916430863,0.9445790754793458,0.7829548552762039,1.0414331803349661
854,1.0370575235618855,0.7955819770677669,1.0198256791571012,1.1237263248927554
855,1.044939549598569,1.0654596989406155,1.1341729712316848,1.0620261602798058
856,1.111721323603255,0.9487445570569826,1.0743869620850333,1.2653478282760737
857,1.0339777268581838,1.0627881229668779,0.9903014719096779,1.167049661902262
858,1.1661783633178,0.9714897977676966,1.0186126933949706,0.9164101881455284
859,1.126715469141081,0.9569265829853396,0.9990655436111874,1.0542840336029002
860,0.9982801446085497,1.2011124418885428,0.9335648458333131,0.9963944388385547
861,0.9945908071296393,0.996380289566269,0.9676174011843727,1.056185598887538
862,1.0036971152476415,1.0782565131345914,1.0628693212249134,1.1455758728349716
863,0.9340980543741193,1.051433447747988,1.0126519339656586,0.7983081878747633
864,1.10346772016072,1.0602005436774231,1.1175001527781852,1.0837652719782511
865,0.961863927951834,1.0617744076433926,0.8736416085496987,1.1357441820744936
866,1.124302285187193,1.1669265965649775,0.9104187774862764,1.0948605458126455
867,0.9613898340150576,1.0254445274515043,1.196223903823249,1.0439489683362833
868,1.0809096107692606,1.1022326090856869,1.0687722084353166,1.1668839605915426
869,0.9631624820234955,1.1790465764899296,1.1460827029912362,1.014496450524586
870,1.1073543204536986,0.9771589254541605,0.8326660355697115,0.9674273391477856
871,1.0805607533414552,1.0514040126954252,1.1107282666415064,1.0312490098927207
872,1.100640923409632,1.0140344605530713,1.0158804262371237,0.9967216056408348
873,1.0636086420669473,1.1073736183837335,1.046854507350791,1.0383186697819906
874,1.0364399748387367,1.012832814195833,1.0967347568208283,1.190110055263193
875,1.0779577996242946,1.032719983433582,1.0507349097742817,1.061359885631332
876,1.1203143064673147,1.0072177114224354,1.0809007762209866,1.0608891825293403
877,0.995175820560325,1.043821731475586,0.9452323154047718,1.0582549122975058
878,1.1076792371470379,0.9147443582155761,0.9345612104197896,1.1131551182596413
879,0.6935095826597785,1.0646424714970713,1.1187692595153198,1.0090951485844462
880,1.0322974377516172,0.9369131548950735,0.9603138222226297,1.0091234856236182
881,1.0869158106763708,0.9056051884119761,1.1575750542529555,1.085590862023541
882,1.0991404840856818,1.0749861047493552,1.017476747008983,0.9443331798926802
883,1.1032130811304817,1.1358221531909651,0.9909388927391326,0.9595170153318267
884,1.0141230466142102,0.9887815423900475,1.0599995501405417,1.0673483110928212
885,0.9871461651301673,0.9753883580376375,1.158483736998879,0.970440998952312
886,0.872054250085007,0.9835353465970417,1.0349257783335524,0.8596414572158642
887,1.1060090471883943,1.0428647421460149,1.0599752850051616,1.0595107730359072
888,0.9776570045013482,0.8742368244705906,1.1100151828413938,1.069836200772055
889,1.0640792594925788,0.8941254175301071,1.0767754056012853,0.9754717328458595
890,1.0874119763031636,0.9499582788763972,0.9195403203276306,1.028815166005053
891,1.1835791678865042,0.8166694935586535,1.134649766765028,0.9749193197824727
892,1.0909315133527007,0.9258662134196229,1.0210168749097939,0.970440998952312
893,1.0866495678933932,0.9470391495931866,0.9858004300388392,1.0540802742273667
894,0.9439581847992922,1.0506941432080648,1.2307335621803124,1.1419828207353198
895,1.0010439100649942,0.8799494290298001,1.0819748759139007,0.8316554473444029
896,1.0107543738775644,0.9870536284642593,1.1812796911895476,0.6472471890396264
897,1.1988414955427333,0.9706009311784519,1.20973311113328,0.8522653706869587
898,1.1352262594047813,0.9728038784861196,1.1382038205984273,1.0007735403058895
899,1.316794765268821,0.8891019575994121,0.9325502833332413,1.0163567673271006
900,1.054121435277113,1.0283856977528048,0.9976988112113989,1.1721400832203455
901,0.9725165359432204,0.9204315674436476,0.69565247889041,1.0641092357141249
902,1.1819254194652582,0.8769715692409495,1.094686677616499,0.9622107639794192
903,0.7264368154106438,0.8920660068086375,1.0914337243775014,1.063168237944807
904,0.992321850386419,1.046816379339384,1.0230299716228797,1.1210696632848711
905,1.1448479487618965,1.0209065350894277,0.9935578267616184,0.9565757504688661
906,0.9621663062741038,0.959326396557253,0.8028570794175344,1.008794223785693
907,1.1722683623669512,0.9784809132449129,1.2182286443427925,0.8728176411609496
908,0.9698766752990577,1.0586580386765199,1.2307335621803124,1.0245754250696835
909,1.0351423548959107,0.9081863359716369,1.0998341836789218,1.1628464952800248
910,1.0732603963127427,1.0026113209878365,1.0558246415449206,1.0776211593692
911,1.161378271240041,0.9555648860454686,1.174536330985862,1.196644311959019
912,0.9972153248869957,1.0355913763066167,1.078626252355496,0.964918980266852
913,1.0294974498104585,1.0019606098378429,1.0320469306602635,1.0139846620344888
914,1.0374942772724844,1.066368147385594,1.0955740974181456,1.036883035023252
915,0.960552922085166,1.0157841411596005,1.1634828234866073,1.1134188295675553
916,1.0727279832950942,1.2098024067074684,1.0468059945033705,0.9900954011706141
917,1.0080521116938146,1.1311859718646715,0.9501131489272171,1.1065048271491003
918,0.7106845012262807,1.1017816504854065,1.0132161899239605,1.270169694471116
919,1.0222180415459157,0.8840880664519734,1.1352309113664205,1.132949798892288
920,1.0404458571474595,1.0476021350401892,0.6952260268015127,1.0209321726019474
921,1.0056069013390987,0.951431568995865,0.9556721938134068,1.0517796446425387
922,1.0335041481245848,1.1031485922066187,1.0671629973244432,1.021549806716847
923,1.0728157839106343,1.063592610920396,0.8028570794175344,1.0941795865830297
924,1.0072500932422812,1.0275719325590758,1.06252141759988,0.9860239507733907
925,1.1348719881902654,0.9596806904052526,1.0336737860319571,1.1203643144126714
926,0.977881504762503,1.108990127950819,1.1333338511474917,1.001785954586654
927,1.082369381172484,1.1169469338144888,0.9955403362062814,1.0853389897857642
928,1.0880677027619747,1.0295135135740694,1.0913243650776607,1.1780511416326518
929,0.6516201385851685,1.0446388543028702,0.9825534520257198,1.0402339178316244
930,1.0460627305459347,0.9855898123545542,1.1814465388892155,0.9668608923907126
931,0.6306178918277021,0.9992342274505617,0.9571363355733822,1.0893053562472206
932,0.9937700601885416,1.035236732121849,1.0753592333069184,0.964202270589962
933,0.9665939250406445,0.9706758329408898,1.1260505293978802,1.1138565425478701
934,1.1431989488165981,1.151496080160248,0.6248943004232701,1.135116360241622
935,1.0252164673857096,1.0475614470926466,1.017015613377801,1.07741516543042
936,0.9666098156912962,1.07885904352548,0.96012360312461,1.1034755552543873
937,1.1544540912599317,1.0964642217533214,1.006990252384702,0.9990827822495661
938,1.0537282012819742,0.9778295329965804,1.0161635178972515,1.0505665382282057
939,1.0575957707952577,1.0551038712167604,1.0469667779766263,1.051588701418555
940,1.078817704234174,0.9326634876884818,1.065943973414192,0.973332709661295
941,1.0804456410129122,0.8690509449422844,1.011758813762051,1.0492042612847603
942,0.9411414903315676,0.9841700969914395,1.0984287261888455,0.9532418193001041
943,1.054382277089765,0.977915537256267,0.673386968233047,1.035723138955046
944,0.9672242960259716,1.181687574901281,1.0377953825909279,1.0955622208076914
945,0.9986599687602958,1.0838074145551602,0.9745800053694946,0.7322281589845483
946,1.093014847646219,1.0645754385468793,1.07408411890092,1.0684520095055232
947,1.0482489679047784,0.9496861539574807,1.0552747075403206,1.0016084256724824
948,1.0232595256015606,0.8674877752957704,1.0158804262371237,1.2368414988718723
949,1.0178938537716016,1.047665472608372,0.9854531875166658,1.0370469303368004
950,1.1058342901501734,1.0026113209878365,1.063699698491394,1.0806128433051878
951,1.0696744834179228,1.0731083392976783,1.0126335124514083,0.9919728816686186
952,1.0590145874444508,1.014636367738515,1.1187899733762101,1.0351461185595865
953,1.0450086824009037,0.983820340963551,1.01102949674234,1.0162961138284317
954,1.0219874990976645,0.9374510836201319,1.0564937858163146,1.0689749410766485
955,0.884469639691388,1.0486952869622748,0.9169605774803871,1.159135347428952
956,0.9757005818868313,1.0848067841460602,1.0596072022723289,1.0664341331655587
957,1.0178976684805485,1.0665245494510844,1.1987886367463134,1.1758355716108237
958,1.082254576102729,1.0602005436774231,0.9285003354257716,1.0661072793588526
959,0.9466172811795013,0.9686379664630529,1.0278191211758725,1.0507429223617142
960,1.0272443344655264,1.0265400670929357,0.8869161570756052,0.6962603180252436
961,1.0779989292670467,1.0628345336555929,1.0916386653524357,0.9043475118069255
962,1.0373804679561842,0.9450943200697481,1.0352208278014878,1.1117324559697621
963,1.0704638700816844,1.025661614930416,1.1217390248237,0.9918168857847516
964,1.0496086828906523,0.9267859640212098,0.9346285104661909,1.0517796446425387
965,1.0423310367250191,1.0580043531773982,1.0155837611533436,1.1243789262714308
966,1.0913326505982552,1.0610841822495525,0.9874858366001148,1.0355713001014681
967,1.0236600996175707,1.19365909067031,1.0815276123252489,0.9903723773452493
968,1.0400051295111015,0.9648070723770542,1.0030936616756687,0.9628710393200162
969,1.0932486426912162,1.030769458049893,1.1309122048139173,0.9816169193861238
970,1.115607012987955,1.0517816742640713,1.0422194573375878,0.9837574732814701
971,0.9915714609671129,0.9838943166025446,0.9104187774862764,0.8163284464758748
972,1.1050444419514756,0.9509997301989705,1.0336737860319571,1.024947846560317
973,1.1246068028848615,0.9224400588611182,1.0778294813698868,1.0466834978708126
974,1.0028246197506072,0.9298284424836568,1.0142447788907973,0.9953876315640114
975,0.9548318930588476,0.8482046551537467,0.968201520832845,1.0644432886792123
976,0.9594359459888673,0.9429988811160885,1.1762410146485776,1.096204044240554
977,0.9322297419250377,0.8659903362300857,0.9289761713252928,0.7018170267547709
978,1.1056647093652983,0.8714877647284186,1.1243386658046974,1.0099856512674688
979,1.0949075820842755,0.9360766307867435,0.9923482552485177,1.0484315596581155
980,0.9545206897822405,1.0223069750150504,1.1782917482922592,0.9780548198006412
981,0.9995969834023024,1.0721955228412023,0.9421010067569068,0.9870948234416907
982,0.9318622782019916,1.0226862010519586,1.0841207696320718,1.065169093844445
983,0.9967688387280311,0.9518012642598166,1.0813661338300753,1.0873533366898793
984,1.0015701052050396,0.9713931278626076,1.0198546632592074,0.915586478691872
985,1.0024854821151936,1.170178293388068,0.9319984942634388,1.0378518096948868
986,1.1421171427899393,1.003056676996642,1.1659656658194373,1.0859251212941272
987,1.055581806816736,1.0298049330850265,1.1107360788075047,1.1023549623176125
988,1.1475967242936003,0.971728615924973,1.0267263549912804,1.0278778987635395
989,0.8933184506582464,1.0670131874506548,1.091903567899509,1.064124620558808
990,1.0909781776187428,1.0140344605530713,0.9081629511951635,1.0149370228527181
991,0.9254393521310621,1.0498208075369597,0.9894887367642512,1.0689749410766485
992,1.0151008167218951,1.0965445288644988,0.999315083229075,1.0121472332655634
993,1.1099695733078736,0.9454346372371784,0.9319232320462879,1.1685845553793055
994,0.9741528126665171,0.9501160335811425,1.1568417466113596,1.2634800780367217
995,1.0597992698261856,0.9992342274505617,1.042288445125098,0.8596414572158642
996,1.112449933450771,1.104116387820665,0.8767126148754548,1.1243972642777225
997,1.0934494844241818,1.0593506046430878,1.0413492321686708,1.00102045543433
998,0.9752010745940246,0.9638453667313748,1.063394325696699,1.1016936380358477
999,0.9332325525004044,1.0204552780567573,0.6545056873542094,0.9940509018557704
