epoch,2021_11_12__23_58_48_daily_lr_1e-06_epoch_1000,2021_11_12__23_58_48_daily_lr_1e-05_epoch_1000,2021_11_12__23_58_48_daily_lr_0.0001_epoch_1000,2021_11_12__23_58_48_daily_lr_0.001_epoch_1000,2021_11_12__23_58_48_daily_lr_0.01_epoch_1000
0,1.1110956965255594,1.0227950795871803,1.0635066982356822,1.080557557176604,1.0198737622913319
1,1.0077866661828494,1.0624232073043292,1.1207655856412948,1.0240142798951932,0.983749198238131
2,1.0571480266471827,1.0042256699874885,1.0642484566397938,1.1642588024967222,1.0427694636286806
3,1.1055633802893368,1.0574935444755162,1.0752610340861748,0.769773107469583,1.10542337511499
4,1.050891998162098,1.036477910248839,1.0949482571179527,1.1113810367665866,1.0165338777054422
5,0.9834990319806128,1.0128194575231553,1.0118669586543956,1.0544046819557116,1.0923461536555013
6,0.9570815622290256,1.0806318201339105,1.1275293673834115,1.0448858628156992,0.9735356569346647
7,1.0333774797994497,1.0497261409573186,0.9658856575884319,0.9806221375600378,1.0616505153617917
8,1.0719574846011561,1.0371589837051647,0.9839068061641428,1.0334117074363942,1.0706330454438384
9,1.0759532104219065,1.0582325872498237,1.1051673131640907,0.7756296586306151,1.140852405367267
10,1.0418342494700912,0.9959435148286365,1.110373218670783,1.0643035347667646,1.144937190818349
11,1.0266252384879067,1.0218202719977085,1.028717233423954,0.8299138037513255,0.9938840686397502
12,1.0460293932059577,1.0150552680862177,1.080439820916669,1.0172681620390271,1.0432895184393494
13,1.0650266260636518,1.0345342055815214,1.088313810565839,1.0688681586095188,1.0381679509989685
14,0.9520168800653056,1.0579614955516232,1.1233094141933693,1.0674277025012868,0.903409205353165
15,1.0317620872906135,0.952433419988533,1.0542814571568104,1.0375429422178966,1.0732219502472529
16,1.014741751618734,1.088398118631002,1.0036285113925567,1.0763927874612427,1.0244743028608172
17,0.8841538595502918,1.0921088574770335,1.1117722733150257,0.9775604201222944,1.0887977808274023
18,1.1024409987824855,1.053257272959876,1.0177389511259645,0.9834812369707651,1.0101693865898094
19,1.059519815617597,1.0274915476246396,0.9475919008158231,1.037582050529047,0.9348350644764912
20,1.0487119296123844,1.0292193756867298,1.0746896504453565,1.0721600226275376,1.0493999552965645
21,0.9792315883991908,1.0107141117549,0.9990562494827573,1.0524861698587948,1.4205124033345693
22,1.0407541542646945,1.0425155181673258,1.0090969868214081,1.0447294503915152,1.0622216301529188
23,1.011267946965755,0.955518218776039,1.0754033806121128,0.9946091602442668,1.0719087348584941
24,0.9595849399940215,0.9951309996216181,1.1445118223500013,1.015419244401666,1.0257059381803455
25,0.9508917391378178,0.9741759079091538,1.1043600697280604,0.9921837942777837,0.9906406200769033
26,1.0960808465898557,0.9758763750975921,1.0186903856737601,0.9865178725668623,1.186599367311581
27,0.9979815243658542,1.0911630335679647,0.9898163877581247,1.0120079326271334,1.0434784649363475
28,0.9798817343187597,0.9481663865831811,1.1100221795013603,1.0938130076687556,1.0368785234107842
29,0.9874134751865957,1.0436421703035137,1.0059540553753132,1.056452536067256,0.9615682679762776
30,0.975656444081055,1.0375614293886248,1.1781240996870437,1.004585369164406,0.7104828957643168
31,1.0139294900733806,1.0340313038670308,1.0131603049126878,0.9604594747431799,1.0047785680534875
32,1.0389028885465372,1.0679156005823516,1.064917865657863,0.9352000702439834,1.086565184788071
33,1.0002144819068415,0.9957977428368122,1.0324627659701218,0.9524932639709932,1.117546213297461
34,1.0140833293559217,1.0210133147611347,1.1814601299697347,1.0269485399199605,1.0288780020609454
35,1.027100991249813,1.0203467531278925,1.11941421977676,0.8777628865042185,1.0118452126531599
36,0.8481561092441163,1.0227740817432,1.041846226721616,1.0029472310188492,1.0704865528639567
37,1.07392512799754,1.0217498908102558,1.0398667944571964,1.00228148793842,1.1994491549750768
38,1.0852220504879462,1.0933073314204342,1.0268465637934636,0.9920230219459419,0.9028373858226005
39,1.0079644586626895,1.0045660961328173,1.0886591769054728,0.8924951889337199,0.934489473140854
40,1.018305287646892,0.9424934687506474,1.1304799349722485,0.9838978902686881,1.2307286105632902
41,1.0520952037781,1.086368132891889,0.9848587992898905,0.837463538965622,1.099478817056773
42,1.048118633859559,1.019030239256784,1.0211617675176805,1.077547263876945,0.7031037722410922
43,1.0141010500140253,1.0452136279466666,1.0444041053727888,1.071846754646948,1.138730652633644
44,1.07332340989761,1.0392058970147808,1.2058768918505678,1.0423471823046004,1.0680695478485247
45,0.9735240624344159,1.1455191321949039,1.0312594094322867,1.0424321002100145,1.1264044386534657
46,1.042109019602046,1.0314077746824755,0.9532223878652692,1.029211931728985,1.1518691691763479
47,1.0596773173237908,1.1064780506252618,0.914959899443364,1.037966200462566,1.0304880767384927
48,0.9740178902722201,1.0275290866063709,1.1883567085226328,1.084834967981765,1.0032809881889448
49,1.0481189813642264,0.9414131167565747,1.0524510164049785,0.9557273956318769,1.10619739778459
50,1.0473329004278913,0.90508443434139,0.9732207903674208,0.9375595320912126,0.9284352129136214
51,1.0223492318824525,1.085458529616223,1.1053895666633773,1.0295404066050844,1.0180229873428
52,1.0415129449271823,1.059209858154078,1.116216792410918,1.0223079956641485,1.0922009623099938
53,0.9756132913882054,1.0440297929323363,1.067474991825907,1.0196584316395814,1.1269588153437595
54,1.1373829882342807,1.0412487158680452,1.0385965133401776,1.0415563739794218,1.0844848436672498
55,1.051642873633073,0.9286500916414973,0.9961188385217028,0.9885965431050098,1.0770555190859503
56,0.9601539629664552,1.0440874380473553,1.0385690278056223,1.015124382639889,1.049619787624999
57,1.0361856484688867,1.0254816974894416,1.0447319023042987,1.0501667707759936,1.032833431512299
58,0.8999507897334517,1.083890057199488,1.0735306931130917,0.9581207324959113,1.1036007352026211
59,1.0204969717736203,1.0353196745667888,1.0211978122289576,1.0474475401721728,1.02447424943032
60,1.0463289413038284,1.1137774404522176,0.9196049011512999,0.9837434152775073,0.9656092470972002
61,1.0219558636579493,1.0519831709169076,1.0469904098894702,1.0472596422884028,1.1466764013206352
62,1.0890284262940384,1.1138093229332873,1.0070999627538764,1.07819912235885,0.9882245066973313
63,1.0331661913021224,1.0297531536262252,0.9949821412689754,1.0850074654533062,0.9638410616070405
64,1.0899173251812098,1.042102326782076,1.0095482192581848,1.055784727644955,0.9543148770761966
65,1.1485287904327883,0.9322207126200904,1.0627083996618907,0.990045037448015,1.1946717372456594
66,1.0675953878450635,1.0143687486670478,1.0595660993719964,1.007953557133386,1.035787641324105
67,1.0231911645750202,0.9243220275909033,1.1144273361941415,1.1616985954173267,1.1250000381984895
68,1.126871226485958,1.0418564459177289,1.0525924371924957,0.9859260081629344,1.050796213298413
69,1.044016483784459,1.0437545707911937,0.9542397110031472,1.089887011713271,1.1848938319252547
70,1.0324088664005926,1.0735599357603025,1.1009452172227026,1.0032463266255862,1.1215115287599502
71,1.0592261191853005,1.062425688869689,1.1445879905277292,1.076665437389597,1.0997505138103065
72,0.9419573908447932,1.0250444370136418,1.095966849034319,1.0382799088920087,1.2079832366445586
73,0.9573933044040919,0.9510932598569976,1.0839046741525618,1.0255099713053635,0.9256414132491423
74,1.065314025340303,1.0766060938772992,1.0279457151331268,1.0323636497015216,0.946852025547512
75,1.0556174541592742,1.0520166039483436,1.102955690418005,1.057366760220114,1.0578471789425659
76,1.0812119456225662,1.0754623132784986,1.0836410501383864,1.028457256318974,0.9582563139692366
77,0.9509194052763714,1.0333230359010497,1.2306377794346026,1.0906824894891363,1.078962563481628
78,0.9462444282190798,1.0542858991737398,1.0610315079231,1.1091092069650486,1.1299148183092436
79,1.0443182176240846,1.066267710644118,1.018556953732316,1.166579468190511,1.0781639214096246
80,1.0591378012329895,0.9821529928624059,1.004197732348044,1.0038266143678456,1.0700718624944414
81,1.1355572221383436,0.9234005117316592,1.118620297725012,1.0105000327236051,1.0637778317511912
82,0.9900118367817435,1.0686626514987991,1.0271338917818504,1.0515912399442444,1.2411385604848337
83,0.9792708225855781,1.1027640137141317,0.9863666000964364,1.0460277253926589,0.9342395949698757
84,1.0136951571967086,1.0371726806769799,1.0391519860815814,1.0484351372963365,1.1361767887384158
85,1.037920423309836,1.015312314105282,1.017141808823636,0.7412779322287818,1.0821446046375558
86,0.9132605197192211,1.0608864476657012,1.067590002861533,1.0754620728939661,1.2402652845955007
87,1.000901280522269,1.0361896398120574,1.047964786509693,1.0466036531012437,1.2712873143980823
88,1.0787445786421432,1.0405204876127896,0.9893286535956726,1.076324766080777,1.10267550379721
89,0.9213281608458281,0.9580425684990724,0.9214209794752166,1.1362063833817153,1.0736156717642298
90,0.9507513768832471,1.181045971524938,1.0730706901838116,1.0859745894047366,1.0791180228417563
91,0.9860490952405535,1.048067220056535,0.9889904574869075,0.9522608564778584,0.9986986331737961
92,1.0510673523358247,1.0451305508554651,1.0451882139178634,1.062787600353361,1.072657724000636
93,1.059599599714229,1.0429255826120307,1.0465136118229343,1.0412144187239407,1.0077429281537087
94,1.1398283926698067,1.0387437265433288,1.011036011656326,1.0405475480022262,1.104367935842339
95,0.9695288783115226,0.9815804598592058,0.9337656338646761,1.0855979716468867,1.024415210433744
96,1.0941124628245007,1.1089897726582019,0.9632312137621729,1.2156892182683692,1.1369717944718905
97,0.9385387203460309,1.0532345825102214,0.9125796814988388,0.9273982198467459,0.9975727267434651
98,1.0506388026301898,1.1132760711564273,1.0421196101845769,1.0574463152190845,0.9982169472082961
99,1.0443402880313972,0.9786241388827517,1.0496427051964206,1.1323021945618614,1.082732721843178
100,1.0178518568946775,1.124041883595926,1.0652861105454798,1.0941265980903412,1.0925564675219908
101,1.0784598475908844,1.0103382769127334,1.0217017725096635,0.9674202141694577,1.0960631908916123
102,1.0059866837281344,1.1193062433035887,0.9764668463505007,0.9928354433651948,0.9344751514104466
103,1.0234707783690251,1.0470108049827924,1.0714773595330749,1.0140317964233974,1.046836642350207
104,0.980772971133785,1.007639955616159,0.9253510444099654,1.0483580801691252,0.9447944806606255
105,1.0347250664520042,1.0636343613488564,1.082586235262057,1.073509201554999,1.060524022058277
106,0.974884625265283,1.0761096072034566,1.0881981155339417,1.1219119236058464,1.0493999552965645
107,1.0255049628749968,0.8189514546834972,1.126055563247267,1.0866400468389654,1.022373307900068
108,0.9856375701190107,1.0592439746454496,0.996559619097963,1.0388615399939236,1.1030820030885342
109,1.0260428058798257,1.0825979066764821,1.041795714393136,1.098069592146833,1.0037314902120458
110,1.0233229696654806,1.0434801442341062,1.088224555090155,1.1094613626527345,1.057874457427652
111,1.021159245386566,0.8018709358431363,1.0903623959926516,1.0342392477818434,0.9867900781120277
112,1.0277538094552052,0.9638149332540973,1.089454399767527,1.1757136646182467,1.0259984642508808
113,1.010279277253668,1.0609561809861134,1.0775861057475253,1.0765981768433617,1.042489699829288
114,1.0732990916532015,1.0346715729847409,1.2254444632308499,1.1015963170285208,0.8952816589508885
115,0.9961993723943047,1.0313927379769552,1.1754915383587032,0.9354624789394558,1.1450418471228345
116,1.0200153824952345,1.0350955261922843,1.067407351080564,1.0275656891039249,1.0944189961211133
117,1.0678356716579442,1.0047898741260346,0.9533843214894998,1.0957454940985067,1.024747567602865
118,1.0269619337179992,0.9611835427836958,1.0398121597371779,1.1543231516842414,1.0098929891584065
119,1.0229066390527228,0.9672423445795175,0.9193541945283694,1.1141843383584011,1.0367115109977816
120,0.9667618901504869,0.9724887033629558,0.9373493800496274,1.1848119801735955,1.0887977808274023
121,1.0214329671905853,0.8991784861904691,0.9401514190915815,0.9802425423174737,1.0561750227411608
122,1.0547584622657207,1.0064875171557424,0.998324283616081,0.9409593699424746,1.0541765155327023
123,1.051289734948695,1.006060536495378,1.0317314964259112,0.8506652972133567,0.939127197109933
124,0.9849770261130061,0.9598306914176916,1.0772139701987562,1.016941331473327,1.0711579463017675
125,1.0323236382088878,1.1029802368423582,1.0495902625851175,1.168896904055968,0.9297767766719658
126,1.0658386769434525,1.0373352846988424,1.0045453728906941,1.1572558498472487,1.1316910477454762
127,1.0348747649518044,0.9366983462100936,0.8632027888532652,0.9947894312361362,0.9572392232342445
128,1.069712364053501,0.9560222070224011,0.8652786877812008,1.0154513782681782,0.9055347967292341
129,1.0908491465687944,1.0816782189340686,1.0359557514357662,1.0851654370531534,0.8010849821608148
130,1.0596983464276368,1.0192165255140881,0.7468726796274772,1.109577111060727,0.9723999940272853
131,1.0395587989244623,0.9831916873974382,0.8543424515666518,1.0218201178313457,1.0825660142496385
132,0.9280114332801185,1.0620308604408393,1.1287447870175316,0.989734126322542,1.0702568999340034
133,1.089024596542775,1.0635486592411763,0.9870827374300386,1.0777349349347791,1.1545982073269252
134,1.1103579055919068,1.0049026676334274,1.0414970450623395,0.9928207327540277,0.9481680467163037
135,0.8349465845714793,1.1103180396310597,1.052591111823541,1.095401658406595,0.9917953120481907
136,1.1398382948317538,1.1029236502260096,0.9807269616218213,1.0776758697050544,0.941019772512008
137,1.0557949183681632,1.0327544893830216,1.0210971660249342,1.077810208449191,0.9794820064791943
138,1.0247008694075164,1.0475529553512657,1.0805450946392223,1.027182103286323,1.0077729490102865
139,1.0706080782326635,1.0436106012761643,0.8938486045751487,1.0520454878704728,1.1224840268289853
140,1.0017547047122066,1.0016303488274785,1.1074146905146836,1.0025626567489034,0.9463959957195609
141,1.0374738743103813,1.0409746767012533,1.1119144495228217,1.0013878579605067,1.124609023315064
142,0.9895482686780774,1.0156131770815318,1.0245598066758002,1.103236992141935,1.1079867151112144
143,1.0606932070886619,1.061477345902183,0.930700301058285,1.111461856740797,1.152591767757462
144,1.0276455055969218,0.9793148429886236,1.1194624860515947,1.3187664619843138,1.1836629099193057
145,1.118020425608955,1.0507114164529496,0.9830398721067667,0.9943634959396439,1.0438209732107624
146,1.0147285275936555,1.046200440020663,1.0899891047933918,1.0765787414537502,1.080530426384671
147,1.0634366427749655,0.9594238581969743,0.9865938078541979,0.9557921857351054,1.0580036319063204
148,1.0242826789436645,1.0512554125347606,1.0007403962409578,1.1197633068196855,1.2348051462361367
149,1.069777990866886,1.0063792845540867,1.0982533012534668,1.043246572875918,1.0089950373926633
150,1.052182981508051,1.0252244305090163,0.8636261148261171,1.0480883818723612,1.1454285817303926
151,0.9826766397170484,0.8921675564353373,0.915671453117837,1.1301579040042533,1.0442430619126462
152,1.0037539242076483,0.9361965897055652,0.993568187655404,1.0860554552805788,1.1660861102878284
153,1.085047360408779,1.0598461185408619,1.10310051975283,1.0678466509885034,1.0278628043904405
154,1.0431406273189294,1.0233698242765563,1.1974977054656248,1.1206067063615741,1.1551061719138926
155,1.1050212162743815,1.031649050894224,1.092515197588779,0.8435906585647992,1.2032712102362628
156,1.0549197558840522,1.037591903211116,0.7291928161676607,1.042043948890883,0.9867900781120277
157,0.9657374733073789,1.078801588528945,0.9933119702235164,1.139625222016223,1.0612559552426346
158,1.054713571180285,1.0898070541406886,1.2179993388070869,1.1453713704994122,0.9500674168293577
159,1.0875052650120185,1.0772414912568422,1.0600339290034215,1.1819849145053356,0.9840073881927816
160,1.0646150740151166,1.093633756883151,1.068347842331575,1.058513224045571,1.0356969216670602
161,1.029199582124382,0.9685326521360413,1.1589606496351859,1.0524423242809837,0.9521555350202072
162,1.0890125394053454,1.0858305200105407,1.0216647204504774,1.0938454433267124,0.9911274438300125
163,1.0939326331867962,1.1316604155928227,1.1067363457898773,1.074459231910045,1.232642664807046
164,1.0627978269963696,1.043876806305909,1.0843570976518555,1.0411108010442403,1.0213576872847796
165,1.0712371262350808,1.0148009022510114,0.9681886481359667,0.9129428131984145,1.0263558700211426
166,0.9605818032892334,1.0437490844301491,1.0839298383854892,0.9661956926511892,0.9357799486325011
167,1.1353132457835848,1.0465333114674238,1.0079316877801117,0.7171590315665705,1.0393826969601558
168,1.069858663006425,1.034265312582594,1.1067200191701831,1.079333365059543,1.045669405939528
169,1.0290598091936904,1.038221640702883,0.9812521127185317,1.0938435036799268,0.930651415826071
170,1.0441408037463171,1.0919661790829147,0.9997800960817068,1.0807528545713143,0.9536400556262142
171,1.0651109553560756,1.019063148902633,1.0725004704712244,1.115385322864536,1.0809961561150383
172,0.8023502740531159,0.9473769448559696,1.091222854262287,1.0786611871164933,1.0692659551385912
173,1.0762684724571392,1.0073115962385932,0.9512406287393491,1.0715610499366075,1.1320694691591098
174,0.8506759070084198,1.0418372185426137,1.1220688561204137,0.994195309809814,1.0512651013363608
175,0.8941246181200461,0.9724441982497934,0.9708800129376975,1.0860913751248609,1.06532932044993
176,1.0081026253214964,1.113177917742269,1.104751847261419,0.9769428197202681,1.1095820133988175
177,1.0682037714950339,1.0354387814500674,1.1006732745179377,1.0279816354970652,1.0274532100536695
178,1.0199017675065394,0.9737863578491766,1.0253959830423736,1.0226942340530973,0.9125785596235312
179,1.080080380058137,1.023629541144075,0.9689344971543221,1.108181694008425,1.2190833159604635
180,0.9739082468205841,1.060692298269325,0.9694055494055683,1.0400955407217376,0.9640332131089987
181,1.034199055720964,1.04850169296694,1.031170327155592,1.085024546943622,1.0948073775176141
182,1.0484851591128117,1.1062717002229052,0.901287898359412,1.0960768287093852,1.0223690079575252
183,0.9899582181390019,0.9915552430689194,1.0966216471998924,1.1189758901508315,1.0314481887159708
184,0.9346964908698489,1.0239000001633598,1.0404689620185918,1.0354137940970858,1.1414237322365877
185,1.096458135645396,1.0058177400531692,1.0675003154604201,1.0109568073112762,0.9958579562174888
186,1.0136436166131817,1.0551156983628078,1.054640083587903,1.0056295121166732,0.9867374417334899
187,1.0822028020896017,1.018644379031449,0.939751162686615,1.1308525506434006,1.2442336236663136
188,1.0598077463447713,1.0740713629114953,1.1290272740376028,1.0047209485496948,0.948608515585149
189,1.0998181883201341,1.0446209414999508,1.0515990710212084,1.0902816643300592,0.903409205353165
190,1.020389158945237,1.0883123510242607,1.0853233669625513,1.0221881734718816,0.8357664452247722
191,1.0500820716674246,0.9550834933075942,1.0543482661248125,1.0759771158192344,1.1321019089986508
192,1.058757734962331,0.9997747868622614,1.1134799367571682,1.1726062802090915,1.078708315073982
193,1.0181995118728386,1.0307509037453753,1.0913746564722742,1.0526466571926876,0.6937325870068264
194,1.022446889613094,1.0317843689574706,1.020807328431983,0.987516908067311,1.1167482327653173
195,1.0724224356340837,1.0206434882798903,1.1367076284985083,0.8781742866982241,1.0310181974617718
196,1.068921357371622,1.1088279776197452,1.023792769853062,1.0115893995758092,1.1929792019997778
197,1.0283553544856638,1.0380378069536886,1.163737760927627,1.046804259157793,0.9253390758045639
198,1.0487601166525755,1.024348508475732,0.9305123184530043,1.0042239883949469,1.004816314100696
199,1.0212323326522448,1.1066636611999003,1.0144635806493978,0.9591940582869101,0.9395184517689483
200,1.0348814730370697,1.0161799395467042,1.0656375474302069,0.9755752068062081,1.0608668690934673
201,1.0347966498017378,0.8937131567222569,1.0498632102330432,1.1211393430052896,0.7125607088322117
202,1.0726235031329807,1.0586296199737621,0.775218010344054,0.9922146633439727,1.0982570979979074
203,1.0645262313856692,1.0332294528386248,1.0513199540125262,1.0747922338104925,0.9289996905804332
204,1.075342696561552,1.144195572271096,1.0088889113930795,1.054588393100596,1.2411385604848337
205,1.0701326876207184,1.0270671486318028,1.0772994330472472,1.0043033382210544,0.8826272375486844
206,1.0153204291334075,0.9662883734028977,1.0116616568042154,0.9885352299175326,1.2626901048115877
207,1.1229871667684879,1.0153982334371527,1.1413147807357622,1.0962075888790417,0.6882750446671353
208,1.0687728215844505,0.9654809623816749,1.0277194916433796,1.1602968457336749,0.6934672348188414
209,1.0306477955890399,1.0594398717661269,1.1762167219826871,1.0227898500892634,1.0042795647427412
210,1.0522678892750177,1.0308470291808665,0.9851679513573052,0.9732026230063175,1.0713008271919366
211,0.9678806922152812,1.0626947969778557,0.9381190449221888,1.063256278036117,1.192912967573417
212,1.055315246901126,1.003999294787709,0.9495173672056914,0.9223107715537225,1.1019190680487545
213,1.0529391647531683,0.983907524570747,1.085113839091602,1.1328665976917316,1.16526357566373
214,1.003624967476601,1.0228931819219562,1.0987150947318567,1.049893665984004,0.9837757149038509
215,1.0868624127615942,1.0295174504520737,1.1665512900577464,1.0462445049569737,1.0808511768481055
216,1.0310728291265803,1.0963147175086803,1.006943223983757,1.0257778051405855,1.076344004420068
217,1.1354907409992452,0.9254522804597664,1.1608942400056474,1.0501468971095422,1.0598614614910418
218,1.0317882126609297,1.0051773636568127,1.035717301258654,1.0191126577325862,1.090448877623437
219,1.0507353442608465,1.0037876691587877,1.060704567396075,1.1066522497818023,0.9676030727839845
220,1.0170994451309339,1.0436043692275976,1.1020403683313826,0.7774088670477713,0.9371828312866998
221,0.8124791261584089,0.97944537448629,1.1816404554491593,0.9708767017538867,1.084711035700687
222,1.044779727430093,0.9636543547673159,0.9772723770733445,1.047584389967927,0.9776053615091057
223,1.002932313139391,1.0308578086910811,1.02680019071002,0.9683918359773102,1.1796280834493984
224,1.0472727938089716,1.0580485684275458,1.0449556499429011,1.0880469172891136,1.0357449621220634
225,1.1074244843554069,0.9753281020139232,1.1802435734191525,0.9967472846861497,1.1518691691763479
226,0.7637350451995213,1.0664213329557537,1.0118059455119042,1.1141313107867972,0.9204717753076074
227,1.038653142643941,0.9478645026192395,1.0755690332918568,0.9276219123584699,0.9888556341295168
228,1.101558645100133,0.9825467372341068,1.0735761891296252,0.8936161849403086,1.0844848436672498
229,1.000566018685976,0.9933792971359949,0.9896172243426599,1.0063589780026323,0.9435029547190067
230,1.0201291925537073,1.0634048473667639,1.0345094905579912,1.044668854946916,1.1829265781745624
231,1.060869335167456,0.851507799583329,0.686079605300672,0.8738895116605725,1.0607175439795664
232,1.0470114875563739,1.0421116128872312,1.1123163987991407,1.1536442827667395,1.070562787761887
233,1.0818654568040376,1.0610309347889495,0.7012347013329234,1.04895191395032,1.0090295324846155
234,1.057307090021128,1.1153046995560112,0.8887715181569004,1.0333907033668854,1.0442430619126462
235,1.0712557867671324,1.0151294368049948,1.0630994443692874,1.0943021302631444,0.6742809302492943
236,1.0335433313653342,0.9874473023493316,1.2055684760281864,1.0048960556026476,1.0869294966425396
237,1.0806251617008158,1.00427546389218,1.0145109801235876,0.9941771374750109,1.0208809476607252
238,0.8399296418466778,1.1064460152784876,0.9566750496095979,1.0767683778249164,1.0101056611261652
239,0.9685806586344722,1.071020446829034,1.0578520655307653,1.0250944082754936,0.9958579562174888
240,1.054733271943047,1.0465228826563369,1.0448805768097682,1.0945838183300023,1.1497768177513323
241,0.9088607748118472,1.0481763563551159,1.1527231636577577,1.089489928752659,1.1241908972850077
242,1.033591329683187,0.957351487307696,1.164672974848138,1.0312029354698946,1.0557830560768218
243,1.0033770912567657,1.061112702421124,1.0598752845501458,1.1253081907834896,0.9125763430739474
244,1.0163097662291103,0.9971752110959132,1.036857182359299,1.0818948055764845,0.8169013520833374
245,1.0744391947180814,1.0191565423110818,0.9608640123659036,0.9964601548211328,1.124361401147012
246,1.0711789119335446,0.9462985602077437,1.0529948971657017,1.0226175449921469,0.9195624359742948
247,1.003547559192191,1.0112658551930989,1.0812477697215752,1.0846125562461948,1.0116715215118683
248,0.9875758044468533,1.0553575687933165,1.0619805326090979,1.0379580185038324,1.064127062492255
249,0.965023779427992,1.0243298884946261,0.9688866319312057,1.1176621223523526,1.1112195303574408
250,1.079413688150534,1.0088791471065466,1.1778868796659494,1.1035248197831575,1.2066446625745426
251,1.063178218729668,1.0488404033511116,1.0523379303059697,1.0597203905242012,1.1330697115431552
252,1.073122554999981,1.0168343412732836,1.0719761496947242,1.1345887826940866,1.024415210433744
253,1.1696632127273152,0.8110610510911745,0.7353067497489414,0.9311708608137945,1.0171745191741268
254,1.0415202043166092,0.9425923875736058,1.1280203551866665,1.1669394467825436,0.9848185606992366
255,0.763579307023473,0.8065093007209596,1.0549340332431798,1.1038181504002906,0.9516887647050843
256,1.0048207170875316,1.0419921188346282,1.0449195646516247,1.1429198986087794,0.9529414007643338
257,0.8949178576336554,1.1701157136132925,0.9780457273934976,0.9207222516197253,0.9592699147959686
258,1.0631510767587855,1.0335248657363507,1.0951341039756184,0.9519924447234872,1.0458899100760006
259,1.0795390340293487,1.0090502462695718,1.0419902400823264,1.0633760358274966,1.1168830650339188
260,0.9509638605310049,1.0779756134421161,0.937785703504138,0.9604448802313734,0.9886024558727197
261,0.8912634551599463,1.0590263479624584,1.0573456277063062,0.9766118982249072,0.9589791962373064
262,1.058705886042723,0.9980719167640445,1.0836809594441532,1.177354844340366,0.8192817677317423
263,1.059765490763687,1.0380572774418748,1.12064813571182,1.0483017769787724,1.0088906167703693
264,0.9881936853828636,0.9408315456378421,1.24495767492389,1.0522761879548528,1.0908252195904828
265,1.06652571754711,1.0236538131958075,1.0424533307672974,0.862727127799007,0.9295015442447763
266,1.014928026157654,1.056439556563309,0.8703129574029532,1.0256043796362257,1.2348051462361367
267,0.9676560618892549,1.0423136876893007,1.1581696492696363,0.92048773412632,1.0436026586281375
268,1.1042257044144375,1.0324690507184906,1.118262793694058,1.043165851660669,0.9555550932052433
269,1.1595254079781998,0.9844406242057423,1.183129693669836,1.0203779491328462,1.0874035261058506
270,1.104228320642526,1.0367226299031984,1.0832505606881127,1.0117469072600787,1.034798835542507
271,1.0129456785092514,1.0655712933740706,1.1593049408727476,1.190958788828512,1.1026532808969594
272,0.9661940549440319,1.0450591286033042,1.1481701796840982,0.9904163581078299,1.034615515353879
273,0.9442363823805818,0.9762882845165951,1.116240885464753,1.0576558434135208,0.9842036975483613
274,1.0615421590423577,1.035770702166247,0.9749134325592671,1.1385185503083561,1.0138051358811226
275,0.9842714961084583,1.0944997161073826,1.1708880381333926,1.0852602391386021,1.2735167569212928
276,1.0627222558927427,0.9975207391822132,1.090631994340686,1.1016687262567744,1.1670918169813898
277,0.9422187295963868,1.0829547884412343,1.1506443835832365,1.0816457894780684,1.041060239050216
278,1.0412075415882027,0.9367754248666332,1.0904569615082644,1.0995327528981458,1.168627131592293
279,0.9132885539524593,1.0245461732186758,1.0063331909786493,0.9245648995699706,0.9938774957865031
280,1.0102225465874988,1.0586220165423526,1.015647817084584,1.0401521006398387,0.9084562720831102
281,1.0754475617805448,1.1124084259285214,1.0025400575053007,1.0640495853713412,1.1388274275822086
282,1.0256378225413874,1.032480477981381,1.0755443836983607,1.1656637058465213,1.0650975679227155
283,1.062663787784731,1.1509099019087923,1.1487114499678528,1.096868864399311,1.0695188784537626
284,1.0198107296243755,1.119441901527811,1.0595009569291773,1.0771615464948165,0.9764309855078981
285,1.1121780492110682,1.0333441155853242,1.0544273819013115,1.204113898935177,1.0284472279353027
286,0.9957475216644375,1.0198794992894744,1.0911526274759837,0.9873803434574896,1.0208654578419931
287,1.0542207121950042,0.995874390569085,1.0067661924950513,1.1392144398713895,1.087704346572944
288,1.072667546118758,0.9775101441553884,0.9793802652714912,1.1086431191482602,1.0982760328202306
289,1.006276487905039,1.0045114067089123,1.0977115569547742,1.1126861447113472,1.0682196731725022
290,1.0243242333076144,0.975922804186516,1.085732375743662,1.2200026499107761,1.0547244077330127
291,0.9761979594058865,1.0848940052663802,1.115092756696485,1.0940760820660849,0.8531253991763662
292,1.059190985253708,1.003249123360505,1.07256839400716,1.0471695640791643,1.0844848436672498
293,0.9762008359771677,1.0292682103815307,1.0652573472457072,1.3389071159867791,1.133880038999113
294,1.100819264057493,1.0543888955884517,1.034618899384892,1.1696182110369617,1.1279731318146482
295,1.0868347835692962,0.969145264368379,1.0503763826137946,1.0072058053618187,1.0678657377890954
296,1.031171262539063,1.154652489917288,0.9928937391773792,0.8748431876605866,1.211014079856713
297,1.05147780751759,1.0409966493007536,1.0293060213339271,1.1267531199297347,0.9850167840556571
298,1.0584461314491636,0.9736583360771873,1.1798930813928095,1.2492263246691333,0.8704341451263794
299,1.0699167098996851,0.9743955233349718,1.016788109746383,1.2892630277703059,1.1746830065280287
300,1.020352352145673,1.0738655274781936,0.9826458019944646,1.0149802530942014,0.9888221151143199
301,1.0190623099193385,0.9606578733292964,1.0169379143407562,1.1228820917071791,1.0101693865898094
302,0.9893118799401686,0.9633031370627515,1.038925904969216,1.1195809545074031,0.9807920142156038
303,1.1032139113081696,0.9493410350870047,0.9728150150307266,0.8538248001825457,1.0846949855096197
304,1.0230056343323188,1.0053260891488425,1.0323238381855795,1.0735124568545333,1.0863588652174547
305,1.0240615266695907,1.0240712967428867,1.0889056781089752,1.0265208527820817,0.9873547107875108
306,0.9130943120850739,1.1651936885435605,1.04679720081554,0.9579877040377778,1.0097563855239629
307,1.014760549820208,1.0069968688165214,1.0105106644030903,0.9595279533012205,1.0584798881740063
308,1.0395839753809866,1.0879262169896116,1.183514425317039,1.0765975110772041,1.122901559845386
309,1.0904867708437103,0.9575734758374032,1.0290009103537456,1.1403687381939591,1.185080844491477
310,0.938130186301644,1.0720521072787896,0.9844387557043547,1.2550670213436537,1.0603268856141614
311,1.0732326890990558,1.031577527723605,1.0115673731425052,1.1139287866231224,0.8704906074548532
312,0.983401172569447,1.0671327601609695,1.0496610873193999,1.1334046140363259,0.8955369970265502
313,1.0389829818598828,1.0707431873083302,1.1405149367812943,1.0621084714944191,0.881623279045631
314,0.9568218825468969,1.0696885261143643,1.0575848732228048,1.0970032580955638,1.0732852574489602
315,1.0869605538972982,1.0364495657059332,1.030691729572025,1.0914225025305888,1.0217282902012126
316,0.88553570933241,1.05157407759283,1.0144965884688184,1.0442446763089415,0.9928545250895521
317,0.9703330883802799,1.0097423189853656,1.069741287495347,1.1173687508524077,1.0842304491552701
318,1.0656705688148886,1.0548738362084493,0.8822411019675703,1.0645355586805891,1.0515565159514002
319,1.0029365355371442,0.9931658984681158,1.1488975625291475,1.2063971337284654,1.1500961699951517
320,1.0473683979599515,1.032387628881495,1.0623048785896334,0.989091717643039,0.990589695381374
321,1.0520718015394845,1.0509655456293177,1.0442775521846073,1.0987305092010695,1.0010649117404566
322,1.084002313994405,1.0692443099637075,0.8645450146692475,1.2146393898635994,1.059826247263096
323,1.1679087330325504,1.0250470355661352,1.0337716647953803,1.078147903831904,0.9570585798936453
324,1.1181623511447396,0.9037046334764779,1.0318956999393538,0.9282350593089893,0.8847584787796754
325,1.037329793436399,1.0486185310402147,1.2405217034626326,0.9649314032958826,1.0038572295592083
326,1.0275041963513336,1.036898018507227,1.033404554609655,1.1649489690771346,1.0101056611261652
327,0.9875169227824596,1.0618109642449263,0.9847735087464002,1.0564209494749959,1.0132583767746264
328,1.0362929954768754,1.0321097853115921,1.105036093495216,1.1898361316237414,1.1271414371662074
329,0.9510000277900229,0.9860484799597915,0.9874118640479044,1.0772295003681966,1.0083947684841954
330,1.0052110902277667,1.0490189948217228,1.1653746049646854,1.0942483450154814,1.0633344539881573
331,1.0932477059778483,0.9944023649163707,0.8084217657665561,1.0555753066644078,1.0512298359373884
332,1.1224262807104168,0.9660754743268333,0.9320291452740125,1.0999395933386358,1.118695601298695
333,1.0055203650814555,1.0061558619322013,1.1041595356499039,1.008412601986766,1.096277324213042
334,1.1196813993532015,0.9474421888945452,1.0108218107836484,1.1295236520879464,1.081540666378032
335,1.0005417685227207,1.1105240526131166,1.107967943072052,1.1060123268762567,1.004816314100696
336,1.013813061355742,0.9670402192952164,1.2338465273411119,1.0988364025446873,1.1212376303472253
337,1.0935166652770152,1.052617203861345,1.0547594288694044,1.2107281282845315,0.9559089628554311
338,1.0827945570673159,0.9917104903211832,0.9079758202443942,1.0748729637377876,1.232642664807046
339,1.057560958842433,1.0278858653275973,0.9645450881684714,1.0977501523920525,1.1994491549750768
340,1.0360899148812834,0.9987287585147416,1.0448089030773913,1.0131991877212627,0.9470450907566756
341,0.9404459907544438,1.0792295763414714,1.0329458800230884,1.0995355464273662,1.153055705132858
342,1.0150805383881782,1.0997893284303528,1.097520807954826,1.1458531810750647,0.9468654540687517
343,1.2167098028429757,1.1323412975281433,0.9610309567274902,1.1825102316944665,1.212064441271023
344,1.0379039751156924,1.0265707201030834,1.0956730333620135,1.0003018212942447,1.1095373806003597
345,1.0245614097257916,1.099079213938953,1.0798243637708649,1.1246038702479166,0.9888221151143199
346,1.1031044072233827,1.0347828531424752,0.9999948889147722,0.9095930596407598,0.9197418746440272
347,1.0743140167584193,1.0817114391811362,1.0208008998126767,0.9058122255085752,0.9837277248619939
348,1.1206094281944896,0.988079426018458,1.423021033989975,1.112207582233673,1.253520761813635
349,1.070200309701701,1.0407226570886765,1.1099009103045052,1.2222747772374516,1.1286133998870909
350,1.0006155961830394,1.0721515791178882,1.0538852071629363,1.0545109033676374,1.0106824421833458
351,1.042587461807263,1.0551486098926686,1.0100839708504856,1.0875043737323649,0.9760833653015316
352,0.959674122988927,0.9381039686237725,1.2527058416149253,1.0247394917511525,1.0050368989243883
353,1.031371957445536,1.028849725456701,1.0494108506264945,1.0241608683580865,1.0154406832585352
354,1.118365061742726,0.9993187485048015,1.1177260273554837,1.0723968194556774,1.1004394166861433
355,0.9990885468665446,1.0090698055023861,1.4295906417374724,0.9216077640287272,1.2053567845136164
356,0.8988871362220507,1.0277549350881225,1.2199344970333743,1.0853870483583343,1.0590695288442127
357,1.0100075604829033,1.064338148379603,1.0506657504150736,0.8495942373279533,0.9408704890613677
358,0.9823819711034192,1.0601324989814582,1.043074272065155,1.2386006193514723,1.0645165155403638
359,1.0708273708690825,0.9667864848930169,1.037944678492026,1.102325814111218,1.0658780497285798
360,0.999581833339975,1.0947435675526653,1.0737196005829197,0.9306911201464995,0.9910491364134304
361,0.9461905213915172,0.9761012555394261,1.0827759375571515,1.0958446169786096,1.1943860849676817
362,0.8941021683127077,1.062556183045628,1.2033133647297076,1.0811161922711223,1.1279734595728301
363,1.0233619460862708,1.1646767408848295,1.0081679830313908,1.4475919452586739,1.1818639901922263
364,1.0488184175703195,0.9873037711071749,1.0930771723572459,1.1303040483240558,1.1518476111577527
365,1.0718450217122515,0.9560058885507949,1.076316001082317,1.523710682242483,0.8999547122581969
366,1.0879577323375482,0.8683175668258233,0.9204799981452655,0.9090525041139884,0.6408696591935561
367,1.0001255599439351,1.0508558096551417,1.0148192932545563,0.84529550304533,1.0924155945092053
368,0.9708894311563407,1.044270328039423,0.982813327199358,1.0714604673664843,1.0227773660808472
369,1.0508531750364372,0.8496594765069616,1.0686486859662956,1.0660797409236957,1.089260630124494
370,0.9892695881878562,1.0858541432654973,1.1097628032755427,1.0587292544222093,0.9882355694358704
371,1.036743064437354,0.9859967196924869,1.23465048526608,1.2187005508998894,1.1476625631986845
372,0.9809282440499577,1.040404470439224,0.9946470318947567,1.0843418282793553,1.0642529287568505
373,1.0819247677784734,0.9803172294862833,1.1196695950941655,1.0903774333110599,1.0918631442648925
374,1.0319826919947241,1.0619533143997668,1.0461687000736948,1.1578924142613447,0.9130039171960661
375,1.0999996493200863,1.064902124209536,1.1450996391099872,1.1166628019327633,1.0276691569695349
376,1.0241937224036033,0.9730069945986076,1.0293984878282718,0.901760511371085,0.9556966167980517
377,1.0545304707065435,1.0307892818040882,1.0965059186281008,1.174308705114495,1.0768034369373374
378,1.0218154643020834,1.0734619968220638,0.925875450210189,1.0963083218414857,1.0616189038662025
379,0.9596063886285329,1.1484897873486484,0.659192444660401,1.0501753032666932,1.034281972823002
380,1.013318861246766,0.9617538289968528,0.8567280709940353,1.0869418951429104,0.9453912011810616
381,1.0400679961439776,1.0526215369119098,0.9904183200484316,1.0789146527160456,0.9214878687795143
382,1.1488343918062056,1.0769788860328258,0.9940836329559443,1.0798081525758714,1.0922009623099938
383,1.0000424203146834,1.01395474273605,1.0400633815589526,1.0247546146991855,1.042158759005276
384,0.9842645000753398,0.99372190374766,1.198554667655102,1.0662757582640792,0.9184633610605579
385,1.2005098968287942,1.0033840628775297,1.0792095868816602,1.2063720025382518,1.0207817358843239
386,1.0871156914898885,0.9961997750521926,0.9706677583364692,1.0477748207848037,1.0140705124593588
387,1.021929758828279,0.9939929560691844,1.0530526410647696,1.2209300999824686,0.9430424039908706
388,1.0051024379221027,1.0754724575547445,1.023583585983447,1.0740853512943724,1.0680695478485247
389,1.046503280671365,1.0603364921195975,0.9897863998891414,0.8867992949743501,0.9872610558186693
390,1.1030513399130177,1.022789230933721,1.0926528108001015,1.0053220645449314,1.0221151701058764
391,1.0463926813634934,1.0762905404897745,1.1229017188045003,0.9385085475101441,1.0738568385124208
392,1.0665557944737678,1.010427912102344,0.911543113284967,1.0987690504134702,1.1121409848858599
393,1.0951327087216882,1.0335168150410012,1.0381428745809853,0.8992602025069268,1.2181226716133662
394,1.0497444111340035,1.0599915814799048,0.825089355917718,0.8287715260376028,0.9097058561851078
395,1.0133063673256013,0.9890682420712377,1.0257344168790858,0.9843060223334733,1.0435433220010606
396,1.0657183281697973,1.0442882153787585,1.1077774917246295,1.1808757314914051,1.0356980637161113
397,1.0158499543068007,1.0534079141560886,0.7198222961232592,1.1274700092575174,1.0317592699259155
398,0.9259289757419913,1.0538974407382409,1.1566461430878836,1.0231603323267326,0.9585650499648809
399,1.075676244759875,1.0726762494377167,0.9156194551459335,1.1257470047037244,0.5978919846230059
400,1.080796442205065,1.0084518952204546,1.1351441004456235,1.0229773800206614,1.0061767327210218
401,1.0509868168640406,1.0609808835847392,1.1620153543939233,1.1069565230592708,1.0674785071940356
402,1.0266012975407857,1.0206448190484076,1.031306298943161,1.2295349538618374,0.9638410616070405
403,1.0269400947629226,1.0359177155049095,0.8354923675902656,1.1101223043861435,1.1410700774579392
404,0.91634092968166,0.9719430414228821,1.0535910709134928,1.0681587816949107,1.0680695478485247
405,1.0547078975545907,1.0909115184759501,0.9301439169816098,1.0644059197801157,1.0252526819543095
406,1.1102437218521977,1.0878950835106769,1.0182192152630603,1.1047881961438513,0.8225281299477202
407,1.068029903132353,1.0503221191285423,1.1111536461929665,1.0700428982248136,0.9172065857951404
408,1.0569896487185113,0.9602888340751,1.0243194481737596,1.102915046619206,1.1104576057138935
409,0.9403851731011432,1.0580725214255104,1.2165162763340154,1.0896520764174253,1.2190529795237355
410,1.101099446631419,0.9974337733667817,1.0529427577730133,0.9142057408877495,1.0431976559520981
411,0.9732263591973851,1.059740887523963,1.0555152617779167,1.0169022321312913,1.0208809476607252
412,1.0628412368853621,1.0544631866675989,1.1162514559676522,0.9498228842682774,1.1638209835732232
413,1.0468669206053671,1.0406070864374573,1.100952173118227,1.3245712196283392,1.0308396809758666
414,1.046596467448723,1.0335033896545769,1.0936428503193534,1.0982418701861993,1.0979854511527714
415,1.0898355221641975,1.12190226912342,1.095428909587848,0.9851154987554326,1.1281917928938219
416,1.0242864641749827,1.0926130269566887,1.1329505585945836,0.9976512135046809,1.0037589902366129
417,1.0397750822784564,1.094756911627391,0.9798698616470926,1.1088240947628023,1.0446606435032653
418,1.0325310425413834,1.0509266923815417,1.1084608929757633,0.9914409089656031,1.033673123705762
419,1.0843547708764458,1.0521991111439049,0.9752014015557187,1.0006299307083442,1.034570664498612
420,1.053831351282321,1.0299055225324818,0.9314183637265554,1.1064583726016475,1.0675611296317222
421,0.9602759628392317,0.9514508150587716,1.058801141552094,0.9583424674138099,1.1744051611566029
422,1.0346546289526093,1.0988307617374007,1.0836567537056097,1.1547628695201935,1.0027819763538812
423,0.98692918800781,1.0297309522664644,1.0956336293376074,1.0517089433795197,1.0136694040423528
424,0.9753198851589504,1.082222153556695,1.0996435901815795,0.9604806459454925,1.3834847875259124
425,1.0805821767458834,1.035065314627783,0.9861642623569219,0.873247204832684,1.0098929891584065
426,0.8236428892518279,1.0069807882899342,1.0681578028117789,1.1021199999402644,0.9263317754364012
427,1.0226734040038048,1.0913536126770744,0.8644181162630085,0.9441818935139848,1.072657724000636
428,1.0104764499365029,0.9535193854659951,1.047761928378589,1.0756921214283186,0.9201927018793081
429,0.9739856497744269,1.092712395655919,1.1045774287750605,1.136433871375855,0.9381510645126653
430,1.084404797648043,1.0039805056574,0.7619162824843967,1.151289302935093,0.7051349550828223
431,1.0313698135225138,1.0416285191745462,1.0284703766958125,1.0986649480398352,0.838685867229869
432,1.09387936325212,1.0375737711015895,0.9438183994830887,1.284619916374113,1.0554443683820058
433,0.9858964668695497,1.0888128371294539,1.0458996234562388,1.0747995369727652,1.1929792019997778
434,0.7690530045083247,1.0199234377866717,1.0612912683716862,1.0017456674339726,1.1152571027959097
435,1.0275209390724258,1.0271297669612005,1.047232852086817,1.0927447742518528,1.2242992407643378
436,1.0630574060422713,0.9877510961523258,1.0965947013275965,1.083665941810878,0.9938774957865031
437,1.10368753496937,1.038195673444209,1.063434844205452,1.1796545383775112,1.1121409848858599
438,1.0519026279710395,1.0083297501054052,1.1203939896869042,1.1168423323900942,0.9125763430739474
439,1.1273730066948897,1.0175711322532281,1.0876970610753625,1.0978159370626595,1.0829817299717697
440,1.1395938232131204,0.9942008958799664,1.0149166324748486,0.9657590810496606,1.0758834292602784
441,0.7630682092873001,1.0258280624630802,0.9596636159312926,1.2204210491045682,1.0793223962907286
442,1.0219019244364034,1.1116697715974944,1.212985115619526,0.9948707086609994,0.9896581502625398
443,1.0396487143207445,1.0687862711389964,1.0439171372504656,1.123015865624129,1.1189843272469355
444,1.1336822025867608,1.0377735742116263,1.104442543291389,1.0177645925048455,0.930158969307145
445,1.0993893093875462,1.1502376338351066,1.0916615690833793,1.0479226361603378,1.0403572796630083
446,0.9814886195211865,1.0688899634106621,0.9123761143099827,1.0377513912957979,1.0728603863383712
447,0.9492888968532992,1.0456972936381659,1.0952691582821092,1.6759032872255322,1.0632050207691515
448,1.0424562239350657,1.0097221693252598,1.0433407872634592,1.1780892878092337,1.074516559715654
449,1.0605337488736348,0.9857689636435275,1.0945989057111543,1.0516968253192986,1.1886795141579989
450,1.0256958525621724,1.0128186114178312,1.0971104236126927,1.0705108153592728,1.004816314100696
451,1.0501799940144039,1.0556746025267394,1.0588550226295557,0.9745317577922982,1.1516484417035742
452,1.0441849842071427,1.0237046700631043,1.0417710432225036,1.1088061429222438,1.0301529347978964
453,1.0703905850102065,1.051612657039951,1.110815064215826,1.175208073025228,1.0587946097425178
454,1.0852465822764426,1.0874815005053544,0.9891818327196141,1.1224519629402858,1.096445840993512
455,1.0843494710177612,0.9709417429945074,1.1375151081181842,1.1267627154155107,0.9555550932052433
456,1.0723167468763242,1.0352940074394683,0.837030049636032,1.095847948172558,1.035763810825037
457,1.1512658515405345,1.0683585403720692,1.119452936053258,1.0386986309483,1.0240312613976794
458,1.0564025827741663,0.9521726426239072,1.0654062993793905,1.0976882809388875,1.089020904740217
459,1.111348370934571,1.0476812090500967,1.0077830737954583,0.9591843425978024,1.0925065937773903
460,1.1096134037565741,1.0157939930877908,0.9815835552370735,1.034979824727366,0.838685867229869
461,1.0692488986723174,1.03872310166322,1.212933205655608,1.399269625481184,0.9345077568161883
462,1.1084871228449573,1.0005349825146164,1.009680565080567,1.0830053961458859,1.0922839438687995
463,1.0100870639228676,0.9914695563535538,1.06865347913305,1.064331396059533,1.0590619064719784
464,1.0723495517820278,1.065157546840527,1.1163796156849188,1.0227679969831083,1.041241640680462
465,1.152866118796918,1.1346017332927976,1.0568967570998014,1.1462233144864495,1.2190833159604635
466,1.0622828480053548,1.0562470394217531,1.1234166050262608,1.2012990427202652,1.0261280029132709
467,1.0576002858744447,1.0194849564267197,1.0664124420252121,0.8063034238917772,1.150054902989178
468,1.0530423669696327,1.1149028831939989,0.7169258045257563,1.1160084179286807,1.0689083839563345
469,0.9432414881680824,0.9423714637402931,1.0560843940731721,1.085168590251629,0.919019845037682
470,1.010071827246402,1.0491354957978478,0.9942867191032984,1.0850151856392407,1.1929626519366896
471,0.9833940948001516,1.069915163429671,1.0620965343110866,1.149286918072436,0.6092230945498028
472,1.065119660849086,1.0080811217013952,1.1515990365349156,1.0548663972912482,1.1763081112846614
473,1.06101497806796,1.0485129344180275,1.234106805024326,1.0747941957296931,0.8220028562597227
474,1.0345992313047545,1.0288137421820776,1.0137030912524092,1.1242863946905008,0.9838211142823092
475,1.04601409852241,1.0292935498161835,1.0669862059406534,1.2101397835849208,1.0406207397836156
476,1.0009642970038248,1.0422443992659263,1.1609465523689961,1.0291782802673668,1.0793206110617772
477,1.0181059217091417,0.8198508086510485,1.0606161340734068,0.8576066216489924,1.1394469616620062
478,1.075257973766673,1.0317036237452424,0.9301166335299527,1.247848482508249,1.0227773660808472
479,1.0188943923967344,1.0662200617163382,1.0852233280031258,1.4903511020338533,0.9157716301926772
480,0.9713869398687313,1.013046841166259,0.9837280180357456,1.073453095179438,0.9979003724447357
481,0.9331163104544975,1.066950345596694,1.0482235659812853,1.2370324891575448,0.8943205549186612
482,1.040983076337725,1.069485610330866,0.9014317140870134,1.3313663010896015,1.1260782997473533
483,1.0564792275919785,1.0321389301300434,1.1411899908123555,1.1318984626371629,1.1497768177513323
484,1.0295014307317383,0.9715011418449487,1.071124491526037,1.7832754473218657,0.9200754996825485
485,1.0259144703827556,1.039745892263291,0.91177168355963,1.118378010474559,1.0200719695818445
486,1.103397132832564,0.9945341210372636,1.1213905751001476,1.1355230419879152,1.0922009623099938
487,0.9766294470609833,0.8102162743155531,1.0842258203872936,1.2234413134555335,1.1589581800479145
488,0.9767030184445011,1.032168848642048,1.1404943050416518,1.4346870968834609,1.0588234667610308
489,1.0752675152627762,1.0270529978123195,1.0405404814553283,1.049619881468325,1.1037581902171787
490,1.0216289656310171,1.0154876328152405,1.0363343846407185,0.8153002429863399,1.071641153914009
491,1.0504721096414316,0.8414333606170955,1.0874982644351296,1.0844424161980555,1.0310181974617718
492,0.9834350106523054,1.1443861371801198,1.0577841912651642,1.0881774897208614,0.9852525474981005
493,1.1080468719808982,1.0495668300463554,0.9822328001303032,0.9815224777212722,1.0997505138103065
494,1.046253699352039,1.045028890955326,1.068070590312744,0.9840878997119762,1.067860884506079
495,1.0068789598262966,1.0982281808828183,1.0635199587012085,0.893263655622242,1.2226578996789224
496,1.0617009382978693,0.9518429594828639,1.0020723347085632,1.0403038476846402,0.9840798161862784
497,1.065468629558073,1.0314225311157488,1.094514720781593,1.0667487440249217,1.0955446061132585
498,1.0649504362784101,0.8858259261509792,1.1466791010397765,1.268094134591176,0.8956919205314214
499,1.0771174955418006,0.9963684311131851,0.9603190846627115,1.1733182144297496,1.079192186864882
500,1.1154576245415382,1.127231952915309,1.113032097025375,1.2174425454979505,1.2352383405235465
501,1.0229237870052592,1.0869999618504282,1.0755696262994392,1.1171065093835488,1.0031932898795741
502,1.0588911197518134,1.0888497405520217,1.0995539953674645,1.0303642096962702,0.6602199362970077
503,1.055144187825195,0.9985296038341187,1.0948209426105069,1.1573943483600504,1.0078772149991349
504,1.0387318004370136,0.9970845637537601,1.0818821744636717,1.0968374586620637,1.0304880767384927
505,1.036339113943385,1.1174114008766873,1.0886006565820816,1.1294965541584399,1.0842304491552701
506,1.0562122797333315,0.9707232025340111,0.7189083405908967,0.9553217855979459,1.039215703174503
507,0.9458370853043693,1.0517457489745636,1.1679052523984788,1.4545963959455686,1.0732852574489602
508,1.0845396762166013,1.0122087223086622,1.0615223627360983,0.9866652362405648,1.1441940036866465
509,1.024957105805693,1.0015181488042393,1.0499409646914155,1.0338355988760057,1.186866850977121
510,1.0834143385960042,1.0760628413176183,1.072550925261035,1.023362962070143,1.0270529423342978
511,1.014976904939136,1.018954065988447,1.1261806112882784,1.005068021856883,0.8257519667388331
512,1.0592415518095608,1.024078892362123,0.9991998038714512,1.274491877414416,0.9861049312721302
513,1.0247130619624685,1.0310819209216175,0.9747846761488347,1.070609545937596,0.7070094912069833
514,0.9782770790153908,0.7964449741042998,1.027364728297613,0.9979022125933775,1.0358566702922394
515,1.0227944890050198,1.049209451905725,1.2300176368529228,1.2046239562769299,0.9274960864565718
516,0.9970471062935499,1.0409366154860267,1.1169106009762664,1.1890274603127142,1.154515386130353
517,1.0542794344939415,1.0716665604130173,1.0380798768140103,1.552923747266984,1.117546213297461
518,1.0050488074273576,1.0487318034703852,1.128595262197098,1.0540795517046908,0.9652798848084913
519,0.9546426033440043,1.064601415198025,1.0785534290311982,1.1215497744214462,0.9630334066319299
520,0.9675043513669559,1.0512206487217528,1.12079765146061,1.1475150892968176,0.9549904891182833
521,1.080567411377688,0.8934363915199878,0.9873228186979888,1.0792060570034474,1.0264564762763877
522,0.9838149057592855,1.0199700873484019,1.055089379311275,0.9806981451220211,1.039290713872443
523,1.055799885938911,0.9888168585605519,1.0461738444987272,1.0474730637670693,1.0474363803796065
524,1.0453743148256918,0.9885274468138594,1.127418474556953,0.9982176326018242,1.042586883100221
525,1.0042974409803818,1.0181234139768098,1.0375249230513308,1.005709761184155,1.084057049454921
526,1.1211565171906865,1.040218843516625,1.1259674154080164,1.1099412822797445,1.1177621452079762
527,1.0763745907995426,0.9807767599907071,1.0401194088878138,1.3150927357167745,1.0935157201866739
528,1.0632030760439815,1.0002345941418358,1.0324775817294438,1.1138787505666357,1.0033790592477476
529,1.0456010396213749,1.0632483957981222,1.1570332798154153,1.0095293135910488,0.8098967124268674
530,0.9519724642439027,1.0706236567469203,1.1267575188999466,0.9603262253141288,0.961412529971027
531,0.9318952506886954,1.0520139193907037,1.039937323355127,1.0681578266869665,0.6659089145999119
532,1.0593298626280396,1.1221152387165951,1.0320319173158616,1.1853926565750488,0.8876247293789106
533,1.0618114033115202,1.0671142748072457,1.067884546458215,1.1197114152663994,0.9080586337373173
534,1.1056824785376547,1.0812274206499133,0.9190500897565511,1.2332008418620177,1.016018850015174
535,1.0544498780727327,0.8903736437207347,1.1944566194922643,1.1114387197666318,1.1710004758105692
536,1.0717093903311272,1.0554222520324812,1.022079424271224,1.0816262146134954,1.188672127982942
537,1.0885942329211458,1.0038680811751,1.0739908612285702,1.393293880307816,1.2899730887549319
538,1.0295931284958308,1.0377009808557411,0.9056912743582924,1.1819048663685503,1.0950745584034638
539,1.0291398126690643,1.0263289167981602,1.102824355373985,1.0901388429073784,1.1543860393588141
540,1.0073444806483043,1.0095729265315165,1.1060345021064044,1.1491458451354875,1.1045379760909493
541,0.9381411460812982,1.038653699821055,0.9170306958347555,1.4196930001735848,1.185080844491477
542,1.0750116466167783,1.0384540947714733,0.910010408248948,1.204988186930492,0.9728204673815951
543,1.032559491483666,1.0285006754635717,1.0496096369547645,1.1809453801741578,1.0660144601202801
544,1.0415203633951908,1.0363606836978831,1.0151491223845321,1.1899851611017191,1.2000000615271267
545,1.1243208313645654,1.030076331101053,1.0980776916201416,1.8546566108956053,1.0146808902114486
546,1.008321957647527,1.0215202359663913,1.1507164159209882,1.128434322938702,1.1042608430141732
547,1.0972852899262135,1.1365295027380997,0.9207219703632392,1.0798517503821632,1.1123142689386143
548,1.0326109639051368,1.028749129904389,1.2123517201202842,0.9927424588993303,0.8315478490828473
549,0.999493094158837,0.9724957950251608,1.0216171237523366,1.3315975237514597,0.9755407887671207
550,0.9570744670960742,0.9823462425118366,1.1288139850059313,1.165758756954147,1.1528269340637873
551,0.8442943834378099,1.1089527484864161,1.108196919277932,1.0862830594183213,0.9284352129136214
552,1.1059049427539627,0.9971471322629571,1.0249090388228985,1.0841656320464959,1.1125245978444729
553,1.0045008334706205,1.0987276522278895,1.078385348234705,1.1134499800441136,1.1604378523780416
554,1.0344142817665658,1.0481669303039352,1.0467331787555014,1.1008673765312478,0.987607542826711
555,1.098773831320814,1.1578862718744591,1.010843856756685,1.004346474245768,1.0714286475907404
556,1.0699867338530158,1.0175069133247536,0.9871324806778224,1.1851468736335868,1.191649760535137
557,1.052407956396365,1.0600301301356132,0.9872835956818389,1.4840509102121775,1.0991129194671092
558,1.0828765415786836,1.0751607771031795,0.9596795642528262,1.0922074479416943,1.0053333767330657
559,1.109542811834028,1.0698877657722348,1.014413764836015,0.9230753919282432,1.0841101964597462
560,1.0112294810791718,0.9971753290397769,0.8850810230463697,1.0521533726086627,0.9725730857220827
561,0.8376798560318796,1.115148023470434,1.161426365289763,1.106749143389458,1.1476625631986845
562,1.0406141224239667,0.9943589544871835,1.0140543062256488,1.172876324584539,1.1248911206358772
563,0.9924473460568803,0.959547935077055,1.0702284330066012,1.3445734220206405,1.1387386787193912
564,1.1085427477478587,1.0392546654749744,1.0679442526518124,1.2090134038475335,0.9704587749278296
565,1.0530844250972573,1.0966744868892082,1.024828384978394,1.3807098788651984,0.6934672348188414
566,1.0424897619665183,0.968686790125064,1.0352752289931293,1.1293750927322719,1.085871618332744
567,1.0661404662232599,1.030755501971626,1.0517601557733653,0.9423349541319211,1.0380765781412447
568,1.0201489009825984,1.1216295120874824,1.0264181849732161,1.1663400713449226,0.9188727782751434
569,1.0918829857451884,1.0701631214137213,0.6783349848355267,1.160562274063184,1.0580036319063204
570,1.0529875028801567,0.9758666867439422,1.0840083390403183,1.0216532644617153,1.1528663421245098
571,0.9960566687212659,1.066898723444918,0.983540628201901,1.4430393537965176,1.0270603974594557
572,1.094556531086663,0.9805896656727969,1.09814926410795,1.146607953603184,1.1917717216126267
573,1.0885878579617834,1.0252069613688999,0.9337761391389019,1.0495612036561506,1.1660861102878284
574,1.0877687917198273,0.9876221187069395,1.0198910341728162,1.067770442441264,1.1469849793596039
575,1.0591824505358847,0.9743549817561644,0.9985719541016951,1.0695549127833075,0.9400760903438792
576,1.1531491267385645,1.0926658525962596,1.1139889258162863,0.9891528470170144,1.0793223962907286
577,1.0440115677657325,1.0258968996733677,1.0990122235856188,1.4570077181884677,1.3026681039796741
578,0.9808873027717248,1.1107863461134997,1.0409671961956364,1.1163021724870974,1.2272727567851738
579,1.0090907494225725,0.9923128282008169,1.1646473244705495,1.0618404691327614,1.0018642111335587
580,0.8021962961839538,0.9893101164424559,1.19470424413284,1.0987781701759645,0.6659089145999119
581,0.995482387500656,1.1100967884725483,0.6274274596462905,1.0029978636536638,0.6138083065229343
582,1.0789500389519526,1.0708662736964711,0.9932083651145492,1.0934972503523308,1.1763081112846614
583,1.0632272011856656,1.0372918036618315,0.9630196519522455,0.9624911281830772,1.0651912438085025
584,1.064192965098145,0.9403880562455512,1.0516229837852173,1.0603766729038975,1.1669270312790914
585,1.135896473600313,1.1122982909710262,1.2092743534402197,1.0902087039068276,1.0317592699259155
586,1.0825500764541665,1.0333519455118378,0.9833034126411349,1.1103556388439881,1.0674577014733422
587,1.1204000500505278,1.0887722277740577,0.9836143006614712,1.2418047227483155,1.0052485309349242
588,1.030109779760372,1.1251321196041952,1.0119867679374572,1.1609992476948012,1.1043049344474591
589,1.0632398521518782,1.017886436744232,1.0446680649331805,1.032827244583015,0.9631790446501682
590,1.068821181844209,1.1123938804280655,0.9769782462394346,1.6420642282328957,1.0476939443445084
591,1.0475659544557665,0.9958796674822404,1.4327400252351428,1.051520018604212,1.0716960876416113
592,1.019854017386116,1.0065816995153187,1.1525484533330297,1.1091030424055577,0.9641884453375603
593,1.0596116154125925,1.0387572780477135,0.8972310186681642,1.1790012664889566,0.8791471406022443
594,1.0260505823935184,1.0272557192090894,1.2727927481895642,1.1275654071701302,1.1909086377981901
595,1.010952148646926,0.9811538591694918,0.9978197052431994,1.1113944263090014,1.0645165155403638
596,1.1293660555952654,0.9939030862844379,0.9470018453007957,1.1438432915146635,1.1092152576271208
597,0.9713936127713956,1.0536520582812203,1.021331949674975,1.0656138002960698,1.1048391326859615
598,0.9378261244477224,1.1530340389996983,0.9781089715634022,0.9898506475513303,1.2298643818863801
599,1.0283668377391486,1.046665861938333,0.8937630183232343,1.1448345570826166,1.0800001119623381
600,0.9109579871273401,1.0289351459788294,1.1797970184740678,1.0263845464734862,1.1896021017047065
601,1.0084183017492607,1.0248085212447025,1.1747531652195362,1.151984998941499,1.1527702293620439
602,1.0402151117854879,0.9991419915659624,1.1110017417019877,0.9529901681334927,1.0142448166743605
603,1.0394844349268788,1.0523810423353634,1.1474060009016955,1.1896481913744796,1.000000170897707
604,1.038803204335113,0.9437586540281894,1.1135387657578195,1.2761222112513877,1.0283505409431533
605,1.0502156780279994,0.9554961353798489,0.9072438978340478,1.303837069989312,1.0975509575845344
606,0.8621175875578811,0.9574480456545039,0.7021374249968765,1.180297777797006,0.9949286991308299
607,1.033367694083527,1.0217919133914966,1.074185411956007,1.1469803475973706,1.0157577588211104
608,1.0486828676543845,0.9572219069240477,1.1089989194136964,0.9750307896766903,1.0207488848159638
609,0.9052522055633181,1.113705687462179,0.9981172824262005,1.3671259675776313,1.0548876453042304
610,1.022306807445893,0.8013089653342833,0.9729266049549982,1.0451723046687535,1.1540284543656072
611,1.1532930283443315,1.060169433490718,1.07052242039612,1.583642660340178,1.0356631276166386
612,0.94330523504527,1.1575541311473145,1.0509131191398862,1.0040242089621627,1.1546646887967065
613,0.9501018086057584,1.0634400220338422,1.064043782246939,1.1798224223468845,1.0476427582209273
614,1.1174959231655122,1.0306349565073,1.090333223698922,1.0688131707558426,1.1909086377981901
615,0.9985435357921107,1.0265968708213886,1.002154736600465,1.1540345246980717,0.9935083842915915
616,1.015526691007657,0.9080264843461422,0.6822854218179303,0.9831783388710039,1.0408334480894923
617,1.0640599985707753,1.0208515293755807,1.029551182040462,1.0567850672349224,1.1117701610630557
618,0.9987597484245565,1.0014180942654163,0.7409258725038084,1.155688236122986,1.050792592372783
619,1.120306952791467,0.992923270974788,1.0441187103272578,1.1359606594748222,1.0232965268543328
620,1.0514069502884051,1.046558263063379,0.8312239982848929,1.2053155821889228,1.1254633930156048
621,1.0055822274428232,0.9614882789607341,1.052817527083861,1.1153865610951919,1.0050577699032748
622,1.0704761605169206,1.0076291580082506,1.2422738406475389,1.520349731821258,1.0686258590036748
623,1.1060803867145061,0.8725675326743971,0.9682247815700995,1.9789885781178271,1.1500961699951517
624,1.0133726805802155,1.0887219914084971,0.9549604597469807,0.9475373453876237,1.069078364903628
625,1.0812129686914567,0.9741395850439531,1.0738968915491232,1.1387548159044383,0.8257925608203789
626,1.0028607326355177,1.040347361965739,1.1979844666808181,1.1787099818106732,0.9815470091922323
627,0.7611093444601666,0.9823270027479459,1.0144119679298793,1.0599056872281765,1.1788295645920042
628,1.0715830294311877,1.0447846276052826,0.9323287991424611,1.287283726069238,0.9659321619024789
629,1.0857066762255336,1.0493025903935689,1.2318270184283362,1.0966503259174505,0.9435029547190067
630,1.0264809415497058,1.040852579390201,1.071718197664796,0.9874332320805292,1.222738011345072
631,1.0541395384800836,1.0504163855343964,1.0119866491842129,1.0836344054584082,0.8108593528973009
632,1.143072590231096,0.9119459261358176,1.033753206640008,1.1244576670437822,0.9157716301926772
633,1.0668392982643407,1.1030867370130808,0.948147860401183,0.9616221804077274,1.1049419101532567
634,0.9894480528315036,0.9677217579897281,1.0623783580662776,1.0254048185038371,1.075345885313397
635,0.9934002045066321,1.078888479545396,1.0567041763243055,1.0477264604428864,1.111708808107057
636,1.0534987016741513,1.0691498156242518,0.890060669591576,1.054040426270646,1.0841101964597462
637,1.0329385418687864,1.0021849090252304,0.6658380099313892,1.393204566351366,1.1943066207040125
638,1.04731761009428,1.0836242245636292,1.1593404760713637,1.1671223038434053,1.1445489677738938
639,1.028970558517345,1.0333753817526299,1.061835492919112,1.009874615011553,0.989959992933683
640,1.0638605442609042,1.1141479459649402,1.060942047405964,1.1307145323932768,0.6516804980985692
641,1.0561570537650484,1.0091063406424428,1.116996816415827,1.004734916128782,0.9588957111097748
642,1.0994462635021878,0.923275230919657,1.0611272217162973,1.182877241287488,1.2094034707099859
643,0.8623387050888962,0.9621217000872168,0.6837148301100844,1.0498260520498879,1.0340960629895233
644,0.9805815305174808,1.0195465560614767,0.9003052001687606,1.0228672665361562,0.9162751239703103
645,1.0474184664297417,1.0657362096959218,0.6990759429376713,1.228387903861557,1.1518476111577527
646,0.9757589452832983,0.9417562516781013,1.0154382480766642,1.106351398534937,1.1238857888222664
647,1.1141132481201423,1.015206396337093,1.2098433117072502,1.0850436982574958,1.0269069862089601
648,1.0614099230822793,1.029428401684269,1.067386602415289,1.061531307805193,1.117546213297461
649,1.097541324659186,0.8635728386771926,1.0299532943553749,1.1985078043083641,1.07999967744452
650,1.0525882846367611,1.0823835743988877,0.997106974783565,1.0738077783784699,1.1212376303472253
651,0.948283376567593,0.9199829125507165,1.1674240675923229,1.1556479222387712,1.017376882549594
652,1.1274147197979774,0.9684925745759905,0.9900737911130791,1.093421671488301,1.0400564345354748
653,1.0607818997476994,0.9803899903102523,0.9139226091116879,1.0656828280361321,1.0196889038517247
654,1.0216047054359787,1.0271663035765937,1.033987298792468,0.9876852729154857,1.0185897323598276
655,1.1179911547189991,1.0710814934585777,1.0412035890981446,0.9925738832268076,1.2197411119333863
656,1.1151771949962759,1.0255194400180137,1.4166918178261494,1.063743410721671,1.116554258957835
657,1.0016570403281537,1.0417452472025066,1.0749467399050543,1.1207320511200258,0.7990720203093832
658,1.0011509581470521,1.0768777467748412,1.1245284454534425,1.010386142334123,0.7947139703544728
659,0.9410017224957734,1.0954658413661416,1.06970397966931,1.2689920158838495,1.096430670971849
660,1.0008677892025988,0.9776090197681063,1.1033538503835973,1.0762318671435351,1.1853530551605083
661,0.8202221957898024,1.0098223065790932,0.8373227482227342,1.0920989061608597,1.083678634119577
662,1.043225909111243,0.8281385391682354,1.0554471599897306,1.430084392522655,1.0050097970174043
663,1.050259798619034,1.1346267219415154,1.2069607635588926,1.028252009059106,0.9430722869500721
664,0.9431197446934301,1.011747740220679,0.9934499954905428,0.8059154133610412,1.2154758401644363
665,1.0893991077047314,1.0003821266576138,0.7356976652041444,1.1314473793883117,1.086565184788071
666,1.0363445188871454,1.0671238871512194,1.0481138078515932,1.2406339137854479,1.085397261988921
667,0.9983365054116211,1.0018737170646348,1.0081873843204263,0.9128226101791803,1.0830556430927307
668,1.0640607001870395,1.0112378422440695,1.0057504524677097,0.9952517785437354,1.045567876691974
669,1.2200760789438085,1.0585032160760481,1.0536603207749757,1.1528583367163097,1.0648252848446655
670,1.039481817200429,0.9844795059755512,1.1326584146664516,0.9903633152375133,0.9421709837552686
671,1.007176939201444,1.0656971756328466,1.0961740541174287,1.100808929910262,0.8987955763424761
672,1.0628542079331904,1.0762247787666743,0.9410081165578649,1.096092173498842,0.9601267900044763
673,1.0136687252683299,0.9124510147929396,0.9911118848635194,0.9888161181512293,1.1318762832735636
674,1.0398805426844415,0.975106672623084,1.0692262819467626,1.1775363329905844,1.0297198124470275
675,1.0497487949287507,1.0313830113989402,1.1003894536472312,1.5594426580110605,1.0862639186025755
676,0.9522580681877102,1.0732664576109763,0.9895181396393103,1.2186805386854027,1.032833431512299
677,1.0451122753266433,0.9960774436610363,1.0838326815074524,1.521671907109116,1.1334105927739722
678,0.8567298072048541,1.05740316900669,0.9985657524652781,1.0540631772746683,0.8730162132862881
679,0.9741257443165082,1.0461651730393318,1.1338257868260668,1.1607595603568506,1.0010245387981698
680,1.0646203726045782,0.996974134310116,0.9733585249325905,1.2033727887568455,1.084210157041539
681,1.0009132707603057,1.0768187927066863,1.0156023564609764,1.0098155079421047,1.1899309728524283
682,1.0785273369442916,0.9983274661962818,1.0767788312577646,1.0950051688066078,1.2197411119333863
683,1.0138922685196121,0.9484797652525281,1.1547291436896865,1.1125310881145292,0.9026071009922358
684,1.09831018015085,0.9235604068711454,1.1268241183849392,1.0396893273214018,1.1075482060909068
685,0.9998407916721591,1.0211147096857285,1.0945788273069865,1.2026600015979738,1.0496018246028445
686,0.8965959848997453,1.055315093578267,1.0004807981355024,1.5022372254365803,0.9448479806077481
687,1.0421583358298752,1.005081845428144,1.049119065289177,1.1145235487223684,0.8902286141174945
688,1.0579953392949386,1.0163400247824523,1.0608021525086972,1.2041416924909654,1.1279731318146482
689,0.9983601033374888,1.0750189672889814,1.0443635883206015,1.2379928454372422,0.886880229888123
690,0.9569781567607935,1.08353596723892,1.0756750666418744,1.1548054583919924,1.050557145473396
691,1.0230600357978268,1.0114712500502558,1.106784106658168,1.444138917912232,1.151283126954564
692,1.0585470184007328,1.0610297213266313,1.016658879063754,1.1123669862572299,0.9848764504534654
693,1.0268681674111766,1.046554438412957,1.053212963670907,1.045490999142548,1.1353954339037793
694,1.1212587574868706,1.063080811066797,1.1283858211662336,1.0381639791076918,1.0506657386729688
695,1.0702262880503106,0.9762429254392044,1.003508287422548,0.9758107851861457,0.8782643609930405
696,1.0895247201953533,1.0473005643080413,0.9535620688936862,1.1339632047970094,1.0211153829848743
697,0.940109595113925,1.0599383059281928,0.9432007775994908,1.1075932127434431,1.0468728172453468
698,1.071759121175503,1.013816800343119,0.9930091138447024,1.0031898334554137,1.0397491148998825
699,0.916862517793799,1.0700846028756212,1.0035834177129874,1.621932660095046,1.1248327394643305
700,0.9975297557642936,1.0785886105530031,0.929284114437678,1.076895815543157,1.0310183875834726
701,1.051963748816174,0.9625138967511531,0.9825283536908317,0.9904268762579552,1.3361458782142364
702,1.0533540591219106,0.922684374956576,0.69470229396372,0.9969972610724928,1.236581934286424
703,0.7790583413997432,1.0716491622457665,0.9297297479002053,0.9203230293832924,1.0904036089758644
704,0.8049684780752107,1.0754380667626073,1.1433479976755279,1.132477253063318,1.1499332870416228
705,1.0035280761573693,0.9741084817865291,1.1350485349150983,1.083458760085021,0.9286704544298127
706,1.003788262788787,0.9826984653852198,1.0319081779992336,1.0446269772591055,1.097131153350567
707,1.015566847853341,0.969580645480542,1.04940483022927,1.3234187662261516,1.2509484602301575
708,0.9473923537048612,1.002771180605505,1.1104718363177681,0.9333611454877715,1.1420456147123172
709,1.066576638241779,1.0245823812858215,1.0001455756150222,1.189656026795926,1.0508963358556143
710,1.1479812255675914,1.0778898239010002,0.6974917873820214,1.165699279622542,1.038461282549177
711,0.8732903680214393,0.9817537904516076,1.0774045533014913,1.1742930440047685,0.890547472896372
712,1.078150916146557,1.0431872953567374,1.096946961772655,1.0222260956223306,0.9469030951547827
713,1.0305041578788146,1.0465210152278646,1.017203363509135,1.1069552447023463,1.042209250110954
714,1.0083981850842576,1.0827358115037637,1.0963671911602184,1.092746850357493,0.8424632120300809
715,1.140610435666958,1.034481828005687,1.1688756892204841,1.066080098354842,0.932477567970775
716,0.9392102486839009,1.0739593903920983,1.0419567763449074,0.9053950011606586,0.9912283744333593
717,1.0104891207107218,1.0423684654961642,0.7430432440389438,1.0892538211371425,1.067943210310902
718,1.0137578930667919,1.0269854239770053,1.0820776387075877,1.1672011246812461,1.0252528137223715
719,1.0794229046183292,0.9984510079837403,1.0877247365007665,1.0800688725863696,1.0611750106933302
720,0.9839299273909353,1.0603649961446737,1.1254036657117141,1.1395162723861343,1.1240835069468658
721,1.050591355073192,1.0270661634055296,1.0221439241735755,1.0284791486106861,0.932447624729671
722,1.059109054012305,1.0682141974930783,0.9433065844551979,1.1231767936095456,1.0664468461268704
723,0.8580777333736308,0.9674635847285838,1.1387615694945556,0.9594862931729864,1.1589581800479145
724,0.8540241289430003,1.0870845164106933,1.0029208164077312,1.0819353599418566,1.0923609171993547
725,1.0305979548152047,0.9941676794554709,1.1294695915222879,1.0773346137985802,1.0242699077069404
726,1.024297312450698,1.0701616862140977,1.2445795637982038,1.1107178394716557,1.1892625467941478
727,0.9990431153103869,1.0127772531043735,1.028802365083267,1.2081294623609562,1.117056721756215
728,0.8582654703801298,1.0501175254581245,1.023575109394982,1.3693044244027581,1.0496428107724682
729,0.9558729543135042,1.0167281047002166,1.0175477625609883,1.4113906914885601,1.1640363773286782
730,1.1599776858971085,1.0574090619672265,1.044997353946652,2.057082548992483,1.0551341095113334
731,1.0424118098400463,1.0047427182950668,0.9209082427077709,1.2647671474561448,1.069776835149775
732,0.9906711338941773,0.983158667110395,1.0777974965405341,1.1546706420343031,0.8704906074548532
733,1.0515283035514906,1.0272690730043914,1.0351820360138548,1.1726745674442178,0.9990928849770532
734,1.0569848724286495,1.0676763965469906,0.9453519685118359,0.9856913650889234,1.0639269931689073
735,0.9173579788888478,1.0517104635340142,0.9159810802343616,1.0615041090181667,1.0608668690934673
736,1.0223764690739685,1.063592321680475,1.1036757101963173,1.1209129790862593,1.261261345990357
737,1.0244013155834097,1.0691249148644684,0.8354739669789664,0.9837311916471995,1.0673329710917103
738,0.8025366172253181,1.020715489151453,1.1036449811803144,0.998625226893971,0.9940596255382612
739,1.0682781166564612,1.0165890654609737,1.0091712465002953,1.4337132091648137,0.6593623408929996
740,1.0546538031880675,1.1398346770507777,1.0431719528486454,1.1936354521056098,0.8829494982443292
741,1.0607432052061232,0.9332527098255801,1.02025857360058,1.135272289289523,1.0581551253914787
742,1.0756655856439854,1.0235355662556822,1.0646659590137966,1.1220869725263203,1.150054902989178
743,1.0703658866231485,1.0644940663283946,1.1173731797856226,1.1091379726078097,1.0476939443445084
744,1.1159355484307174,0.974333412174871,1.0648035312272393,1.1619666818854524,1.140158522422847
745,1.032072651852635,0.9741823259725272,1.153190848451058,1.1816965200617908,0.9055347967292341
746,1.0346599403140793,1.015183910125055,0.9671185445401155,0.9846369099500986,0.9601267900044763
747,1.0468021689476132,0.9897215803030891,1.1942691951342674,1.0812494050753134,0.9679519205805384
748,1.1160711224315067,1.0478151383885366,0.959937133632221,1.0782940951436704,1.1167968750158328
749,0.8900123341283169,1.0450034697395187,1.0711622479339062,0.9834777893851305,1.0138890457627672
750,1.0991754362953756,1.05629874824704,1.061628506257758,1.0014155229712003,1.0860105146658958
751,1.1528303354038798,1.0677173168688594,1.0667619376163504,1.1438860231081462,0.9968959498675388
752,1.000526477356269,0.9210737452986402,1.0622859663717783,1.0136339082635581,1.0085794505300374
753,1.0548809961666787,0.9845713043275507,1.031389097463481,1.0509881871957814,1.0634480324653075
754,1.0251519626379244,1.0508424095754512,1.0663841409149892,1.250163229825029,1.0206336140316936
755,1.0378912892276884,1.0255553405469493,0.910427826251315,1.068360514426963,1.0300121210845798
756,0.8570324978358626,1.0077021900431693,0.9880495450645314,1.1985825114944948,1.0442430619126462
757,1.0799808565534792,1.0586147128826922,0.9845172504866874,1.3741054885585708,1.035763810825037
758,0.9336253476036039,1.031591936874361,1.0763972063532337,1.189511239378528,1.0576727188895982
759,0.9789059287330754,0.8758789120223005,1.1209585455372002,1.160543251121016,1.2066446625745426
760,1.0559362299039978,1.0354724331697471,0.9600576538966058,1.3790197165612903,1.0501967228232112
761,1.028837215391386,1.0200004244819683,1.0802979748209665,1.0394827504423865,1.1255834190116865
762,1.1025346896572379,1.0550660637584894,1.1473134377863796,1.205254679327007,1.042586883100221
763,1.0022927568118518,1.0600556286184655,1.0634430922959421,1.0515940566180377,1.0858897490122623
764,0.9838992464325709,0.9831416034312955,0.9320038827686167,1.4263073050204564,0.9924542264851992
765,1.0956705680179137,1.0135851942188008,1.0418734574338346,1.2575907098452714,1.1202369408695922
766,1.0477453437393396,0.9833273677143192,1.1959554162719874,0.9869294904080196,1.0030106664759053
767,1.0443857919685295,0.9825664425050877,0.8314620704168392,1.1343306638047612,1.084057049454921
768,1.0488669494414948,0.9979929807426107,0.923837528132246,1.120413372948614,1.0750430681911534
769,1.0644685086692096,1.0890632922549413,1.0080217919645593,1.1133139198455662,1.0161979703540513
770,1.0385615529803107,1.0520788013841267,1.3118320230927962,1.057204911297004,0.9197418746440272
771,1.0474014111982508,1.0755993011369458,0.9728038875460618,1.023756019528745,0.9755246804299045
772,1.0357391821791035,1.1171489080192003,1.1232775108468989,1.1464895551921943,1.1251777821191837
773,0.9384692089033394,1.0551245147629744,1.0059263530466886,1.1638339556740067,1.080774217365213
774,1.1030896464142879,1.1230271612932312,1.1639104211685933,0.9555465677135924,1.085436314040739
775,1.0677214455809685,1.058936381940931,0.9387046777930427,1.2984912594239215,1.0436819478600416
776,1.0522807822450517,1.0930881343163947,1.15349411511515,1.1482674317503496,1.047075035155722
777,1.0449393121437027,1.0706499644504837,1.0595915195889618,1.888005413536779,1.0809961561150383
778,1.078624661151088,0.9877574012691326,1.034090288395908,1.2218125561213034,0.934489473140854
779,1.0050766372293258,0.9756548866547045,1.022699607836533,1.214183150035462,1.0242699077069404
780,1.0385459341737446,1.063223113616986,1.039559124227811,1.5662841969671155,0.8863825399943742
781,1.0016246088403173,1.0107141607025463,0.9148793535239788,1.0979167441987514,1.017376882549594
782,1.0036055635551535,1.0463064858635613,1.0780368878341542,1.1860686634558,1.027354574701676
783,1.0621765203539508,1.031810733207216,0.9739216944325068,1.0910789503057743,1.0568817051108033
784,1.0135149186772918,0.9674678123268352,0.9623755725582451,1.1982076830234543,0.9639289632033458
785,1.0646088077532312,1.01406605949696,1.0581956571436317,1.2127045535297254,0.654664288636042
786,1.1321049117973132,0.947142772497227,1.0381649923832825,2.005475615860301,1.1260782997473533
787,1.003064371311814,1.1526849971874318,0.9784766138288864,1.5874415503520798,0.9907893968476956
788,1.073089526568341,1.0795746498735965,1.099484199053336,1.0725146062032442,1.047075035155722
789,1.0119334472473676,1.0664475612354463,0.9292814903567361,1.2261318733279132,0.7051349550828223
790,1.091328926578272,1.0722887764135227,1.0099184648415815,1.299871771917252,1.138045877875631
791,1.010315547559787,1.0299376592083629,1.1255530695821696,1.1958983365725837,1.0269069862089601
792,0.97713097275307,1.021138779454947,1.0596087733165769,1.0827841017050341,0.9891049594562
793,1.0813942846750286,1.046136746745672,0.9907658588370281,1.044503587744926,1.097361945271135
794,1.2189065759577806,1.1295158340160945,1.0185549958133033,1.1229318796120271,1.145722619483917
795,1.05250067305902,0.949400748428789,1.071959313558307,1.0243047113230066,0.991592673366195
796,1.0065605583139694,1.0311341301956427,1.142040458328802,1.2324581923581968,1.072167899036125
797,0.9793176740208126,0.8725461051974317,1.1079372761549033,0.9023408189292353,1.065952741309492
798,1.0346851330356377,1.1125498131288425,0.9286848878556412,1.1302699505030862,1.002754216159584
799,1.0060216507785789,1.0300119829491992,1.1659999283287188,1.1460345783016443,0.7954549005962274
800,0.9732826076165633,0.8760395268430926,0.9168307739517118,0.9581307729271663,1.1595564747328455
801,1.081277536769215,1.0494215896935302,0.9716360811977472,1.0062921415440544,0.9162751239703103
802,0.9853672242185509,1.0336621068189045,1.0400986869486522,1.420427228736203,0.995898223851835
803,1.0529742835176221,1.0747671295686598,1.194790945358834,1.096574717036113,1.0454254329564574
804,0.9868836810494527,0.9499840775916344,0.8458915110006994,1.2126183051170012,1.0648877476465242
805,1.1145519150264966,1.052025723657359,1.0333372750343668,1.3184565997320494,1.1790962104203448
806,0.9984626501487565,1.0525999581047372,0.9840810901161927,1.2222941017158133,1.1481392126869518
807,1.031935471878611,1.0990866903189382,1.077365870488029,1.242343500708042,1.217804699852544
808,1.0283351120918551,1.057580815225602,1.1077607205658773,1.134860319722055,1.0832948463231913
809,0.9818189093271864,1.003774247371687,0.9776760307878309,1.1875957075993873,1.0660144601202801
810,0.9954507562225684,1.1335665239838113,0.9924850406489645,1.2183070316110165,1.1314610949836454
811,1.13123413886587,0.8845944265900288,1.0423346323759781,1.0968201258260595,1.0968566386918672
812,1.1037444321542826,0.9761794109977778,1.1517976482247712,1.0523074389321312,1.092346536170382
813,1.1517213949960972,0.9647687016057945,0.9983129006055194,1.301319990706725,1.1352091910979065
814,1.0087749648959519,1.027341918248979,1.1678616931403158,1.7054065406666696,1.0494376535413519
815,1.0087788732022966,1.1330267424394411,1.1618541767182706,1.2215716542402124,1.1211474205198348
816,1.0638436889500624,0.9860062560868256,1.0279499293922834,1.1093736294041376,1.0829817299717697
817,1.1442872358967098,1.129816073367955,1.0696799187643709,2.1634470929906517,1.0530374241417062
818,1.1150890845274337,1.0436446507675545,0.9153823226247798,1.3227616853651345,1.1700501383431843
819,1.1058284815946373,1.0529429892015678,1.1382003776102385,1.0701195878814327,0.9927979490508867
820,1.0177939104577673,0.9963932464047134,1.0471715535964694,1.1433160874212347,1.1585083539460648
821,1.1022279609490315,1.0271891403386806,0.9677505230671132,1.5867792144090385,1.2014150451851373
822,1.069076700166729,1.0501965272088463,1.076910410386861,1.08386621826025,1.0658935911818712
823,0.9964742163678272,1.0394339403014452,0.9526821275076672,1.0070405106894045,0.6807028994808462
824,1.047469817190587,1.0323980399033634,1.017540801036228,1.2093456050062792,1.1396674054369256
825,1.0542966252882406,1.1119895170795968,1.043861585872311,1.1045794944425247,1.1277328518694627
826,1.0061743867562307,0.9453865523416872,0.9513744569124817,1.0875992829127457,0.9468654540687517
827,1.0861497443709531,1.0525452778275006,1.1508068013644974,1.0131401474336763,0.9808240616486371
828,0.9242976282081329,1.0682775913433047,0.9349535128930656,1.162306219881959,1.0564079703591194
829,0.986141651614652,1.051974988196373,0.972145947014344,1.0744524433988407,1.1623693692685733
830,1.0347501489717033,1.024008069500273,0.9170258653328238,1.4316460255617443,1.1603978915510806
831,1.0260584698147486,1.1483112184009852,1.0663898773510925,1.2268538733242407,1.0367872524531727
832,1.0202989878753403,0.9862263231004063,1.0502827888536836,1.1836363298243562,1.1033429005630482
833,0.8307385018842007,1.0668701073749511,1.1914712453799061,1.1322569093620247,1.0955446061132585
834,1.0453214195774678,0.9583788438927773,1.0600998150676206,1.1659072029597337,0.9447944806606255
835,1.0293678059851186,1.0373827171228773,0.9937351066708752,1.083648978594783,1.0951269563777657
836,1.0710515841653194,1.0889528317668637,1.1781698499923394,0.997307244053369,1.0891313315601316
837,1.0125345910773542,0.9501116305055404,1.0463478305962255,1.1304802971497767,1.032934074355174
838,0.9797876493962352,1.0815875816881253,0.7414063409137204,1.233243897873401,0.9330764748649014
839,0.9785817553689229,1.0386023788721894,1.0615228610005643,1.0729955398186013,0.9961424937320976
840,1.1289888322692962,1.0401978173433883,1.0082733430102087,1.1157097447365851,1.0137911196317135
841,1.0475044413547556,1.0613630091961395,1.0803447396349595,1.2510011209901868,1.2190529795237355
842,1.0239642220558025,1.080942485265003,0.9050143326228899,1.0094716444675387,1.2014150451851373
843,1.0378796048925871,0.9416358785443891,1.0611347798924926,1.4127957805412978,1.062624893963462
844,1.095261405937963,1.0171220182934895,1.0367490392298278,1.4799951669170033,0.8220993946978111
845,1.0753365113713642,1.0210835006653831,1.02121889564611,1.0297082373663118,0.9837364523155273
846,1.0625163827804818,1.037933685677818,1.1723494698387644,1.1228815897398798,0.8407256061734478
847,0.938421845338972,1.1065989375912741,1.0674233601960725,1.172624207844409,1.1045417451851198
848,1.1071953542789428,1.0017762805028327,1.0686571655865582,1.117609362257487,1.0104998680308575
849,0.9729405699995879,1.011436426571599,1.0089295095511066,1.1055421040929987,1.0598614614910418
850,0.9878910867612528,1.0128562736934923,1.1835834712500952,1.0410992976548505,1.032833431512299
851,1.068650748140055,0.9623176422123223,1.1489960575803257,1.0447346033069467,0.9924542264851992
852,1.0138739254760596,1.021934909691987,1.0694827258142334,1.0946580176273406,1.1483876394315609
853,1.1204725682667076,1.0253319234489482,0.9731741889209654,0.9637910424269452,1.0154406832585352
854,0.800518003698095,1.0263897905273924,1.0682607098262198,1.1286129962635583,0.9837364523155273
855,1.049994320566319,1.0194745047216418,1.149276694069267,1.3134149433516868,0.9772550260167038
856,1.0133092164054782,1.0424486473476346,1.0635197606051976,0.9532559137301302,1.1111113840300355
857,1.0383021649930295,1.0519809410408743,1.1359618951561958,0.9207409519388542,0.6408696591935561
858,1.0320800645962729,0.9532587937211917,1.0046838816490884,1.2226633836169776,0.989959992933683
859,1.041473878563454,1.0475788171328322,0.9668812970154701,1.1658762787691734,0.880590327739663
860,0.9765804486327174,1.038975024115172,1.0673486371398204,1.213544698549411,1.2197411119333863
861,1.047506618817057,0.9996859244721787,1.1704882076204588,1.031641662383676,1.0768379195302378
862,1.0494064604243292,0.9896277994440926,1.057247100228157,1.0508876369973166,1.0676368300599617
863,1.0463687822841312,1.0823988323248503,1.090737009646923,1.18372988311701,1.0742706745476875
864,0.973713263709638,1.027570386046724,1.0533221884727486,2.030411743271808,1.0565480611484512
865,1.0121941332995108,1.067881491220391,1.0674787855607846,0.9200542354184192,1.154515386130353
866,0.9958743437313309,1.1034969725571553,1.062985503169113,1.1454966688673016,0.8192817677317423
867,1.051555897009763,1.0480917357860875,1.0343621491668988,1.0699775341787174,1.1687649185013287
868,1.0879632767987473,1.0716928618042034,1.0865088655656026,1.0410373963988482,1.1277722591784947
869,1.0684057833721121,0.9233016326555064,1.1579700078360793,0.889171886732362,0.9481680467163037
870,1.0584055033600739,1.0196567963764556,0.9373980094902571,1.0930982901077042,1.0345102574740612
871,0.9667368098478571,1.0494617165429665,1.117171914155738,1.1051512814134132,0.9919801107956857
872,1.0284063395779606,1.0414738087271906,1.005132584188327,1.0201089790785647,1.0611044763581163
873,1.077268780255963,1.0450487884516895,1.0579952841161833,1.168740971809286,1.1008865532106786
874,1.0318787975215429,0.782186346571185,1.2106152313747152,1.287443675707548,0.9804360004494905
875,1.1343055464565648,1.0124000693298654,1.0836828568481118,1.0477970110834351,1.2272727567851738
876,1.121177091476067,0.9964777596267719,1.0674290704106173,1.0748921200674206,0.9989951434188681
877,1.1552856253646184,0.9273176913120542,1.0731491399880144,0.9151882695836764,1.1588786725117344
878,1.1315984708583888,1.1162498924251167,1.0366623057694782,1.04341599464768,0.9651607476230646
879,1.0647845388261774,1.03359601951483,1.0449804004240888,1.0886059204436054,0.9909681347425442
880,1.060795509560476,0.9618208800817346,1.1458241376455787,1.3178888585768052,1.290922125059894
881,1.0696497776457874,1.0358063210218633,1.018970295486847,1.1372501719489678,1.1829824393919066
882,1.0711176682208228,1.0614520465202488,1.0168381141313774,1.0339166919721081,1.092276334725466
883,1.0465770980136493,1.0717652857890263,0.9613736889459776,1.1603533327882891,1.034281972823002
884,1.0728820407662976,1.037457688271634,1.0327433283962082,1.1038770611009554,0.9252581056368891
885,1.042576757720935,1.0593343219691496,1.0646335478043616,0.9274392433768766,0.9570314624459765
886,1.0482349137898666,1.056192271986767,0.9404629195014683,1.122939233784751,0.9018408295627894
887,0.9996953241959462,1.0657822885635488,1.1729627526175892,1.2139564330017318,0.9559089628554311
888,0.8275116956091608,1.0582511710550055,1.0998448364547093,1.308843716172891,0.8930818171624402
889,0.8266179674480566,1.0828545966807046,0.9578192616171781,1.0365285084010156,1.0781943747425113
890,1.0283664354879019,1.027054866849493,1.0766249121065123,1.0205214014526598,1.1275479499920589
891,1.0643919067811791,1.0557184175837817,0.959675131157702,1.0173614572679148,1.054210332449843
892,1.0199196572803446,1.0783829378583132,1.209514398228241,1.0515704069779055,1.0628986219048842
893,0.9811306624597473,0.9333774529535529,1.0307407493217426,1.2439953265702062,1.2494684351990506
894,0.9933112740906295,0.9850101900339038,0.9366551056555161,1.1865704934329948,1.0720878435495569
895,1.0709884725516148,0.9052296045081683,1.0590448273495199,1.1523558251935335,0.9907893968476956
896,0.9956422808963912,1.0761552686397242,1.1192747538648584,1.0387609116764622,0.993649287103846
897,1.0451254037739037,1.0471380833966835,1.1352084637129285,1.303062056975386,1.08537717446479
898,0.9943794458257895,1.0697313407398779,0.9610180290036514,0.7965121970378604,1.2004075046083156
899,0.9811402513900235,1.0418060301195295,1.0025346990831128,1.2114848525318256,1.1409664472384762
900,1.0826128772443602,1.0331256291315782,1.1210507029980776,1.0691404638313646,1.1251777821191837
901,1.0049854840791113,1.0676662860325676,1.0006925463680714,1.2856277339584583,0.6593623408929996
902,1.0416028780143265,0.9765769379249553,1.1164542776439526,1.4905063881936134,1.1518691691763479
903,1.033618691184954,1.161766939905551,1.0179237461531412,1.0526250190505393,1.0687360730725555
904,1.0783215393536,0.9732312518903723,1.0863640292044605,0.9078378528679626,0.9465469281052746
905,1.0841056974406118,1.0375685104912975,1.0016300482195257,1.3679581221082164,1.0340960629895233
906,1.0039791433200378,1.0565589559093562,1.0480564284758498,1.6526338664571565,0.9772287051320003
907,0.774375660046963,1.0610715055461988,1.207029612549968,1.5552261602528528,1.0493229328017313
908,1.1185996536793181,1.0978028583341408,1.1483615434563426,1.0354724408846179,0.9070645997026341
909,0.9830972040933414,1.092728165548727,1.1781011198701576,1.1877445272546325,0.9629501999192098
910,0.9868089329039357,1.1129902526694073,1.038340002233274,1.2007154231539647,1.085871618332744
911,1.0783239817293138,1.0519492530146326,1.0520057246739152,1.081342737119914,0.6281098128879639
912,1.0876123373205813,1.0455226250515843,1.0898239026386576,1.06552524744512,1.1092152576271208
913,0.9901846910430178,0.9982946971699812,0.988638234303928,0.9479173712801675,1.075876190876177
914,0.9704578566571367,0.9540806034191694,1.0024781451528473,1.0538317674201403,1.0082002404738988
915,1.0226184269027085,1.0020106775403617,1.2093955052261165,1.4724909195668434,1.0960631908916123
916,1.0267958243347912,0.8290511571111364,1.0379049301400531,1.0781986564328019,0.9501546144570995
917,1.0668394810815165,0.9745541322887955,1.0736885696736056,1.713323585711085,1.0656574046009186
918,1.0151179519933167,1.0393456774056578,1.1354602174939683,1.1890377367332352,0.924545928710842
919,1.109513498367794,0.9489573699309595,0.8146712324253945,1.3430731445375899,1.040614451934143
920,1.0456443080361821,1.080277120459344,0.9829816005260666,1.3564229557395435,1.044079911836246
921,1.0120169138050712,1.0392052814713235,1.1151019953291201,1.1258915216788508,0.8718818285127422
922,1.0332948623195461,1.0394815964752753,1.091526252089628,1.1359678535290831,1.0408334480894923
923,1.0722735491560904,0.9494189171103167,1.065863914111951,1.1055894097972137,1.053639615598153
924,1.0694870047823042,1.079427432458123,0.8538243294323793,1.1348758438843933,0.680984270891377
925,1.0470487021415213,1.0200495342494602,1.1429428734342764,1.058493933749181,1.0123663971364227
926,1.0707967586246838,1.05844846177602,1.0917728737423649,1.1865718548921966,1.014522030052222
927,1.0623082028058435,1.0032956900373748,1.036174149317602,0.988085000731033,1.0040652079614123
928,1.0687528904362453,1.0616816255043708,1.0748248021329294,0.9412100426340553,1.1554181031336603
929,1.0368123926866772,1.0455730571131512,1.0517966497007625,1.3147110530716484,1.1412992875408827
930,1.0151059624726015,1.028834061069886,0.8994398745384243,1.0404236830002433,1.0632050207691515
931,0.9921943912613987,1.0050635794088167,1.0430308729763966,1.1259426174690403,1.0584798881740063
932,1.0943446418018143,1.0390331604049687,1.0269240137691733,1.1642687954530657,1.1829824393919066
933,1.044242124396907,1.0212583511857019,1.0804580138528006,1.137837972316318,1.1496756003854893
934,0.9882407290216673,1.087976116712113,1.0860265924143275,1.108000237120124,1.0950745584034638
935,1.151347170050991,1.0527083585347934,1.0374351256332486,1.3620176995426998,1.081837301753852
936,1.0911296368683518,1.0010455320261717,1.0387688948692466,1.017004688782316,0.9735205699673459
937,1.018100678259438,1.051088187082828,1.0264915645085853,0.9418251013766594,1.0645629461846335
938,1.0076893557256137,1.0385851576714904,1.1345917244620194,1.5092086194613505,1.0505465552430688
939,0.8280827262075179,1.0593542550587676,1.0182961150467724,1.0887473648231998,0.9804595879887414
940,1.134935777937113,1.0498287036480514,1.116583883229689,1.0942441463390107,0.9986296239107445
941,1.088637650144944,1.0965836551819712,1.0453172723417785,1.097492539851737,0.9392792621585873
942,1.0571218104861084,1.0759319028393834,1.0522170167011942,1.0926227143153218,1.0633180189738682
943,1.0505936133138598,0.9718835920083501,1.0817979197666558,0.9408526767401661,1.017376882549594
944,1.0070889739681856,1.038761797834922,1.0567949723485368,1.644855144119419,1.2795556382737425
945,1.1273925526950148,1.0665009414716182,1.0208414458549377,1.1207284939811648,1.1603862372895601
946,1.0466282125758335,1.0057149632973026,1.1394768622192084,1.019199809898256,0.8876247293789106
947,0.8999890568716907,0.9503940066394669,1.1203664680348138,1.104329831787408,0.6840388287327988
948,1.0864603444885548,1.0038289415364818,1.2263583423950044,0.8915174479573713,0.9151362717769908
949,1.0232648184922504,1.0262580319961372,1.2419092951331705,1.2113158926241008,1.002581865199288
950,1.055398948782152,0.8814952399525057,1.1470021221699993,1.061974938577145,1.065244354806712
951,1.1564383721230795,1.0288887379836968,0.9258786648280732,1.1880101093275073,1.0202431692391616
952,1.0282818781070013,1.0485369879346786,0.9254063460651408,1.187875523094279,1.000000307336497
953,1.0497438284543672,1.068461148299413,1.0859183169756559,1.0005036770863378,0.8952816589508885
954,1.1162848896885273,1.0453631615447103,0.9091716484448987,1.087880372218395,0.930651415826071
955,1.0605321804087484,1.0242546144844893,1.085626087064053,0.9913812835017242,0.9295015442447763
956,1.0389922053338323,1.0755093335261572,1.0430908799119578,1.6407081967968942,1.0944189961211133
957,1.0756107289324708,0.9594211561566915,1.0555527039054706,1.068842181373752,0.975812373760422
958,1.027269549450503,1.058207676632154,1.120822987446845,1.2344978671655435,1.1141956448138979
959,0.7716261014537547,0.9036025987397733,1.0255488400015014,1.2345095299370201,1.0732654900399647
960,1.0513411854217565,1.1388416484061943,0.9091264137555705,1.1389793348496322,0.9265217368598774
961,1.0508058548077182,1.0913977254265006,1.0354924804556314,0.9813089730469974,1.1376841151230859
962,1.0759394141549676,0.9998030277968193,0.7259170669412082,1.2314404172775024,1.3401358397713672
963,0.946261383790246,1.02685447646019,1.1863301938353805,1.1091359727889227,1.0963029308866232
964,1.0020134570660129,1.0301228540626417,0.9806949283215528,1.152653994301737,1.0078087243322154
965,1.1290712691772744,0.9980921661321747,1.2252534362945802,0.9848086047198742,0.8986408592019165
966,0.956528524272808,1.0505717395023084,0.9586026740541846,1.3325997409365766,1.07766246083923
967,1.0589973946779745,0.9718547040810724,0.9220767356783196,1.1127556101118403,0.65246521407144
968,1.024873258276093,0.9809788584410705,1.0170819666670377,1.1630182954128134,1.079177263598933
969,1.0330751316664128,1.0690369384175114,1.1630950539466829,1.173950948998732,1.1155382090362815
970,1.0305845539074896,1.032828514285629,1.102030449680591,1.2829247192808317,1.0416530395124421
971,0.8736123309410839,1.0256919054614697,1.1433443006063244,1.7378365447519162,1.0255542975533383
972,1.0019955869550001,1.0402215871031968,0.8968646878567691,1.1824378301441805,1.0354604134707732
973,0.9965355876161713,1.0242875058792014,1.1380426727793855,0.9896588230971813,0.9316047941208289
974,1.0318572403251272,1.0455423761507476,1.14272714285895,2.070615502353305,1.1400411127490313
975,1.0845339552729003,1.0325295770343528,1.1405023775477237,1.6015520075968277,1.0573067827966567
976,1.0440338300481349,1.1178914778438023,1.0086022770289516,0.921285341528302,1.0037314902120458
977,1.0484091684507972,1.0535716858497415,1.1157947534955917,1.0594445683746176,1.1151039975968247
978,1.026304223839682,1.0595379839013184,0.9629374149772323,1.0699641334082055,0.946852025547512
979,0.9490540468396874,1.0386484337354085,1.098530571756832,1.123248646296623,1.024415210433744
980,1.0489399058094095,1.081664663561084,1.172109203300084,0.914061235609134,0.6138083065229343
981,1.0130966842047548,1.106001622604313,0.9096888033075508,1.2101678424615094,0.998999734887927
982,1.0093370906635548,0.9386113838719818,0.8875839525869986,1.134696720139125,0.9180140034918943
983,1.0696058904442305,1.0201406485542066,1.1500733084393062,0.979975777166146,1.015086294746723
984,0.96088228945337,1.0126887864877798,1.1767350042151825,1.2318619864435447,1.051825982113208
985,0.9676529978143275,1.0130214167643257,1.1228059374672499,1.5639918412449638,0.9879580471651184
986,1.1010353765818781,1.120828749501238,1.042022540342886,1.1381260930124708,0.9840073881927816
987,1.0689768764480014,1.0093507896449214,1.0657380836210013,1.0803712459610844,1.1747187855367647
988,1.0244035595069296,1.0595926761443935,1.0277443526559134,1.094975448070362,1.0147401100649103
989,1.0350885776471652,0.7874279827714633,1.057258746591648,1.0572884715916395,1.1445489677738938
990,1.044284122815629,0.9787861690269647,0.9566491440273587,1.0359434791382627,1.3401358397713672
991,1.0881237785006155,1.0022607574534024,0.8932318170772604,1.184224423795064,1.006806011833213
992,1.0824591645287687,1.0381476624128967,1.0736755783965648,1.05079161766088,1.1763081112846614
993,1.0078982392982796,1.082322222288618,1.071435911931965,1.0848293424716982,1.130131708653276
994,1.0755120259543018,1.130076095014293,1.0165140422016625,1.051857200127701,1.0581551766366353
995,1.0471378844511419,0.9842193790563557,1.1566211003654752,1.1124343182187424,0.7562656848790573
996,1.0244355626654043,1.0639353600171144,1.1075985271810431,1.1494022826421821,1.0118704331952941
997,1.0179365084159748,1.0461334965167175,1.0057172805598233,1.3484734473597706,1.0762686729277828
998,0.8796568774052763,1.0574423759319227,1.17471784028475,1.045456005332279,1.0674652570207381
999,1.0258548401144227,1.0282702789687497,1.1696074401688061,1.1043814054589298,1.215494676791872
