date,2021_11_05__15_42_40_daily_actor_lr_0.001_critic_lr_0.01_epoch_50000
2015-01-05,0.9819403203037532
2015-01-06,0.9726914277369422
2015-01-07,0.9848123448376578
2015-01-08,1.0022878839507376
2015-01-09,0.9942559509321911
2015-01-12,0.9864674098232976
2015-01-13,0.9836927420532544
2015-01-14,0.9777539794577232
2015-01-15,0.9687966703986763
2015-01-16,0.9815022148663781
2015-01-20,0.983571046098428
2015-01-21,0.988560580246313
2015-01-22,1.0032614515893494
2015-01-23,0.9977607944311934
2015-01-26,1.0000973567638614
2015-01-27,0.986905515260673
2015-01-28,0.9742491359587211
2015-01-29,0.9832556101835177
2015-01-30,0.9708903276055106
2015-02-02,0.982913887942365
2015-02-03,0.9971279754660957
2015-02-04,0.9933310616755101
2015-02-05,1.0033588083532106
2015-02-06,1.0005841405831672
2015-02-09,0.9961057294455535
2015-02-10,1.006717616706421
2015-02-11,1.007301757289588
2015-02-12,1.0169887552937742
2015-02-13,1.0211750961398045
2015-02-17,1.0227814827435138
2015-02-18,1.022878839507375
2015-02-19,1.022148663778416
2015-02-20,1.0282772720634767
2015-02-23,1.028131236917685
2015-02-24,1.031056807671713
2015-02-25,1.0301805967969626
2015-02-26,1.028963637248698
2015-02-27,1.0254587937496962
2015-03-02,1.0319330185464637
2015-03-03,1.027697999318503
2015-03-04,1.0233661101105
2015-03-05,1.0244852261110844
2015-03-06,1.0100764250596312
2015-03-09,1.0142627659056616
2015-03-10,0.9978094728131234
2015-03-11,0.9954729104804554
2015-03-12,1.0081292897824075
2015-03-13,1.0019335053302827
2015-03-16,1.015333690308134
2015-03-17,1.012315630628438
2015-03-18,1.0244852261110842
2015-03-19,1.019812101445748
2015-03-20,1.024241834201431
2015-03-23,1.0222460205422772
2015-03-24,1.0165019714744683
2015-03-25,1.0016063866037093
2015-03-26,0.9992211458891109
2015-03-27,1.0015090298398484
2015-03-30,1.013727303704425
2015-03-31,1.0048678381930587
2015-04-01,1.0013143163121259
2015-04-02,1.004892177384024
2015-04-06,1.0116828116633405
2015-04-07,1.0090055006571583
2015-04-08,1.0123886482013338
2015-04-09,1.016891398529913
2015-04-10,1.0224407340699995
2015-04-13,1.0178162877865942
2015-04-14,1.0197634230638175
2015-04-15,1.0243391909652924
2015-04-16,1.024047120673709
2015-04-17,1.0122669522465075
2015-04-20,1.0215158448133186
2015-04-21,1.020298885265054
2015-04-22,1.0253127586039041
2015-04-23,1.027892712846225
2015-04-24,1.0302774667770045
2015-04-27,1.0259942559509323
2015-04-28,1.0292557075402815
2015-04-29,1.0250206883123205
2015-04-30,1.0147495497249672
2015-05-01,1.0257508640412794
2015-05-04,1.0286715669571145
2015-05-05,1.0168913985299124
2015-05-06,1.0127050576838819
2015-05-07,1.0167453633841204
2015-05-08,1.030131918415031
2015-05-11,1.0251910626490761
2015-05-12,1.0221486637784143
2015-05-13,1.022343377306137
2015-05-14,1.0330039429489355
2015-05-15,1.0341235457333366
2015-05-18,1.037336318940757
2015-05-19,1.0369955702672422
2015-05-20,1.0362653945382834
2015-05-21,1.0392834542179799
2015-05-22,1.0368008567395202
2015-05-26,1.025653507277415
2015-05-27,1.035389183663532
2015-05-28,1.0342209024971982
2015-05-29,1.027795356082361
2015-06-01,1.0298885265053759
2015-06-02,1.0288662804848339
2015-06-03,1.0315922698729465
2015-06-04,1.0228749452368175
2015-06-05,1.021126417757871
2015-06-08,1.0148469064888255
2015-06-09,1.0147008713430339
2015-06-10,1.02687046682568
2015-06-11,1.0301805967969597
2015-06-12,1.0222946989242052
2015-06-15,1.0179136445504529
2015-06-16,1.0234629800905395
2015-06-17,1.0251180450761792
2015-06-18,1.0357786107189773
2015-06-19,1.0261889694786521
2015-06-22,1.0314462347271551
2015-06-23,1.032176410456114
2015-06-24,1.0246799396388038
2015-06-25,1.0215645231952466
2015-06-26,1.021369809667524
2015-06-29,0.9999513216180668
2015-06-30,1.0020444920410818
2015-07-01,1.0100764250596281
2015-07-02,1.0091515358029473
2015-07-06,1.0062795112690428
2015-07-07,1.0126077009200187
2015-07-08,0.9956189456262448
2015-07-09,0.9974200457576764
2015-07-10,1.0099790682957672
2015-07-13,1.0211264177578712
2015-07-14,1.0255561505135542
2015-07-15,1.0252154018400401
2015-07-16,1.033442048386309
2015-07-17,1.0343182592610591
2015-07-20,1.0348537214622955
2015-07-21,1.0307647373801265
2015-07-22,1.0289149588667643
2015-07-23,1.0231222314170247
2015-07-24,1.0125103441561576
2015-07-27,1.0066202599425569
2015-07-28,1.0189845689529253
2015-07-29,1.0259942559509294
2015-07-30,1.0262376478605824
2015-07-31,1.0246799396388038
2015-08-03,1.021223774521732
2015-08-04,1.0192279608625783
2015-08-05,1.0225867692157884
2015-08-06,1.014214087523728
2015-08-07,1.0122669522465046
2015-08-10,1.0250206883123176
2015-08-11,1.0157717957455061
2015-08-12,1.0169887552937709
2015-08-13,1.0157231173635757
2015-08-14,1.0194226743903005
2015-08-17,1.0251180450761819
2015-08-18,1.022148663778416
2015-08-19,1.0140680523779386
2015-08-20,0.9928929562381341
2015-08-21,0.9630044297327554
2015-08-24,0.9224553375845783
2015-08-25,0.9116000584140581
2015-08-26,0.9465998150221484
2015-08-27,0.9700141167307597
2015-08-28,0.9700627951126903
2015-08-31,0.9622255756218662
2015-09-01,0.9335053302828215
2015-09-02,0.9512242613055542
2015-09-03,0.9519057586525823
2015-09-04,0.9374969576011293
2015-09-08,0.9610572944555321
2015-09-09,0.9482062016258578
2015-09-10,0.9533661101104998
2015-09-11,0.9576984861023219
2015-09-14,0.9541449642213893
2015-09-15,0.9660711677943825
2015-09-16,0.9744438494864431
2015-09-17,0.9722533222995668
2015-09-18,0.9514189748332766
2015-09-21,0.9563354914082658
2015-09-22,0.9439225040159666
2015-09-23,0.9424134741761185
2015-09-24,0.9390059874409777
2015-09-25,0.9387625955313248
2015-09-28,0.915202258676922
2015-09-29,0.9157377208781584
2015-09-30,0.9328238329357936
2015-10-01,0.9352577520323229
2015-10-02,0.9492284476464006
2015-10-05,0.9661198461763133
2015-10-06,0.9628097162050336
2015-10-07,0.9706956140777883
2015-10-08,0.9794577228252935
2015-10-09,0.9800418634084606
2015-10-12,0.9809667526651416
2015-10-13,0.9747845981599572
2015-10-14,0.9701114734946211
2015-10-15,0.9850070583653799
2015-10-16,0.9894854695029938
2015-10-19,0.9899722533222995
2015-10-20,0.9887066153921045
2015-10-21,0.9825731392688508
2015-10-22,0.99917246750718
2015-10-23,1.0101251034415615
2015-10-26,1.0076425059631018
2015-10-27,1.0056953706858784
2015-10-28,1.0171347904395656
2015-10-29,1.0165506498563988
2015-10-30,1.0121695954826464
2015-11-02,1.02414447743757
2015-11-03,1.0271138587353357
2015-11-04,1.0239984422917785
2015-11-05,1.0229761962712363
2015-11-06,1.0224407340699997
2015-11-09,1.0128997712116052
2015-11-10,1.0152363335442731
2015-11-11,1.0112447062259653
2015-11-12,0.9971279754660958
2015-11-13,0.9859319476220613
2015-11-16,1.0009248892566813
2015-11-17,1.0001947135277225
2015-11-18,1.016063866037093
2015-11-19,1.0151876551623427
2015-11-20,1.0188911064596213
2015-11-23,1.0177189310227328
2015-11-24,1.0190819257167891
2015-11-25,1.0189358905709975
2015-11-27,1.0201041717373314
2015-11-30,1.0158691525093706
2015-12-01,1.025556150513557
2015-12-02,1.0150854305602883
2015-12-03,1.0008762108747506
2015-12-04,1.0203962420289152
2015-12-07,1.0142140875237309
2015-12-08,1.007394246215256
2015-12-09,0.999561894562625
2015-12-10,1.0021418488049458
2015-12-11,0.9827191744146427
2015-12-14,0.9876882636421167
2015-12-15,0.9980567589933311
2015-12-16,1.012656379301952
2015-12-17,0.9972253322299569
2015-12-18,0.9736688896461083
2015-12-21,0.9816969283941002
2015-12-22,0.990605072287397
2015-12-23,1.0028720245339044
2015-12-24,1.0012169595482645
2015-12-28,0.9989290755975272
2015-12-29,1.0095896412403251
2015-12-30,1.0024339190965292
2015-12-31,0.9924061724188288
2016-01-04,0.9785289392980577
2016-01-05,0.980187898554252
2016-01-06,0.9678235895438835
2016-01-07,0.9446040013629947
2016-01-08,0.9342501095263593
2016-01-11,0.9351603952684613
2016-01-12,0.9427094387382561
2016-01-13,0.9191938859952294
2016-01-14,0.9342841843937106
2016-01-15,0.9142286910383098
2016-01-19,0.9154456505865743
2016-01-20,0.9037141605413035
2016-01-21,0.9087767122620842
2016-01-22,0.927420532541498
2016-01-25,0.9134011585454896
2016-01-26,0.9258628243197192
2016-01-27,0.9157863992600883
2016-01-28,0.9205568806892855
2016-01-29,0.9430015090298394
2016-02-01,0.9426568660857709
2016-02-02,0.925668110791997
2016-02-03,0.9312174463320835
2016-02-04,0.9326777977900008
2016-02-05,0.9149101883853374
2016-02-08,0.9025945577568996
2016-02-09,0.9026432361388302
2016-02-10,0.9018643820279408
2016-02-11,0.89013289198267
2016-02-12,0.9084846419705003
2016-02-16,0.9238183322786344
2016-02-17,0.9389086306771156
2016-02-18,0.9350630385045995
2016-02-19,0.9346249330672243
2016-02-22,0.9481575232439267
2016-02-23,0.9361826412890029
2016-02-24,0.9404663388988943
2016-02-25,0.9518570802706511
2016-02-26,0.9496626588132205
2016-02-29,0.9422187606483955
2016-03-01,0.9643674244268116
2016-03-02,0.9686998004186336
2016-03-03,0.9724723750182539
2016-03-04,0.9756608090347071
2016-03-07,0.9764396631455965
2016-03-08,0.9657790975027984
2016-03-09,0.9705495789319957
2016-03-10,0.9713284330428849
2016-03-11,0.987002872024533
2016-03-14,0.9857372340943379
2016-03-15,0.9841308474906286
2016-03-16,0.989826218176507
2016-03-17,0.9961057294455522
2016-03-18,0.9948887698972877
2016-03-21,0.9963004429732746
2016-03-22,0.9957649807720383
2016-03-23,0.989189504940855
2016-03-24,0.9887552937740343
2016-03-28,0.9893394343572013
2016-03-29,0.9984948644307055
2016-03-30,1.0028720245339036
2016-03-31,1.0004381054373745
2016-04-01,1.0072530789076561
2016-04-04,1.0039916273183072
2016-04-05,0.9939599863700525
2016-04-06,1.0048191598111271
2016-04-07,0.9927955994742728
2016-04-08,0.9954690162099004
2016-04-11,0.9931368349316062
2016-04-12,1.0023852407145977
2016-04-13,1.0125142384267138
2016-04-14,1.01255902253809
2016-04-15,1.0114394197536867
2016-04-18,1.0185425692449974
2016-04-19,1.0217592367229702
2016-04-20,1.0227328043615818
2016-04-21,1.0172321472034258
2016-04-22,1.0172321472034256
2016-04-25,1.0154797254539247
2016-04-26,1.0169848610232184
2016-04-27,1.0190819257167878
2016-04-28,1.009820863554494
2016-04-29,1.004384948644306
2016-05-02,1.0123643090103671
2016-05-03,1.0035496276103766
2016-05-04,0.9979555079589139
2016-05-05,0.9977607944311917
2016-05-06,1.0014116730759854
2016-05-09,1.0022353112982507
2016-05-10,1.0147008713430357
2016-05-11,1.0052085868665699
2016-05-12,1.0055006571581533
2016-05-13,0.996738548410648
2016-05-16,1.006571581560626
2016-05-17,0.9971805481185775
2016-05-18,0.9974687241396065
2016-05-19,0.994012559022535
2016-05-20,1.0002920702915803
2016-05-23,0.9989290755975241
2016-05-24,1.0118775251910594
2016-05-25,1.0187411770432722
2016-05-26,1.0190332473348562
2016-05-27,1.023414301708611
2016-05-31,1.0214671664313888
2016-06-01,1.0235603368544037
2016-06-02,1.026675753297961
2016-06-03,1.023609015236334
2016-06-06,1.0288176021029065
2016-06-07,1.0304239887066164
2016-06-08,1.0337827970598268
2016-06-09,1.0323711239838398
2016-06-10,1.0225867692157922
2016-06-13,1.0146969770724832
2016-06-14,1.0127050576838839
2016-06-15,1.0112933846078969
2016-06-16,1.0143114442875931
2016-06-17,1.005305943630435
2016-06-20,1.0117801684272025
2016-06-21,1.0146521929611072
2016-06-22,1.0129971279754673
2016-06-23,1.026188969478656
2016-06-24,0.9888039721559667
2016-06-27,0.9716205033344704
2016-06-28,0.9891432604780228
2016-06-29,1.005987440977463
2016-06-30,1.0196904054909224
2016-07-01,1.021860487757388
2016-07-05,1.0145061578153152
2016-07-06,1.0205909555566381
2016-07-07,1.0199386652387683
2016-07-08,1.0351457917538829
2016-07-11,1.0387966703986766
2016-07-12,1.046341819597917
2016-07-13,1.0461957844521252
2016-07-14,1.0520371902837955
2016-07-15,1.0506255172078087
2016-07-18,1.053444969089228
2016-07-19,1.0523779389573098
2016-07-20,1.056734654140097
2016-07-21,1.052743026821789
2016-07-22,1.0574891690600212
2016-07-25,1.0546171445261168
2016-07-26,1.0551039283454224
2016-07-27,1.053984325561019
2016-07-28,1.0552012851092838
2016-07-29,1.0569050284768542
2016-08-01,1.0560288176021038
2016-08-02,1.0492586282431982
2016-08-03,1.0523292605753793
2016-08-04,1.0534474030083245
2016-08-05,1.0620649369615016
2016-08-08,1.0614321179964024
2016-08-09,1.0620649369615034
2016-08-10,1.0594363043372492
2016-08-11,1.0643528209122386
2016-08-12,1.0634279316555573
2016-08-15,1.0664946697171858
2016-08-16,1.060994012559011
2016-08-17,1.0629898262181643
2016-08-18,1.0653750669327637
2016-08-19,1.0638173587109914
2016-08-22,1.063768680329061
2016-08-23,1.0659105291340132
2016-08-24,1.0604585503577848
2016-08-25,1.0597283746288266
2016-08-26,1.0577325609696728
2016-08-29,1.0629450421068
2016-08-30,1.0611887260867443
2016-08-31,1.058170666407048
2016-09-01,1.0582193447889787
2016-09-02,1.062989826218176
2016-09-06,1.06620649369615
2016-09-07,1.0661052426617343
2016-09-08,1.063671323565205
2016-09-09,1.0382125298155094
2016-09-12,1.0531081146862684
2016-09-13,1.0379691379058564
2016-09-14,1.037579710850412
2016-09-15,1.0479482062016263
2016-09-16,1.0386506352528848
2016-09-19,1.038845348780607
2016-09-20,1.0388940271625378
2016-09-21,1.050576838825878
2016-09-22,1.0571970987684376
2016-09-23,1.0514043713186982
2016-09-26,1.0428856544808458
2016-09-27,1.0493598792776135
2016-09-28,1.054568466144186
2016-09-29,1.0450275032857916
2016-09-30,1.0529134011585464
2016-10-03,1.050382125298156
2016-10-04,1.0450275032857919
2016-10-05,1.0496519495691974
2016-10-06,1.050382125298156
2016-10-07,1.0467799250352927
2016-10-10,1.0522319038115182
2016-10-11,1.0389427055444687
2016-10-12,1.0403057002385252
2016-10-13,1.036898213503384
2016-10-14,1.0374336757046205
2016-10-17,1.0338314754417572
2016-10-18,1.0403057002385252
2016-10-19,1.0430803680085685
2016-10-20,1.041133232731345
2016-10-21,1.0416200165506508
2016-10-24,1.0460497493063339
2016-10-25,1.0425449058073317
2016-10-26,1.0404517353843168
2016-10-27,1.0376770676142735
2016-10-28,1.0346103295526468
2016-10-31,1.0346590079345772
2016-11-01,1.027162537117267
2016-11-02,1.0209803826120831
2016-11-03,1.016307257946747
2016-11-04,1.0151876551623435
2016-11-07,1.0375797108504126
2016-11-08,1.0422528355157488
2016-11-09,1.0532989339434367
2016-11-10,1.0559314608382426
2016-11-11,1.0534975417417134
2016-11-14,1.0543250742345336
2016-11-15,1.0625517207808022
2016-11-16,1.0605559071216484
2016-11-17,1.0660078858978737
2016-11-18,1.063622645183275
2016-11-21,1.0716545782018216
2016-11-22,1.0737477486248368
2016-11-23,1.0743318892080036
2016-11-25,1.0783235165263116
2016-11-28,1.0732609648055307
2016-11-29,1.0753541352285458
2016-11-30,1.0727741809862248
2016-12-01,1.0688312320498476
2016-12-02,1.069366694251084
2016-12-05,1.075792240665921
2016-12-06,1.079199727401062
2016-12-07,1.0933164581609316
2016-12-08,1.0959937691671136
2016-12-09,1.102614029109673
2016-12-12,1.1013483911794781
2016-12-13,1.1086988268509963
2016-12-14,1.0995472910480464
2016-12-15,1.1040743805675908
2016-12-16,1.0954583069658772
2016-12-19,1.0978435476804758
2016-12-20,1.1020785669084368
2016-12-21,1.09901182884681
2016-12-22,1.0971133719515171
2016-12-23,1.0987197585552264
2016-12-27,1.101445747943339
2016-12-28,1.0923428905223198
2016-12-29,1.0920994986126669
2016-12-30,1.0881078712943588
2017-01-03,1.096431874604489
2017-01-04,1.1029547777831874
2017-01-05,1.102078566908437
2017-01-06,1.1060215158448141
2017-01-09,1.1023706372000204
2017-01-10,1.1023706372000204
2017-01-11,1.1054860536435778
2017-01-12,1.1027113858735345
2017-01-13,1.1052426617339248
2017-01-17,1.1013483911794781
2017-01-18,1.1037823102760091
2017-01-19,1.0996933261938397
2017-01-20,1.1037336318940782
2017-01-23,1.1008616073601738
2017-01-24,1.1079199727401088
2017-01-25,1.117509613980436
2017-01-26,1.1163413328140983
2017-01-27,1.114588911064625
2017-01-30,1.1076765808304787
2017-01-31,1.1075792240666171
2017-02-01,1.1080173295039941
2017-02-02,1.1087475052329516
2017-02-03,1.1163900111960594
2017-02-06,1.114394197536915
2017-02-07,1.1144428759188512
2017-02-08,1.115903227376771
2017-02-09,1.1225234873193315
2017-02-10,1.126953220075015
2017-02-13,1.1330866961982689
2017-02-14,1.1376137857178132
2017-02-15,1.1435525483133446
2017-02-16,1.142578980674733
2017-02-17,1.1443800808061646
2017-02-21,1.1511950542764466
2017-02-22,1.1501728082559044
2017-02-23,1.150951662366794
2017-02-24,1.1524120138247116
2017-02-27,1.1542131139561431
2017-02-28,1.1510976975125855
2017-03-01,1.1672102419316097
2017-03-02,1.159859806260091
2017-03-03,1.1605899819890497
2017-03-06,1.157133816871978
2017-03-07,1.1536776517549066
2017-03-08,1.1515358029499607
2017-03-09,1.1529961544078782
2017-03-10,1.1570364601081167
2017-03-13,1.1576206006912835
2017-03-14,1.1531908679356002
2017-03-15,1.1631699362313703
2017-03-16,1.1608820522806327
2017-03-17,1.1538236869006977
2017-03-20,1.1525580489705027
2017-03-21,1.1377598208636044
2017-03-22,1.1404371318697868
2017-03-23,1.139220172321522
2017-03-24,1.1383926398287023
2017-03-27,1.1372243586623683
2017-03-28,1.1454996835905678
2017-03-29,1.1465706079930407
2017-03-30,1.1502214866378346
2017-03-31,1.1475441756316525
2017-04-03,1.1455483619724984
2017-04-04,1.1462785377014573
2017-04-05,1.1428710509663162
2017-04-06,1.1460838241737348
2017-04-07,1.1449155430074007
2017-04-10,1.1455970403544287
2017-04-11,1.1442340456603723
2017-04-12,1.139220172321522
2017-04-13,1.1318210582680728
2017-04-17,1.1418488049457736
2017-04-18,1.1384413182106325
2017-04-19,1.1363481477876174
2017-04-20,1.1455970403544287
2017-04-21,1.1419461617096347
2017-04-24,1.154505184247726
2017-04-25,1.161222800954147
2017-04-26,1.1604926252251881
2017-04-27,1.1614661928637997
2017-04-28,1.1589349170034093
2017-05-01,1.1618556199192445
2017-05-02,1.1622937253566197
2017-05-03,1.1608820522806327
2017-05-04,1.1622450469746892
2017-05-05,1.1668208148761643
2017-05-08,1.166626101348442
2017-05-09,1.1655551769459693
2017-05-10,1.1676483473689845
2017-05-11,1.165263106654386
2017-05-12,1.1633159713771624
2017-05-15,1.1697415177919999
2017-05-16,1.1686705933895272
2017-05-17,1.1479336026870972
2017-05-18,1.152558048970503
2017-05-19,1.1600545197878132
2017-05-22,1.1659446040014143
2017-05-23,1.1685245582437354
2017-05-24,1.1712505476318482
2017-05-25,1.1768485615538653
2017-05-26,1.1766051696442126
2017-05-30,1.1755829236236701
2017-05-31,1.1752908533320867
2017-06-01,1.1846371026627593
2017-06-02,1.1885800515991367
2017-06-05,1.1877038407243863
2017-06-06,1.1839069269338007
2017-06-07,1.1860974541206768
2017-06-08,1.186681594703844
2017-06-09,1.1848804945724123
2017-06-12,1.1846371026627593
2017-06-13,1.1904298301124991
2017-06-14,1.1889208002726512
2017-06-15,1.1866329163219136
2017-06-16,1.1811322591637574
2017-06-19,1.190965292313736
2017-06-20,1.1829333592951892
2017-06-21,1.1826412890036055
2017-06-22,1.1821058268023692
2017-06-23,1.1835174998783562
2017-06-26,1.1842963539892455
2017-06-27,1.1747553911308508
2017-06-28,1.1852699216278573
2017-06-29,1.1748527478947117
2017-06-30,1.1770432750815882
2017-07-03,1.1790390887407423
2017-07-05,1.1817650781288551
2017-07-06,1.170958477340265
2017-07-07,1.1785523049214366
2017-07-10,1.1798179428516316
2017-07-11,1.1789417319768811
2017-07-12,1.1878011974882479
2017-07-13,1.1897970111474019
2017-07-14,1.1953463466874887
2017-07-17,1.195200311541697
2017-07-18,1.1958331305067946
2017-07-19,1.2023073553035628
2017-07-20,1.2028428175047992
2017-07-21,1.2017718931023262
2017-07-24,1.2014798228107428
2017-07-25,1.204400525726578
2017-07-26,1.2044492041085086
2017-07-27,1.203329601324105
2017-07-28,1.2019179282481183
2017-07-31,1.2012364309010901
2017-08-01,1.2039137419072725
2017-08-02,1.2044978824904395
2017-08-03,1.2021613201577714
2017-08-04,1.204351847344648
2017-08-07,1.206591052913455
2017-08-08,1.203621671615689
2017-08-09,1.2035729932337584
2017-08-10,1.1865842379399836
2017-08-11,1.1883366596894849
2017-08-14,1.2001168281166867
2017-08-15,1.1999707929708952
2017-08-16,1.2020639633939103
2017-08-17,1.1833227863506346
2017-08-18,1.1814730078372722
2017-08-21,1.1823978970939533
2017-08-22,1.194762206104322
2017-08-23,1.1904785084944305
2017-08-24,1.1877038407243872
2017-08-25,1.1904785084944307
2017-08-28,1.1905271868763614
2017-08-29,1.1918901815704177
2017-08-30,1.1975368738743657
2017-08-31,1.2047412744000925
2017-09-01,1.2064450177676629
2017-09-05,1.1977802657840184
2017-09-06,1.2018692498661876
2017-09-07,1.2017232147203958
2017-09-08,1.200311541644409
2017-09-11,1.2131139560921533
2017-09-12,1.2172029401743225
2017-09-13,1.2177870807574893
2017-09-14,1.2173976537020448
2017-09-15,1.213016599328292
2017-09-18,1.215596553570613
2017-09-19,1.2168135131188778
2017-09-20,1.217251618556253
2017-09-21,1.2139901669669038
2017-09-22,1.2142335588765567
2017-09-25,1.211750961398097
2017-09-26,1.2124811371270559
2017-09-27,1.2172029401743225
2017-09-28,1.21866329163224
2017-09-29,1.2229469892421316
2017-10-02,1.2282529328725655
2017-10-03,1.2308815654968175
2017-10-04,1.2323419169547347
2017-10-05,1.2396436742443226
2017-10-06,1.2382320011683359
2017-10-09,1.2361875091272512
2017-10-10,1.2394489607166004
2017-10-11,1.241396095993824
2017-10-12,1.2395463174804615
2017-10-13,1.2410553473203096
2017-10-16,1.2427104123059494
2017-10-17,1.2435866231807
2017-10-18,1.2448035827289647
2017-10-19,1.2451443314024788
2017-10-20,1.251569877817316
2017-10-23,1.2467020396242576
2017-10-24,1.248892566811134
2017-10-25,1.2427104123059494
2017-10-26,1.2443167989096588
2017-10-27,1.2544905807331515
2017-10-30,1.2498174560678152
2017-10-31,1.2517645913450384
2017-11-01,1.2534196563306785
2017-11-02,1.2539064401499844
2017-11-03,1.2580927809960147
2017-11-06,1.2600399162732385
2017-11-07,1.2591637053984879
2017-11-08,1.2613055542034337
2017-11-09,1.2567297863019586
2017-11-10,1.2563403592465139
2017-11-13,1.257508640412848
2017-11-14,1.254587937497013
2017-11-15,1.2483084262279671
2017-11-16,1.2589203134888352
2017-11-17,1.2552207564621107
2017-11-20,1.2573626052670563
2017-11-21,1.2655892518133254
2017-11-22,1.2644696490289218
2017-11-24,1.2673903519447571
2017-11-27,1.2667575329796597
2017-11-28,1.2796086258093344
2017-11-29,1.278829771698445
2017-11-30,1.2900257995424798
2017-12-01,1.2873484885362976
2017-12-04,1.285790780314519
2017-12-05,1.2811663340311132
2017-12-06,1.2814097259407662
2017-12-07,1.2854500316410047
2017-12-08,1.2924597186390092
2017-12-11,1.2963539891934563
2017-12-12,1.2986418731441938
2017-12-13,1.2984958379984024
2017-12-14,1.2931898943679685
2017-12-15,1.2973275568320681
2017-12-18,1.3055542033783372
2017-12-19,1.300540330039487
2017-12-20,1.2998588326924587
2017-12-21,1.302536143698641
2017-12-22,1.3021953950251268
2017-12-26,1.3006376868033482
2017-12-27,1.3012705057684457
2017-12-28,1.303947816774628
2017-12-29,1.299031300199639
2018-01-02,1.3083288711483807
2018-01-03,1.3166041960765809
2018-01-04,1.3221535316166677
2018-01-05,1.3309643187461038
2018-01-08,1.3333982378426332
2018-01-09,1.3364162975223295
2018-01-10,1.3343718054812448
2018-01-11,1.3441074818673622
2018-01-12,1.3528695906159123
2018-01-16,1.3482451443322394
2018-01-17,1.3610962371619308
2018-01-18,1.3588083532111919
2018-01-19,1.3649905077163802
2018-01-22,1.3760891787965603
2018-01-23,1.3790098817123975
2018-01-24,1.3784744195111605
2018-01-25,1.3790585600943277
2018-01-26,1.3950250693675694
2018-01-29,1.3857761768007528
2018-01-30,1.3715620892770133
2018-01-31,1.3722435866240417
2018-02-01,1.3706858784022622
2018-02-02,1.3408460302787952
2018-02-05,1.2847685342947266
2018-02-06,1.3100812928986465
2018-02-07,1.3029742491367768
2018-02-08,1.254101153678439
2018-02-09,1.2729396874855872
2018-02-12,1.291632186146943
2018-02-13,1.2948449593543638
2018-02-14,1.3123204984674546
2018-02-15,1.329065861851586
2018-02-16,1.3294552889070312
2018-02-20,1.321131285596896
2018-02-21,1.3145597040362633
2018-02-22,1.3162634474038346
2018-02-23,1.3372438300159295
2018-02-26,1.3527722338517958
2018-02-27,1.3358808353218725
2018-02-28,1.3223482451451611
2018-03-01,1.3031202842825684
2018-03-02,1.3098379009889933
2018-03-05,1.3249768777694144
2018-03-06,1.3283356861226268
2018-03-07,1.3278489023033206
2018-03-08,1.334274448718162
2018-03-09,1.3574940368990653
2018-03-12,1.3557902935314936
2018-03-13,1.3470281847839833
2018-03-14,1.340115854549836
2018-03-15,1.3386555030919174
2018-03-16,1.3347612325374683
2018-03-19,1.3167015528412103
2018-03-20,1.3189407584100183
2018-03-21,1.3164094825496264
2018-03-22,1.2835028963645307
2018-03-23,1.2561456457195253
2018-03-26,1.2905125833625393
2018-03-27,1.268558633111832
2018-03-28,1.2648103977031744
2018-03-29,1.2809716205041386
2018-04-02,1.2533222995675493
2018-04-03,1.269386165604652
2018-04-04,1.2829674341632937
2018-04-05,1.2930925376048614
2018-04-06,1.2642749355019374
2018-04-09,1.2705057683890562
2018-04-10,1.290707296890261
2018-04-11,1.2839410018019057
2018-04-12,1.2945042106808493
2018-04-13,1.290707296890261
2018-04-16,1.3013191841511353
2018-04-17,1.315241201383291
2018-04-18,1.3162147690219033
2018-04-19,1.308913011732311
2018-04-20,1.2978143406521307
2018-04-23,1.2976196271244083
2018-04-24,1.2801440880113175
2018-04-25,1.2833081828368074
2018-04-26,1.296353989194212
2018-04-27,1.2975709487424774
2018-04-30,1.2875918804467015
2018-05-01,1.2898797643974405
2018-05-02,1.2812150124137909
2018-05-03,1.2783916662618153
2018-05-04,1.2949423161182243
2018-05-07,1.2993233704919795
2018-05-08,1.2993233704919795
2018-05-09,1.311882393030078
2018-05-10,1.324149345276593
2018-05-11,1.3281896509768338
2018-05-14,1.3288224699419318
2018-05-15,1.3196709341389634
2018-05-16,1.3252202696790534
2018-05-17,1.324100666894648
2018-05-18,1.3207905369233655
2018-05-21,1.3307209268372115
2018-05-22,1.327021369810485
2018-05-23,1.3306722484552813
2018-05-24,1.327946259067167
2018-05-25,1.3247821642416768
2018-05-29,1.3095458306973944
2018-05-30,1.3270213698104851
2018-05-31,1.3188920800280723
2018-06-01,1.331840529621616
2018-06-04,1.3381687192725957
2018-06-05,1.3391422869112082
2018-06-06,1.3503383147552492
2018-06-07,1.3501922796094576
2018-06-08,1.354183906927768
2018-06-11,1.3559850070592006
2018-06-12,1.3577374288087025
2018-06-13,1.3534050528168777
2018-06-14,1.356812539552021
2018-06-15,1.3490239984431225
2018-06-18,1.3462493306730776
2018-06-19,1.3410894221884324
2018-06-20,1.3433773061391714
2018-06-21,1.3349559460651752
2018-06-22,1.3373898651617058
2018-06-25,1.319184150319656
2018-06-26,1.3221048532354929
2018-06-27,1.3111522173011048
2018-06-28,1.3186486881184194
2018-06-29,1.320547145013713
2018-07-02,1.323370491165689
2018-07-03,1.3186973665003499
2018-07-05,1.329455288907016
2018-07-06,1.3406999951329879
2018-07-09,1.35277223385178
2018-07-10,1.3576400720448412
2018-07-11,1.3477096821309962
2018-07-12,1.3599279559955804
2018-07-13,1.3609988803980537
2018-07-16,1.3597819208497886
2018-07-17,1.365282578007948
2018-07-18,1.3681546025418543
2018-07-19,1.362994694057209
2018-07-20,1.3614369858354296
2018-07-23,1.3639682616958215
2018-07-24,1.3708319135480382
2018-07-25,1.3825147252113854
2018-07-26,1.3792532736220342
2018-07-27,1.3699070242913567
2018-07-30,1.3627513021475564
2018-07-31,1.369468918853981
2018-08-01,1.3671810349032425
2018-08-02,1.3746288273386338
2018-08-03,1.380518911552255
2018-08-06,1.3855814632730539
2018-08-07,1.3901572311745405
2018-08-08,1.3895730905913846
2018-08-09,1.3876746336960915
2018-08-10,1.378377062747344
2018-08-13,1.3732171542626985
2018-08-14,1.3819792630102092
2018-08-15,1.3716594460409186
2018-08-16,1.3827581171210994
2018-08-17,1.387625955314161
2018-08-20,1.3905953366119286
2018-08-21,1.3938567882012798
2018-08-22,1.3930292557084596
2018-08-23,1.391179477195096
2018-08-24,1.399552158887162
2018-08-27,1.410602151585412
2018-08-28,1.4112836489324407
2018-08-29,1.418877476513617
2018-08-30,1.4131334274458043
2018-08-31,1.4131821058277347
2018-09-04,1.410748186731204
2018-09-05,1.4069512729406157
2018-09-06,1.4027162537126525
2018-09-07,1.3999902643245379
2018-09-10,1.4024241834210687
2018-09-11,1.4070486297044773
2018-09-12,1.4073893783779914
2018-09-13,1.415713381688128
2018-09-14,1.4159567735977805
2018-09-17,1.4084603027804363
2018-09-18,1.4161028087435457
2018-09-19,1.4176118385833911
2018-09-20,1.4290999367191128
2018-09-21,1.42136007399209
2018-09-24,1.4166382709448286
2018-09-25,1.4153239546327006
2018-09-26,1.4110889354047345
2018-09-27,1.4150318843411176
2018-09-28,1.4151779194869143
2018-10-01,1.4200944360619145
2018-10-02,1.4192669035690941
2018-10-03,1.420045757679988
2018-10-04,1.4089470865998068
2018-10-05,1.4010611887270468
2018-10-08,1.4010611887270468
2018-10-09,1.399016696685961
2018-10-10,1.3547193691290986
2018-10-11,1.3248795210056301
2018-10-12,1.343279949375403
2018-10-15,1.3357348001761573
2018-10-16,1.3649418293345281
2018-10-17,1.3651852212441813
2018-10-18,1.345470476562281
2018-10-19,1.3447403008333216
2018-10-22,1.3387041814739251
2018-10-23,1.3318892080036389
2018-10-24,1.2915348293831563
2018-10-25,1.3147057391821304
2018-10-26,1.291583507765087
2018-10-29,1.2844277856212865
2018-10-30,1.3034610329561576
2018-10-31,1.3173830501883144
2018-11-01,1.331402424184332
2018-11-02,1.3235165263115722
2018-11-05,1.3308182836011648
2018-11-06,1.3392396436751617
2018-11-07,1.3679112106322957
2018-11-08,1.3654286131538342
2018-11-09,1.352090736504845
2018-11-12,1.3268266562828543
2018-11-13,1.3243440588043929
2018-11-14,1.3152898797652979
2018-11-15,1.3290171834697322
2018-11-16,1.3324733485868063
2018-11-19,1.3099352577529304
2018-11-20,1.2856934235514825
2018-11-21,1.2900744779252378
2018-11-23,1.2814584043235187
2018-11-26,1.302146716644031
2018-11-27,1.3065277710177865
2018-11-28,1.3366110110509082
2018-11-29,1.3336903081350713
2018-11-30,1.3418195979174845
2018-12-03,1.3595872073221602
2018-12-04,1.315533271674951
2018-12-06,1.3135374580157957
2018-12-07,1.2830161125452983
2018-12-10,1.2854500316418294
2018-12-11,1.285742101933413
2018-12-12,1.2922163267301852
2018-12-13,1.2917782212928097
2018-12-14,1.267925814146807
2018-12-17,1.2430511609802612
2018-12-18,1.241688166286204
2018-12-19,1.223093024388708
2018-12-20,1.2031835661790853
2018-12-21,1.1716886530699755
2018-12-24,1.1407292021621025
2018-12-26,1.1983644063679542
2018-12-27,1.207564620552841
2018-12-28,1.2060069123310613
2018-12-31,1.216570121210005
2019-01-02,1.2178357591402014
2019-01-03,1.1887747651276226
2019-01-04,1.2285936815468679
2019-01-07,1.2382806795510608
2019-01-08,1.2499148128324784
2019-01-09,1.2557562186641527
2019-01-10,1.2601859514198388
2019-01-11,1.2606727352391451
2019-01-14,1.2529815508941073
2019-01-15,1.2673416735636398
2019-01-16,1.2704084116252685
2019-01-17,1.2800467312475305
2019-01-18,1.2970841649232467
2019-01-22,1.2795599474282244
2019-01-23,1.2822372584344084
2019-01-24,1.2829187557814368
2019-01-25,1.2937740349519642
2019-01-28,1.2839410018019797
2019-01-29,1.2822372584344084
2019-01-30,1.3025361436994758
2019-01-31,1.3139755634531711
2019-02-01,1.3146083824182693
2019-02-04,1.3238572749850863
2019-02-05,1.329406610525177
2019-02-06,1.3276541887756748
2019-02-07,1.314997809473714
2019-02-08,1.3166041960774244
2019-02-11,1.3173343718063835
2019-02-12,1.3342744487182387
2019-02-13,1.3386068247100635
2019-02-14,1.3356374434122962
2019-02-15,1.350192279609551
2019-02-19,1.3525288419422206
2019-02-20,1.3552548313303352
2019-02-21,1.350435671519204
2019-02-22,1.35880835321127
2019-02-25,1.3606581317246333
2019-02-26,1.3596845640860211
2019-02-27,1.3591004235028539
2019-02-28,1.3565691476424617
2019-03-01,1.3650391860983895
2019-03-04,1.3600739911414663
2019-03-05,1.358224212628103
2019-03-06,1.3499975660818286
2019-03-07,1.3387041814739253
2019-03-08,1.3360268704677414
2019-03-11,1.3554008664761275
2019-03-12,1.3605120965788422
2019-03-13,1.3695175972360063
2019-03-14,1.3686413863612554
2019-03-15,1.3693715620902147
2019-03-18,1.3743367570471376
2019-03-19,1.374677505720652
2019-03-20,1.3705398432565497
2019-03-21,1.3860195687104861
2019-03-22,1.3593438154125075
2019-03-25,1.3583215693919646
2019-03-26,1.368446672833533
2019-03-27,1.3612909506897322
2019-03-28,1.3664508591743776
2019-03-29,1.3750669327760972
2019-04-01,1.3913741907228538
2019-04-02,1.3920556880698827
2019-04-03,1.3942462152567603
2019-04-04,1.3979457722834874
2019-04-05,1.404712067371843
2019-04-08,1.4057829917743168
2019-04-09,1.398578591248585
2019-04-10,1.4033490726777857
2019-04-11,1.4029596456223408
2019-04-12,1.4124519300988114
2019-04-15,1.4115270408421299
2019-04-16,1.4124519300988114
2019-04-17,1.4089957649817375
2019-04-18,1.4117704327517826
2019-04-22,1.4129873923000478
2019-04-23,1.425692449983939
2019-04-24,1.422528355158449
2019-04-25,1.421652144283698
2019-04-26,1.4282724042262618
2019-04-29,1.43051160979507
2019-04-30,1.4312417855240294
2019-05-01,1.4204838631173629
2019-05-02,1.417417125055734
2019-05-03,1.43129046390596
2019-05-06,1.4254003796923553
2019-05-07,1.4015966509282831
2019-05-08,1.3996495156510584
2019-05-09,1.3954144964230948
2019-05-10,1.4024241834211038
2019-05-13,1.3671810349033364
2019-05-14,1.379545343913713
2019-05-15,1.3876259553141956
2019-05-16,1.4004770481438786
2019-05-17,1.3914228691047836
2019-05-20,1.382222654919897
2019-05-21,1.394684320694135
2019-05-22,1.390400623084241
2019-05-23,1.3734118677904552
2019-05-24,1.3765272842340148
2019-05-28,1.3637248697862623
2019-05-29,1.3545733339833064
2019-05-30,1.358272891010033
2019-05-31,1.3399698194041207
2019-06-03,1.3365623326689775
2019-06-04,1.3655746482996258
2019-06-05,1.377403495108766
2019-06-06,1.3863603173839998
2019-06-07,1.4002336562342257
2019-06-10,1.4066592026490674
2019-06-11,1.4063184539755529
2019-06-12,1.4038358564970916
2019-06-13,1.409628583946835
2019-06-14,1.408070875725055
2019-06-17,1.408606337926292
2019-06-18,1.423355887651269
2019-06-19,1.4265686608586898
2019-06-20,1.440198607799263
2019-06-21,1.431144428760168
2019-06-24,1.4293920070106658
2019-06-25,1.4153726330146479
2019-06-26,1.41396095993866
2019-06-27,1.4189748332775134
2019-06-28,1.426276590567106
2019-07-01,1.4392250401606506
2019-07-02,1.442973275569308
2019-07-03,1.4545100520868646
2019-07-05,1.4528549871012233
2019-07-08,1.444871732464602
2019-07-09,1.446672832596035
2019-07-10,1.4535851628301826
2019-07-11,1.4569926495653256
2019-07-12,1.4635155527440291
2019-07-15,1.4640023365633354
2019-07-16,1.458939784842551
2019-07-17,1.4493501436022194
2019-07-18,1.4546560872326566
2019-07-19,1.4465754758321743
2019-07-22,1.450128997713109
2019-07-23,1.4604974930643306
2019-07-24,1.4673611449165482
2019-07-25,1.4603514579185388
2019-07-26,1.470135812686593
2019-07-29,1.467458501680409
2019-07-30,1.4638563014175432
2019-07-31,1.4478411137623701
2019-08-01,1.4352334128423399
2019-08-02,1.4244268120537429
2019-08-05,1.3815898359547991
2019-08-06,1.4009638319631852
2019-08-07,1.4017913644560056
2019-08-08,1.4292946502468045
2019-08-09,1.4195589738606809
2019-08-12,1.4022781482753117
2019-08-13,1.4240860633802286
2019-08-14,1.3819792630102439
2019-08-15,1.3856301416550403
2019-08-16,1.4060750620659002
2019-08-19,1.423015138977755
2019-08-20,1.4121111814252965
2019-08-21,1.4235992795609222
2019-08-22,1.4231611741235468
2019-08-23,1.3866037092936527
2019-08-26,1.4019373996017972
2019-08-27,1.3964367424436375
2019-08-28,1.406269775593622
2019-08-29,1.42423209852602
2019-08-30,1.4235992795609222
2019-09-03,1.4152752762507868
2019-09-04,1.4313391422878905
2019-09-05,1.449739570657664
2019-09-06,1.450859173442068
2019-09-09,1.451589349171027
2019-09-10,1.451248600497513
2019-09-11,1.461568417466804
2019-09-12,1.466630969187588
2019-09-13,1.4656574015489754
2019-09-16,1.4611303120294283
2019-09-17,1.464829869056155
2019-09-18,1.4657060799309063
2019-09-19,1.465608723167045
2019-09-20,1.451978776226472
2019-09-23,1.4516380275529577
2019-09-24,1.4402472861811932
2019-09-25,1.4487660030190512
2019-09-26,1.445747943339353
2019-09-27,1.4379594022304538
2019-09-30,1.4446283405549485
2019-10-01,1.4274448717334405
2019-10-02,1.4022294698933804
2019-10-03,1.4137175680290064
2019-10-04,1.4328481721277393
2019-10-07,1.4266660176225505
2019-10-08,1.4045173538441196
2019-10-09,1.4178552304931087
2019-10-10,1.4274448717334407
2019-10-11,1.4422430998403482
2019-10-14,1.4406367132366378
2019-10-15,1.454899479142314
2019-10-16,1.452562916809626
2019-10-17,1.4568466144195162
2019-10-18,1.4504697463865919
2019-10-21,1.4603027795365846
2019-10-22,1.4555322981073635
2019-10-23,1.4597673173353276
2019-10-24,1.4621525580499497
2019-10-25,1.4681399990274546
2019-10-28,1.4764153239560052
2019-10-29,1.4759772185185551
2019-10-30,1.4805043080381548
2019-10-31,1.4765613591017563
2019-11-01,1.4902399844243646
2019-11-04,1.4962274254021173
2019-11-05,1.4945723604164656
2019-11-06,1.4949131090899768
2019-11-07,1.5001703743385435
2019-11-08,1.5038699313652828
2019-11-11,1.5009979068313763
2019-11-12,1.5041620016568695
2019-11-13,1.5046487854761763
2019-11-14,1.5068393126630495
2019-11-15,1.5177432702155385
2019-11-18,1.5188628730000147
2019-11-19,1.5184247675626639
2019-11-20,1.5127780752586921
2019-11-21,1.5103441561621522
2019-11-22,1.5137029645153657
2019-11-25,1.5254344545607834
2019-11-26,1.5288906196778747
2019-11-27,1.5357055931482393
2019-11-29,1.530010222462253
2019-12-02,1.5170130944866436
2019-12-03,1.506839312663139
2019-12-04,1.516136883611892
2019-12-05,1.518862873000008
2019-12-06,1.532736211850242
2019-12-09,1.5279170520391079
2019-12-10,1.5262133086715355
2019-12-11,1.530545684663363
2019-12-12,1.5437375261665676
2019-12-13,1.5446624154232498
2019-12-16,1.5552743026841305
2019-12-17,1.555615051357645
2019-12-18,1.5557124081215061
2019-12-19,1.5620892761544205
2019-12-20,1.5612617436615999
2019-12-23,1.5636469843762015
2019-12-24,1.5636956627581322
2019-12-26,1.5720196660682724
2019-12-27,1.5716302390128274
2019-12-30,1.5629654870291723
2019-12-31,1.5667624008197625
2020-01-02,1.5814145937808868
2020-01-03,1.5694397118259482
2020-01-06,1.5754271528034174
2020-01-07,1.5709974200477288
2020-01-08,1.5793701017397996
2020-01-09,1.5900793457645412
2020-01-10,1.5855035778630606
2020-01-13,1.5964075354155252
2020-01-14,1.5939736163189928
2020-01-15,1.5975758165818608
2020-01-16,1.6108650148489267
2020-01-17,1.615878888187783
2020-01-21,1.6127147933622912
2020-01-22,1.6129095068900134
2020-01-23,1.6147592854033783
2020-01-24,1.6003991627338376
2020-01-27,1.5747456554563874
2020-01-28,1.591247626930876
2020-01-29,1.589933310618749
2020-01-30,1.5950932191033973
2020-01-31,1.5661295818546632
2020-02-03,1.5777637151360875
2020-02-04,1.6018108358098264
2020-02-05,1.6203086209434718
2020-02-06,1.625760599719704
2020-02-07,1.617095847736049
2020-02-10,1.6291680864548492
2020-02-11,1.6319914326068266
2020-02-12,1.6425059631038463
2020-02-13,1.6407535413543433
2020-02-14,1.6433821739785979
2020-02-18,1.6391471547506318
2020-02-19,1.6469843742414654
2020-02-20,1.6402180791531058
2020-02-21,1.623326680623172
2020-02-24,1.569488390207878
2020-02-25,1.5219296110616374
2020-02-26,1.5163315971396132
2020-02-27,1.4482305408186398
2020-02-28,1.4421457430773093
2020-03-02,1.5046001070943273
2020-03-03,1.4615197390857062
2020-03-04,1.522951857082181
2020-03-05,1.4723263398743094
2020-03-06,1.4479871489089864
2020-03-09,1.3349072676840967
2020-03-10,1.4039818916436828
2020-03-11,1.3355400866491949
2020-03-12,1.20775933408125
2020-03-13,1.3110061821561492
2020-03-16,1.1675509906065364
2020-03-17,1.2305894952067227
2020-03-18,1.1682811663354962
2020-03-19,1.170763763813959
2020-03-20,1.113761378573173
2020-03-23,1.0852845251437453
2020-03-24,1.1836148566436495
2020-03-25,1.2013337876664045
2020-03-26,1.271479336028465
2020-03-27,1.2336075548864227
2020-03-30,1.273669863215344
2020-03-31,1.2546852942623923
2020-04-01,1.1982183712228434
2020-04-02,1.22586769215945
2020-04-03,1.208148761136695
2020-04-06,1.2892956238150814
2020-04-07,1.2906099401272089
2020-04-08,1.3339337000454834
2020-04-09,1.3542325853105623
2020-04-13,1.3418682763001786
2020-04-14,1.3814438008097936
2020-04-15,1.352090736505614
2020-04-16,1.3586136396843207
2020-04-17,1.3953171396600272
2020-04-20,1.370734556785051
2020-04-21,1.3291145402343494
2020-04-22,1.3586136396843207
2020-04-23,1.3585162829204591
2020-04-24,1.3774521734914804
2020-04-27,1.3973129533191837
2020-04-28,1.3908874069043387
2020-04-29,1.4272988365884614
2020-04-30,1.4140096383213954
2020-05-01,1.376575962616729
2020-05-04,1.3803728764073193
2020-05-05,1.3931266124731485
2020-05-06,1.3836830063786034
2020-05-07,1.4003796913808149
2020-05-08,1.4235506011798023
2020-05-11,1.423842671471386
2020-05-12,1.39546317480582
2020-05-13,1.3707832351669826
2020-05-14,1.3871878498776102
2020-05-15,1.3935647179105246
2020-05-18,1.4360122669540478
2020-05-19,1.4212627172290622
2020-05-20,1.4454071946666622
2020-05-21,1.43542812637088
2020-05-22,1.4381541157589959
2020-05-26,1.455873046781751
2020-05-27,1.4775349267408882
2020-05-28,1.4748089373527722
2020-05-29,1.4813805189134093
2020-06-01,1.4873679598908784
2020-06-02,1.4996835905193318
2020-06-03,1.5196417271108964
2020-06-04,1.5156500997925835
2020-06-05,1.5544954485732387
2020-06-08,1.573285303998468
2020-06-09,1.5615538139531826
2020-06-10,1.552840383587597
2020-06-11,1.4633208392171397
2020-06-12,1.480845056712172
2020-06-15,1.4946697171804753
2020-06-16,1.5234386409014864
2020-06-17,1.517110451250503
2020-06-18,1.5176945918336702
2020-06-19,1.5024095799074475
2020-06-22,1.5120478995297155
2020-06-23,1.5190089081457978
2020-06-24,1.480260916129004
2020-06-25,1.4961300686383945
2020-06-26,1.460594849829023
2020-06-29,1.4820620162604377
2020-06-30,1.5010465852133896
2020-07-01,1.511561115710409
2020-07-02,1.5198851190205498
2020-07-06,1.5433480991111206
2020-07-07,1.5274302682197993
2020-07-08,1.5391130798831543
2020-07-09,1.5303509711356382
2020-07-10,1.5459767317353754
2020-07-13,1.5325901767044479
2020-07-14,1.5524509565321511
2020-07-15,1.5667137224378305
2020-07-16,1.561553813953182
2020-07-17,1.5660809034727319
2020-07-20,1.5787372827746995
2020-07-21,1.582096091127914
2020-07-22,1.5911015917850837
2020-07-23,1.5721170228321317
2020-07-24,1.5619919193905576
2020-07-27,1.5733826607623287
2020-07-28,1.5634035924665464
2020-07-29,1.5826315533291515
2020-07-30,1.5769848610251964
2020-07-31,1.5894465267994415
2020-08-03,1.6004965194976981
2020-08-04,1.60667867400289
2020-08-05,1.6166577422986723
2020-08-06,1.6274643430872753
2020-08-07,1.6286326242536107
2020-08-10,1.6335004624466753
2020-08-11,1.6200165506518869
2020-08-12,1.6426033198677064
2020-08-13,1.639633938569937
2020-08-14,1.6396826169518677
2020-08-17,1.644891203818447
2020-08-18,1.6484447256993837
2020-08-19,1.641581073847163
2020-08-20,1.6466923039498804
2020-08-21,1.652533709781558
2020-08-24,1.6692790731657001
2020-08-25,1.6751204789973775
2020-08-26,1.69191452076345
2020-08-27,1.695614077790179
2020-08-28,1.7065667137245744
2020-08-31,1.7003845592193825
2020-09-01,1.7163997468745649
2020-09-02,1.741225721659194
2020-09-03,1.6813026335025694
2020-09-04,1.6675753297981275
2020-09-08,1.6220123643110433
2020-09-09,1.6540427396214081
2020-09-10,1.6253224942823272
2020-09-11,1.626150026775148
2020-09-14,1.6475685148246317
2020-09-15,1.6558925181347721
2020-09-16,1.649320936574135
2020-09-17,1.6348147787588025
2020-09-18,1.6095506985367976
2020-09-21,1.5916370539863205
2020-09-22,1.6078469551692254
2020-09-23,1.570559314610351
2020-09-24,1.5747456554563866
2020-09-25,1.600204449206114
2020-09-28,1.6267828457402465
2020-09-29,1.617923380228869
2020-09-30,1.6301903324753915
2020-10-01,1.6406561845904806
2020-10-02,1.6250791023726738
2020-10-05,1.653896704475616
2020-10-06,1.6303850460031144
2020-10-07,1.6587645426686806
2020-10-08,1.673465414011735
2020-10-09,1.6884096772644435
2020-10-12,1.7155722143817438
2020-10-13,1.7043761865376954
2020-10-14,1.6936669425129536
2020-10-15,1.691573772089936
2020-10-16,1.6905515260693926
2020-10-19,1.6648493404100118
2020-10-20,1.67151827873451
2020-10-21,1.6683541839090181
2020-10-22,1.6775057197119794
2020-10-23,1.6832010903978645
2020-10-26,1.6520956043441821
2020-10-27,1.646400233658297
2020-10-28,1.5901280241464706
2020-10-29,1.6062892469474448
2020-10-30,1.5895438835633027
2020-11-02,1.6073601713499188
2020-11-03,1.635739668015485
2020-11-04,1.6722971328454
2020-11-05,1.7049116487389322
2020-11-06,1.7045222216834874
2020-11-09,1.7259407097329713
2020-11-10,1.7234094338725778
2020-11-11,1.7362118483203375
2020-11-12,1.7193691281723338
2020-11-13,1.7431728569364198
2020-11-16,1.7649320936594182
2020-11-17,1.7554398091829424
2020-11-18,1.7343133914250422
2020-11-19,1.741615148714639
2020-11-20,1.7296889451416309
2020-11-23,1.7400574404928586
2020-11-24,1.7680961884849107
2020-11-25,1.7653701990967947
2020-11-27,1.7702867156717896
2020-11-30,1.7624494961809558
2020-12-01,1.7817261354254914
2020-12-02,1.785474370834151
2020-12-03,1.7849875870148446
2020-12-04,1.8003699557049286
2020-12-07,1.7966703986781993
2020-12-08,1.8019276639267094
2020-12-09,1.7857664411257352
2020-12-10,1.7851823005425675
2020-12-11,1.78308913011955
2020-12-14,1.775105875482924
2020-12-15,1.7991043177747321
2020-12-16,1.8019276639267097
2020-12-17,1.8120040889863531
2020-12-18,1.7971085041155757
2020-12-21,1.7906829577007306
2020-12-22,1.7876648980210308
2020-12-23,1.789271284624742
2020-12-24,1.7962322932408241
2020-12-28,1.8116633403128388
2020-12-29,1.8082071751957627
2020-12-30,1.8107871294380868
2020-12-31,1.819987343622979
2021-01-04,1.7952100472202805
2021-01-05,1.807574356230664
2021-01-06,1.8183809570192675
2021-01-07,1.8453974589907758
2021-01-08,1.855911989487795
2021-01-11,1.843401645331619
2021-01-12,1.8437910723870643
2021-01-13,1.8487562673439903
2021-01-14,1.8422820425472146
2021-01-15,1.8288468091343566
2021-01-19,1.8432069318038966
2021-01-20,1.868714403935555
2021-01-21,1.8704181473031276
2021-01-22,1.8637978873605598
2021-01-25,1.8711483230320871
2021-01-26,1.8682276201162487
2021-01-27,1.822567297865303
2021-01-28,1.8382417368469706
2021-01-29,1.8014408801074024
2021-02-01,1.8314267633766803
2021-02-02,1.8573236625637835
2021-02-03,1.8587840140217027
2021-02-04,1.8799104317796025
2021-02-05,1.8873095458330604
2021-02-08,1.9009394927736412
2021-02-09,1.8996738548434444
2021-02-10,1.8988463223506236
2021-02-11,1.901913060412254
2021-02-12,1.9113079881248682
2021-02-16,1.9096529231392263
2021-02-17,1.9100910285766017
2021-02-18,1.9019617387941843
2021-02-19,1.8986029304409697
2021-02-22,1.883999415861776
2021-02-23,1.8862872998125162
2021-02-24,1.907072968896902
2021-02-25,1.8611205763543726
2021-02-26,1.8515309351140357
2021-03-01,1.8964124032540906
2021-03-02,1.8816141751471744
2021-03-03,1.856690843598684
2021-03-04,1.833714647327419
2021-03-05,1.8674487660053563
2021-03-08,1.8581511950566032
2021-03-09,1.884680913208805
2021-03-10,1.89641240325409
2021-03-11,1.915640364116695
2021-03-12,1.9182203183590194
2021-03-15,1.9296597381127214
2021-03-16,1.9272258190161893
2021-03-17,1.933797400576826
2021-03-18,1.9056612958209131
2021-03-19,1.8959256194347842
2021-03-22,1.9110645962152144
2021-03-23,1.8960229761986451
2021-03-24,1.8863846565763773
2021-03-25,1.8969965438372582
2021-03-26,1.9275665676897036
2021-03-29,1.9265930000510905
2021-03-30,1.9214817699483728
2021-03-31,1.9292703110572758
2021-04-01,1.9501046585235922
2021-04-05,1.9780947281337131
2021-04-06,1.9769264469673775
2021-04-07,1.9792143309181176
2021-04-08,1.9886092586307318
2021-04-09,2.0030667380641334
2021-04-12,2.003796913793093
2021-04-13,2.0097356763886323
2021-04-14,2.002872024536411
2021-04-15,2.024387869349756
2021-04-16,2.031154164438116
2021-04-19,2.021175096142333
2021-04-20,2.0063768680354173
2021-04-21,2.025361436988369
2021-04-22,2.0068636518547236
2021-04-23,2.0286228885777224
2021-04-26,2.0328579078056888
2021-04-27,2.0324198023683127
2021-04-28,2.031835661785145
2021-04-29,2.044784111378697
2021-04-30,2.031348877965839
2021-05-03,2.035729932339597
2021-05-04,2.0231709098014905
2021-05-05,2.023803728766589
2021-05-06,2.0399649515675633
2021-05-07,2.0548118580564103
2021-05-10,2.0344642944094007
2021-05-11,2.01630725794927
2021-05-12,1.9734702818503018
2021-05-13,1.997176653850526
2021-05-14,2.027844034466833
2021-05-17,2.0226841259821846
2021-05-18,2.0052572652510134
2021-05-19,2.0000000000025038
2021-05-20,2.0215158448158492
2021-05-21,2.0198607798302075
2021-05-24,2.0404517353868705
2021-05-25,2.0359246458673206
2021-05-26,2.039964951567564
2021-05-27,2.0410358759700387
2021-05-28,2.044686754614837
2021-06-01,2.042885654483403
2021-06-02,2.0460984276908256
2021-06-03,2.0385046001096447
2021-06-04,2.0571484203890824
2021-06-07,2.055152606729926
2021-06-08,2.0555907121673016
2021-06-09,2.052523974105671
2021-06-10,2.0620649369640773
2021-06-11,2.0654724236992226
2021-06-14,2.0700968699826334
2021-06-15,2.066299956192043
2021-06-16,2.0547631796744805
2021-06-17,2.0540816823274515
2021-06-18,2.0197634230663466
2021-06-21,2.0486783819331498
2021-06-22,2.0596310178675448
2021-06-23,2.057148420389082
2021-06-24,2.0693180158717435
2021-06-25,2.0766684515432714
2021-06-28,2.080854792389307
2021-06-29,2.0819743951737117
2021-06-30,2.083726816923215
2021-07-01,2.095263593440778
2021-07-02,2.1112787810959603
2021-07-06,2.1074331889234394
2021-07-07,2.114880981358828
2021-07-08,2.0976488341553794
2021-07-09,2.1200408898434766
2021-07-12,2.127634717424657
2021-07-13,2.120381638516991
2021-07-14,2.1235457333424828
2021-07-15,2.1162926544348166
2021-07-16,2.0996933261964665
2021-07-19,2.0686851969066455
2021-07-20,2.0983303315024084
2021-07-21,2.1153190867962035
2021-07-22,2.119748819551892
2021-07-23,2.1415567346568216
2021-07-26,2.1468139999053313
2021-07-27,2.1370296451372717
2021-07-28,2.13615343426252
2021-07-29,2.1450128997738975
2021-07-30,2.1345957260407395
2021-08-02,2.13011731490312
2021-08-03,2.1474468188704297
2021-08-04,2.13688360999148
2021-08-05,2.1504162001681992
2021-08-06,2.1539697220491365
2021-08-09,2.152217300299633
2021-08-10,2.1548946113058185
2021-08-11,2.1602492333181886
2021-08-12,2.1667234581149644
2021-08-13,2.1706664070513466
2021-08-16,2.1757776371540642
2021-08-17,2.1615148712483854
2021-08-18,2.137857177630092
2021-08-19,2.1411673076013757
2021-08-20,2.1582047412771015
2021-08-23,2.1771893102300535
2021-08-24,2.180645475347129
2021-08-25,2.1852212432486096
2021-08-26,2.1723214720369883
2021-08-27,2.191744146427316
2021-08-30,2.201382466049584
2021-08-31,2.198121014460231
2021-09-01,2.1992892956265666
2021-09-02,2.2060555907149264
2021-09-03,2.2055201285136894
2021-09-07,2.1976342306409244
2021-09-08,2.1949569196347394
2021-09-09,2.1855619919221247
2021-09-10,2.1683298447186763
2021-09-13,2.1738791802587696
2021-09-14,2.1621476902134846
2021-09-15,2.1802073699097537
2021-09-16,2.176751204792678
2021-09-17,2.1486637784186953
2021-09-20,2.1128364893177403
2021-09-21,2.110840675658584
2021-09-22,2.131431631215247
2021-09-23,2.15732853040235
2021-09-24,2.160882052283287
2021-09-27,2.154699897778095
2021-09-28,2.1112787810959595
2021-09-29,2.1148323029768963
2021-09-30,2.0889840821717236
