date,2021_11_04__22_20_58_daily_lr_1e-06_epoch_50000
2015-01-05,0.9899017660079739
2015-01-06,0.9852959655746354
2015-01-07,0.9932811939692927
2015-01-08,1.0054738696430308
2015-01-09,1.0035387714291946
2015-01-12,0.9975328913924623
2015-01-13,0.9960301264201499
2015-01-14,0.993022790384124
2015-01-15,0.9877391310017648
2015-01-16,0.9944185307211928
2015-01-20,1.0009352970362553
2015-01-21,1.0012721747968871
2015-01-22,1.0124673621407274
2015-01-23,1.0133927632596142
2015-01-26,1.0123409154898961
2015-01-27,0.9975323585220245
2015-01-28,0.9953128836410681
2015-01-29,1.0010950652417843
2015-01-30,0.9956673552393088
2015-02-02,1.0032394622455427
2015-02-03,1.0080674025124154
2015-02-04,1.0075164620159034
2015-02-05,1.012147638133945
2015-02-06,1.0052344604453078
2015-02-09,1.0024622816402917
2015-02-10,1.0097752997876153
2015-02-11,1.011760392093849
2015-02-12,1.0193378293979893
2015-02-13,1.0202346781809137
2015-02-17,1.0167377242961135
2015-02-18,1.0187219828468537
2015-02-19,1.0177935823678388
2015-02-20,1.0227610087128962
2015-02-23,1.0261329336446734
2015-02-24,1.0319408314314509
2015-02-25,1.03048188794003
2015-02-26,1.028526713479973
2015-02-27,1.02824996291462
2015-03-02,1.0277078724704705
2015-03-03,1.0226717565959083
2015-03-04,1.0196994470927996
2015-03-05,1.0193542039188899
2015-03-06,1.0034855520552461
2015-03-09,1.0091151065723036
2015-03-10,0.9987223864494037
2015-03-11,0.9973139164370386
2015-03-12,1.0046792288042905
2015-03-13,0.999496414475767
2015-03-16,1.0114135122624535
2015-03-17,1.0122984028063138
2015-03-18,1.0267921485702967
2015-03-19,1.022561282064717
2015-03-20,1.026562451018692
2015-03-23,1.0254257957355262
2015-03-24,1.0244833460901066
2015-03-25,1.0072306376373383
2015-03-26,1.0025981511413677
2015-03-27,1.0068423618609659
2015-03-30,1.0147182780178319
2015-03-31,1.0081289985730275
2015-04-01,1.0089163221766084
2015-04-02,1.007659256011249
2015-04-06,1.0122461753341718
2015-04-07,1.0125706977178917
2015-04-08,1.0151036311041948
2015-04-09,1.014390073927702
2015-04-10,1.018285564315988
2015-04-13,1.0158818036983894
2015-04-14,1.0175320661534657
2015-04-15,1.0221554845862666
2015-04-16,1.019420759299893
2015-04-17,1.0131626740810984
2015-04-20,1.0202467479984443
2015-04-21,1.0183529920319836
2015-04-22,1.0196119031637383
2015-04-23,1.0231855005977724
2015-04-24,1.0288574503712284
2015-04-27,1.028201013025004
2015-04-28,1.0268261240629004
2015-04-29,1.0200758413454598
2015-04-30,1.0116796154205916
2015-05-01,1.0159754381464405
2015-05-04,1.0148386688634004
2015-05-05,1.0046153817963244
2015-05-06,0.9956367338938298
2015-05-07,1.0031216667035965
2015-05-08,1.014040021440997
2015-05-11,1.003769105679649
2015-05-12,1.001460524779661
2015-05-13,1.0008127098893007
2015-05-14,1.0110685144916092
2015-05-15,1.0158682779360024
2015-05-18,1.0141624808145204
2015-05-19,1.010828875929718
2015-05-20,1.0111974325739068
2015-05-21,1.0175185522797392
2015-05-22,1.016398885339805
2015-05-26,1.0117415567909447
2015-05-27,1.0225154485858328
2015-05-28,1.0207097684110762
2015-05-29,1.0162183342790916
2015-06-01,1.0146478100525653
2015-06-02,1.009934205482932
2015-06-03,1.007623015553721
2015-06-04,1.0043658583997928
2015-06-05,0.9995096470199291
2015-06-08,0.9930230828679444
2015-06-09,0.9902705545055633
2015-06-10,0.9981900253669601
2015-06-11,1.005090233295761
2015-06-12,0.9990108517181151
2015-06-15,0.9956402670510751
2015-06-16,1.0020300151640489
2015-06-17,1.0009185807167875
2015-06-18,1.0069724483653988
2015-06-19,1.002302567482896
2015-06-22,1.0016429584542033
2015-06-23,1.0005128514644606
2015-06-24,0.9984500130927443
2015-06-25,0.9955143259798146
2015-06-26,0.989690540706239
2015-06-29,0.9812361433073029
2015-06-30,0.9810336653274017
2015-07-01,0.9834293150011328
2015-07-02,0.9842581478716055
2015-07-06,0.9854768610659997
2015-07-07,0.9906220178878604
2015-07-08,0.9795974609332566
2015-07-09,0.9749974025347927
2015-07-10,0.9824941378891796
2015-07-13,0.9914609850228211
2015-07-14,0.9953261820353432
2015-07-15,0.997921287772969
2015-07-16,1.0072410082429955
2015-07-17,1.014081748270234
2015-07-20,1.0149974594538733
2015-07-21,1.012471743716048
2015-07-22,1.0077434729864387
2015-07-23,1.0078341794965382
2015-07-24,1.0022932261512256
2015-07-27,0.9981607726278214
2015-07-28,1.0047137762616347
2015-07-29,1.0088564191481457
2015-07-30,1.0115723605262659
2015-07-31,1.0117702548811416
2015-08-03,1.0106800096199937
2015-08-04,1.005838075868202
2015-08-05,1.0085929553338253
2015-08-06,1.0042061414220824
2015-08-07,1.006924007979034
2015-08-10,1.0142082583048924
2015-08-11,1.0097307782228995
2015-08-12,1.01027712790268
2015-08-13,1.0079993258415214
2015-08-14,1.0117523263628494
2015-08-17,1.01713902077514
2015-08-18,1.0121323184671362
2015-08-19,1.0091505093418045
2015-08-20,0.994578946460585
2015-08-21,0.9688347815665062
2015-08-24,0.9349304084968619
2015-08-25,0.9248288331285216
2015-08-26,0.957775240519503
2015-08-27,0.9774764114324273
2015-08-28,0.97870263732551
2015-08-31,0.9704905939978118
2015-09-01,0.9460488504567379
2015-09-02,0.9618045919967416
2015-09-03,0.9632065879028197
2015-09-04,0.9526745671668974
2015-09-08,0.9711208366748273
2015-09-09,0.9614535183420172
2015-09-10,0.9660756437510178
2015-09-11,0.9708404878150291
2015-09-14,0.9686343470966462
2015-09-15,0.9750367608752175
2015-09-16,0.9795956494551059
2015-09-17,0.9787591299914264
2015-09-18,0.9664218858247788
2015-09-21,0.9687855381991488
2015-09-22,0.9604639002462361
2015-09-23,0.9605325766948015
2015-09-24,0.9602337986453529
2015-09-25,0.9579404664002268
2015-09-28,0.9422801019123468
2015-09-29,0.9416278522817926
2015-09-30,0.9559697339841254
2015-10-01,0.9577075438511724
2015-10-02,0.970010098145354
2015-10-05,0.9812874791751937
2015-10-06,0.9810916653158969
2015-10-07,0.9854685850259863
2015-10-08,0.9890226386049645
2015-10-09,0.9912754487675771
2015-10-12,0.9938336117340191
2015-10-13,0.9908040012857311
2015-10-14,0.9900382609258195
2015-10-15,0.9998672914384732
2015-10-16,1.002530844717357
2015-10-19,1.003349569638364
2015-10-20,1.0004289722814794
2015-10-21,0.9975610332124948
2015-10-22,1.0127527496605113
2015-10-23,1.0245019955715797
2015-10-26,1.0238233506610646
2015-10-27,1.0216295018376746
2015-10-28,1.0306820271252641
2015-10-29,1.0254878994387708
2015-10-30,1.0231734158609844
2015-11-02,1.0297489506545898
2015-11-03,1.0307452209698524
2015-11-04,1.0301339101481481
2015-11-05,1.0280250073136366
2015-11-06,1.024888957865227
2015-11-09,1.016234599067282
2015-11-10,1.0157807605811613
2015-11-11,1.013442539066727
2015-11-12,1.0058509474690878
2015-11-13,0.995622864644872
2015-11-16,1.0072451984197435
2015-11-17,1.0074023631718003
2015-11-18,1.0199249557269408
2015-11-19,1.022713528592357
2015-11-20,1.025972799593584
2015-11-23,1.0242955757068963
2015-11-24,1.0249349451208583
2015-11-25,1.0243912202977175
2015-11-27,1.025393335251331
2015-11-30,1.0249873040014734
2015-12-01,1.0349869267644538
2015-12-02,1.0284574578774905
2015-12-03,1.0110970018668197
2015-12-04,1.0299426763069497
2015-12-07,1.028114054440198
2015-12-08,1.0245076287044015
2015-12-09,1.015748792995439
2015-12-10,1.0181453903977096
2015-12-11,1.0059367841596396
2015-12-14,1.0084852141317355
2015-12-15,1.0136380198720414
2015-12-16,1.0243557222186441
2015-12-17,1.0151739702789648
2015-12-18,0.9978942371224949
2015-12-21,1.004856855610885
2015-12-22,1.0094434071518743
2015-12-23,1.0155498661700089
2015-12-24,1.0156343665057908
2015-12-28,1.0151909526581624
2015-12-29,1.0202984446816503
2015-12-30,1.0141293108383078
2015-12-31,1.00609971913845
2016-01-04,0.997276895400893
2016-01-05,0.9962933868032726
2016-01-06,0.9897662628748215
2016-01-07,0.9698787507387642
2016-01-08,0.9631633708624705
2016-01-11,0.9636979311085161
2016-01-12,0.9738972954657407
2016-01-13,0.9559629293718049
2016-01-14,0.9675605889227469
2016-01-15,0.9519061083228172
2016-01-19,0.9522855973013351
2016-01-20,0.9457833897924922
2016-01-21,0.9489246492850485
2016-01-22,0.9661072480204603
2016-01-25,0.9568480101745279
2016-01-26,0.9661535898708358
2016-01-27,0.9548463010094341
2016-01-28,0.9613888699179707
2016-01-29,0.9837488633495114
2016-02-01,0.9836215068493228
2016-02-02,0.9738713203732835
2016-02-03,0.974536877963021
2016-02-04,0.976568122840256
2016-02-05,0.9593100998041306
2016-02-08,0.952834817154186
2016-02-09,0.9516459163959342
2016-02-10,0.9534195464879861
2016-02-11,0.9477028304001187
2016-02-12,0.9589937076566307
2016-02-16,0.9703698929541956
2016-02-17,0.9830589396917997
2016-02-18,0.9825093666836595
2016-02-19,0.9826924248177151
2016-02-22,0.9932771749136401
2016-02-23,0.9834976898500225
2016-02-24,0.9875406885181427
2016-02-25,0.997772928375763
2016-02-26,0.9936594899558466
2016-02-29,0.9888425725403978
2016-03-01,1.00448163837617
2016-03-02,1.0083758940452143
2016-03-03,1.0109856950385354
2016-03-04,1.011677145820341
2016-03-07,1.0099484926277356
2016-03-08,1.005744301100352
2016-03-09,1.00934311176374
2016-03-10,1.0084251895324692
2016-03-11,1.0182335335014963
2016-03-14,1.0188440666790834
2016-03-15,1.0195925112988777
2016-03-16,1.0267077014523285
2016-03-17,1.031761483176344
2016-03-18,1.0306494789231118
2016-03-21,1.0303309828131078
2016-03-22,1.0301133381969043
2016-03-23,1.0282563190127494
2016-03-24,1.029118272668656
2016-03-28,1.0287819272493803
2016-03-29,1.040915675424382
2016-03-30,1.042090137556347
2016-03-31,1.042173284594345
2016-04-01,1.047993651079291
2016-04-04,1.0454046432183899
2016-04-05,1.0402506461239498
2016-04-06,1.0467207661087998
2016-04-07,1.0395006887753917
2016-04-08,1.0391553596510712
2016-04-11,1.036855042516024
2016-04-12,1.0416522332398008
2016-04-13,1.050471619848181
2016-04-14,1.0490826839633176
2016-04-15,1.0496078421847355
2016-04-18,1.0529497463284052
2016-04-19,1.0515362545277602
2016-04-20,1.049569763105478
2016-04-21,1.0443679883630084
2016-04-22,1.0377673457453227
2016-04-25,1.0359664947101763
2016-04-26,1.0337109748703197
2016-04-27,1.0357184888731128
2016-04-28,1.0287543169406452
2016-04-29,1.0242281272960592
2016-05-02,1.0269340965711917
2016-05-03,1.0235799635763014
2016-05-04,1.0216447144239553
2016-05-05,1.0234627371947635
2016-05-06,1.026332174103917
2016-05-09,1.027539850991958
2016-05-10,1.0371286623749416
2016-05-11,1.0323244132085283
2016-05-12,1.0302866923018403
2016-05-13,1.0278618838971691
2016-05-16,1.0343047439445052
2016-05-17,1.0274682996938933
2016-05-18,1.0243441478963922
2016-05-19,1.0221875885301732
2016-05-20,1.0291409902872541
2016-05-23,1.0285327591780555
2016-05-24,1.0391614674659861
2016-05-25,1.0433207172777832
2016-05-26,1.0459773404363666
2016-05-27,1.0489800667839368
2016-05-31,1.0495325389218246
2016-06-01,1.0501510931581859
2016-06-02,1.0531850324479253
2016-06-03,1.0551690838779477
2016-06-06,1.0558325311792272
2016-06-07,1.05857639889374
2016-06-08,1.0622015619834453
2016-06-09,1.0634586400928336
2016-06-10,1.0578647668826953
2016-06-13,1.0514852378934487
2016-06-14,1.051167580377273
2016-06-15,1.0504554550809682
2016-06-16,1.0536859449862295
2016-06-17,1.0439942006725813
2016-06-20,1.0460464607101003
2016-06-21,1.0487165458964347
2016-06-22,1.0471080000806123
2016-06-23,1.055645163006647
2016-06-24,1.031281068571459
2016-06-27,1.016778154816209
2016-06-28,1.0336991343948243
2016-06-29,1.0462536351125902
2016-06-30,1.0574384656385225
2016-07-01,1.0617638378007657
2016-07-05,1.0581243130113098
2016-07-06,1.0639598269877375
2016-07-07,1.0636680060723933
2016-07-08,1.0782247509338243
2016-07-11,1.0801291057298998
2016-07-12,1.0828041507911137
2016-07-13,1.0855378771481974
2016-07-14,1.0872207499495739
2016-07-15,1.0842350582611031
2016-07-18,1.0879141434429747
2016-07-19,1.0878939594362005
2016-07-20,1.0938969208759226
2016-07-21,1.0902639385761668
2016-07-22,1.0952224630991965
2016-07-25,1.093254849552551
2016-07-26,1.0947266938964189
2016-07-27,1.1004261510545308
2016-07-28,1.1008476098096471
2016-07-29,1.104930991484116
2016-08-01,1.1029889768944035
2016-08-02,1.0947550000079809
2016-08-03,1.0975540752871025
2016-08-04,1.1020844339730387
2016-08-05,1.1063571001168344
2016-08-08,1.1065628078438994
2016-08-09,1.110403319578737
2016-08-10,1.109182976746151
2016-08-11,1.110193335529683
2016-08-12,1.1117228646172566
2016-08-15,1.1122376910294296
2016-08-16,1.1064653282758576
2016-08-17,1.1089620551628363
2016-08-18,1.1105997341383866
2016-08-19,1.1085527876917562
2016-08-22,1.111118942069435
2016-08-23,1.1136532320951955
2016-08-24,1.1086433102733153
2016-08-25,1.1079804680671088
2016-08-26,1.1055913677089197
2016-08-29,1.1130392362647363
2016-08-30,1.1099145705764293
2016-08-31,1.108402554517068
2016-09-01,1.1093728331610069
2016-09-02,1.1107165028773982
2016-09-06,1.1160922515623788
2016-09-07,1.1167395739865844
2016-09-08,1.108998260082699
2016-09-09,1.084416109009983
2016-09-12,1.0994741675127264
2016-09-13,1.0874117504972751
2016-09-14,1.0895906140993497
2016-09-15,1.1008589733688237
2016-09-16,1.0948755117696105
2016-09-19,1.0934874650907551
2016-09-20,1.0939656712532588
2016-09-21,1.1056253104856526
2016-09-22,1.1128929521297943
2016-09-23,1.1065275182780991
2016-09-26,1.1020018356924062
2016-09-27,1.111072017324328
2016-09-28,1.1135086928273517
2016-09-29,1.1076526839168974
2016-09-30,1.11081069354488
2016-10-03,1.107222553128596
2016-10-04,1.100447993437265
2016-10-05,1.1025996145873689
2016-10-06,1.1023181961675446
2016-10-07,1.0999044425236197
2016-10-10,1.103362318957244
2016-10-11,1.0927082728781055
2016-10-12,1.094195164658571
2016-10-13,1.0912644096504271
2016-10-14,1.0893834363844002
2016-10-17,1.0886021162704869
2016-10-18,1.094358136284033
2016-10-19,1.096506023919886
2016-10-20,1.0943066583472076
2016-10-21,1.0959028418746086
2016-10-24,1.0999986337340186
2016-10-25,1.097938440227862
2016-10-26,1.0931315985883472
2016-10-27,1.0884322468558245
2016-10-28,1.0860692151815659
2016-10-31,1.0875356385131238
2016-11-01,1.0805332918670938
2016-11-02,1.0764103404544187
2016-11-03,1.0689883377442613
2016-11-04,1.0697744744915287
2016-11-07,1.0867225951932589
2016-11-08,1.0901858883838822
2016-11-09,1.086295167801333
2016-11-10,1.078460232170796
2016-11-11,1.0775138565567164
2016-11-14,1.0706700297686877
2016-11-15,1.080984049341914
2016-11-16,1.0853707730859607
2016-11-17,1.0875908127385043
2016-11-18,1.0855714244847015
2016-11-21,1.093727918435523
2016-11-22,1.0958493822082156
2016-11-23,1.0938000621521198
2016-11-25,1.0976150566636609
2016-11-28,1.096932328177722
2016-11-29,1.0989667685904794
2016-11-30,1.0898523609023392
2016-12-01,1.077280666518544
2016-12-02,1.08039648375143
2016-12-05,1.086920756099146
2016-12-06,1.0894142476963675
2016-12-07,1.1048970043093997
2016-12-08,1.1042793740741164
2016-12-09,1.1071404240900535
2016-12-12,1.105846732858275
2016-12-13,1.1148485957219312
2016-12-14,1.1068771894586305
2016-12-15,1.1117784176007648
2016-12-16,1.1028405985233203
2016-12-19,1.1095578439479015
2016-12-20,1.111106009112071
2016-12-21,1.1104527521653198
2016-12-22,1.1076040157080917
2016-12-23,1.1092267266368983
2016-12-27,1.1109299482460853
2016-12-28,1.1059057884520447
2016-12-29,1.1068877760113662
2016-12-30,1.1026643572839039
2017-01-03,1.1106448535524727
2017-01-04,1.1157273728266637
2017-01-05,1.1207010646093198
2017-01-06,1.122208928168064
2017-01-09,1.123126239157765
2017-01-10,1.1229995878165129
2017-01-11,1.1270143849743148
2017-01-12,1.1243115696973838
2017-01-13,1.124958040604882
2017-01-17,1.1252667066999036
2017-01-18,1.1231523111865753
2017-01-19,1.118837782807266
2017-01-20,1.121861939458127
2017-01-23,1.1244741786737205
2017-01-24,1.1274257645152561
2017-01-25,1.1305977907380012
2017-01-26,1.1302295530537154
2017-01-27,1.1321044050115758
2017-01-30,1.1254242378083856
2017-01-31,1.1257105368508145
2017-02-01,1.1260745133727994
2017-02-02,1.1255492436608576
2017-02-03,1.1309774286259722
2017-02-06,1.132249525806447
2017-02-07,1.1359522835773241
2017-02-08,1.1414410999453892
2017-02-09,1.141704934948107
2017-02-10,1.1443980333337604
2017-02-13,1.147547648125565
2017-02-14,1.148283612742017
2017-02-15,1.1503948344849684
2017-02-16,1.1525491871455018
2017-02-17,1.1564352758582155
2017-02-21,1.1605617901448295
2017-02-22,1.1611090607465995
2017-02-23,1.1623147786757149
2017-02-24,1.1672954910066955
2017-02-27,1.1659110895959048
2017-02-28,1.163977191072599
2017-03-01,1.170164484055923
2017-03-02,1.1634799255230834
2017-03-03,1.1654526953491053
2017-03-06,1.1620318731877748
2017-03-07,1.1597472628628855
2017-03-08,1.157728408229144
2017-03-09,1.1558866404846104
2017-03-10,1.160686588179809
2017-03-13,1.1594246256346152
2017-03-14,1.1582467750965948
2017-03-15,1.1685121035435002
2017-03-16,1.166298696923847
2017-03-17,1.1649355707836713
2017-03-20,1.1660602403840683
2017-03-21,1.1569880849347172
2017-03-22,1.161856567388359
2017-03-23,1.1598460650673759
2017-03-24,1.1608795533457386
2017-03-27,1.161726615152707
2017-03-28,1.1660241555561046
2017-03-29,1.168982588179655
2017-03-30,1.1686588029227933
2017-03-31,1.1677578439728387
2017-04-03,1.1690112504847698
2017-04-04,1.1679628465204406
2017-04-05,1.1658551365140015
2017-04-06,1.166745630319781
2017-04-07,1.1648208633421235
2017-04-10,1.1655512067591012
2017-04-11,1.1660670944082083
2017-04-12,1.1641917970933198
2017-04-13,1.160418277573574
2017-04-17,1.167459357598761
2017-04-18,1.1698862245432526
2017-04-19,1.1671155034205034
2017-04-20,1.173478615484446
2017-04-21,1.1711681527547833
2017-04-24,1.1796842436244477
2017-04-25,1.1821035287596682
2017-04-26,1.1825943033337192
2017-04-27,1.1846307412840464
2017-04-28,1.1848843448793425
2017-05-01,1.1869072607219298
2017-05-02,1.1891898977274589
2017-05-03,1.1879552235944906
2017-05-04,1.1871897888822507
2017-05-05,1.1910906774092103
2017-05-08,1.19152767299721
2017-05-09,1.1914928316332452
2017-05-10,1.1937432154752534
2017-05-11,1.1920793981284434
2017-05-12,1.1937610515832804
2017-05-15,1.1986425749569651
2017-05-16,1.200708709413059
2017-05-17,1.1820237251212904
2017-05-18,1.1871502982198614
2017-05-19,1.193721558284454
2017-05-22,1.1994810697148133
2017-05-23,1.1999456892619538
2017-05-24,1.2043461508741136
2017-05-25,1.2104165341628061
2017-05-26,1.2103782127536222
2017-05-30,1.2131256437567957
2017-05-31,1.2125750632947683
2017-06-01,1.2179317653704635
2017-06-02,1.2263303294593046
2017-06-05,1.2254630863966938
2017-06-06,1.22351054578877
2017-06-07,1.2254321329483198
2017-06-08,1.226489801953415
2017-06-09,1.2124555956039107
2017-06-12,1.2094013237486552
2017-06-13,1.2157172638011708
2017-06-14,1.2151342387897404
2017-06-15,1.2116122697126819
2017-06-16,1.2065299894351684
2017-06-19,1.2179377409340917
2017-06-20,1.2118767827190404
2017-06-21,1.2146583072466681
2017-06-22,1.2149808411895002
2017-06-23,1.2184162021516385
2017-06-26,1.2176410814721537
2017-06-27,1.2033594745080172
2017-06-28,1.2114877634604837
2017-06-29,1.1972165247090454
2017-06-30,1.1969842142645846
2017-07-03,1.1932969484891784
2017-07-05,1.198407144541631
2017-07-06,1.1877452446648324
2017-07-07,1.1934891225564288
2017-07-10,1.1972693670606354
2017-07-11,1.198306725529498
2017-07-12,1.2092215476326864
2017-07-13,1.2086443021112665
2017-07-14,1.2147254045423088
2017-07-17,1.2156963618179817
2017-07-18,1.2207468281547689
2017-07-19,1.2255041406691822
2017-07-20,1.2275317798988719
2017-07-21,1.2280807865726486
2017-07-24,1.2275469783164064
2017-07-25,1.2233926175638523
2017-07-26,1.2254962135709817
2017-07-27,1.2218221741670923
2017-07-28,1.22279440564415
2017-07-31,1.2209231426626104
2017-08-01,1.225666674415773
2017-08-02,1.2272273710685095
2017-08-03,1.2288017382897456
2017-08-04,1.2279544435463872
2017-08-07,1.2318345305563103
2017-08-08,1.2289476233033556
2017-08-09,1.2303192727714023
2017-08-10,1.2171545168894946
2017-08-11,1.2212512171496979
2017-08-14,1.2344806643325865
2017-08-15,1.234463091283107
2017-08-16,1.2374917743059863
2017-08-17,1.2200158757618311
2017-08-18,1.2186385571235123
2017-08-21,1.2194338802669824
2017-08-22,1.2309568054109623
2017-08-23,1.2298238103646786
2017-08-24,1.2272657104453883
2017-08-25,1.2293852912823786
2017-08-28,1.2301033514524116
2017-08-29,1.2335324939719639
2017-08-30,1.239156901011581
2017-08-31,1.2457523620192033
2017-09-01,1.2432768140148776
2017-09-05,1.2401874609020247
2017-09-06,1.240514665876063
2017-09-07,1.2449932591196766
2017-09-08,1.2400483414032097
2017-09-11,1.248168438453416
2017-09-12,1.2492281093926059
2017-09-13,1.2476227735916032
2017-09-14,1.2472651814070776
2017-09-15,1.2458225062571302
2017-09-18,1.2454259319024616
2017-09-19,1.2471694675615503
2017-09-20,1.2457231029396016
2017-09-21,1.2416981355158092
2017-09-22,1.2428386505618072
2017-09-25,1.2381582721850044
2017-09-26,1.2394361632885997
2017-09-27,1.2409186181304008
2017-09-28,1.2410936244215045
2017-09-29,1.246499674707667
2017-10-02,1.2485892032667958
2017-10-03,1.251054424458033
2017-10-04,1.2514593818649955
2017-10-05,1.25805341782932
2017-10-06,1.257346647834586
2017-10-09,1.258302322740031
2017-10-10,1.2606302191435763
2017-10-11,1.2634749820995002
2017-10-12,1.2629622741736273
2017-10-13,1.2679376033564462
2017-10-16,1.2700207426541223
2017-10-17,1.2707662540827211
2017-10-18,1.2699907154999863
2017-10-19,1.2694722578100563
2017-10-20,1.2711384390663765
2017-10-23,1.2678660805085258
2017-10-24,1.2678355681794722
2017-10-25,1.2614193435981822
2017-10-26,1.2626720756343506
2017-10-27,1.2804005974973434
2017-10-30,1.282657959020658
2017-10-31,1.2855538952057255
2017-11-01,1.2870045698163746
2017-11-02,1.2887765082168712
2017-11-03,1.2951724827360211
2017-11-06,1.2982059321648098
2017-11-07,1.2994265940409122
2017-11-08,1.302306819633439
2017-11-09,1.295639794619823
2017-11-10,1.2905335280202017
2017-11-13,1.2914682164666216
2017-11-14,1.2913930328439938
2017-11-15,1.288462028373148
2017-11-16,1.2969449651940608
2017-11-17,1.2949035502371888
2017-11-20,1.297373214027395
2017-11-21,1.3065334271971394
2017-11-22,1.306481047789179
2017-11-24,1.3090927016847176
2017-11-27,1.30831578394083
2017-11-28,1.3151582429272184
2017-11-29,1.301014318607967
2017-11-30,1.3080327270134395
2017-12-01,1.308865365284947
2017-12-04,1.3011125805277688
2017-12-05,1.3012320414420755
2017-12-06,1.3053819718892832
2017-12-07,1.3069093676978842
2017-12-08,1.311727793618612
2017-12-11,1.3161663496208564
2017-12-12,1.3167481431633798
2017-12-13,1.3196901590401124
2017-12-14,1.3187028318735854
2017-12-15,1.3250698786694846
2017-12-18,1.3284313630092581
2017-12-19,1.3186936880609053
2017-12-20,1.313975019146946
2017-12-21,1.315574341023595
2017-12-22,1.3157127256717571
2017-12-26,1.3133627664435725
2017-12-27,1.319040262196085
2017-12-28,1.3204854669151682
2017-12-29,1.3168583143657555
2018-01-02,1.322014036771492
2018-01-03,1.3306746482383898
2018-01-04,1.3349001784774557
2018-01-05,1.3416433479247363
2018-01-08,1.3439341655497001
2018-01-09,1.3385935495599741
2018-01-10,1.3358443484410962
2018-01-11,1.3429473910906904
2018-01-12,1.3495336336681287
2018-01-16,1.347677465191116
2018-01-17,1.3587357060895169
2018-01-18,1.3550975557364038
2018-01-19,1.3565394000141497
2018-01-22,1.3655200136160062
2018-01-23,1.3702160889744532
2018-01-24,1.3646285790926063
2018-01-25,1.3672285465991092
2018-01-26,1.3790944064630808
2018-01-29,1.3687454784418276
2018-01-30,1.3567399533792337
2018-01-31,1.3623246863186023
2018-02-01,1.3564352367800772
2018-02-02,1.3275721579074242
2018-02-05,1.2850197672652668
2018-02-06,1.3129246355925313
2018-02-07,1.3015071119086525
2018-02-08,1.255009255940909
2018-02-09,1.2758520924501606
2018-02-12,1.294722941808219
2018-02-13,1.2982456349298415
2018-02-14,1.3141350668551866
2018-02-15,1.331984933936455
2018-02-16,1.3325623494785206
2018-02-20,1.3280091114247734
2018-02-21,1.3192697005044516
2018-02-22,1.321273132335191
2018-02-23,1.3432630364984697
2018-02-26,1.3583449051350416
2018-02-27,1.3448706008517848
2018-02-28,1.3361842304841631
2018-03-01,1.3198769830729482
2018-03-02,1.3259294977007936
2018-03-05,1.3373742598025298
2018-03-06,1.340233752451282
2018-03-07,1.3423387772119235
2018-03-08,1.34880358618557
2018-03-09,1.367867283577963
2018-03-12,1.369728600304805
2018-03-13,1.3611243188645166
2018-03-14,1.35874202687434
2018-03-15,1.3583874959214919
2018-03-16,1.3536259006488252
2018-03-19,1.335321544195791
2018-03-20,1.334960129871759
2018-03-21,1.3315876786115344
2018-03-22,1.308503708322132
2018-03-23,1.2834673305923987
2018-03-26,1.3154716555635206
2018-03-27,1.293833969874787
2018-03-28,1.2898634798280084
2018-03-29,1.3073218462317113
2018-04-02,1.2841832576245407
2018-04-03,1.294142514794154
2018-04-04,1.3057942665073792
2018-04-05,1.310056433849741
2018-04-06,1.2896181454851916
2018-04-09,1.2962724542800512
2018-04-10,1.3157315954574056
2018-04-11,1.3110404385660537
2018-04-12,1.3189849544783607
2018-04-13,1.316538862738239
2018-04-16,1.3246870933050465
2018-04-17,1.339610495678182
2018-04-18,1.3362425582248971
2018-04-19,1.3256247051690546
2018-04-20,1.312507274881752
2018-04-23,1.310971722353451
2018-04-24,1.2944419149009294
2018-04-25,1.2939417753250297
2018-04-26,1.3094882255152844
2018-04-27,1.3117103429127623
2018-04-30,1.3051801617056245
2018-05-01,1.3095133620451307
2018-05-02,1.304913356999432
2018-05-03,1.3060353811028669
2018-05-04,1.3218428781675464
2018-05-07,1.3261716629861073
2018-05-08,1.3268073328858043
2018-05-09,1.3356149467231941
2018-05-10,1.3492548839939618
2018-05-11,1.3512255491091165
2018-05-14,1.3495795508960484
2018-05-15,1.3375365166219277
2018-05-16,1.3405047627138784
2018-05-17,1.336046848536598
2018-05-18,1.3358994941623004
2018-05-21,1.3439762876628063
2018-05-22,1.3412502997201392
2018-05-23,1.3484785610975996
2018-05-24,1.3496838097062136
2018-05-25,1.3502705904628096
2018-05-29,1.3490311366868897
2018-05-30,1.3586702468666538
2018-05-31,1.3546913822702942
2018-06-01,1.3662708105478465
2018-06-04,1.3704223808612868
2018-06-05,1.3731643601020798
2018-06-06,1.3786952313950487
2018-06-07,1.377976689966368
2018-06-08,1.378013532181895
2018-06-11,1.378739993709228
2018-06-12,1.3818355762706769
2018-06-13,1.3773662328780512
2018-06-14,1.3847785045163439
2018-06-15,1.3782897060948474
2018-06-18,1.3772737357109381
2018-06-19,1.374422899944347
2018-06-20,1.3735358681661158
2018-06-21,1.3680530947998517
2018-06-22,1.3675808536201812
2018-06-25,1.3506048581890582
2018-06-26,1.3542149176096527
2018-06-27,1.3458906723120125
2018-06-28,1.3549369829844684
2018-06-29,1.3545156680817367
2018-07-02,1.358869103412187
2018-07-03,1.3530622417865057
2018-07-05,1.3651569604282663
2018-07-06,1.3764095941527075
2018-07-09,1.382721142924687
2018-07-10,1.3858250410769717
2018-07-11,1.3812075753237394
2018-07-12,1.3935519346010523
2018-07-13,1.394436723090589
2018-07-16,1.39133681402452
2018-07-17,1.3963767510148066
2018-07-18,1.3953496314711924
2018-07-19,1.3938844865836766
2018-07-20,1.3888651856771213
2018-07-23,1.3877725181121203
2018-07-24,1.3943843798292819
2018-07-25,1.4044297802041348
2018-07-26,1.3952448516931462
2018-07-27,1.384021867259679
2018-07-30,1.3727513082210097
2018-07-31,1.3786876164851347
2018-08-01,1.3780569220834504
2018-08-02,1.3871209535040339
2018-08-03,1.3930314798858427
2018-08-06,1.397653868057744
2018-08-07,1.3990790605343852
2018-08-08,1.4004521777332437
2018-08-09,1.40328271985686
2018-08-10,1.398901371834895
2018-08-13,1.3953458313917735
2018-08-14,1.401043402204659
2018-08-15,1.3948805025466553
2018-08-16,1.4015447020901088
2018-08-17,1.404721191063059
2018-08-20,1.4078591308559971
2018-08-21,1.4086111851076217
2018-08-22,1.4111421940173423
2018-08-23,1.4119765300398144
2018-08-24,1.4207101088776397
2018-08-27,1.427113992181196
2018-08-28,1.425817527580389
2018-08-29,1.4335605408650067
2018-08-30,1.4306790328644048
2018-08-31,1.4301465650139553
2018-09-04,1.424187835141001
2018-09-05,1.4157801106270969
2018-09-06,1.4120817711191656
2018-09-07,1.406297289985895
2018-09-10,1.4100753696675936
2018-09-11,1.4130222228316989
2018-09-12,1.4121819703865586
2018-09-13,1.421469200002314
2018-09-14,1.4193378548681228
2018-09-17,1.4106506001730155
2018-09-18,1.4126171528222242
2018-09-19,1.4097265253530593
2018-09-20,1.4214231332388143
2018-09-21,1.4148736459226474
2018-09-24,1.4141297219640598
2018-09-25,1.4126576311651982
2018-09-26,1.411959077108849
2018-09-27,1.4164682457122109
2018-09-28,1.4171538684893537
2018-10-01,1.4175643651177747
2018-10-02,1.4196752414473908
2018-10-03,1.4145370256180163
2018-10-04,1.399156690066691
2018-10-05,1.3870307760495684
2018-10-08,1.3807407253455903
2018-10-09,1.3847919025387734
2018-10-10,1.3423965311338344
2018-10-11,1.323301149874571
2018-10-12,1.3492400156993118
2018-10-15,1.3366611766148644
2018-10-16,1.3663723284776779
2018-10-17,1.3625187502788498
2018-10-18,1.3436279697542204
2018-10-19,1.3425481703640179
2018-10-22,1.343937601285625
2018-10-23,1.3398021282838124
2018-10-24,1.300295368039583
2018-10-25,1.3264439695569772
2018-10-26,1.3074978749849884
2018-10-29,1.2957274727208257
2018-10-30,1.3086682205148874
2018-10-31,1.3247100603012816
2018-11-01,1.3360322737962003
2018-11-02,1.3200101843162229
2018-11-05,1.3239089427013733
2018-11-06,1.330315899838528
2018-11-07,1.3567191483264578
2018-11-08,1.3552430983118657
2018-11-09,1.3440048923994088
2018-11-12,1.3189184673802568
2018-11-13,1.3181191466238897
2018-11-14,1.3089510110063
2018-11-15,1.3259197814686472
2018-11-16,1.3284770258035228
2018-11-19,1.302607047548159
2018-11-20,1.282415994891636
2018-11-21,1.2874251606750309
2018-11-23,1.2798867673464527
2018-11-26,1.2983504781868151
2018-11-27,1.3014945117715364
2018-11-28,1.3283679974152824
2018-11-29,1.3240735839124387
2018-11-30,1.3328985465757581
2018-12-03,1.3516820310997697
2018-12-04,1.321395418103538
2018-12-06,1.3222949633990746
2018-12-07,1.292789031290542
2018-12-10,1.3009285798733792
2018-12-11,1.301560346687258
2018-12-12,1.3068412021676281
2018-12-13,1.3067532308175578
2018-12-14,1.285796859118474
2018-12-17,1.2664764686126615
2018-12-18,1.2700314640321424
2018-12-19,1.2554751274495277
2018-12-20,1.2372394853432112
2018-12-21,1.2066874821740379
2018-12-24,1.180693133408921
2018-12-26,1.2339434996492553
2018-12-27,1.2418320531235751
2018-12-28,1.2416096732579676
2018-12-31,1.2518001070862
2019-01-02,1.253850957660022
2019-01-03,1.2202570809596947
2019-01-04,1.2556912031316445
2019-01-07,1.263269357469071
2019-01-08,1.271613492048223
2019-01-09,1.2794841463559927
2019-01-10,1.2816970155745635
2019-01-11,1.2821633651389763
2019-01-14,1.2736067425938906
2019-01-15,1.285707212016544
2019-01-16,1.2877634895074659
2019-01-17,1.2949879618673827
2019-01-18,1.3077877010920758
2019-01-22,1.294464798792082
2019-01-23,1.2971051352429503
2019-01-24,1.3029872210579592
2019-01-25,1.312872898163909
2019-01-28,1.3021380443202004
2019-01-29,1.2978331915355958
2019-01-30,1.320800028735889
2019-01-31,1.327725961686414
2019-02-01,1.3284125907632949
2019-02-04,1.3392027961873014
2019-02-05,1.3471019898632388
2019-02-06,1.3482860713184739
2019-02-07,1.337914453902411
2019-02-08,1.3427277668786035
2019-02-11,1.341642457769621
2019-02-12,1.3546978767061655
2019-02-13,1.3559300324744261
2019-02-14,1.3572797673715562
2019-02-15,1.3677239260756087
2019-02-19,1.3697214637367912
2019-02-20,1.37041879400621
2019-02-21,1.3654462955421647
2019-02-22,1.3768116993988666
2019-02-25,1.3787441109671974
2019-02-26,1.3810038754222722
2019-02-27,1.3764142550162703
2019-02-28,1.3728806926749277
2019-03-01,1.375451473605229
2019-03-04,1.3745943043078963
2019-03-05,1.3732310477310496
2019-03-06,1.3687573534842798
2019-03-07,1.3618642844887907
2019-03-08,1.3621466014244572
2019-03-11,1.3790810527619368
2019-03-12,1.3863932613968042
2019-03-13,1.3924619990172542
2019-03-14,1.3903992114071022
2019-03-15,1.39726809986854
2019-03-18,1.40103938668346
2019-03-19,1.4013163016861243
2019-03-20,1.402166548626664
2019-03-21,1.4211523678923017
2019-03-22,1.4045801152884994
2019-03-25,1.4023828866834198
2019-03-26,1.4093194908366564
2019-03-27,1.4062269808887877
2019-03-28,1.4116235767153926
2019-03-29,1.4199368742064231
2019-04-01,1.42817298596899
2019-04-02,1.4308610320238988
2019-04-03,1.4331093757996154
2019-04-04,1.4333906270495855
2019-04-05,1.4391207312917738
2019-04-08,1.4403584557789932
2019-04-09,1.43590595589829
2019-04-10,1.442371235186713
2019-04-11,1.4395772930600015
2019-04-12,1.4449254384791383
2019-04-15,1.4451302645397275
2019-04-16,1.446321437033589
2019-04-17,1.4481717876807803
2019-04-18,1.4524886090294582
2019-04-22,1.4528534482956301
2019-04-23,1.4649469610713135
2019-04-24,1.4663671320336742
2019-04-25,1.465414025063052
2019-04-26,1.4670044681586518
2019-04-29,1.466103530681272
2019-04-30,1.468876506591571
2019-05-01,1.4637639213802458
2019-05-02,1.4582296662331398
2019-05-03,1.4698954588443538
2019-05-06,1.4646729583362954
2019-05-07,1.4461685255050056
2019-05-08,1.443445648136454
2019-05-09,1.4388980314969828
2019-05-10,1.4433066722584373
2019-05-13,1.4101543891372703
2019-05-14,1.424170318712193
2019-05-15,1.4355522903440558
2019-05-16,1.4450311356163101
2019-05-17,1.4373997047169353
2019-05-20,1.4231013668168442
2019-05-21,1.4342766123199675
2019-05-22,1.4316761703133687
2019-05-23,1.4191845772914602
2019-05-24,1.4209425002419374
2019-05-28,1.4167364613584468
2019-05-29,1.4106007161611556
2019-05-30,1.418061355668295
2019-05-31,1.4058710358446576
2019-06-03,1.3973130651598598
2019-06-04,1.4225820219598722
2019-06-05,1.4321906419037238
2019-06-06,1.4428288182547357
2019-06-07,1.4608987724773252
2019-06-10,1.4654221688461246
2019-06-11,1.4654852741776725
2019-06-12,1.4619226012697197
2019-06-13,1.4671713622764273
2019-06-14,1.4628846589508913
2019-06-17,1.4641167623301647
2019-06-18,1.4814642532142663
2019-06-19,1.4852255670401053
2019-06-20,1.4992969445345918
2019-06-21,1.4871868417779377
2019-06-24,1.4900154778337198
2019-06-25,1.4758011318529316
2019-06-26,1.478107872059257
2019-06-27,1.484092174362935
2019-06-28,1.4870797546216814
2019-07-01,1.499081373381441
2019-07-02,1.504914942985855
2019-07-03,1.5164523871742936
2019-07-05,1.509595873424137
2019-07-08,1.5028081077071138
2019-07-09,1.505207179258701
2019-07-10,1.5101607868717213
2019-07-11,1.5083312138599358
2019-07-12,1.5151163276191313
2019-07-15,1.5192921614017263
2019-07-16,1.5113265007388041
2019-07-17,1.5102670165216392
2019-07-18,1.5162432028668238
2019-07-19,1.5096988410164651
2019-07-22,1.5175835586775281
2019-07-23,1.5225265151588963
2019-07-24,1.5312946761955608
2019-07-25,1.524308323727982
2019-07-26,1.5304312687236927
2019-07-29,1.5291791136081812
2019-07-30,1.5255703642684058
2019-07-31,1.5146097363338566
2019-08-01,1.513035027537524
2019-08-02,1.5032852282476095
2019-08-05,1.4692380765972746
2019-08-06,1.4903011786365323
2019-08-07,1.494583364048505
2019-08-08,1.522675682524359
2019-08-09,1.5109394228801811
2019-08-12,1.5011097527603605
2019-08-13,1.52457804517067
2019-08-14,1.4953043152541543
2019-08-15,1.4993673922275321
2019-08-16,1.5168260823524178
2019-08-19,1.527891500746957
2019-08-20,1.5238380570142924
2019-08-21,1.5329493823634655
2019-08-22,1.5290872282592245
2019-08-23,1.50060926171005
2019-08-26,1.513662057115204
2019-08-27,1.515306450420551
2019-08-28,1.5210446068118886
2019-08-29,1.537185720547155
2019-08-30,1.5368527976393858
2019-09-03,1.5264995954924168
2019-09-04,1.5433514882491919
2019-09-05,1.5558344229586103
2019-09-06,1.5585866044132377
2019-09-09,1.548262440258186
2019-09-10,1.538899070320945
2019-09-11,1.5481878082121268
2019-09-12,1.5507802888387314
2019-09-13,1.5384212726212634
2019-09-16,1.5399529504533818
2019-09-17,1.5457167191486052
2019-09-18,1.5475938258465025
2019-09-19,1.5498539939796538
2019-09-20,1.5401661723974884
2019-09-23,1.5416599312498052
2019-09-24,1.5355511735618241
2019-09-25,1.540949892885777
2019-09-26,1.5424336720856529
2019-09-27,1.5321552004138987
2019-09-30,1.5418540114815975
2019-10-01,1.5292962271574593
2019-10-02,1.5086406181281884
2019-10-03,1.5232943350447297
2019-10-04,1.543321391664873
2019-10-07,1.5352694574799273
2019-10-08,1.5163773580819921
2019-10-09,1.528377861502968
2019-10-10,1.5311833692938315
2019-10-11,1.540460359801324
2019-10-14,1.5421819986153107
2019-10-15,1.5492845569398952
2019-10-16,1.545342404552281
2019-10-17,1.545320797611034
2019-10-18,1.53777559085624
2019-10-21,1.5443992130358342
2019-10-22,1.5380417534552546
2019-10-23,1.5407717334759166
2019-10-24,1.5480895258327414
2019-10-25,1.5546303256172713
2019-10-28,1.5605375375217307
2019-10-29,1.5561403791079225
2019-10-30,1.5671159102663195
2019-10-31,1.5705589644405802
2019-11-01,1.580711659508184
2019-11-04,1.5803961129387092
2019-11-05,1.5744654778645562
2019-11-06,1.5768275452170348
2019-11-07,1.5759695269434333
2019-11-08,1.5788614792352837
2019-11-11,1.5781021645637192
2019-11-12,1.5830427263287081
2019-11-13,1.5868803213502671
2019-11-14,1.5917731259555312
2019-11-15,1.600115900919774
2019-11-18,1.6029084291477298
2019-11-19,1.6073727754729283
2019-11-20,1.6062456361563633
2019-11-21,1.5999188186577515
2019-11-22,1.6013006044502278
2019-11-25,1.615047790408308
2019-11-26,1.6196379338081603
2019-11-27,1.624088478173229
2019-11-29,1.6191688225833594
2019-12-02,1.599562006847257
2019-12-03,1.5983090931403015
2019-12-04,1.6009017668970833
2019-12-05,1.6021413321859046
2019-12-06,1.6119036585003033
2019-12-09,1.6079102565560301
2019-12-10,1.6075929906602602
2019-12-11,1.6162020313437238
2019-12-12,1.6212569507228927
2019-12-13,1.6299369867164877
2019-12-16,1.6354214097145199
2019-12-17,1.6337293090934313
2019-12-18,1.6301471156565521
2019-12-19,1.636724355601931
2019-12-20,1.6382756139023618
2019-12-23,1.6401998989744675
2019-12-24,1.6416134967548441
2019-12-26,1.650271651931318
2019-12-27,1.6505095895787927
2019-12-30,1.6420528521834925
2019-12-31,1.6415291535381362
2020-01-02,1.6627680351588963
2020-01-03,1.6581784989326729
2020-01-06,1.6596633605665352
2020-01-07,1.6553465091697992
2020-01-08,1.6618617159660447
2020-01-09,1.6741472833631255
2020-01-10,1.6748245824292414
2020-01-13,1.6849527566817621
2020-01-14,1.6836390735257243
2020-01-15,1.6888068348848568
2020-01-16,1.7004755828075497
2020-01-17,1.7024501082410823
2020-01-21,1.705585839498207
2020-01-22,1.7092032062821374
2020-01-23,1.7157422398650786
2020-01-24,1.7103362931968042
2020-01-27,1.691794478476488
2020-01-28,1.7084840513896842
2020-01-29,1.7131759786070389
2020-01-30,1.7208144148552236
2020-01-31,1.6945470966717835
2020-02-03,1.7068833334938125
2020-02-04,1.72826137271632
2020-02-05,1.7356633125999983
2020-02-06,1.7453419017258778
2020-02-07,1.7411974355121742
2020-02-10,1.7557793943409234
2020-02-11,1.75291406381885
2020-02-12,1.7622880979731652
2020-02-13,1.7614962791445312
2020-02-14,1.7671613622369644
2020-02-18,1.7658597259257567
2020-02-19,1.7766152060088967
2020-02-20,1.7704215903982572
2020-02-21,1.7528846747654672
2020-02-24,1.7088710835280747
2020-02-25,1.6658921684216061
2020-02-26,1.664063128487992
2020-02-27,1.5986175759037946
2020-02-28,1.60307512362418
2020-03-02,1.6710236258907716
2020-03-03,1.6275185832799886
2020-03-04,1.6855885466687042
2020-03-05,1.6444098557693616
2020-03-06,1.6272423814714514
2020-03-09,1.5177351816907791
2020-03-10,1.592874696345813
2020-03-11,1.5175852639408909
2020-03-12,1.3814294879786306
2020-03-13,1.506583055283577
2020-03-16,1.342427627181857
2020-03-17,1.4156481159544594
2020-03-18,1.348686947591368
2020-03-19,1.3531723366749786
2020-03-20,1.2943520654624339
2020-03-23,1.2693782198652812
2020-03-24,1.3806767880096307
2020-03-25,1.3934169092005444
2020-03-26,1.4722327103295392
2020-03-27,1.4264811984731387
2020-03-30,1.4737261279959957
2020-03-31,1.4508007281053168
2020-04-01,1.3904425999343597
2020-04-02,1.4211156493719335
2020-04-03,1.402089712867265
2020-04-06,1.4946055943119483
2020-04-07,1.4898398463970137
2020-04-08,1.530991595381631
2020-04-09,1.5449452151870442
2020-04-13,1.5363399795088983
2020-04-14,1.5824828557876134
2020-04-15,1.5578210283990355
2020-04-16,1.57019365885269
2020-04-17,1.5981604859198104
2020-04-20,1.5757094284990212
2020-04-21,1.5278792930694556
2020-04-22,1.566270536626557
2020-04-23,1.5636729546428891
2020-04-24,1.587165126505992
2020-04-27,1.5998755251556447
2020-04-28,1.5914321341832438
2020-04-29,1.633720654546615
2020-04-30,1.6205242743998933
2020-05-01,1.584753906661577
2020-05-04,1.592864251150681
2020-05-05,1.6065336770855012
2020-05-06,1.601153400087012
2020-05-07,1.623094956869915
2020-05-08,1.641457867360298
2020-05-11,1.6431918686924456
2020-05-12,1.6183696061519262
2020-05-13,1.59566999640831
2020-05-14,1.6146717670152688
2020-05-15,1.6205672625827634
2020-05-18,1.6534044898069231
2020-05-19,1.6438196810623942
2020-05-20,1.6705547707169939
2020-05-21,1.6579774871805157
2020-05-22,1.6632030722547684
2020-05-26,1.6689349854907176
2020-05-27,1.6838561941666563
2020-05-28,1.6801437963212624
2020-05-29,1.6928348207405235
2020-06-01,1.693702805151594
2020-06-02,1.7048981697070085
2020-06-03,1.7163449008495866
2020-06-04,1.704880923760295
2020-06-05,1.7386379547814361
2020-06-08,1.7528876659090027
2020-06-09,1.7528074867389838
2020-06-10,1.761944005856271
2020-06-11,1.6829622781103268
2020-06-12,1.7009533024482615
2020-06-15,1.7157092890848047
2020-06-16,1.744586068415235
2020-06-17,1.7416631117305272
2020-06-18,1.7470816267648792
2020-06-19,1.733386429583697
2020-06-22,1.7509807579849261
2020-06-23,1.7593791539881802
2020-06-24,1.7220159024156418
2020-06-25,1.740871554188031
2020-06-26,1.7075346426136868
2020-06-29,1.7273274422498246
2020-06-30,1.750343379171989
2020-07-01,1.7569590874989705
2020-07-02,1.7660676844494674
2020-07-06,1.791192885031985
2020-07-07,1.7770525334217653
2020-07-08,1.7948416599976231
2020-07-09,1.7955668312579014
2020-07-10,1.803248453835497
2020-07-13,1.7811124968659005
2020-07-14,1.800921795772851
2020-07-15,1.811775620484364
2020-07-16,1.8006561927245694
2020-07-17,1.8063035352067713
2020-07-20,1.8325705977099256
2020-07-21,1.8284783786290046
2020-07-22,1.8394157396849504
2020-07-23,1.8166061946057934
2020-07-24,1.8035709882709359
2020-07-27,1.8181132311311763
2020-07-28,1.807793711621514
2020-07-29,1.8267767495391944
2020-07-30,1.8291346769241286
2020-07-31,1.850729945388568
2020-08-03,1.8697642230232192
2020-08-04,1.878130438683395
2020-08-05,1.8828449011098585
2020-08-06,1.8995222576413686
2020-08-07,1.8884114431376684
2020-08-10,1.8876851659141067
2020-08-11,1.864750515248247
2020-08-12,1.8875208326263562
2020-08-13,1.8820720637335855
2020-08-14,1.8801831175731858
2020-08-17,1.8880220149180624
2020-08-18,1.8949874951777308
2020-08-19,1.888067441695113
2020-08-20,1.9023723383103317
2020-08-21,1.9156323975917162
2020-08-24,1.9296049574450966
2020-08-25,1.9329516668515354
2020-08-26,1.9532915967007154
2020-08-27,1.9491957304451013
2020-08-28,1.9605628576644865
2020-08-31,1.9617501665000416
2020-09-01,1.9867537928878276
2020-09-02,2.0100972950328355
2020-09-03,1.9386672993384293
2020-09-04,1.9159608996489208
2020-09-08,1.8543185287503392
2020-09-09,1.895450813684668
2020-09-10,1.8644927809307204
2020-09-11,1.8601761568699249
2020-09-14,1.8860808530291449
2020-09-15,1.8966118482487109
2020-09-16,1.8812188720103467
2020-09-17,1.8687159344600786
2020-09-18,1.8421933408430233
2020-09-21,1.8382976123996129
2020-09-22,1.8576313917801779
2020-09-23,1.8163744941317663
2020-09-24,1.8234210592190143
2020-09-25,1.8530376895349803
2020-09-28,1.8792352882196195
2020-09-29,1.8725014502343036
2020-09-30,1.8816699697276589
2020-10-01,1.8945396792092344
2020-10-02,1.867875361151253
2020-10-05,1.8920295055287675
2020-10-06,1.8702743810633917
2020-10-07,1.8961476066527807
2020-10-08,1.9094606099978169
2020-10-09,1.9278843753949493
2020-10-12,1.9622982910939966
2020-10-13,1.9548907031164167
2020-10-14,1.9464941564250684
2020-10-15,1.941753587203863
2020-10-16,1.9382940517502558
2020-10-19,1.9107945711828547
2020-10-20,1.913479663597095
2020-10-21,1.909588308242673
2020-10-22,1.908288555712309
2020-10-23,1.9128846422128787
2020-10-26,1.8849032121622376
2020-10-27,1.8863194692554368
2020-10-28,1.8258230130738466
2020-10-29,1.8442378982222274
2020-10-30,1.8177449487000086
2020-11-02,1.831812346763428
2020-11-03,1.858821602053383
2020-11-04,1.910557881618082
2020-11-05,1.950052329673534
2020-11-06,1.9482515022415323
2020-11-09,1.9477179367337512
2020-11-10,1.9319430890774456
2020-11-11,1.9556475010163397
2020-11-12,1.9466944700515632
2020-11-13,1.9648496551255272
2020-11-16,1.981911981301677
2020-11-17,1.9756642687857073
2020-11-18,1.958440205008734
2020-11-19,1.9696199842751754
2020-11-20,1.9596131786809485
2020-11-23,1.963264724303206
2020-11-24,1.9833954418793105
2020-11-25,1.9822763462367186
2020-11-27,1.9922790612445216
2020-11-30,1.9924294132177616
2020-12-01,2.0045795282117567
2020-12-02,2.002170646990244
2020-12-03,2.00451436679275
2020-12-04,2.0139988032258116
2020-12-07,2.0178628565758316
2020-12-08,2.0247436799300544
2020-12-09,2.0021004234203437
2020-12-10,2.0063834851069076
2020-12-11,2.0053281258522855
2020-12-14,2.0023719402549447
2020-12-15,2.0248974554345245
2020-12-16,2.029690551292236
2020-12-17,2.0386488598140278
2020-12-18,2.0272824818835744
2020-12-21,2.024750797018576
2020-12-22,2.0309171877403887
2020-12-23,2.0238802696274236
2020-12-24,2.033665977630045
2020-12-28,2.0496555903007847
2020-12-29,2.0439786453592528
2020-12-30,2.0458214216624757
2020-12-31,2.0521778419842174
2021-01-04,2.0272313639144817
2021-01-05,2.0359171853192293
2021-01-06,2.0218044154775683
2021-01-07,2.051256157855759
2021-01-08,2.0598139564543523
2021-01-11,2.0469579687594277
2021-01-12,2.043544508742068
2021-01-13,2.054906746371213
2021-01-14,2.041660520267854
2021-01-15,2.029056712191555
2021-01-19,2.046754920533255
2021-01-20,2.0741781193100657
2021-01-21,2.081024790396386
2021-01-22,2.0762923568876777
2021-01-25,2.090698505872966
2021-01-26,2.0888564345162863
2021-01-27,2.0522436281557086
2021-01-28,2.063913612093109
2021-01-29,2.0233313067515484
2021-02-01,2.0594180434786415
2021-02-02,2.0829777971132954
2021-02-03,2.0786335625252086
2021-02-04,2.1011077434516827
2021-02-05,2.1008348771820873
2021-02-08,2.117456609126424
2021-02-09,2.116139207077943
2021-02-10,2.1167798999264567
2021-02-11,2.1250554290773724
2021-02-12,2.1308333057510493
2021-02-16,2.123002236754274
2021-02-17,2.1185248342894756
2021-02-18,2.10909973277655
2021-02-19,2.1025396902552242
2021-02-22,2.0758932483781787
2021-02-23,2.0744075160052846
2021-02-24,2.095672968243167
2021-02-25,2.0393877023641296
2021-02-26,2.0479298051584798
2021-03-01,2.093148460852717
2021-03-02,2.073164350435837
2021-03-03,2.037513260014268
2021-03-04,2.0069436852732325
2021-03-05,2.0398128821361774
2021-03-08,2.01472606729346
2021-03-09,2.0572995379165486
2021-03-10,2.06135124359137
2021-03-11,2.0840329926094205
2021-03-12,2.0726054605392963
2021-03-15,2.0883404732341417
2021-03-16,2.091123695540276
2021-03-17,2.091019370701159
2021-03-18,2.0524573243568893
2021-03-19,2.047592683991845
2021-03-22,2.071874786761655
2021-03-23,2.0637178046380398
2021-03-24,2.0525035355048575
2021-03-25,2.054247796240308
2021-03-26,2.0857007090531803
2021-03-29,2.0779260100958816
2021-03-30,2.070855010857004
2021-03-31,2.0834571697712567
2021-04-01,2.1143621511966946
2021-04-05,2.1403563239491215
2021-04-06,2.140282755091382
2021-04-07,2.141504704710637
2021-04-08,2.1600273474311202
2021-04-09,2.171638873391308
2021-04-12,2.168427003174291
2021-04-13,2.1816812386420703
2021-04-14,2.169228873503242
2021-04-15,2.200114675592933
2021-04-16,2.1991709786849327
2021-04-19,2.186978358055516
2021-04-20,2.175828397140545
2021-04-21,2.1931559450601807
2021-04-22,2.1782481370712143
2021-04-23,2.1980060205507286
2021-04-26,2.20282269673898
2021-04-27,2.1962633167228174
2021-04-28,2.1899044650290342
2021-04-29,2.1939728510816296
2021-04-30,2.179181764473999
2021-05-03,2.1789452108797778
2021-05-04,2.1636937694316343
2021-05-05,2.163143620347265
2021-05-06,2.1787539603552473
2021-05-07,2.1893930191972237
2021-05-10,2.1568983013516583
2021-05-11,2.143267395670493
2021-05-12,2.0977279158489424
2021-05-13,2.1201687942684027
2021-05-14,2.155011823372574
2021-05-17,2.1462991109844456
2021-05-18,2.130992912193749
2021-05-19,2.129774339133491
2021-05-20,2.1574812326958464
2021-05-21,2.1542384536773103
2021-05-24,2.1785230254262817
2021-05-25,2.1810774755770863
2021-05-26,2.1821517442026463
2021-05-27,2.1768552541738155
2021-05-28,2.180306397546191
2021-06-01,2.1750598205164513
2021-06-02,2.1827495492567808
2021-06-03,2.1705024756297004
2021-06-04,2.1998752429419253
2021-06-07,2.1972156520024213
2021-06-08,2.2010496466571623
2021-06-09,2.20455327448955
2021-06-10,2.217469565060382
2021-06-11,2.222681770799039
2021-06-14,2.228395415290324
2021-06-15,2.221340199909675
2021-06-16,2.2114357768089024
2021-06-17,2.2271794525847106
2021-06-18,2.2123043918122
2021-06-21,2.226053148829807
2021-06-22,2.239301302981083
2021-06-23,2.235995645345942
2021-06-24,2.2473525610335514
2021-06-25,2.2448563736211
2021-06-28,2.2598639260250346
2021-06-29,2.2668226550213015
2021-06-30,2.2689664457816683
2021-07-01,2.275296523777332
2021-07-02,2.29627799309391
2021-07-06,2.3031833739108643
2021-07-07,2.315378758888695
2021-07-08,2.301245681903841
2021-07-09,2.3133435245532064
2021-07-12,2.3169638307703653
2021-07-13,2.3128841628737478
2021-07-14,2.3257289013132354
2021-07-15,2.3210415354905
2021-07-16,2.304125857550985
2021-07-19,2.2881784435496675
2021-07-20,2.310817275549167
2021-07-21,2.320502760971973
2021-07-22,2.333085012846056
2021-07-23,2.3479073831214468
2021-07-26,2.3485077901644265
2021-07-27,2.341998357324694
2021-07-28,2.340641550319946
2021-07-29,2.345772804546187
2021-07-30,2.342567420234595
2021-08-02,2.3415261677342967
2021-08-03,2.355474579844414
2021-08-04,2.352816831622284
2021-08-05,2.3610509865160743
2021-08-06,2.353043998256096
2021-08-09,2.3477512226931783
2021-08-10,2.341084557791548
2021-08-11,2.3434437829189374
2021-08-12,2.349993572747906
2021-08-13,2.3647873496572793
2021-08-16,2.372076950829991
2021-08-17,2.3584353025501077
2021-08-18,2.337762035980482
2021-08-19,2.350363242673142
2021-08-20,2.3694156128134347
2021-08-23,2.3885329981500782
2021-08-24,2.3851469264751772
2021-08-25,2.382403583995047
2021-08-26,2.372769876585051
2021-08-27,2.393431376564866
2021-08-30,2.407844481182611
2021-08-31,2.3983302788203744
2021-09-01,2.3993177761304483
2021-09-02,2.404143396056874
2021-09-03,2.4019644972905723
2021-09-07,2.393686255258327
2021-09-08,2.3929285309224775
2021-09-09,2.391674936518542
2021-09-10,2.3707760982133643
2021-09-13,2.376814379064232
2021-09-14,2.376084483431965
2021-09-15,2.3901008494898885
2021-09-16,2.386336503437765
2021-09-17,2.3578000481525567
2021-09-20,2.330263263813466
2021-09-21,2.3291181187478
2021-09-22,2.353169665889318
2021-09-23,2.365011343551638
2021-09-24,2.362138680690022
2021-09-27,2.3495600489058854
2021-09-28,2.297160630068742
2021-09-29,2.2987174245879953
2021-09-30,2.2801484531530543
