Date,HIGH,CLOSE,LOW,OPEN,COUNT,VOLUME
2018-01-19,,,,,1,3.0000030000030002
2018-01-29,16.73998326,16.73998326,16.73998326,16.73998326,1,540.00054000054
2018-02-12,16.049983949999998,16.049983949999998,16.04665062,16.04665062,2,1080.00108000108
2018-02-15,,,,,1,120.00012000012
2018-02-27,,,,,1,120.00012000012
2018-03-06,,,,,6,630.00063000063
2018-03-07,,,,,1,30.00003000003
2018-03-08,16.04331729,16.04331729,16.04331729,16.04331729,6,3447.003447003447
2018-03-13,,,,,1,60.00006000006
2018-03-19,,,,,1,210.00021000021002
2018-03-20,,,,,1,270.00027000027
2018-03-21,,,,,1,120.00012000012
2018-03-26,15.4999845,15.4999845,15.4999845,15.4999845,4,510.00051000051
2018-03-29,,,,,1,60.00006000006
2018-04-03,15.923317410000001,15.923317410000001,15.923317410000001,15.923317410000001,3,720.00072000072
2018-04-05,,,,,4,480.00048000048
2018-04-06,,,,,2,108.000108000108
2018-04-09,16.0333173,16.0333173,15.993317339999999,15.993317339999999,4,4509.004509004509
2018-04-10,16.35331698,16.34998365,16.2682503984,16.305983694,34,23235.023235023236
2018-04-11,16.28331705,16.2632837367,16.2632837367,16.28331705,7,1683.001683001683
2018-04-13,16.04665062,15.97665069,15.97331736,16.04665062,8,2076.002076002076
2018-04-16,16.21665045,16.103317230000002,16.099983899999998,16.16998383,10,3315.003315003315
2018-04-17,16.0532839467,16.0532839467,16.0532839467,16.0532839467,5,432.000432000432
2018-04-18,,,,,1,9.000009000009
2018-04-20,,,,,1,150.00015000015
2018-04-23,16.17665049,16.16998383,16.16998383,16.17665049,5,3882.003882003882
2018-04-24,,,,,5,192.00019200019202
2018-04-25,,,,,3,492.000492000492
2018-04-26,,,,,2,294.000294000294
2018-04-27,15.86331747,15.86331747,15.86331747,15.86331747,1,600.0006000006
2018-04-30,,,,,5,333.000333000333
2018-05-01,15.779984220000001,15.779984220000001,15.779984220000001,15.779984220000001,3,801.0008010008011
2018-05-02,15.909984089999998,15.909984089999998,15.909984089999998,15.909984089999998,1,456.00045600045604
2018-05-03,16.028317304999998,16.028317304999998,16.028317304999998,16.028317304999998,1,300.0003000003
2018-05-07,15.956650709999998,15.956650709999998,15.956650709999998,15.956650709999998,1,546.000546000546
2018-05-08,,,,,1,150.00015000015
2018-05-09,15.886617446699999,15.8597174736,15.846650819999999,15.846650819999999,11,5664.005664005665
2018-05-10,16.14998385,16.1466171867,16.106317227,16.106317227,15,8340.00834000834
2018-05-11,16.17331716,16.124117209199998,16.124117209199998,16.17331716,19,14781.014781014781
2018-05-14,16.08331725,16.076717256600002,16.076717256600002,16.08331725,9,3612.003612003612
2018-05-15,15.8266175067,15.8266175067,15.8266175067,15.8266175067,3,663.000663000663
2018-05-16,,,,,1,150.00015000015
2018-05-17,16.003317329999998,16.003317329999998,16.0027173306,16.0027173306,6,867.0008670008671
2018-05-21,16.05998394,16.05998394,16.053317279999998,16.053317279999998,5,2265.002265002265
2018-05-22,,,,,2,81.000081000081
2018-05-23,15.933317399999998,15.899984100000001,15.899984100000001,15.933317399999998,5,978.0009780009781
2018-05-24,16.07331726,16.07331726,15.92998407,16.01331732,21,3888.0038880038883
2018-05-25,15.9427173906,15.9427173906,15.9427173906,15.9427173906,2,1572.001572001572
2018-05-29,15.989984009999999,15.82665084,15.82665084,15.989984009999999,6,2010.0020100020101
2018-05-31,15.893317439999999,15.893317439999999,15.876650790000001,15.88331745,11,11967.011967011967
2018-06-01,,,,,2,90.00009000009
2018-06-04,16.2932837067,16.26998373,16.26998373,16.2932837067,31,20379.02037902038
2018-06-05,16.65665001,16.65665001,16.42665024,16.42665024,30,10173.010173010174
2018-06-06,16.95331638,16.910649755999998,16.873316459999998,16.89331644,20,4995.004995004995
2018-06-07,17.17998282,16.98331635,16.97998302,17.17331616,57,46020.04602004602
2018-06-08,17.1215828784,17.0907495759,17.0666496,17.08664958,17,15783.015783015784
2018-06-11,17.00998299,16.873316459999998,16.873316459999998,17.00998299,8,4554.004554004554
2018-06-12,16.89664977,16.8545164788,16.844983154999998,16.85331648,48,35130.03513003513
2018-06-13,16.93998306,16.92998307,16.85331648,16.93998306,21,4662.004662004662
2018-06-14,16.726649939999998,16.726649939999998,16.726649939999998,16.726649939999998,9,1452.001452001452
2018-06-15,16.45998354,16.32331701,16.31665035,16.45998354,20,6201.006201006201
2018-06-18,16.19665047,16.19665047,16.103317230000002,16.103317230000002,11,3738.003738003738
2018-06-19,15.886650779999998,15.8365841634,15.82665084,15.886650779999998,14,6219.006219006219
2018-06-20,,,,,3,225.00022500022502
2018-06-21,15.743317589999998,15.742984257,15.716650949999998,15.743317589999998,18,3009.003009003009
2018-06-22,,,,,4,87.000087000087
2018-06-25,15.68998431,15.526651139999998,15.526651139999998,15.68998431,25,4992.004992004992
2018-06-26,15.553317779999999,15.553317779999999,15.53998446,15.53998446,4,1710.00171000171
2018-06-27,15.5333178,15.469984529999998,15.469984529999998,15.4999845,20,8295.008295008296
2018-06-28,15.313484686499999,15.313484686499999,15.30998469,15.30998469,18,1446.001446001446
2018-06-29,15.31998468,15.30998469,15.30998469,15.31998468,4,2532.002532002532
2018-07-02,15.18998481,15.18998481,15.17665149,15.17665149,16,2148.0021480021483
2018-07-03,15.20331813,15.15331818,15.15331818,15.20331813,21,3774.003774003774
2018-07-05,14.713318619999999,14.60665206,14.58331875,14.713318619999999,24,5511.005511005511
2018-07-06,14.48665218,14.467985532,14.467985532,14.469985529999999,9,1755.001755001755
2018-07-09,14.7666519,14.71665195,14.7152519514,14.7666519,17,4014.004014004014
2018-07-10,14.65331868,14.633318699999998,14.58331875,14.62331871,21,13416.013416013417
2018-07-11,14.203319129999999,14.19665247,14.083319249999999,14.19665247,94,254451.25445125447
2018-07-12,14.38998561,14.3371856628,14.333319,14.37665229,54,104397.1043971044
2018-07-16,14.30665236,14.30665236,14.256652410000001,14.256652410000001,7,2937.002937002937
2018-07-17,14.243319089999998,14.23998576,14.23998576,14.23998576,4,4401.004401004401
2018-07-18,14.266519066799999,14.266519066799999,14.11998588,14.11998588,11,5181.005181005181
2018-07-19,13.9762526904,13.9762526904,13.9282527384,13.931652735,13,5106.005106005106
2018-07-20,14.256652410000001,14.243319089999998,14.186652480000001,14.186652480000001,49,75312.0753120753
2018-07-23,14.18998581,14.18998581,14.18998581,14.18998581,7,1365.001365001365
2018-07-24,14.634985365,14.483285516699999,14.4762855237,14.570018763299998,96,84690.0846900847
2018-07-25,14.62998537,14.62998537,14.62998537,14.62998537,27,1962.001962001962
2018-07-26,14.563318769999999,14.4999855,14.4999855,14.55998544,18,95475.09547509548
2018-07-27,14.61665205,14.45998554,14.456652209999998,14.57331876,11,6600.0066000066
2018-07-30,14.48665218,14.445885554099998,14.445885554099998,14.48665218,3,2679.002679002679
2018-07-31,14.6745186588,14.649652017,14.516652149999999,14.516652149999999,11,8772.008772008772
2018-08-01,14.256752409899999,14.1666525,14.1666525,14.256752409899999,12,2592.002592002592
2018-08-02,,,,,2,270.00027000027
2018-08-03,14.26998573,14.23665243,14.23665243,14.26998573,15,5853.005853005853
2018-08-06,14.1208858791,14.1208858791,14.1208858791,14.1208858791,6,1197.001197001197
2018-08-07,,,,,3,9.000009000009
2018-08-08,14.219985779999998,14.21665245,14.21665245,14.219985779999998,4,3000.003000003
2018-08-09,14.333319,14.2915857084,14.2915857084,14.333319,3,1305.0013050013051
2018-08-10,14.28331905,14.1999858,14.1999858,14.203319129999999,5,1881.001881001881
2018-08-13,14.18998581,14.1417525249,14.1417525249,14.18998581,10,3798.0037980037982
2018-08-14,13.9240860759,13.9240860759,13.9240860759,13.9240860759,7,594.000594000594
2018-08-15,13.373319959999998,13.36998663,13.2666534,13.373319959999998,15,8292.008292008291
2018-08-16,13.58998641,13.58998641,13.58998641,13.58998641,5,1332.001332001332
2018-08-17,13.58331975,13.58331975,13.58331975,13.58331975,2,1533.001533001533
2018-08-20,13.785419547899998,13.785419547899998,13.70665296,13.73665293,34,26592.026592026592
2018-08-21,13.946652720000001,13.87998612,13.87998612,13.946652720000001,12,6486.006486006486
2018-08-22,13.8666528,13.80665286,13.79331954,13.8666528,7,8007.008007008008
2018-08-23,13.766652899999999,13.7333196,13.69665297,13.69665297,5,9900.0099000099
2018-08-24,13.9415860584,13.9415860584,13.9415860584,13.9415860584,5,855.000855000855
2018-08-27,,,,,4,309.000309000309
2018-08-28,,,,,5,378.000378000378
2018-08-29,14.07331926,14.0333193,14.0333193,14.07331926,3,2769.002769002769
2018-08-30,13.906686093300001,13.906686093300001,13.85331948,13.85331948,2,2700.0027000027003
2018-08-31,13.84331949,13.70665296,13.7022529644,13.84331949,9,11190.01119001119
2018-09-04,13.49665317,13.326653339999998,13.313320019999999,13.479986519999999,12,9318.009318009319
2018-09-05,13.41665325,13.41665325,13.41665325,13.41665325,6,9138.009138009138
2018-09-07,,,,,1,63.000063000063
2018-09-10,13.4999865,13.4999865,13.4999865,13.4999865,3,3000.003000003
2018-09-11,13.35331998,13.313320019999999,13.313320019999999,13.35331998,2,1479.001479001479
2018-09-12,,,,,2,180.00018000018
2018-09-13,13.946652720000001,13.946652720000001,13.946652720000001,13.946652720000001,5,588.000588000588
2018-09-14,13.66331967,13.553319779999999,13.54331979,13.66331967,5,2064.002064002064
2018-09-17,13.62998637,13.60998639,13.60998639,13.62998637,3,660.00066000066
2018-09-18,14.06998593,14.066652600000001,13.88998611,14.032952633699999,34,28335.028335028335
2018-09-19,14.083319249999999,14.0171193162,14.0171193162,14.026652639999998,13,8130.00813000813
2018-09-20,14.2047524619,14.2047524619,13.99331934,13.999986,13,7587.007587007587
2018-09-21,14.71665195,14.599985399999998,14.3999856,14.3999856,29,21900.0219000219
2018-09-24,14.706651959999999,14.5443854556,14.5443854556,14.706651959999999,6,34374.034374034374
2018-09-25,14.61665205,14.55665211,14.55665211,14.61665205,5,3375.003375003375
2018-09-26,14.54665212,14.54665212,14.54665212,14.54665212,4,1068.001068001068
2018-09-27,14.299985699999999,14.299985699999999,14.299985699999999,14.299985699999999,4,1050.00105000105
2018-09-28,14.433318899999998,14.433318899999998,14.38331895,14.38331895,4,2295.002295002295
2018-10-01,14.23998576,14.23998576,14.23998576,14.23998576,1,1074.0010740010741
2018-10-02,14.6074853925,14.40665226,14.386652279999998,14.6074853925,14,7194.007194007194
2018-10-03,14.570018763299998,14.570018763299998,14.48331885,14.48331885,6,3918.003918003918
2018-10-04,14.5666521,14.329985670000001,14.329985670000001,14.553318779999998,7,2742.0027420027423
2018-10-05,14.323319009999999,14.203319129999999,14.203319129999999,14.323319009999999,6,8985.008985008984
2018-10-08,14.23665243,14.23665243,14.23665243,14.23665243,2,885.000885000885
2018-10-09,14.4210189123,14.4210189123,14.299985699999999,14.299985699999999,2,2721.002721002721
2018-10-10,14.37998562,14.209985790000001,14.209985790000001,14.37998562,6,2190.00219000219
2018-10-11,14.3944856055,14.23998576,14.22331911,14.22331911,9,7317.007317007317
2018-10-12,14.495652171,14.495652171,14.495652171,14.495652171,4,1803.001803001803
2018-10-15,14.54998545,14.54331879,14.54331879,14.54998545,4,3477.003477003477
2018-10-16,14.303319029999999,14.29665237,14.28331905,14.303319029999999,8,4188.004188004188
2018-10-17,14.3105856894,14.3105856894,14.291652375,14.291652375,3,2400.0024000024
2018-10-18,14.099985899999998,14.076185923799999,14.076185923799999,14.099985899999998,10,4419.004419004419
2018-10-19,14.316985683,14.30665236,14.253319079999999,14.253319079999999,8,5553.005553005553
2018-10-22,14.38331895,14.3345523321,14.3345523321,14.38331895,4,1245.001245001245
2018-10-23,14.229652437,14.229652437,14.14331919,14.14331919,4,1317.0013170013171
2018-10-25,,,,,2,270.00027000027
2018-10-26,14.133319199999999,14.133319199999999,14.133319199999999,14.133319199999999,3,1923.0019230019232
2018-10-29,14.203319129999999,13.92998607,13.83998616,14.203319129999999,11,7293.007293007293
2018-10-30,13.799652867,13.7333196,13.716652949999999,13.796652869999999,17,9930.00993000993
2018-10-31,13.74998625,13.669986329999999,13.669986329999999,13.74998625,5,2139.002139002139
2018-11-01,,,,,1,126.000126000126
2018-11-02,14.469985529999999,14.419985579999999,14.41331892,14.45331888,8,2175.002175002175
2018-11-05,14.18998581,14.18998581,14.18998581,14.18998581,1,597.000597000597
2018-11-06,,,,,5,24.000024000024002
2018-11-08,14.0918192415,14.051652615,14.051652615,14.0918192415,2,3300.0033000033
2018-11-09,13.87998612,13.819986179999999,13.7999862,13.87998612,13,8055.008055008056
2018-11-12,13.83998616,13.819986179999999,13.819986179999999,13.826652839999998,6,2244.002244002244
2018-11-13,13.805052861599998,13.805052861599998,13.805052861599998,13.805052861599998,4,1386.001386001386
2018-11-14,14.00665266,14.00665266,13.939986059999999,13.939986059999999,7,2196.002196002196
2018-11-15,14.1813524853,14.1813524853,14.1813524853,14.1813524853,6,642.0006420006421
2018-11-16,14.299985699999999,14.299985699999999,14.17331916,14.183319149999999,15,21915.021915021916
2018-11-19,14.39331894,14.39331894,14.276652389999999,14.35665231,8,3132.003132003132
2018-11-20,14.432918900399999,14.1666525,14.13998586,14.432918900399999,17,4782.004782004782
2018-11-21,14.38331895,14.33665233,14.33665233,14.349985649999999,16,8892.008892008893
2018-11-26,14.30665236,14.206652459999999,14.206652459999999,14.2148857851,16,4098.0040980040985
2018-11-27,14.089152577499998,14.00998599,13.98331935,14.089152577499998,4,1800.0018000018001
2018-11-28,14.24665242,14.24665242,14.226652439999999,14.226652439999999,5,909.000909000909
2018-11-29,14.3666523,14.28331905,14.28331905,14.333319,7,2844.002844002844
2018-11-30,14.30665236,14.30665236,14.26998573,14.26998573,4,774.0007740007741
2018-12-03,14.609985389999999,14.56998543,14.56998543,14.609985389999999,4,816.000816000816
2018-12-04,14.333319,14.333319,14.333319,14.333319,4,3090.00309000309
2018-12-06,13.99331934,13.9666527,13.9666527,13.99331934,10,3078.003078003078
2018-12-07,14.1395525271,14.119685880299999,14.10331923,14.10331923,5,1734.0017340017341
2018-12-10,14.0333193,13.974352692299998,13.974352692299998,14.0333193,5,2346.0023460023463
2018-12-11,14.1909191424,14.1909191424,14.186652480000001,14.186652480000001,4,2700.0027000027003
2018-12-12,14.1999858,14.1727858272,14.1727858272,14.1999858,5,1053.001053001053
2018-12-13,14.2732857267,14.204785795200001,14.204785795200001,14.2732857267,6,1914.001914001914
2018-12-14,14.17665249,14.1383525283,14.1383525283,14.17665249,2,471.000471000471
2018-12-17,14.105785894199999,14.061685938299998,14.061685938299998,14.09331924,5,2013.002013002013
2018-12-18,13.67331966,13.647719685599998,13.647719685599998,13.67331966,10,4626.0046260046265
2018-12-19,13.7999862,13.729186270800001,13.729186270800001,13.78665288,8,1383.0013830013831
2018-12-20,13.910119423200001,13.8703527963,13.80665286,13.87998612,14,2511.0025110025113
2018-12-21,13.7617529049,13.6802529864,13.67998632,13.7617529049,11,2715.002715002715
2018-12-24,13.719986279999999,13.677119656199999,13.654586345399998,13.654586345399998,9,6360.00636000636
2018-12-26,13.865652801,13.865652801,13.83998616,13.859119474199998,4,2421.002421002421
2018-12-27,13.7807528859,13.7807528859,13.683319649999998,13.683319649999998,3,405.000405000405
2018-12-28,13.8000195333,13.744819588499999,13.72665294,13.796652869999999,6,1503.0015030015031
2018-12-31,13.60665306,13.5510864489,13.539986459999998,13.60665306,11,3309.003309003309
2019-01-02,13.433319899999999,13.3956199377,13.349986649999998,13.349986649999998,7,2307.002307002307
2019-01-03,13.316653350000001,13.263953402699999,13.166653499999999,13.316653350000001,26,8376.008376008376
2019-01-04,13.58331975,13.5751197582,13.47331986,13.47331986,12,4233.004233004233
2019-01-07,13.59331974,13.5372864627,13.5372864627,13.556653110000001,17,5202.005202005203
2019-01-08,13.6221197112,13.6221197112,13.6221197112,13.6221197112,1,60.00006000006
2019-01-09,13.72665294,13.6660196673,13.6333197,13.72665294,5,3027.003027003027
2019-01-10,13.573319759999999,13.56331977,13.52331981,13.52331981,9,3111.003111003111
2019-01-11,13.645653021,13.645653021,13.60665306,13.60665306,11,2520.00252000252
2019-01-14,13.53665313,13.5270198063,13.487919845399999,13.53665313,17,11424.011424011424
2019-01-15,13.6333197,13.5801864198,13.5801864198,13.6333197,5,1800.0018000018001
2019-01-16,13.743486256499999,13.743486256499999,13.743486256499999,13.743486256499999,2,165.000165000165
2019-01-17,13.889152777499998,13.889152777499998,13.719986279999999,13.719986279999999,7,2892.002892002892
2019-01-18,13.98331935,13.926319407000001,13.87665279,13.87665279,10,2931.0029310029313
2019-01-22,13.70665296,13.675252991399999,13.65665301,13.70665296,11,2895.002895002895
2019-01-23,13.716652949999999,13.664353002299999,13.6333197,13.716652949999999,17,12768.012768012768
2019-01-24,13.64998635,13.60331973,13.58665308,13.64998635,18,6594.006594006594
2019-01-25,14.053319279999998,14.0444526222,13.897986102,13.90665276,27,22200.022200022202
2019-01-28,13.86331947,13.8146861853,13.8146861853,13.86331947,2,456.00045600045604
2019-01-29,13.997686002299998,13.997686002299998,13.997686002299998,13.997686002299998,-1,
2019-01-30,14.299985699999999,14.2736857263,14.203319129999999,14.22331911,20,8373.008373008373
2019-01-31,14.373318959999999,14.3197523469,14.285985713999999,14.369985629999999,6,1395.001395001395
2019-02-01,14.31998568,14.2572857427,14.253319079999999,14.31998568,9,4305.004305004305
2019-02-04,14.409318924,14.409318924,14.26331907,14.26331907,1,300.0003000003
2019-02-05,14.5333188,14.5097188236,14.47998552,14.47998552,12,2931.0029310029313
2019-02-06,14.59665207,14.5404854595,14.5404854595,14.5934520732,7,3504.003504003504
2019-02-07,14.62998537,14.573252093399999,14.573252093399999,14.61331872,14,9972.009972009972
2019-02-08,14.513318819999999,14.4676855323,14.4610522056,14.513318819999999,11,6219.006219006219
2019-02-11,14.3545523121,14.3545523121,14.333319,14.3333523333,11,7707.007707007707
2019-02-12,14.276152390499998,14.276152390499998,14.253319079999999,14.253319079999999,6,1356.001356001356
2019-02-13,14.289985709999998,14.2838857161,14.26998573,14.26998573,11,8898.008898008899
2019-02-14,14.28665238,14.2786857213,14.2786857213,14.28665238,2,516.000516000516
2019-02-15,14.52331881,14.521318811999999,14.333319,14.333319,15,16014.016014016015
2019-02-19,14.7884518782,14.7847518819,14.58331875,14.58331875,40,21177.02117702118
2019-02-20,15.02331831,14.9966850033,14.833318499999999,14.833318499999999,19,5541.005541005541
2019-02-21,14.93998506,14.932985066999999,14.8798517868,14.93998506,28,16674.016674016675
2019-02-22,15.149984850000001,15.143651522999999,15.0666516,15.0666516,12,4716.004716004716
2019-02-25,15.211651454999998,15.1581515085,15.1566848433,15.1999848,13,8247.008247008247
2019-02-26,15.219984779999999,15.1664181669,15.10998489,15.10998489,6,2772.002772002772
2019-02-27,15.25998474,15.2532180801,15.18665148,15.25998474,12,3492.0034920034923
2019-02-28,15.1371848628,15.1371848628,15.1371848628,15.1371848628,3,219.000219000219
2019-03-01,15.15665151,15.0185183148,15.01331832,15.1566181767,18,12378.012378012378
2019-03-04,14.993318339999998,14.9680850319,14.953318379999999,14.953318379999999,6,1356.001356001356
2019-03-05,15.1109515557,15.105051561599998,15.099984899999999,15.1109515557,4,903.000903000903
2019-03-06,15.06998493,15.029851636799998,15.029851636799998,15.063318269999998,6,1968.001968001968
2019-03-07,14.983318350000001,14.9664517002,14.959985040000001,14.97331836,8,1926.001926001926
2019-03-08,14.8976851023,14.8976851023,14.816651850000001,14.84665182,10,6870.0068700068705
2019-03-11,14.952518380799999,14.952518380799999,14.9475517191,14.9475517191,4,663.000663000663
2019-03-12,15.136651529999998,15.074818258499999,15.063318269999998,15.136651529999998,15,2709.0027090027093
2019-03-13,15.0883849116,15.073318259999999,15.073318259999999,15.086651579999998,7,1215.001215001215
2019-03-14,14.976651689999999,14.8615518051,14.85331848,14.976651689999999,19,8163.008163008163
2019-03-15,14.9710850289,14.955318378,14.942485057499999,14.953318379999999,10,2322.002322002322
2019-03-18,15.016651649999998,14.985185014799999,14.9666517,15.016651649999998,13,12045.012045012045
2019-03-19,15.096651569999999,15.0329516337,15.0329516337,15.08331825,12,2730.00273000273
2019-03-20,15.1014515652,15.0892182441,15.086651579999998,15.086651579999998,5,2370.00237000237
2019-03-21,15.058251608399999,14.973218360099999,14.973218360099999,15.058251608399999,9,1791.0017910017912
2019-03-22,14.78331855,14.6675186658,14.66331867,14.78331855,17,8160.00816000816
2019-03-25,14.70331863,14.697985302,14.409985589999998,14.70331863,14,6012.0060120060125
2019-03-26,14.7333186,14.7333186,14.7333186,14.7333186,1,24.000024000024002
2019-03-27,14.755318577999999,14.7300852699,14.729985269999998,14.755318577999999,12,19443.019443019442
2019-03-28,14.8338518328,14.8338518328,14.80665186,14.816651850000001,8,3273.003273003273
2019-03-29,15.13998486,15.087351579299998,15.087351579299998,15.136651529999998,14,4836.004836004836
2019-04-01,15.193318139999999,15.076951589699998,15.076951589699998,15.1884514782,16,18996.018996018996
2019-04-02,14.99665167,14.980618352699999,14.980618352699999,14.98998501,9,2370.00237000237
2019-04-03,15.156918176399998,15.156918176399998,15.08998491,15.08998491,13,1014.001014001014
2019-04-04,15.032184967800001,15.032184967800001,14.999984999999999,14.999984999999999,3,372.000372000372
2019-04-05,14.953318379999999,14.8842517824,14.8842517824,14.953318379999999,15,3324.003324003324
2019-04-08,15.1333182,15.115918217399999,15.115918217399999,15.1333182,5,714.000714000714
2019-04-09,15.12998487,15.103418229899999,15.103418229899999,15.119118214199998,8,1389.001389001389
2019-04-10,15.103318230000001,15.0591849408,15.05665161,15.103318230000001,7,1146.001146001146
2019-04-11,14.9199184134,14.9199184134,14.9199184134,14.9199184134,1,90.00009000009
2019-04-12,15.183318149999998,15.1549515117,15.1549515117,15.156318177,7,2160.00216000216
2019-04-15,15.126651540000001,15.121651545,15.073318259999999,15.073318259999999,7,894.000894000894
2019-04-16,15.135718197600001,15.135718197600001,15.135718197600001,15.135718197600001,4,108.000108000108
2019-04-17,15.2800847199,15.2800847199,15.2800847199,15.2800847199,9,447.000447000447
2019-04-18,15.08331825,15.0304183029,15.0304183029,15.08331825,6,1515.0015150015151
2019-04-22,14.9647517019,14.9647517019,14.953318379999999,14.953318379999999,5,657.000657000657
2019-04-23,14.9171517495,14.913718419599999,14.8457518209,14.8457518209,4,1488.001488001488
2019-04-24,15.0020516646,14.96331837,14.94998505,14.950318382999999,13,9654.009654009655
2019-04-25,14.849985149999998,14.7464852535,14.7464852535,14.849985149999998,5,1032.001032001032
2019-04-26,14.90331843,14.881518451799998,14.881518451799998,14.90331843,5,1542.001542001542
2019-04-29,14.93998506,14.913518419799999,14.808985191,14.808985191,9,3519.003519003519
2019-04-30,14.9560517106,14.9560517106,14.9560517106,14.9560517106,3,699.000699000699
2019-05-01,14.666652,14.351818981500001,14.351818981500001,14.666652,14,5364.005364005364
2019-05-02,14.35665231,14.328652338,14.26998573,14.28665238,8,2724.002724002724
2019-05-03,14.546218787099999,14.5117521549,14.45331888,14.45331888,4,4686.004686004686
2019-05-06,14.644985355000001,14.644985355000001,14.419985579999999,14.419985579999999,15,8526.008526008527
2019-05-07,14.42665224,14.349652316999999,14.349652316999999,14.42665224,7,1320.00132000132
2019-05-08,14.31998568,14.2567190766,14.2425524241,14.30665236,10,2907.0029070029072
2019-05-09,14.25998574,14.2464857535,14.099985899999998,14.13665253,9,2754.002754002754
2019-05-10,14.29665237,14.295619037699998,14.213285786699998,14.24665242,8,4179.004179004179
2019-05-13,14.01998598,13.994252672399998,13.9666527,14.01998598,17,14610.01461001461
2019-05-14,14.02331931,14.0128526538,14.0128526538,14.02331931,3,675.0006750006751
2019-05-15,14.146652519999998,14.1374858625,14.06331927,14.06331927,6,1995.001995001995
2019-05-16,14.233319100000001,14.1536858463,14.1536858463,14.233319100000001,3,810.00081000081
2019-05-17,14.109985889999999,14.079652586999998,14.079652586999998,14.109985889999999,2,495.000495000495
2019-05-20,14.089985910000001,14.0490526176,14.0302859697,14.06998593,5,2475.002475002475
2019-05-21,14.04998595,13.979119354199998,13.979119354199998,14.04998595,8,10200.0102000102
2019-05-22,13.79331954,13.777219556099999,13.756652910000001,13.79331954,3,930.00093000093
2019-05-23,13.82998617,13.8256861743,13.71331962,13.74665292,4,2040.00204000204
2019-05-24,13.939986059999999,13.915152751499999,13.907786092199999,13.939986059999999,9,3171.0031710031712
2019-05-28,13.92665274,13.892719440599999,13.892719440599999,13.92665274,2,1200.0012000012
2019-05-29,13.76998623,13.7470529196,13.72998627,13.73665293,14,4275.004275004275
2019-05-30,13.659986339999998,13.639319694,13.639319694,13.659986339999998,5,1203.001203001203
2019-05-31,13.64998635,13.59331974,13.58331975,13.64998635,25,6780.00678000678
2019-06-03,13.6919529747,13.6919529747,13.63998636,13.64331969,21,4881.004881004881
2019-06-04,13.7541529125,13.7541529125,13.67998632,13.67998632,12,687.000687000687
2019-06-05,13.68665298,13.5273864726,13.50665316,13.68665298,15,7380.007380007381
2019-06-06,13.666653,13.666653,13.56998643,13.56998643,14,2739.002739002739
2019-06-07,13.674686325299998,13.5170531496,13.4788865211,13.674686325299998,14,5358.005358005358
2019-06-10,13.7293529373,13.708986291,13.6138530528,13.6138530528,23,6267.006267006267
2019-06-11,13.859986139999998,13.7714195619,13.73665293,13.859986139999998,10,2649.002649002649
2019-06-12,13.70665296,13.649019684299999,13.649019684299999,13.666653,6,1071.001071001071
2019-06-13,13.694652972,13.694652972,13.694652972,13.694652972,3,159.00015900015902
2019-06-14,13.5762197571,13.568119765199999,13.568119765199999,13.5762197571,4,1062.001062001062
2019-06-17,13.678652988,13.6501863498,13.6501863498,13.678652988,7,3438.003438003438
2019-06-18,13.973052693599998,13.9567860432,13.86998613,13.86998613,13,7866.007866007866
2019-06-19,13.890719442599998,13.890719442599998,13.86331947,13.86331947,5,1080.00108000108
2019-06-20,14.068819264499998,13.9832860167,13.9832860167,14.036652629999999,22,6258.006258006259
2019-06-21,14.00665266,13.933752732899999,13.933752732899999,14.00665266,10,2487.002487002487
2019-06-24,13.969986029999998,13.9697526969,13.9142194191,13.9142194191,14,5493.005493005493
2019-06-25,14.12998587,14.09331924,14.0785192548,14.086652579999999,17,15579.015579015579
2019-06-26,14.06998593,14.0146859853,13.999986,14.06998593,28,11760.011760011761
2019-06-27,14.049652617,14.032319301,13.977119356199998,13.977119356199998,9,1986.001986001986
2019-06-28,14.02331931,14.0021193312,14.0021193312,14.02331931,3,1509.001509001509
2019-07-01,13.8832861167,13.850552816099999,13.842486157500002,13.8666528,17,5664.005664005665
2019-07-02,13.747886252099999,13.747886252099999,13.71331962,13.71331962,17,4218.004218004218
2019-07-03,13.845786154199999,13.845786154199999,13.813286186700001,13.813286186700001,4,1497.001497001497
2019-07-05,13.766652899999999,13.757286242700001,13.69665297,13.7333196,6,6390.006390006391
2019-07-08,13.78331955,13.7189529477,13.7100862899,13.78331955,5,651.000651000651
2019-07-09,13.60331973,13.5550531116,13.49665317,13.60331973,10,3171.0031710031712
2019-07-10,13.899986100000001,13.8959527707,13.819986179999999,13.82998617,13,3210.00321000321
2019-07-11,13.90665276,13.885586114399999,13.87998612,13.90665276,6,1242.001242001242
2019-07-12,13.9238527428,13.923319410000001,13.8333195,13.87665279,7,8100.0081000081
2019-07-15,14.0109193224,14.0109193224,13.9829526837,13.9842193491,8,2112.002112002112
2019-07-16,14.09665257,13.938486061499999,13.916652749999999,14.02998597,11,2940.0029400029402
2019-07-17,14.003319329999998,13.9731526935,13.9731526935,14.003319329999998,5,3252.003252003252
2019-07-18,14.07331926,14.040485959499998,13.9799526867,14.07331926,15,5796.005796005797
2019-07-19,14.45998554,14.1741524925,14.15998584,14.1999858,37,14889.01488901489
2019-07-22,14.10665256,14.050885949100001,14.050885949100001,14.10665256,5,1353.001353001353
2019-07-23,13.9688860311,13.9688860311,13.9688860311,13.9688860311,1,150.00015000015
2019-07-24,13.9971526695,13.9971526695,13.979986019999998,13.979986019999998,3,1545.001545001545
2019-07-25,14.01665265,13.9815860184,13.933986066,13.99665267,8,5088.0050880050885
2019-07-26,13.895886104099999,13.895886104099999,13.895886104099999,13.895886104099999,3,408.000408000408
2019-07-29,14.05665261,14.05665261,14.04998595,14.04998595,7,1044.001044001044
2019-07-30,13.8699527967,13.8352528314,13.8333195,13.8699527967,20,4836.004836004836
2019-07-31,13.747986251999999,13.747986251999999,13.72665294,13.7333196,11,1848.001848001848
2019-08-01,13.74665292,13.5571531095,13.5571531095,13.6927529739,24,7710.007710007711
2019-08-02,13.439486560499999,13.24665342,13.24665342,13.433319899999999,33,24822.02482202482
2019-08-05,13.217286782699999,13.194986805,13.10665356,13.109986889999998,67,93063.09306309307
2019-08-06,13.289986709999999,13.289986709999999,13.222920110399999,13.2333201,14,4122.004122004122
2019-08-07,13.406653259999999,13.3666533,13.1233535433,13.1233535433,38,31404.031404031404
2019-08-08,13.526653139999999,13.475786524199998,13.453519879799998,13.453519879799998,19,7908.007908007909
2019-08-09,13.47665319,13.453319879999999,13.336653329999999,13.459986540000001,61,33534.03353403354
2019-08-12,13.37998662,13.336653329999999,13.336653329999999,13.35665331,11,5085.005085005085
2019-08-13,13.666653,13.66331967,13.58331975,13.596653069999999,49,76398.0763980764
2019-08-14,13.4371532295,13.40331993,13.40331993,13.435986564,38,7479.00747900748
2019-08-15,13.44665322,13.4000532666,13.4000532666,13.44665322,6,708.0007080007081
2019-08-16,13.390386609599998,13.390386609599998,13.3869199464,13.3869199464,9,474.000474000474
2019-08-19,13.4350532316,13.4350532316,13.4350532316,13.4350532316,9,870.00087000087
2019-08-20,13.27665339,13.27665339,13.24332009,13.24332009,9,1878.0018780018781
2019-08-21,13.409986589999999,13.305320027999999,13.305320027999999,13.314986685,25,11763.011763011764
2019-08-22,13.206653459999998,13.17665349,13.17665349,13.206653459999998,13,2412.0024120024123
2019-08-23,13.204986795,13.063320269999998,13.063320269999998,13.204986795,16,8700.0087000087
2019-08-26,13.16998683,13.121653545000001,13.08332025,13.16998683,15,5592.005592005592
2019-08-27,13.2333201,13.15665351,13.149986850000001,13.149986850000001,41,11826.011826011827
2019-08-28,13.2502867497,13.2502867497,13.2223867776,13.22332011,13,2019.002019002019
2019-08-29,13.389953276699998,13.286486713499999,13.27332006,13.303320029999998,17,6483.006483006483
2019-08-30,13.16998683,13.166653499999999,13.143320189999999,13.166653499999999,13,6081.006081006081
2019-09-03,13.039986959999998,13.039986959999998,12.87665379,12.8999871,35,21096.021096021097
2019-09-04,13.433319899999999,13.3999866,13.2333201,13.2333201,12,9135.009135009135
2019-09-05,13.66331967,13.623319709999999,13.585986414,13.66331967,16,11826.011826011827
2019-09-06,13.61998638,13.544419788899999,13.544419788899999,13.61998638,25,6408.0064080064085
2019-09-09,13.5666531,13.561653105,13.48665318,13.48665318,13,2784.002784002784
2019-09-10,13.5167531499,13.5167531499,13.5167531499,13.5167531499,5,141.000141000141
2019-09-11,13.4999865,13.4919531747,13.4666532,13.4981531685,30,20973.020973020975
2019-09-12,13.6773529893,13.67331966,13.38998661,13.38998661,19,8988.008988008989
2019-09-13,13.95998604,13.95998604,13.886652779999999,13.899986100000001,25,37677.037677037675
2019-09-16,13.73665293,13.63998636,13.63998636,13.666653,51,25632.025632025634
2019-09-17,13.549986449999999,13.537986462,13.4666532,13.4666532,16,3885.003885003885
2019-09-18,13.52998647,13.44998655,13.44998655,13.50665316,26,6867.006867006868
2019-09-19,13.49665317,13.4895865104,13.433319899999999,13.496319836999998,27,9744.009744009745
2019-09-20,13.516653149999998,13.33332,13.326653339999998,13.516653149999998,24,8625.008625008626
2019-09-23,13.526653139999999,13.526653139999999,13.413319920000001,13.413319920000001,19,4689.004689004689
2019-09-24,13.48331985,13.4454865545,13.4454865545,13.48331985,15,1635.0016350016351
2019-09-25,13.50665316,13.4969198364,13.38998661,13.38998661,29,13434.013434013434
2019-09-26,13.46331987,13.29665337,13.293320040000001,13.46331987,16,4587.004587004587
2019-09-27,13.468319865,13.44998655,13.396653269999998,13.3999866,9,2823.002823002823
2019-09-30,13.46331987,13.269986730000001,13.269986730000001,13.46331987,10,3915.003915003915
2019-10-01,13.268320065,13.25665341,13.0666536,13.13998686,22,7248.007248007249
2019-10-02,13.31998668,13.31998668,13.2491200842,13.2491200842,13,3246.003246003246
2019-10-03,13.29665337,13.15665351,13.15665351,13.286653379999999,12,12015.012015012015
2019-10-04,13.24665342,13.24665342,13.15332018,13.15332018,12,2118.002118002118
2019-10-07,13.32998667,13.32998667,13.32998667,13.32998667,9,1614.0016140016141
2019-10-08,13.30665336,13.24998675,13.24998675,13.2839533827,8,3540.00354000354
2019-10-09,13.2666534,13.2666534,13.2666534,13.2666534,4,375.000375000375
2019-10-10,13.516653149999998,13.516653149999998,13.4939198394,13.4939198394,11,3318.003318003318
2019-10-11,13.62665304,13.58998641,13.5333198,13.55998644,24,53730.05373005373
2019-10-14,13.599986399999999,13.578319754999999,13.578319754999999,13.599986399999999,13,3108.003108003108
2019-10-15,13.54331979,13.49665317,13.482319851,13.49665317,17,3975.003975003975
2019-10-16,13.38998661,13.34331999,13.34331999,13.363319970000001,18,6918.006918006919
2019-10-17,13.431653235,13.431653235,13.431653235,13.431653235,6,1014.001014001014
2019-10-18,13.68998631,13.68665298,13.4999865,13.4999865,25,9060.00906000906
2019-10-21,13.6992863007,13.64331969,13.64331969,13.6992863007,12,6246.006246006246
2019-10-22,13.6137863862,13.6137863862,13.6137863862,13.6137863862,2,273.000273000273
2019-10-23,13.86331947,13.82998617,13.65331968,13.65331968,23,6231.006231006231
2019-10-24,13.89665277,13.89665277,13.764986235,13.77665289,69,21666.02166602167
2019-10-25,13.90331943,13.90331943,13.803319529999998,13.803319529999998,18,9816.009816009817
2019-10-28,13.89665277,13.8950527716,13.86331947,13.89665277,10,1140.0011400011401
2019-10-29,13.908652757999999,13.90331943,13.8598194735,13.89665277,9,3801.003801003801
2019-10-30,13.92998607,13.883319449999998,13.82331951,13.92998607,12,3510.00351000351
2019-10-31,13.779986220000001,13.636653029999998,13.61998638,13.779986220000001,18,6513.006513006513
2019-11-01,13.826652839999998,13.779986220000001,13.70331963,13.70331963,11,5091.005091005091
2019-11-04,14.076652589999998,13.758319575,13.7455529211,14.076652589999998,19,13014.013014013015
2019-11-05,14.01665265,13.999986,13.859986139999998,13.859986139999998,11,2472.002472002472
2019-11-06,13.909986089999999,13.8017195316,13.766652899999999,13.90665276,33,13704.013704013705
2019-11-07,14.11998588,14.026652639999998,13.94331939,13.94331939,21,10791.01079101079
2019-11-08,13.933319399999998,13.881986118,13.72665294,13.72665294,14,4014.004014004014
2019-11-11,13.82998617,13.819986179999999,13.64998635,13.64998635,19,9381.00938100938
2019-11-12,13.80998619,13.685086314900001,13.66331967,13.80998619,12,4404.004404004404
2019-11-13,13.70331963,13.64998635,13.599986399999999,13.70331963,15,5760.00576000576
2019-11-14,13.58665308,13.539986459999998,13.525319807999999,13.58665308,20,8592.008592008593
2019-11-15,13.71331962,13.666119667199998,13.6369196964,13.6399196934,31,11079.01107901108
2019-11-18,13.5680530986,13.5680530986,13.539786460199998,13.539786460199998,3,1113.001113001113
2019-11-19,13.756652910000001,13.756652910000001,13.6950529716,13.7454529212,9,3048.003048003048
2019-11-20,13.716652949999999,13.691652975,13.691652975,13.7133862866,4,2496.002496002496
2019-11-21,13.6211530455,13.6211530455,13.58331975,13.58665308,4,30672.030672030673
2019-11-22,13.6870863129,13.6870863129,13.6870863129,13.6870863129,2,33.000033000033
2019-11-25,13.718319615,13.718319615,13.698019635299998,13.698019635299998,3,1362.001362001362
2019-11-26,13.89665277,13.8871527795,13.68665298,13.68665298,10,2772.002772002772
2019-11-27,13.9290860709,13.9130860869,13.90331943,13.90331943,10,4308.004308004308
2019-11-29,13.72665294,13.6999863,13.69665297,13.69665297,38,24138.02413802414
2019-12-02,13.7072862927,13.684986315,13.666653,13.7072862927,8,2544.0025440025443
2019-12-03,13.626753039899999,13.526586473399998,13.526586473399998,13.626753039899999,13,1215.001215001215
2019-12-04,13.716652949999999,13.6887196446,13.67998632,13.683319649999998,9,2850.00285000285
2019-12-05,13.75998624,13.715352951299998,13.6975529691,13.7312529354,5,2967.002967002967
2019-12-06,14.226652439999999,14.22331911,13.9124194209,13.92998607,51,21669.02166902167
2019-12-09,14.259952406699998,14.233319100000001,14.19665247,14.226652439999999,57,21483.021483021483
2019-12-10,14.329985670000001,14.2957857042,14.23665243,14.329985670000001,150,50007.050007050006
2019-12-11,14.469985529999999,14.4377188956,14.369985629999999,14.469985529999999,36,16344.016344016345
2019-12-12,14.55998544,14.526985473,14.26998573,14.349985649999999,105,55863.055863055866
2019-12-13,14.5599521067,14.346652319999999,14.30665236,14.30998569,15,7398.0073980073985
2019-12-16,14.57331876,14.485485514499999,14.48331885,14.5333188,46,15192.015192015193
2019-12-17,14.5333188,14.49665217,14.49665217,14.4999855,12,3777.003777003777
2019-12-18,14.498318835,14.498318835,14.41665225,14.41665225,9,4740.00474000474
2019-12-19,14.57998542,14.57998542,14.50331883,14.50331883,20,33579.03357903358
2019-12-20,14.55998544,14.45331888,14.437885562099998,14.55998544,15,6123.006123006123
2019-12-23,14.586652079999999,14.481652185,14.466652199999999,14.52331881,34,12141.012141012141
2019-12-24,14.577085422899998,14.577085422899998,14.53665213,14.53665213,10,1029.001029001029
2019-12-26,14.75998524,14.753318579999998,14.698018635299999,14.698018635299999,28,10032.010032010032
2019-12-27,14.633318699999998,14.5940187393,14.5666521,14.598318735,23,9249.009249009248
2019-12-30,14.60331873,14.5566854433,14.54665212,14.60331873,31,7212.007212007212
2019-12-31,14.531652135,14.46331887,14.456652209999998,14.4999855,16,5103.005103005104
2020-01-02,14.58331875,14.523352143299999,14.456852209800001,14.4999855,73,6414.006414006414
2020-01-03,14.3888522778,14.33665233,14.31998568,14.31998568,22,30081.030081030083
2020-01-06,14.3845522821,14.3845522821,14.27331906,14.27331906,23,4440.00444000444
2020-01-07,14.446285553700001,14.421652245,14.3666523,14.443318889999999,12,2856.002856002856
2020-01-08,14.480652186,14.4741188592,14.4180189153,14.4624188709,23,22560.02256002256
2020-01-09,14.47665219,14.43998556,14.40665226,14.47665219,15,13815.013815013815
2020-01-10,14.562652104,14.531652135,14.41665225,14.41665225,20,7074.007074007074
2020-01-13,14.77331856,14.7360852639,14.7360852639,14.7527852472,21,3699.0036990036992
2020-01-14,14.79665187,14.793618539699999,14.7333186,14.7333186,12,1392.001392001392
2020-01-15,14.80665186,14.7664519002,14.69331864,14.696651970000001,32,16740.01674001674
2020-01-16,15.0666516,14.713318619999999,14.713318619999999,15.0666516,16,33612.033612033614
2020-01-17,14.684751981899998,14.684751981899998,14.67665199,14.67998532,10,3099.003099003099
2020-01-21,14.579318753999999,14.419985579999999,14.38331895,14.493318839999999,40,12513.012513012512
2020-01-22,14.29665237,14.286752379900001,14.276652389999999,14.29665237,10,1251.0012510012511
2020-01-23,14.1660858339,14.123319209999998,14.010652655999998,14.14331919,24,12177.012177012177
2020-01-24,13.87331946,13.84331949,13.8333195,13.87331946,49,25542.02554202554
2020-01-27,13.666653,13.383319949999999,13.383319949999999,13.666653,70,66639.06663906664
2020-01-28,13.363319970000001,13.32332001,13.32332001,13.363319970000001,28,4659.0046590046595
2020-01-29,13.313320019999999,13.21998678,13.190220143100001,13.313320019999999,50,10887.010887010887
2020-01-30,13.189986809999999,13.1333202,13.0221536445,13.119953546700001,50,17658.01765801766
2020-01-31,13.063320269999998,12.966653699999998,12.95332038,12.999986999999999,56,18228.018228018227
2020-02-03,13.4666532,12.93998706,12.90665376,13.4666532,52,19962.019962019964
2020-02-04,13.211720121599999,13.193320139999999,13.05998694,13.181653485,44,15735.015735015735
2020-02-05,13.406653259999999,13.406653259999999,13.252453414199998,13.3732866267,93,99144.09914409915
2020-02-06,13.47331986,13.44665322,13.36998663,13.41665325,62,33075.033075033076
2020-02-07,13.429986569999999,13.164320169,13.136653529999998,13.429986569999999,84,48186.04818604819
2020-02-10,13.183320149999998,13.14665352,13.136653529999998,13.136653529999998,25,8211.008211008211
2020-02-11,13.3666533,13.339153327499998,13.31998668,13.32998667,36,14001.014001014002
2020-02-12,13.44665322,13.44331989,13.42665324,13.43998656,24,15354.015354015355
2020-02-13,13.527986472,13.48665318,13.37665329,13.50665316,29,11580.01158001158
2020-02-14,13.44998655,13.4249199084,13.41665325,13.44998655,28,9717.009717009718
2020-02-18,13.666653,13.483153183499999,13.456653209999999,13.666653,66,47016.047016047014
2020-02-19,13.49665317,13.4556198777,13.33332,13.383319949999999,18,48042.048042048045
2020-02-20,13.37665329,13.37665329,13.34331999,13.372319960999999,11,44004.04400404401
2020-02-21,13.493319839999998,13.3197866802,13.309986689999999,13.339986660000001,59,23739.023739023738
2020-02-24,13.2999867,13.296986702999998,13.2333201,13.2333201,42,18069.018069018068
2020-02-25,13.289986709999999,12.73998726,12.73998726,13.15332018,18,7032.007032007033
2020-02-26,13.2666534,13.053320279999998,13.053320279999998,13.189986809999999,59,20271.020271020272
2020-02-27,13.253320079999998,13.1942201391,13.0333203,13.05665361,58,18411.018411018413
2020-02-28,13.15332018,12.94665372,12.576654089999998,12.576654089999998,272,103320.10332010333
2020-03-02,13.50665316,13.503319829999999,13.18665348,13.196653470000001,27,9417.009417009418
2020-03-03,13.34665332,13.24332009,13.20332013,13.20332013,30,11949.011949011949
2020-03-04,13.35665331,13.35665331,13.24332009,13.32998667,17,6015.006015006015
2020-03-05,13.293320040000001,13.17665349,12.94998705,12.94998705,36,23319.02331902332
2020-03-06,13.0999869,13.07998692,12.94998705,13.0999869,54,9666.009666009666
2020-03-09,12.95998704,12.71665395,12.599987399999998,12.599987399999998,63,23787.023787023787
2020-03-10,13.068320264999999,13.068320264999999,12.8333205,12.8333205,17,11049.01104901105
2020-03-11,13.01998698,12.73665393,12.679987319999999,12.783320550000001,51,24969.02496902497
2020-03-12,12.7333206,12.52998747,12.5221208112,12.52332081,44,11454.011454011454
2020-03-13,12.818653848,12.818653848,12.658320675,12.714553952100001,16,2583.002583002583
2020-03-16,12.3188210145,12.243321089999998,11.86998813,11.86998813,79,23076.023076023077
2020-03-17,12.03665463,11.932321401,11.86332147,12.00665466,40,7815.007815007815
2020-03-18,11.27998872,11.120522212800001,11.0439222894,11.267155399499998,197,23061.02306102306
2020-03-19,11.28332205,11.171322162000001,11.171322162000001,11.28332205,267,59004.059004059
2020-03-20,11.28998871,11.0118556548,10.973322360000001,11.28998871,24,14877.014877014877
2020-03-23,10.87998912,10.802555864099999,10.6736226597,10.87998912,41,12135.012135012135
2020-03-24,11.36998863,11.292555374099999,11.254988745,11.254988745,22,2472.002472002472
2020-03-25,11.4333219,11.3945886054,11.32998867,11.333321999999999,33,7590.00759000759
2020-03-26,11.299988699999998,11.2290887709,11.2019554647,11.292622040699998,16,5433.005433005434
2020-03-27,11.23998876,11.1870221463,11.1666555,11.1666555,26,8958.008958008959
2020-03-30,11.17665549,11.1617555049,11.101655565,11.17665549,20,7797.007797007797
2020-03-31,11.539655127,11.38998861,11.24665542,11.24665542,17,7467.007467007467
2020-04-01,11.231922101399999,11.231922101399999,11.01998898,11.01998898,13,2940.0029400029402
2020-04-02,11.492255174399999,11.492255174399999,11.333321999999999,11.333321999999999,8,1542.001542001542
2020-04-03,11.24665542,11.178122155199999,11.1666555,11.24665542,10,1257.001257001257
2020-04-06,11.45665521,11.45665521,11.36998863,11.36998863,8,1794.001794001794
2020-04-07,11.8333215,11.5937884062,11.570021763299998,11.8333215,41,7611.007611007612
2020-04-08,11.724988275,11.724988275,11.6947549719,11.6947549719,15,1239.0012390012391
2020-04-09,11.883321449999999,11.664988334999999,11.58332175,11.883321449999999,46,17343.01734301734
2020-04-13,12.16332117,11.8762881237,11.807321525999999,12.00665466,215,82512.08251208252
2020-04-14,12.11665455,11.997321335999999,11.80998819,12.08332125,82,26154.026154026156
2020-04-15,12.02332131,11.8114548552,11.7638549028,12.02332131,35,13644.013644013645
2020-04-16,11.98332135,11.8326881673,11.826654839999998,11.933321399999999,44,17496.017496017495
2020-04-17,12.333321,12.0066213267,11.9666547,12.333321,50,21615.021615021615
2020-04-20,12.249987749999999,11.9820546846,11.93665473,11.95332138,120,35067.03506703507
2020-04-21,11.866654800000001,11.7254549412,11.419988579999998,11.866654800000001,60,14313.014313014313
2020-04-22,11.841654824999999,11.7999882,11.746654920000001,11.841654824999999,18,6189.006189006189
2020-04-23,11.933321399999999,11.9253880746,11.88998811,11.91665475,26,4899.004899004899
2020-04-24,12.243321089999998,12.055654611,11.909988089999999,12.05998794,126,39417.03941703942
2020-04-27,12.0351879648,12.0351879648,11.923321410000002,11.923321410000002,25,4794.004794004794
2020-04-28,12.32998767,12.1968878031,12.016521316799999,12.016521316799999,32,7578.007578007579
2020-04-29,12.35665431,12.3458876541,12.1670211663,12.273321059999999,29,5910.00591000591
2020-04-30,12.224987774999999,12.0423546243,12.01665465,12.20665446,58,19449.019449019448
2020-05-01,11.95332138,11.832488167500001,11.82332151,11.866654800000001,36,10986.010986010986
2020-05-04,12.45998754,11.9709546957,11.906654759999999,12.45998754,25,5538.005538005538
2020-05-05,11.969988029999998,11.9672546994,11.946654720000002,11.946654720000002,14,4572.004572004572
2020-05-06,12.08332125,12.0783545883,12.004987995,12.071654595,37,12540.01254001254
2020-05-07,12.539987459999999,12.4516208817,12.1733544933,12.209987790000001,49,15408.015408015408
2020-05-08,12.41332092,12.20665446,12.20665446,12.33998766,132,47328.04732804733
2020-05-11,12.71665395,12.6768206565,12.184987815,12.184987815,138,50187.05018705019
2020-05-12,12.68665398,12.0381879618,12.02332131,12.679987319999999,85,21456.021456021455
2020-05-13,12.42998757,12.394987605,12.0330213003,12.20665446,37,15450.015450015451
2020-05-14,12.1675544991,12.1675544991,11.87998812,11.98665468,31,9939.009939009939
2020-05-15,12.313321019999998,12.313321019999998,12.056321276999999,12.123321209999999,25,6555.006555006556
2020-05-18,12.906320427,12.6019540647,12.29332104,12.563320769999999,80,35628.03562803563
2020-05-19,12.666654,12.455220878099999,12.343154323499999,12.343154323499999,53,14295.014295014296
2020-05-20,12.666654,12.603487396499998,12.479987519999998,12.48665418,41,21612.021612021614
2020-05-21,12.566654100000001,12.5284874715,12.4677541989,12.4677541989,18,3465.003465003465
2020-05-22,12.48665418,12.354820978500001,12.308321024999998,12.42665424,42,9213.009213009213
2020-05-26,12.50665416,12.4897208436,12.37998762,12.50665416,33,3903.003903003903
2020-05-27,12.35998764,12.35998764,12.174987824999999,12.320321013,57,9054.009054009055
2020-05-28,12.489987509999999,12.4091875908,12.277021056299999,12.46332087,57,8835.008835008835
2020-05-29,12.609987389999999,12.6044207289,12.353320980000001,12.4999875,23,5514.005514005514
2020-06-01,12.9333204,12.679787320199999,12.61998738,12.9333204,36,12624.012624012625
2020-06-02,13.05998694,12.798320535,12.622654044,13.05998694,60,35307.03530703531
2020-06-03,13.59331974,12.8262538404,12.72332061,13.59331974,56,15420.015420015421
2020-06-04,13.36998663,12.7646872353,12.333321,13.36998663,40,6405.006405006405
2020-06-05,13.216653449999999,13.1530535136,12.8666538,12.8666538,73,17397.017397017396
2020-06-08,13.373319959999998,13.373319959999998,13.046653619999999,13.046653619999999,75,17943.017943017945
2020-06-09,13.66331967,13.3738866261,13.33332,13.5666531,67,15171.015171015171
2020-06-10,13.97331936,13.911019422299999,13.624986374999999,13.666653,86,27057.02705702706
2020-06-11,14.06331927,13.2328201005,13.22332011,14.06331927,77,27405.027405027406
2020-06-12,13.56998643,13.4603865396,13.302320030999999,13.4666532,50,10272.010272010273
2020-06-15,13.70665296,13.3111533555,13.160553506099998,13.2333201,51,11457.011457011457
2020-06-16,13.64998635,13.3243866756,13.316653350000001,13.64998635,49,14790.014790014791
2020-06-17,13.3163533503,13.3163533503,13.2666534,13.2666534,14,2316.002316002316
2020-06-18,14.066652600000001,13.444986555,13.3383866616,14.066652600000001,83,30813.030813030815
2020-06-19,13.819986179999999,13.59331974,13.49665317,13.66331967,88,19605.019605019606
2020-06-22,13.76998623,13.7056862943,13.61665305,13.62665304,140,50166.05016605017
2020-06-23,13.7766195567,13.6201197132,13.608319725000001,13.7766195567,41,7098.007098007099
2020-06-24,13.94331939,13.607119726199999,13.5241198092,13.67665299,144,21063.021063021064
2020-06-25,13.853919479399998,13.7492529174,13.51331982,13.549986449999999,34,8052.008052008052
2020-06-26,13.74665292,13.633519699799999,13.6244197089,13.74665292,40,6897.006897006897
2020-06-29,13.8380528286,13.8380528286,13.716652949999999,13.803319529999998,33,7008.007008007008
2020-06-30,14.06998593,14.06331927,13.87998612,14.038319295,83,23400.0234000234
2020-07-01,14.077919255400001,14.047819285500001,13.933319399999998,13.99331934,40,7614.007614007614
2020-07-02,14.35998564,14.0858192475,13.9788193545,14.35998564,55,16401.0164010164
2020-07-06,14.5046188287,14.392218941099998,14.1266858733,14.45331888,73,22266.022266022268
2020-07-07,14.63998536,14.3548189785,14.05665261,14.4999855,57,10707.010707010708
2020-07-08,14.82998517,14.458018875299999,14.3333523333,14.50998549,80,27570.02757002757
2020-07-09,14.73998526,14.525452141199999,14.493318839999999,14.62665204,77,37470.037470037474
2020-07-10,14.91665175,14.908351758299998,14.683318649999999,14.776651889999998,66,11331.011331011332
2020-07-13,15.779984220000001,14.816985183,14.799985199999998,15.08331825,345,92730.09273009273
2020-07-14,15.599984399999999,14.9791516875,14.824218509100001,14.976651689999999,178,56985.05698505699
2020-07-15,15.11331822,14.8290851709,14.700818632499999,15.0666516,134,22056.022056022055
2020-07-16,14.886651779999998,14.7855852144,14.409985589999998,14.816651850000001,161,56442.05644205644
2020-07-17,15.149984850000001,14.85998514,14.76998523,14.873318459999998,111,23934.023934023935
2020-07-20,15.049718283599999,14.9042517624,14.7333186,14.7333186,177,32229.03222903223
2020-07-21,15.21331812,15.126651540000001,14.9760850239,15.21331812,68,7620.00762000762
2020-07-22,15.04665162,14.953318379999999,14.799985199999998,14.9333184,154,28614.028614028615
2020-07-23,15.183318149999998,14.85998514,14.809985189999999,15.146651519999999,153,37524.03752403752
2020-07-24,14.999984999999999,14.77998522,14.776651889999998,14.776651889999998,111,30840.030840030842
2020-07-27,15.05331828,14.82331851,14.71665195,15.05331828,119,17940.01794001794
2020-07-28,15.18998481,14.8334518332,14.74998525,14.97331836,96,61011.061011061014
2020-07-29,15.049984949999999,14.980785019199999,14.7898852101,14.8999851,92,57534.05753405754
2020-07-30,14.883318449999999,14.87998512,14.743318589999998,14.883318449999999,75,6450.00645000645
2020-07-31,15.08331825,14.703385296599999,14.5333188,14.81998518,152,37107.03710703711
2020-08-03,14.88998511,14.88998511,14.808318524999999,14.873318459999998,47,9168.009168009168
2020-08-04,14.93998506,14.864651802,14.64998535,14.771651894999998,161,37314.03731403731
2020-08-05,14.95665171,14.818451848199999,14.818451848199999,14.95665171,73,11256.011256011256
2020-08-06,14.8560851439,14.85331848,14.810651856,14.833318499999999,70,11016.011016011016
2020-08-07,14.826651839999998,14.2207524459,14.203319129999999,14.826651839999998,278,47187.04718704719
2020-08-10,14.666652,14.5658521008,14.466652199999999,14.59665207,171,41904.04190404191
2020-08-11,14.6166187167,14.485052181599999,14.44665222,14.609985389999999,109,18525.018525018524
2020-08-12,14.778651887999999,14.68665198,14.443318889999999,14.443318889999999,70,19353.019353019354
2020-08-13,14.5632854367,14.206585793399999,14.099985899999998,14.5632854367,186,33195.0331950332
2020-08-14,14.57331876,14.553752112899998,14.23665243,14.23665243,82,21696.021696021697
2020-08-17,14.929985069999999,14.8999851,14.729985269999998,14.929985069999999,54,15609.015609015609
2020-08-18,15.149984850000001,15.136651529999998,14.94998505,15.07998492,93,19677.019677019678
2020-08-19,15.46331787,15.289984709999999,15.1666515,15.46331787,229,80577.08057708057
2020-08-20,15.2333181,15.2333181,15.0572182761,15.216651449999999,60,12159.01215901216
2020-08-21,14.929985069999999,14.8534518132,14.78331855,14.929985069999999,70,17826.017826017825
2020-08-24,15.086651579999998,14.84665182,14.84331849,15.086651579999998,51,14748.014748014748
2020-08-25,15.029984970000001,14.958485041500001,14.904985095,14.904985095,41,4740.00474000474
2020-08-26,15.17665149,15.1720848279,15.039984959999998,15.08331825,93,16728.01672801673
2020-08-27,15.54665112,15.2002847997,15.026651639999999,15.05331828,53,13863.013863013863
2020-08-28,15.576651089999999,15.430884569100002,15.23665143,15.29331804,79,18258.01825801826
2020-08-31,15.48331785,15.465651200999998,15.303318029999998,15.303318029999998,108,19074.019074019074
2020-09-01,15.70998429,15.2887513779,15.101651565,15.70998429,112,23418.02341802342
2020-09-02,15.303318029999998,15.303318029999998,15.146651519999999,15.146651519999999,26,5154.0051540051545
2020-09-03,15.64998435,15.1138515528,15.063318269999998,15.64998435,107,19335.019335019337
2020-09-04,15.6333177,15.6333177,15.31998468,15.333318,78,17457.017457017457
2020-09-08,15.623317709999998,15.2461180872,15.18665148,15.623317709999998,83,42105.04210504211
2020-09-09,15.469984529999998,15.45998454,15.3334179999,15.4000512666,74,13278.013278013279
2020-09-10,15.433317899999999,14.92331841,14.76998523,15.41998458,186,45255.045255045254
2020-09-11,15.46331787,15.456384543599999,15.24998475,15.383317949999999,79,19188.01918801919
2020-09-14,15.599984399999999,15.5122511544,15.43998456,15.599984399999999,52,11331.011331011332
2020-09-15,15.4549512117,15.310218023100001,15.28331805,15.446651220000001,77,20673.020673020674
2020-09-16,15.4573845426,15.428817904499999,15.366651300000001,15.4474178859,51,10452.010452010452
2020-09-17,15.52331781,15.5220178113,15.123318209999999,15.123318209999999,53,12150.01215001215
2020-09-18,15.81998418,15.72998427,15.4600178733,15.484984514999999,80,25239.02523902524
2020-09-21,15.564984435,15.3241846758,15.256984743,15.564984435,78,16023.016023016024
2020-09-22,15.69665097,15.5060178273,15.433317899999999,15.69665097,38,9210.00921000921
2020-09-23,15.1666515,14.918918414399998,14.9140184193,15.1666515,90,29037.02903702904
2020-09-24,15.1333182,14.968418364899998,14.706651959999999,14.782051884600001,88,43530.043530043535
2020-09-25,14.9975183358,14.9975183358,14.928318404999999,14.95665171,28,5028.005028005028
2020-09-28,15.25331808,15.206251460399999,15.026651639999999,15.25331808,32,18921.01892101892
2020-09-29,15.11665155,15.1135182198,14.9102184231,15.11665155,20,4344.004344004344
2020-09-30,15.34331799,15.2948180385,15.258318074999998,15.34331799,39,5616.0056160056165
2020-10-01,14.999984999999999,14.469985529999999,14.37998562,14.999984999999999,152,59367.059367059366
2020-10-02,15.041318292,14.976551690099999,14.539985459999999,14.54665212,158,60192.06019206019
2020-10-05,14.99665167,14.9333184,14.8666518,14.86998513,36,36054.036054036056
2020-10-06,14.979985019999999,14.8152518514,14.79331854,14.9112517554,39,9528.009528009528
2020-10-07,15.39665127,15.31998468,15.193318139999999,15.19665147,64,13455.013455013455
2020-10-08,15.349984649999998,15.2980180353,15.29665137,15.332318000999999,22,30801.030801030804
2020-10-09,15.5812844187,15.5812844187,15.41331792,15.41331792,47,8925.008925008926
2020-10-12,15.54331779,15.48331785,15.446651220000001,15.51331782,38,8454.008454008454
2020-10-13,15.45331788,15.383951282699998,15.02331831,15.45331788,33,5340.00534000534
2020-10-14,15.383317949999999,15.375717957600001,15.333318,15.366651300000001,22,18969.01896901897
2020-10-15,15.6340510326,15.559651107,15.49665117,15.49665117,26,6114.006114006114
2020-10-16,15.512651153999998,15.431317901999998,15.431317901999998,15.45331788,22,2226.002226002226
2020-10-19,15.5741177592,15.5338177995,15.433317899999999,15.433317899999999,24,3357.003357003357
2020-10-20,15.9788506878,15.8923841076,15.749984249999999,15.749984249999999,89,20553.020553020553
2020-10-21,16.2390837609,16.2001171332,16.0333173,16.0333173,97,27936.02793602794
2020-10-22,16.0366172967,16.0366172967,15.8870507796,15.966650699999999,89,25062.025062025063
2020-10-23,15.909984089999998,15.894984105,15.853317480000001,15.886650779999998,63,21588.021588021587
2020-10-26,15.624884375099999,15.624884375099999,15.588317745,15.60331773,49,7233.0072330072335
2020-10-27,15.79331754,15.6184510482,15.56998443,15.79331754,63,24108.02410802411
2020-10-28,15.50665116,15.4585512081,15.383317949999999,15.50665116,49,12528.012528012528
2020-10-29,15.589984410000001,15.511717821600001,15.3999846,15.3999846,36,34047.034047034045
2020-10-30,15.44331789,15.4385512281,15.386651279999999,15.406651259999999,35,7674.007674007674
2020-11-02,15.62665104,15.6082177251,15.4508845491,15.576651089999999,129,13593.013593013593
2020-11-03,15.72331761,15.668684331300001,15.61998438,15.666651,36,5016.005016005016
2020-11-04,15.7044842955,15.7044842955,15.599984399999999,15.666651,43,11448.011448011448
2020-11-05,15.814984185,15.734050932599999,15.674184325799999,15.814984185,44,8742.008742008742
2020-11-06,16.0217506449,15.9386173947,15.90331743,15.941650725,67,19842.019842019843
2020-11-09,16.47665019,15.877317455999998,15.877317455999998,16.47665019,54,9444.009444009444
2020-11-10,15.9648173685,15.9511173822,15.923317410000001,15.923317410000001,24,2763.002763002763
2020-11-11,15.93998406,15.807817525499999,15.73998426,15.93998406,28,40392.04039204039
2020-11-12,15.972650693999999,15.836784163199999,15.81998418,15.909984089999998,59,7263.007263007264
2020-11-13,16.08998391,16.0341839658,15.966650699999999,15.999984,54,12669.012669012669
2020-11-16,16.42665024,16.3135170198,16.19665047,16.42665024,77,18648.01864801865
2020-11-17,16.31998368,16.2333171,16.0533506133,16.31998368,65,10347.010347010348
2020-11-18,16.29331704,16.204983795,16.15331718,16.2247504419,61,11526.011526011527
2020-11-19,16.2999837,16.2999837,16.20331713,16.2333171,46,12753.012753012754
2020-11-20,16.733316600000002,16.6260500406,16.39665027,16.39665027,105,25323.025323025322
2020-11-23,16.78998321,16.5706834293,16.2868503798,16.78998321,90,44457.04445704446
2020-11-24,16.779983220000002,16.726649939999998,16.66331667,16.779983220000002,95,14640.01464001464
2020-11-25,16.88331645,16.7884165449,16.6900499766,16.88331645,50,9960.00996000996
2020-11-27,17.3666493,17.2850493816,17.1666495,17.3666493,92,14976.014976014976
2020-11-30,17.5666491,17.3820826179,17.2898827101,17.50998249,102,31236.03123603124
2020-12-01,17.78331555,17.6781156552,17.5666491,17.57998242,84,30351.030351030353
2020-12-02,17.789982209999998,17.789982209999998,17.32998267,17.32998267,163,128025.12802512803
2020-12-03,17.92331541,17.5772490894,17.5772490894,17.92331541,118,35565.03556503556
2020-12-04,17.95998204,17.847215486099998,17.54331579,17.54331579,131,20475.020475020476
2020-12-07,18.47998152,17.698082301899998,17.68664898,18.47998152,130,25650.02565002565
2020-12-08,17.75664891,17.6636156697,17.61331572,17.683315649999997,149,19953.019953019953
2020-12-09,17.81998218,17.7775155558,17.618315714999998,17.81998218,81,18597.018597018596
2020-12-10,18.16331517,18.0697819302,17.99664867,18.16331517,103,23880.02388002388
2020-12-11,17.889982110000002,17.8563488103,17.66998233,17.826648839999997,99,18927.018927018926
2020-12-14,17.85331548,17.802315530999998,17.7333489333,17.79664887,146,50616.05061605062
2020-12-15,17.883315449999998,17.858315475,17.7666489,17.7666489,41,5184.005184005184
2020-12-16,18.10998189,17.969982029999997,17.86998213,18.10998189,72,19563.019563019563
2020-12-17,18.35664831,18.1758151575,18.091081908899998,18.35664831,136,22803.022803022803
2020-12-18,18.30664836,18.30664836,18.11664855,18.24998175,219,93327.09332709333
2020-12-21,18.23998176,18.0861152472,17.839648826999998,18.23998176,110,19947.019947019948
2020-12-22,17.96331537,17.7211822788,17.680648986,17.96331537,111,27957.027957027956
2020-12-23,17.91664875,17.8699487967,17.79664887,17.80331553,48,6648.006648006648
2020-12-24,17.94998205,17.934315399,17.834982165,17.850548816099998,42,6936.0069360069365
2020-12-28,18.19664847,18.07998192,17.95664871,18.04664862,89,30099.0300990301
2020-12-29,18.074981925,17.9300154033,17.9300154033,18.047648619,85,17790.01779001779
2020-12-30,18.0387152946,17.888248778399998,17.85664881,18.024981975,54,8127.008127008127
2020-12-31,17.8333155,17.7863822136,17.724648941999998,17.8333155,90,14358.014358014358
2021-01-04,18.054981944999998,17.9712486954,17.874982125,17.95331538,80,15564.015564015564
2021-01-05,18.57664809,18.431981567999998,17.9666487,17.9666487,148,126717.12671712672
2021-01-06,18.77664789,18.5218814781,18.3554483112,18.77664789,124,68640.06864006864
2021-01-07,18.7732812267,18.6518480148,18.62664804,18.7599479067,87,18519.01851901852
2021-01-08,18.91331442,18.631114702199998,18.39664827,18.91331442,99,13593.013593013593
2021-01-11,18.2333151,17.999982,17.800648866,18.2333151,151,34524.03452403453
2021-01-12,18.333315,18.308315025,18.161148505499998,18.18664848,62,12324.012324012325
2021-01-13,18.563314769999998,18.2717150616,18.17664849,18.563314769999998,52,9603.009603009603
2021-01-14,18.5072814927,18.5072814927,18.226648439999998,18.226648439999998,57,8730.00873000873
2021-01-15,18.391648274999998,18.1741151592,18.127648539,18.333315,97,26424.026424026426
2021-01-19,18.60331473,18.3666483,18.1666485,18.60331473,165,34902.0349020349
2021-01-20,18.614981385,18.3977482689,18.2999817,18.456648209999997,55,15228.015228015229
2021-01-21,18.8333145,18.417648249,18.270648396,18.8333145,104,33516.033516033516
2021-01-22,18.28998171,18.2447817552,18.00331533,18.00331533,47,6978.006978006978
2021-01-25,18.43664823,18.3070816929,18.1729484937,18.18331515,83,13854.013854013854
2021-01-26,18.416648249999998,18.303315029999997,18.25331508,18.416648249999998,45,6012.0060120060125
2021-01-27,18.17998182,17.98664868,17.7999822,18.17998182,109,38868.03886803887
2021-01-28,18.05664861,17.9898820101,17.9898820101,18.01331532,59,23637.023637023638
2021-01-29,18.068315265,17.8481488185,17.836648829999998,18.0666486,60,12585.012585012586
2021-02-01,17.947948718699998,17.859348807299998,17.7333156,17.7333156,104,27936.02793602794
2021-02-02,17.89331544,17.743315589999998,17.718315615,17.8333155,99,22926.022926022928
2021-02-03,18.016648649999997,17.944748721899998,17.9132820867,17.94331539,74,15270.01527001527
2021-02-04,17.999982,17.894982105,17.861648805,17.999982,67,13212.013212013213
2021-02-05,18.3666483,18.3666483,17.95664871,17.95664871,90,21921.021921021922
2021-02-08,18.639948026699997,18.5333148,18.42998157,18.62998137,106,19917.01991701992
2021-02-09,18.789981209999997,18.7055146278,18.60331473,18.666648,149,45252.04525204525
2021-02-10,19.13998086,19.0220476446,18.970647696,18.999981,95,16605.016605016604
2021-02-11,19.0697809302,18.99664767,18.4665148668,19.04331429,77,14496.014496014497
2021-02-12,19.1464141869,19.121647545000002,18.937981062,19.05664761,83,17448.01744801745
2021-02-16,19.50331383,19.4135139198,19.22664744,19.433313899999998,164,57486.057486057485
2021-02-17,19.55664711,19.3464139869,19.1666475,19.55664711,124,21510.02151002151
2021-02-18,19.821646845,19.7831135502,19.678313654999997,19.77331356,166,37539.03753903754
2021-02-19,20.72331261,20.60331273,20.29331304,20.3666463,291,77913.07791307791
2021-02-22,21.07997892,20.8457791542,20.66997933,21.016645649999997,395,1124176.124176124
2021-02-23,21.306612026699998,21.2809453857,20.59331274,20.8666458,455,115092.1150921151
2021-02-24,21.81331152,21.773311559999996,21.08331225,21.24997875,287,81918.08191808192
2021-02-25,21.939978059999998,21.3319120014,21.20997879,21.939978059999998,339,172149.17214917214
2021-02-26,21.063645603,20.61331272,20.5333128,21.00997899,277,85338.08533808534
2021-03-01,21.03664563,20.6720126613,20.61664605,20.999979,266,112263.11226311227
2021-03-02,21.27997872,21.208345458300002,20.976645689999998,21.173312160000002,247,82515.08251508251
2021-03-03,21.0333123,20.7854458812,20.7533459133,21.0333123,161,32496.032496032498
2021-03-04,20.62997937,19.8162468504,19.4666472,20.62997937,370,86880.08688008688
2021-03-05,20.633312699999998,20.633312699999998,20.40664626,20.40664626,214,44640.04464004464
2021-03-08,20.70997929,20.511812821499998,20.1333465333,20.36331297,126,23103.023103023104
2021-03-09,20.2666464,20.2074797925,20.081646584999998,20.17331316,167,41580.04158004158
2021-03-10,20.37331296,20.294979705,20.21331312,20.31997968,193,99888.0998880999
2021-03-11,20.94664572,20.89664577,20.58331275,20.59664607,155,56757.05675705676
2021-03-12,20.91664575,20.91664575,20.5833460833,20.75997924,68,29322.029322029324
2021-03-15,20.91331242,20.91331242,20.71664595,20.71664595,102,23721.02372102372
2021-03-16,20.60664606,20.3991796008,20.3991796008,20.4666462,179,42030.04203004203
2021-03-17,20.932979066999998,20.8999791,20.60664606,20.60664606,130,37260.03726003726
2021-03-18,20.85664581,20.4118129215,20.32997967,20.85664581,121,28926.02892602893
2021-03-19,20.76331257,20.6498793501,20.45331288,20.55664611,82,272478.2724782725
2021-03-22,20.8499458167,20.839979160000002,20.623312709999997,20.623312709999997,86,55110.05511005511
2021-03-23,20.61664605,20.193313139999997,20.1666465,20.484979515,149,39708.03970803971
2021-03-24,20.56331277,20.27664639,20.2500130833,20.41331292,103,20181.020181020183
2021-03-25,20.1332798667,20.108313225,19.87664679,19.98331335,108,26928.026928026928
2021-03-26,20.60997939,20.59664607,20.35997964,20.35997964,201,74409.07440907441
2021-03-29,20.31331302,20.301413031899997,20.140779859200002,20.214979785,73,10149.01014901015
2021-03-30,20.099979899999997,19.95998004,19.94664672,20.099979899999997,132,24555.024555024556
2021-03-31,20.1566131767,20.045046621599997,19.8333135,19.8333135,99,210384.2103842104
2021-04-01,20.30664636,20.1727798272,19.963313369999998,20.30664636,116,26745.026745026746
2021-04-05,20.95997904,20.84331249,20.59664607,20.66997933,143,50772.050772050774
2021-04-06,20.75997924,20.6832793167,20.6100127233,20.75997924,96,20427.020427020427
2021-04-07,20.64664602,20.4183462483,20.35664631,20.64664602,129,45150.04515004515
2021-04-08,20.633312699999998,20.5806127527,20.52664614,20.52664614,51,7347.007347007348
2021-04-09,20.493312839999998,20.4349128984,20.333313,20.33997966,81,13674.013674013675
2021-04-12,20.31997968,20.2091797908,20.17664649,20.31997968,66,12015.012015012015
2021-04-13,20.41997958,20.3336796663,20.2315131018,20.41997958,56,23067.023067023067
2021-04-14,20.80664586,20.6632793367,20.54664612,20.57331276,168,54702.0547020547
2021-04-15,21.3299453367,21.31664535,21.00331233,21.00331233,346,69972.06997206998
2021-04-16,21.20997879,21.0124456542,20.9333124,21.20997879,213,68025.06802506803
2021-04-19,21.59331174,21.35331198,21.29664537,21.59331174,166,40797.0407970408
2021-04-20,21.55664511,21.228312105,21.1304788695,21.40997859,98,20220.020220020222
2021-04-21,21.636645029999997,21.6333117,21.361245305399997,21.47997852,116,26007.02600702601
2021-04-22,21.6333117,21.4482452184,21.42331191,21.6333117,170,59451.05945105945
2021-04-23,21.8697447969,21.83664483,21.6988449678,21.739978259999997,152,40665.040665040666
2021-04-26,22.369977629999998,22.369977629999998,22.143311190000002,22.143311190000002,321,106326.10632610632
2021-04-27,22.57997742,22.563310769999998,22.426644239999998,22.569977429999998,264,102633.10263310264
2021-04-28,22.7089439577,22.689977309999996,22.41997758,22.53664413,224,70629.07062907063
2021-04-29,22.863310470000002,22.57997742,22.446677553300002,22.863310470000002,203,54408.05440805441
2021-04-30,22.679977320000003,22.41664425,22.366644299999997,22.679977320000003,176,36129.03612903613
2021-05-03,22.803310529999997,22.76331057,22.568310765,22.68331065,205,41742.04174204174
2021-05-04,22.84664382,22.84664382,22.55997744,22.79664387,269,93447.09344709344
2021-05-05,22.78997721,22.76331057,22.59664407,22.74331059,165,34212.03421203421
2021-05-06,23.187810145500002,23.187810145500002,22.998310335,23.069976929999996,558,135465.13546513548
2021-05-07,23.912976087,23.7927762072,23.6189097144,23.699976299999996,634,731556.7315567316
2021-05-10,24.18664248,23.68997631,23.573309759999997,24.18664248,670,238053.23805323805
2021-05-11,24.146642519999997,24.146642519999997,23.789976210000003,23.836642830000002,557,148563.14856314857
2021-05-12,24.0666426,23.656609676699997,23.60330973,23.836642830000002,518,106407.1064071064
2021-05-13,23.74330959,23.507243159399998,23.4100099233,23.5666431,339,650562.6505626505
2021-05-14,23.60997639,23.437576562399997,23.329976669999997,23.423309909999997,405,87348.08734808736
2021-05-17,23.74664292,23.701642965,23.4999765,23.55664311,310,78120.07812007812
2021-05-18,23.923309409999998,23.707942958700002,23.650209683099998,23.8333095,258,47205.04720504721
2021-05-19,23.16331017,22.8999771,22.7666439,23.07331026,496,157278.15727815728
2021-05-20,23.053310279999998,22.8128105205,22.75997724,23.053310279999998,287,44883.04488304489
2021-05-21,22.80997719,22.6102440564,22.45664421,22.7999772,335,74022.07402207403
2021-05-24,22.80997719,22.80664386,22.57331076,22.59331074,190,49041.049041049046
2021-05-25,22.767777232199997,22.669977330000002,22.5666441,22.62997737,214,39174.03917403918
2021-05-26,22.82664384,22.71664395,22.58331075,22.70331063,170,39462.039462039465
2021-05-27,23.46330987,23.46330987,22.95664371,22.95664371,278,65874.06587406587
2021-05-28,23.486643179999998,23.40997659,23.17331016,23.26997673,232,54768.05476805477
2021-06-01,23.6087430579,23.3700099633,23.33331,23.41664325,196,52416.052416052415
2021-06-02,23.229976769999997,23.1011435655,23.006643659999998,23.22664344,233,69501.0695010695
2021-06-03,22.5666441,22.35997764,22.25997774,22.5666441,355,67464.06746406747
2021-06-04,22.8099,22.72,22.6409,22.79,247,40559.0
2021-06-07,22.8,22.66,22.5,22.71,297,42810.0
2021-06-08,22.9191,22.89,22.42,22.63,170,22905.0
2021-06-09,22.8,22.65,22.65,22.8,147,18806.0
2021-06-10,22.62,22.59,22.38,22.62,203,47100.0
2021-06-11,23.02,22.84,22.69,23.02,302,55244.0
2021-06-14,22.76,22.6902,22.651,22.76,208,33153.0
2021-06-15,21.97,21.75,21.71,21.93,536,90041.0
2021-06-16,22.07,21.54,21.49,21.82,446,81141.0
2021-06-17,21.5817,20.97,20.85,21.55,502,81785.0
2021-06-18,20.92,20.77,20.76,20.92,329,40562.0
2021-06-21,21.02,21.0,20.76,20.78,252,52206.0
2021-06-22,21.295,21.12,20.95,20.95,218,40681.0
2021-06-23,21.68,21.62,21.577,21.66,213,31474.0
2021-06-24,21.67,21.55,21.4501,21.56,239,31050.0
2021-06-25,21.5299,21.47,21.3918,21.5,125,19632.0
2021-06-28,21.49,21.42,21.351,21.42,136,39637.0
2021-06-29,21.42,21.33,21.2,21.35,252,171023.0
2021-06-30,21.6742,21.52,21.4001,21.5,126,23051.0
2021-07-01,21.5501,21.2223,21.1734,21.55,130,18164.0
2021-07-02,21.51,21.5,21.27,21.27,201,54907.0
2021-07-06,21.88,21.31,21.21,21.88,131,55640.0
2021-07-07,21.7594,21.63,21.5,21.6,146,26146.0
2021-07-08,21.43,21.4,21.21,21.28,192,26896.0
2021-07-09,21.85,21.72,21.65,21.65,129,28647.0
2021-07-12,21.7,21.6,21.4613,21.47,126,22266.0
2021-07-13,21.56,21.43,21.42,21.5,115,11239.0
2021-07-14,21.45,21.32,21.31,21.39,121,18449.0
2021-07-15,21.74,21.55,21.48,21.48,103,16045.0
2021-07-16,21.71,21.61,21.5,21.5,91,13902.0
2021-07-19,21.17,20.96,20.891,21.11,292,57931.0
2021-07-20,21.4299,21.42,21.04,21.04,226,32455.0
2021-07-21,21.47,21.467,21.2501,21.42,70,10838.0
2021-07-22,21.77,21.77,21.63,21.64,243,31761.0
2021-07-23,22.38,22.2,21.77,21.77,409,289836.0
2021-07-26,23.06,23.02,22.76,22.79,457,73131.0
2021-07-27,23.011,22.89,22.704,22.86,179,38841.0
2021-07-28,22.58,22.32,22.2,22.58,155,17973.0
2021-07-29,22.75,22.72,22.55,22.55,111,24701.0
2021-07-30,22.78,22.46,22.291,22.75,149,17171.0
2021-08-02,22.72,22.19,22.11,22.52,291,272999.0
2021-08-03,22.01,21.92,21.72,21.86,509,58636.0
2021-08-04,21.83,21.6989,21.65,21.83,126,10128.0
2021-08-05,21.82,21.74,21.7,21.7,117,19428.0
2021-08-06,22.16,21.77,21.68,21.99,154,16965.0
2021-08-09,21.58,21.44,21.4,21.58,431,50623.0
2021-08-10,21.89,21.73,21.46,21.46,111,12205.0
2021-08-11,21.93,21.885,21.801,21.89,120,14179.0
2021-08-12,21.8463,21.78,21.72,21.77,67,9332.0
2021-08-13,22.19,21.85,21.85,21.91,145,19761.0
2021-08-16,21.82,21.64,21.591,21.82,118,16284.0
2021-08-17,21.3,21.12,21.05,21.23,268,28751.0
2021-08-18,20.95,20.65,20.6,20.95,242,31685.0
2021-08-19,20.37,20.27,20.16,20.2,325,47360.0
2021-08-20,20.78,20.73,20.44,20.44,122,12124.0
2021-08-23,21.215,21.06,20.93,20.93,155,27554.0
2021-08-24,21.5485,21.31,21.29,21.29,155,22079.0
2021-08-25,21.54,21.4,21.4,21.43,180,22119.0
2021-08-26,21.46,21.3,21.3,21.46,101,15384.0
2021-08-27,21.75,21.75,21.44,21.44,121,14606.0
2021-08-30,22.09,22.09,21.85,21.98,154,13202.0
2021-08-31,21.98,21.87,21.84,21.875,96,8341.0
2021-09-01,21.53,21.51,21.391,21.4186,153,39290.0
2021-09-02,21.67,21.66,21.42,21.42,231,40550.0
2021-09-03,21.79,21.69,21.68,21.72,72,6392.0
2021-09-07,21.57,21.51,21.34,21.57,99,13773.0
2021-09-08,21.4,21.29,21.1501,21.4,142,16453.0
2021-09-09,21.54,21.43,21.43,21.45,84,11057.0
2021-09-10,22.44,22.2,22.04,22.04,294,71986.0
2021-09-13,22.05,21.89,21.755,22.05,120,15968.0
2021-09-14,21.69,21.64,21.62,21.69,85,13361.0
2021-09-15,22.2199,22.085,21.79,21.79,82,5774.0
2021-09-16,21.6,21.26,21.26,21.6,167,21071.0
2021-09-17,21.68,21.21,21.21,21.64,235,32913.0
2021-09-20,20.92,20.69,20.54,20.92,360,53593.0
2021-09-21,20.7,20.59,20.12,20.5,255,23180.0
2021-09-22,21.38,21.24,21.09,21.09,168,15701.0
2021-09-23,21.24,21.21,21.15,21.15,84,3311.0
2021-09-24,21.525,21.43,21.09,21.09,131,14753.0
2021-09-27,21.55,21.43,21.34,21.34,66,5063.0
2021-09-28,21.372,21.26,21.24,21.33,76,6380.0
2021-09-29,21.3,20.86,20.86,21.3,93,9136.0
2021-09-30,20.605,20.54,20.321,20.44,100,14196.0
